2460533.3961132783	0.9935699	0.00028388933
2460533.3975021793	0.9929558	0.00028388755
2460533.3988910797	0.99253565	0.00028380973
2460533.4002799806	0.9937012	0.0002839171
2460533.401668881	0.9931075	0.00028401066
2460533.403057782	0.9932214	0.00028379733
2460533.4044466824	0.99290556	0.0002839709
2460533.4058355833	0.9932429	0.00028396482
2460533.407224484	0.9933542	0.00028398252
2460533.4086133847	0.99327475	0.00028394937
2460533.410002285	0.99386686	0.00028407955
2460533.411391186	0.99404424	0.000284014
2460533.4127800865	0.99361116	0.00028401957
2460533.414168987	0.99346066	0.00028395726
2460533.415557888	0.9933815	0.0002839692
2460533.4169467883	0.9935009	0.0002840374
2460533.418335689	0.9932412	0.00028402286
2460533.4197245897	0.99350196	0.00028398773
2460533.42111349	0.993533	0.00028399492
2460533.422502391	0.9942217	0.00028413642
2460533.4238912915	0.99346966	0.00028400248
2460533.425280192	0.99391234	0.0002840641
2460533.426669093	0.99396044	0.00028405135
2460533.4280579933	0.99401855	0.00028413156
2460533.4294468937	0.99450433	0.00028408645
2460533.430835794	0.99492437	0.00028423255
2460533.432224695	0.9952456	0.00028424847
2460533.4336135956	0.9965099	0.0002844565
2460533.435002496	0.9972005	0.00028450682
2460533.4363913964	0.99740404	0.00028456558
2460533.437780297	0.9981449	0.0002846808
2460533.439169198	0.9990637	0.00028474297
2460533.4405580983	0.9989778	0.0002847872
2460533.4419469987	0.9994888	0.00028479667
2460533.443335899	0.9990205	0.00028480354
2460533.4447247996	0.99974823	0.00028483986
2460533.4461137	0.9996547	0.00028489652
2460533.4475026005	0.9999563	0.00028487263
2460533.448891501	0.9994671	0.0002847737
2460533.450280402	0.9998466	0.0002849253
2460533.4516693023	0.99948716	0.00028483407
2460533.4530582028	0.9997648	0.0002848804
2460533.454447103	0.9996239	0.00028487586
2460533.4558360036	0.9989454	0.00028480415
2460533.457224904	0.9996737	0.00028491436
2460533.4586138045	0.99974173	0.00028491876
2460533.460002705	0.99923944	0.0002848209
2460533.4613916054	0.999398	0.00028484082
2460533.462780506	1.0000612	0.0002849534
2460533.4641694063	0.99976534	0.0002848882
2460533.465558307	0.9994537	0.00028487857
2460533.466947207	0.99941427	0.00028483308
2460533.468336107	0.9999243	0.00028491628
2460533.4697250077	0.99960077	0.00028489358
2460533.4711139086	0.999958	0.0002849599
2460533.4725028086	0.99962115	0.0002848222
2460533.473891709	0.99968463	0.00028489792
2460533.4752806094	0.99938893	0.00028488008
2460533.47666951	0.9985776	0.00028478174
2460533.47805841	0.9992947	0.00028491174
2460533.4794473103	0.99921304	0.0002848746
2460533.480836211	0.99976134	0.0002848948
2460533.482225111	0.9991731	0.0002848866
2460533.4836140117	0.99972117	0.00028487263
2460533.4850029116	0.99917644	0.00028486704
2460533.486391812	0.9996876	0.0002848693
2460533.4877807125	0.99917597	0.00028488622
2460533.489169613	0.9990093	0.00028488142
2460533.4905585134	0.9999999	0.00028493995
2460533.4919474134	0.9994834	0.00028489847
2460533.493336314	0.99932325	0.00028486946
2460533.4947252143	0.9996441	0.00028491224
2460533.4961141143	0.99943256	0.00028487755
2460533.4975030147	0.99979424	0.00028493488
2460533.4988919147	0.9994661	0.0002848952
2460533.500280815	0.99942714	0.0002849023
2460533.5016697156	0.99908066	0.0002848225
2460533.5030586156	0.9996994	0.00028492633
2460533.504447516	0.99914926	0.0002848573
2460533.5058364165	0.999764	0.0002849076
2460533.5072253165	0.99930745	0.00028485298
2460533.508614217	0.99957824	0.00028492254
2460533.510003117	0.9997725	0.00028492368
2460533.5113920174	0.99946433	0.00028487152
2460533.5127809173	0.9994063	0.00028492385
2460533.514169818	0.99964607	0.00028487257
2460533.515558718	0.99915534	0.00028486032
2460533.516947618	0.998924	0.00028481428
2460533.5183365187	0.9999454	0.00028495645
2460533.5197254186	0.9999994	0.0002849711
2460533.5211143186	0.9994555	0.00028489972
2460533.522503219	0.99978733	0.0002849278
2460533.523892119	0.99975073	0.0002849443
2460533.5252810195	0.9992235	0.0002849042
2460533.5266699195	0.9996895	0.0002849375
2460533.52805882	1.0000087	0.00028492336
2460533.52944772	0.9998791	0.00028496174
2460533.53083662	1.0004959	0.00028500592
2460533.5322255204	0.9992874	0.00028492472
2460533.5336144203	0.999606	0.0002849233
2460533.5350033203	0.9998351	0.00028493447
2460533.5363922203	0.9998095	0.0002848876
2460533.5377811207	1.0001417	0.0002849669
2460533.5391700207	0.9994099	0.00028490153
2460533.5405589207	0.99970263	0.00028494216
2460533.541947821	0.9996262	0.00028488366
2460533.543336721	0.99981433	0.00028495817
2460533.544725621	0.99938166	0.00028487018
2460533.546114521	0.9995657	0.0002849
2460533.5475034215	0.99900365	0.00028483008
2460533.5488923215	0.99959236	0.00028492845
2460533.5502812215	0.99983144	0.00028494303
2460533.5516701215	0.99961066	0.0002849205
2460533.5530590215	0.99981505	0.00028493814
2460533.554447922	0.9991301	0.00028486963
2460533.555836822	0.99950355	0.00028490022
2460533.557225722	0.99986	0.00028495578
2460533.558614622	0.9997263	0.00028493526
2460533.560003522	0.9995398	0.0002849144
2460533.561392422	0.9994722	0.00028488412
2460533.562781322	0.9994537	0.0002848659
2460533.564170222	0.9998675	0.0002849476
2460533.5655591222	0.9998386	0.0002849682
2460533.5669480218	0.9996118	0.0002849003
2460533.568336922	0.9994619	0.000284888
2460533.5697258217	1.0000937	0.00028496442
2460533.571114722	0.9990869	0.00028482708
2460533.572503622	0.99960774	0.0002849117
2460533.573892522	0.9997753	0.00028493544
2460533.575281422	0.99909693	0.00028487176
2460533.5766703216	0.9993967	0.0002848937
2460533.578059222	0.9992482	0.00028484114
2460533.579448122	0.99907184	0.00028482682
2460533.5808370216	1.0000849	0.0002849625
2460533.582225922	0.9994269	0.00028485517
2460533.5836148215	0.99959743	0.00028492857
2460533.5850037215	0.9991988	0.00028483654
2460533.5863926215	0.9993856	0.0002848635
2460533.5877815215	0.9997012	0.000284926
2460533.5891704215	0.999451	0.0002849
2460533.5905593215	0.99997324	0.00028496995
2460533.5919482214	0.9998876	0.0002849276
2460533.593337121	0.99933386	0.0002848978
2460533.594726021	0.99985456	0.00028494734
2460533.596114921	0.99972355	0.00028488532
2460533.597503821	1.0002	0.00028503942
2460533.598892721	0.999993	0.0002849531
2460533.6002816204	0.9994176	0.0002848867
2460533.6016705204	1.0001075	0.00028494955
2460533.6030594204	0.9996711	0.00028492275
2460533.6044483203	0.9994225	0.00028491984
2460533.6058372203	0.9998788	0.00028490566
2460533.60722612	0.99961805	0.00028494885
2460533.60861502	0.9992538	0.00028483407
2460533.61000392	0.99998546	0.00028497254
2460533.6113928193	0.9993092	0.00028488264
2460533.6127817193	0.9990698	0.00028482388
2460533.614170619	0.99987364	0.0002849937
2460533.615559519	0.9994033	0.00028488497
2460533.616948419	0.99969524	0.00028493616
2460533.6183373183	0.9995178	0.00028492112
2460533.6197262183	0.9995223	0.0002849348
2460533.6211151183	0.99974173	0.00028491416
2460533.622504018	0.9990397	0.00028480458
2460533.6238929178	0.9994388	0.00028488287
2460533.6252818173	0.99963635	0.00028490642
2460533.6266707173	0.9995563	0.00028488916
2460533.628059617	0.99916947	0.00028488046
2460533.6294485168	0.9992136	0.00028486302
2460533.6308374163	0.9999404	0.0002849469
2460533.6322263163	1.0001577	0.00028498983
2460533.6336152162	0.9996882	0.00028488427
2460533.6350041158	0.999179	0.00028486812
2460533.6363930157	0.9997905	0.00028491678
2460533.6377819153	0.9996499	0.0002849091
2460533.639170815	0.99931824	0.00028486177
2460533.6405597148	0.9997173	0.00028494975
2460533.6419486143	0.9994616	0.00028489734
2460533.6433375143	0.99952185	0.00028489588
2460533.644726414	0.9995823	0.00028492245
2460533.6461153137	0.9993033	0.00028486244
2460533.6475042133	0.9989396	0.00028481864
2460533.648893113	0.99966705	0.00028494507
2460533.6502820128	0.9995302	0.00028487662
2460533.6516709123	0.999724	0.00028494248
2460533.653059812	0.99927855	0.00028488255
2460533.6544487113	0.99914795	0.00028485188
2460533.6558376113	0.9999643	0.0002849504
2460533.657226511	0.9992787	0.0002848917
2460533.6586154103	0.99880505	0.00028483907
2460533.6600043103	0.9990965	0.00028481125
2460533.66139321	0.9992278	0.0002848377
2460533.6627821093	0.9994229	0.0002849203
2460533.6641710093	0.99968374	0.00028492438
2460533.665559909	0.99914545	0.00028485735
2460533.6669488084	0.9992707	0.00028485726
2460533.668337708	0.9992254	0.00028484184
2460533.6697266074	0.99948364	0.00028488605
2460533.6711155074	0.99944246	0.00028487097
2460533.672504407	0.9994923	0.00028489373
2460533.6738933064	0.99919313	0.00028480554
2460533.675282206	0.9993005	0.00028490613
2460533.6766711054	0.99977237	0.00028492013
2460533.6780600054	0.99960226	0.00028487018
2460533.6794489045	0.99945056	0.00028491102
2460533.6808378045	0.9991411	0.0002848588
2460533.682226704	0.9993269	0.00028487507
2460533.6836156035	0.9993207	0.00028480656
2460533.685004503	0.9993974	0.00028488526
2460533.6863934025	0.9994649	0.0002848813
2460533.687782302	0.9991866	0.00028486925
2460533.6891712015	0.9998995	0.00028495933
2460533.690560101	0.99889183	0.00028481972
2460533.6919490006	0.9997933	0.0002849158
2460533.6933379	0.99938273	0.00028488535
2460533.6947267996	0.9996229	0.00028489556
2460533.696115699	0.9992937	0.00028486826
2460533.6975045986	0.99958205	0.0002848791
2460533.698893498	0.99908704	0.000284875
2460533.7002823977	0.9993971	0.0002848634
2460533.701671297	0.9991067	0.0002848644
2460533.7030601967	0.99937135	0.00028487557
2460533.704449096	0.9994093	0.00028487365
2460533.7058379953	0.99980485	0.0002849469
2460533.7072268953	0.9995862	0.00028495537
2460533.7086157943	1.0001475	0.0002849767
2460533.710004694	1.0000004	0.0002849844
2460533.7113935933	0.99958825	0.00028491157
2460533.712782493	0.99923134	0.00028489894
2460533.7141713924	0.99951637	0.00028487996
2460533.7155602914	0.9999012	0.00028496812
2460533.716949191	0.9991947	0.00028487755
2460533.7183380905	0.9995081	0.00028493576
2460533.71972699	0.99919415	0.00028484783
2460533.7211158895	0.99939364	0.00028486666
2460533.7225047885	0.99995655	0.0002849557
2460533.723893688	0.9995	0.00028487356
2460533.7252825876	0.99970275	0.0002849024
2460533.726671487	0.99962115	0.00028489923
2460533.7280603866	0.9996863	0.00028494545
2460533.7294492857	0.9998504	0.00028487213
2460533.730838185	1.0000588	0.00028495686
2460533.7322270847	0.9996502	0.0002849161
2460533.7336159837	0.99959105	0.00028489338
2460533.7350048833	0.99994946	0.0002849424
2460533.736393783	1.0000285	0.0002849878
2460533.737782682	0.999907	0.00028490834
2460533.7391715813	0.9999435	0.0002849644
2460533.740560481	0.9999288	0.00028495182
2460533.74194938	1.0004067	0.0002849892
2460533.7433382794	1.0002842	0.00028502595
2460533.744727179	1.0000113	0.00028499067
2460533.746116078	0.9991995	0.00028485863
2460533.7475049775	0.9996888	0.00028493183
2460533.7488938766	0.99967504	0.00028492277
2460533.750282776	0.9997647	0.0002849031
2460533.751671675	0.9998017	0.00028491297
2460533.7530605746	0.9991205	0.00028481675
2460533.7544494737	0.9996438	0.00028495365
2460533.755838373	0.99929494	0.0002848471
2460533.7572272723	1.0000987	0.00028494938
2460533.758616172	1.0003427	0.00028500985
2460533.760005071	0.9997905	0.0002849837
2460533.7613939703	0.9995018	0.00028491917
2460533.7627828694	0.99913543	0.00028486326
2460533.764171769	0.999932	0.00028495528
2460533.765560668	0.9998311	0.00028496343
2460533.766949567	0.9998866	0.00028495063
2460533.7683384665	0.99996793	0.00028497286
2460533.7697273656	0.9996202	0.00028490167
2460533.771116265	0.99974066	0.00028492368
2460533.772505164	0.99970317	0.00028492766
2460533.773894063	1.0001826	0.00028495703
2460533.7752829627	0.9994221	0.000284909
2460533.7766718618	0.99964213	0.00028487123
2460533.7780607613	0.99941295	0.00028486658
2460533.7794496603	0.9997065	0.00028488835
2460533.7808385594	0.9996281	0.00028494725
2460533.782227459	1.0001162	0.00028500063
2460533.783616358	0.99997514	0.00028493826
2460533.785005257	0.99959654	0.00028489082
2460533.7863941565	0.99976027	0.00028494827
2460533.7877830556	0.9998665	0.0002849503
2460533.7891719546	1.0002222	0.00028498177
2460533.7905608537	0.9998922	0.00028494344
2460533.7919497527	0.9998758	0.00028495406
2460533.7933386522	0.9994988	0.00028488188
2460533.7947275513	1.0001183	0.00028498864
2460533.7961164503	1.0005455	0.00028504958
2460533.7975053494	0.9995017	0.00028493803
2460533.7988942484	0.9995658	0.0002849055
2460533.8002831475	1.0005407	0.0002850474
2460533.801672047	1.0003163	0.000285017
2460533.803060946	0.9997054	0.00028494003
2460533.804449845	1.000302	0.00028500377
2460533.805838744	1.0003738	0.00028500933
2460533.807227643	0.9998094	0.00028494338
2460533.8086165423	1.0004077	0.00028500002
2460533.810005442	0.9999506	0.00028494906
2460533.8113943404	0.999939	0.00028495278
2460533.81278324	0.9999253	0.00028496908
2460533.8141721385	0.99999577	0.00028493154
2460533.815561038	0.9997557	0.00028494187
2460533.816949937	1.0001643	0.00028497248
2460533.818338836	0.9995023	0.00028488995
2460533.819727735	0.9998605	0.00028496212
2460533.821116634	1.000138	0.0002849616
2460533.822505533	1.0000693	0.0002849802
2460533.8238944323	1.0002036	0.000284993
2460533.8252833313	1.0000275	0.00028497074
2460533.8266722304	0.99979657	0.00028494597
2460533.8280611294	1.0001134	0.0002849811
2460533.8294500285	1.0002972	0.00028500543
2460533.830838927	1.0001855	0.00028497714
2460533.832227826	0.99998224	0.00028495272
2460533.8336167256	0.999953	0.00028494542
2460533.835005624	1.0002228	0.0002849936
2460533.8363945233	0.9998428	0.00028492292
2460533.8377834223	0.9998367	0.00028494888
2460533.8391723214	0.99996465	0.00028498506
2460533.8405612204	1.000276	0.00028500913
2460533.8419501195	1.0000021	0.00028497085
2460533.8433390185	1.0001464	0.0002850103
2460533.844727917	1.0001173	0.00028500357
2460533.846116816	0.9995877	0.0002848719
2460533.847505715	1.0004276	0.0002850028
2460533.8488946143	1.0003774	0.0002849911
2460533.8502835133	0.99963754	0.00028492088
2460533.851672412	1.0001338	0.00028494536
2460533.853061311	0.9999467	0.00028493753
2460533.85445021	1.0006882	0.00028501646
2460533.855839109	1.000242	0.00028498072
2460533.857228008	0.99993956	0.00028492472
2460533.8586169067	1.0002605	0.00028503235
2460533.8600058057	1.0004143	0.00028498357
2460533.8613947043	1.0005989	0.00028504358
2460533.8627836034	0.99969447	0.00028490604
2460533.8641725024	1.0003443	0.00028502173
2460533.8655614015	1.0004826	0.00028505074
2460533.8669503005	1.0003836	0.00028499917
2460533.868339199	1.0000707	0.0002849638
2460533.869728098	1.000273	0.00028501087
2460533.871116997	1.0001887	0.00028499056
2460533.872505896	1.0003936	0.0002849785
2460533.873894795	1.0004939	0.00028501166
2460533.8752836934	1.0003506	0.00028499082
2460533.8766725925	1.0002949	0.00028497758
2460533.8780614915	0.9997179	0.0002849127
2460533.87945039	0.9995248	0.00028492
2460533.880839289	0.9997258	0.00028494827
2460533.8822281878	0.99987394	0.00028497932
2460533.883617087	1.0000376	0.00028494943
2460533.8850059854	1.0004084	0.00028501253
2460533.8863948844	0.9998507	0.0002849689
2460533.8877837835	1.0000223	0.00028500607
2460533.889172682	1.0001873	0.0002849802
2460533.8905615807	1.0001326	0.00028498206
2460533.8919504797	0.9997803	0.00028497464
2460533.8933393783	0.9997925	0.00028496553
2460533.8947282773	1.000092	0.00028499315
2460533.896117176	1.0001538	0.00028499417
2460533.897506075	1.0000694	0.00028495071
2460533.8988949736	0.9999785	0.00028499516
2460533.9002838726	1.0002568	0.0002850102
2460533.901672771	1.0004442	0.00028502973
2460533.90306167	0.99993724	0.00028499085
2460533.904450569	1.0006766	0.0002850493
2460533.9058394674	1.0001897	0.00028500005
2460533.9072283665	0.9996794	0.00028494943
2460533.908617265	1.0006528	0.00028501436
2460533.9100061636	0.99992913	0.00028497368
2460533.9113950627	1.000482	0.00028502403
2460533.9127839613	0.99993026	0.00028495665
2460533.91417286	0.99987286	0.00028497644
2460533.915561759	1.0002425	0.00028504163
2460533.9169506575	0.9997641	0.00028493698
2460533.9183395565	1.0002553	0.0002849753
2460533.919728455	0.999847	0.00028495252
2460533.9211173537	0.9998011	0.0002849586
2460533.9225062523	1.0000701	0.0002849728
2460533.923895151	0.99989045	0.00028496003
2460533.92528405	1.0005267	0.00028505074
2460533.9266729485	0.99979955	0.0002849416
2460533.928061847	1.0002642	0.00028497467
2460533.9294507457	0.99957854	0.00028494338
2460533.9308396447	1.0003204	0.00028501128
2460533.9322285433	1.0002725	0.000284953
2460533.933617442	0.99958247	0.00028491576
2460533.9350063405	1.0003308	0.0002850167
2460533.936395239	1.0004777	0.00028505202
2460533.937784138	0.9999076	0.00028494323
2460533.9391730367	1.0002049	0.0002849931
2460533.9405619353	1.0004882	0.00028503741
2460533.941950834	1.000373	0.00028504344
2460533.9433397325	0.99976844	0.0002849092
2460533.944728631	1.0004283	0.00028504853
2460533.9461175296	0.9996335	0.00028491055
2460533.9475064287	1.0000414	0.0002849808
2460533.9488953273	0.99995005	0.00028497935
2460533.950284226	0.999378	0.0002848705
2460533.9516731245	0.99961287	0.00028491407
2460533.953062023	1.0001638	0.00028499894
2460533.9544509216	0.99991876	0.00028497173
2460533.95583982	1.0001901	0.00028499318
2460533.957228719	0.99954134	0.0002849139
2460533.9586176174	0.99947613	0.00028491975
2460533.960006516	1.0000093	0.00028495604
2460533.9613954145	0.999785	0.00028495878
2460533.962784313	0.99967235	0.00028492065
2460533.9641732117	1.0001551	0.00028500773
2460533.9655621103	0.99990743	0.00028497312
2460533.966951009	0.99994004	0.00028494257
2460533.9683399075	0.99974984	0.00028492
2460533.969728806	0.9998864	0.00028498593
2460533.9711177046	0.9998986	0.0002849467
2460533.972506603	0.999952	0.0002849762
2460533.973895502	0.99956954	0.0002848997
2460533.9752844004	0.9996245	0.00028492778
2460533.9766732985	0.99944025	0.00028487225
2460533.978062197	1.0002708	0.00028499632
2460533.979451096	0.99962914	0.0002849414
2460533.9808399943	1.0006688	0.0002850848
2460533.982228893	1.0000726	0.00028502053
2460533.9836177914	0.9993797	0.00028489454
2460533.98500669	0.9997642	0.00028494012
2460533.9863955886	0.9998412	0.0002849388
2460533.9877844867	1.0001818	0.00028498995
2460533.9891733853	0.99983656	0.0002849429
2460533.990562284	1.0004959	0.0002849944
2460533.9919511825	0.99964404	0.00028492772
2460533.993340081	0.99957126	0.00028489393
2460533.994728979	0.9999351	0.00028495552
2460533.996117878	1.0002087	0.00028500526
2460533.9975067764	0.9998553	0.000284969
2460533.998895675	0.99974316	0.00028497333
2460534.000284573	1.0001055	0.00028501192
2460534.0016734716	1.0003226	0.00028498183
2460534.0030623702	0.9998113	0.00028493395
2460534.004451269	0.9998948	0.00028494425
2460534.0058401674	0.9998505	0.0002849829
2460534.0072290655	1.0002109	0.00028499906
2460534.008617964	0.9998303	0.00028497074
2460534.0100068627	0.99963117	0.0002849354
2460534.011395761	1.0002825	0.00028498232
2460534.0127846594	1.0000651	0.0002849521
2460534.0141735575	1.0001317	0.00028499548
2460534.015562456	0.99981445	0.00028494062
2460534.0169513547	0.99965274	0.0002849209
2460534.018340253	1.0004528	0.00028504131
2460534.0197291514	1.0003519	0.00028501815
2460534.0211180495	0.99985635	0.00028500694
2460534.022506948	1.0002623	0.00028502164
2460534.0238958467	1.0002422	0.0002850354
2460534.025284745	1.0000647	0.00028499527
2460534.0266736434	0.9997652	0.00028496853
2460534.0280625415	1.0002793	0.00028498375
2460534.02945144	0.99964	0.00028492042
2460534.030840338	0.9997179	0.0002849263
2460534.032229237	0.99948835	0.00028489376
2460534.0336181354	0.99944943	0.00028490726
2460534.0350070335	0.9991796	0.00028486742
2460534.036395932	0.9997362	0.00028491954
2460534.03778483	0.99923307	0.00028490962
2460534.039173729	0.99941087	0.00028485892
2460534.040562627	0.99934554	0.00028488878
2460534.0419515255	0.9994378	0.00028486768
2460534.0433404236	0.99861705	0.00028482368
2460534.0447293217	0.99916744	0.000284897
2460534.0461182203	0.9990728	0.00028485848
2460534.047507119	0.99960136	0.00028490773
2460534.048896017	0.9990824	0.0002848272
2460534.0502849156	0.9995967	0.00028491358
2460534.0516738137	0.99962604	0.00028492743
2460534.053062712	0.99914515	0.0002848792
2460534.0544516104	0.9990959	0.00028486006
2460534.0558405085	0.99936384	0.0002848755
2460534.057229407	0.9996015	0.00028491326
2460534.0586183053	1.000003	0.00028497286
2460534.0600072034	0.9995877	0.0002849191
2460534.0613961015	0.9996688	0.0002849497
2460534.062785	0.999527	0.00028489658
2460534.064173898	0.9993197	0.00028491401
2460534.0655627963	0.999141	0.0002848611
2460534.066951695	0.9992899	0.0002848928
2460534.068340593	0.9996704	0.00028490508
2460534.069729491	0.9992681	0.00028489612
2460534.0711183897	0.99950737	0.00028490394
2460534.072507288	0.9989996	0.00028484914
2460534.073896186	0.99950457	0.00028489367
2460534.075285084	0.9989633	0.0002848602
2460534.0766739827	0.9992899	0.00028488142
2460534.078062881	0.9992364	0.00028482734
2460534.079451779	0.9994338	0.00028489414
2460534.0808406775	0.9997982	0.0002849499
2460534.082229575	0.99932534	0.00028489114
2460534.0836184737	0.9996358	0.00028494044
2460534.085007372	0.99923223	0.00028486707
2460534.08639627	0.9989539	0.00028484152
2460534.0877851686	0.99996775	0.00028494705
2460534.089174066	0.9992352	0.00028488762
2460534.090562965	0.9996415	0.0002849421
2460534.091951863	0.9998553	0.0002849529
2460534.093340761	0.9992071	0.00028485985
2460534.094729659	0.9999843	0.00028496623
2460534.0961185573	0.99969316	0.0002849299
2460534.097507456	0.99963737	0.000284896
2460534.0988963535	0.9995264	0.0002848794
2460534.100285252	0.9993685	0.00028488692
2460534.10167415	1.0001004	0.0002849784
2460534.1030630483	0.9995008	0.0002849063
2460534.1044519464	0.9997631	0.0002849429
2460534.1058408446	0.9996886	0.00028491195
2460534.1072297427	0.9997809	0.00028491928
2460534.108618641	0.9993397	0.0002848928
2460534.110007539	0.99982506	0.00028493642
2460534.111396437	1.0005132	0.00028500092
2460534.112785335	0.9997737	0.0002849318
2460534.1141742333	0.9997809	0.00028495796
2460534.115563132	0.9992345	0.00028489044
2460534.1169520295	0.9992828	0.00028485837
2460534.1183409276	0.99995875	0.00028496422
2460534.1197298258	0.9991997	0.00028485677
2460534.121118724	0.99971753	0.00028490333
2460534.122507622	1.0000368	0.0002849896
2460534.12389652	0.99931765	0.00028489289
2460534.1252854182	0.9994748	0.00028492004
2460534.1266743164	0.9998024	0.00028491896
2460534.1280632145	0.9996896	0.00028493183
2460534.1294521126	1.0000472	0.00028498613
2460534.1308410107	0.99939114	0.00028486157
2460534.132229909	0.9989068	0.00028482336
2460534.133618807	0.99957734	0.0002848919
2460534.135007705	0.9992918	0.0002848744
2460534.1363966027	0.9999641	0.00028495488
2460534.137785501	0.99909633	0.00028486582
2460534.139174399	0.9994934	0.00028491652
2460534.140563297	1.0001863	0.00028500956
2460534.141952195	0.99975055	0.00028493395
2460534.1433410933	0.99933356	0.0002848368
2460534.1447299914	0.9998454	0.0002849437
2460534.146118889	0.9998284	0.00028497857
2460534.147507787	0.9996336	0.00028492173
2460534.1488966853	0.9994809	0.00028486227
2460534.1502855835	1.0008128	0.0002850262
2460534.1516744816	0.9992126	0.00028486893
2460534.153063379	0.9994158	0.00028486046
2460534.1544522773	1.0001985	0.00028496486
2460534.1558411755	0.99970627	0.00028492577
2460534.1572300736	0.99958897	0.00028493826
2460534.1586189712	0.999822	0.00028492397
2460534.1600078694	0.99933577	0.0002849001
2460534.1613967675	0.9997536	0.00028494798
2460534.1627856656	0.99982524	0.00028493948
2460534.1641745633	1.0001788	0.000284969
2460534.1655634614	0.99975306	0.0002849098
2460534.1669523595	1.000044	0.00028496655
2460534.168341257	1.0001205	0.0002849525
2460534.1697301553	0.9991824	0.00028483808
2460534.1711190534	0.9993326	0.0002848769
2460534.1725079515	0.9999356	0.00028497435
2460534.173896849	0.99970394	0.0002849592
2460534.1752857473	0.99977994	0.00028495683
2460534.176674645	0.9995565	0.0002849077
2460534.178063543	0.99907005	0.0002848397
2460534.179452441	0.9998228	0.00028496998
2460534.180841339	1.0001789	0.00028497158
2460534.182230237	0.9999809	0.00028493218
2460534.1836191346	1.0004508	0.0002850326
2460534.1850080327	0.9998321	0.00028492062
2460534.186396931	1.0001658	0.00028498282
2460534.1877858285	1.0006202	0.00028504996
2460534.1891747266	1.0002769	0.00028503587
2460534.1905636243	0.99983615	0.00028494504
2460534.1919525224	1.0002171	0.0002850164
2460534.1933414205	0.99986404	0.0002849684
2460534.194730318	1.0006975	0.00028505735
2460534.1961192163	0.99981415	0.0002849255
2460534.197508114	0.9998052	0.00028495488
2460534.198897012	1.0008508	0.00028507636
2460534.2002859097	1.0001082	0.00028496547
2460534.2016748074	1.0000987	0.00028500467
2460534.2030637055	1.0002983	0.00028499955
2460534.204452603	0.9999524	0.0002849502
2460534.2058415012	1.0000933	0.00028497376
2460534.207230399	1.0003461	0.00028498948
2460534.208619297	0.9994786	0.00028490252
2460534.210008195	0.99980086	0.00028494428
2460534.211397093	1.000613	0.00028505104
2460534.2127859904	1.0001998	0.00028499772
2460534.214174888	1.0006298	0.00028506544
2460534.215563786	0.9994541	0.00028490776
2460534.2169526843	1.0001211	0.00028496818
2460534.218341582	1.0001013	0.00028500063
2460534.2197304796	0.99951	0.00028493558
2460534.2211193773	1.0004387	0.0002849805
2460534.2225082754	0.99977815	0.0002849511
2460534.2238971735	0.99952143	0.00028490185
2460534.225286071	1.0004328	0.00028505138
2460534.226674969	0.999838	0.00028496477
2460534.2280638665	0.9998599	0.00028496364
2460534.2294527646	0.99956125	0.00028496564
2460534.2308416623	0.9998209	0.0002849369
2460534.23223056	1.0000118	0.00028498954
2460534.233619458	0.99975026	0.0002849008
2460534.2350083557	1.0000266	0.0002849644
2460534.2363972533	0.99979323	0.00028497606
2460534.237786151	1.0003048	0.00028501003
2460534.239175049	1.0002322	0.0002849972
2460534.240563947	0.9997721	0.00028494353
2460534.2419528444	1.000476	0.00028506797
2460534.2433417425	1.000197	0.00028496227
2460534.24473064	0.99975884	0.000284935
2460534.246119538	1.0001273	0.00028500252
2460534.247508436	0.99981797	0.00028493334
2460534.2488973336	0.99945575	0.00028489885
2460534.2502862313	1.0000533	0.00028496428
2460534.251675129	0.99974006	0.0002849055
2460534.2530640266	0.9992595	0.00028487373
2460534.2544529247	0.9997437	0.00028493121
2460534.2558418224	0.9996411	0.00028486282
2460534.25723072	1.0004246	0.00028507
2460534.2586196177	0.9999776	0.00028498052
2460534.2600085153	1.0001138	0.00028502854
2460534.2613974134	0.9998761	0.0002849666
2460534.2627863106	0.9999603	0.00028494446
2460534.2641752088	1.000082	0.0002849351
2460534.2655641064	0.9998065	0.00028496527
2460534.266953004	1.0003202	0.00028501762
2460534.2683419017	1.0000815	0.00028498645
2460534.2697307994	1.0000372	0.0002849664
2460534.271119697	0.99926347	0.0002848839
2460534.2725085947	1.0003392	0.00028499105
2460534.273897493	0.99932855	0.00028488677
2460534.27528639	1.0000174	0.00028498116
2460534.276675288	1.0000126	0.00028494906
2460534.2780641858	0.9997375	0.00028492406
2460534.2794530834	1.0001644	0.00028501012
2460534.280841981	1.0001173	0.0002850196
2460534.2822308787	0.9999726	0.00028499615
2460534.2836197764	1.0004197	0.00028501207
2460534.285008674	0.9997132	0.0002849187
2460534.2863975717	0.99988925	0.0002849333
2460534.2877864693	0.9997526	0.00028494923
2460534.289175367	0.9997097	0.00028493846
2460534.2905642646	0.9993221	0.00028487234
2460534.2919531623	0.9997504	0.00028491055
2460534.29334206	1.0001923	0.00028504204
2460534.2947309576	0.99998325	0.00028497961
2460534.2961198553	1.000193	0.00028497184
2460534.297508753	0.9991892	0.0002848874
2460534.29889765	1.0002922	0.00028496096
2460534.300286548	0.9995198	0.00028491687
2460534.301675446	0.99934816	0.0002848845
2460534.303064343	1.0001178	0.000284973
2460534.304453241	0.9999836	0.0002849638
2460534.3058421384	0.9998723	0.0002849569
2460534.307231036	0.9997346	0.00028496748
2460534.3086199337	0.9996911	0.00028496
2460534.3100088313	0.99993575	0.00028495546
2460534.311397729	0.9999537	0.0002849954
2460534.3127866266	0.9997359	0.00028495627
2460534.3141755243	1.000462	0.00028506838
2460534.315564422	0.9999586	0.0002849784
2460534.316953319	0.99997765	0.0002849705
2460534.318342217	0.9991614	0.00028487315
2460534.3197311144	0.99927086	0.00028486052
2460534.321120012	0.9994248	0.00028490045
2460534.3225089093	0.99989885	0.00028498328
2460534.323897807	0.9996869	0.00028494024
2460534.3252867046	0.99929583	0.00028487897
2460534.3266756022	0.9995903	0.0002849459
2460534.3280645	1.0002476	0.00028501343
2460534.3294533975	0.999586	0.0002848884
2460534.3308422947	0.99942267	0.00028491794
2460534.3322311924	1.0005147	0.00028499562
2460534.33362009	1.0004864	0.00028504134
2460534.3350089877	0.99932957	0.00028490133
2460534.336397885	1.0000753	0.0002850286
2460534.3377867825	1.0001799	0.0002849673
2460534.33917568	0.999416	0.00028487612
2460534.340564578	1.0006027	0.0002850658
2460534.3419534755	0.9993677	0.00028487388
2460534.3433423727	1.0001923	0.00028497103
2460534.3447312703	1.0000714	0.00028500063
2460534.346120168	1.0002973	0.00028497257
2460534.347509065	0.99977773	0.0002849638
2460534.348897963	1.0000651	0.00028492432
2460534.35028686	1.0003011	0.00028498968
2460534.3516757577	0.99909097	0.00028485063
2460534.3530646553	1.0002248	0.000284959
2460534.354453553	0.9997321	0.0002849639
2460534.35584245	1.0005158	0.00028502275
2460534.357231348	0.99948686	0.00028491838
2460534.3586202455	1.0001737	0.00028497382
2460534.3600091427	1.0005119	0.0002850742
2460534.3613980403	0.99959195	0.0002849282
2460534.362786938	1.000264	0.00028496166
2460534.364175835	0.9993969	0.00028491128
2460534.365564733	1.0000595	0.00028497243
2460534.36695363	0.9998835	0.00028496355
2460534.3683425277	0.99987346	0.00028497953
2460534.3697314253	1.0005184	0.00028504434
2460534.3711203225	0.99979156	0.00028493092
2460534.37250922	1.0000502	0.00028500007
2460534.3738981173	0.9999245	0.00028493642
2460534.375287015	1.0001433	0.00028498814
2460534.376675912	0.99995655	0.00028493215
2460534.37806481	0.99987197	0.0002849398
2460534.379453707	0.99989086	0.00028491887
2460534.380842604	1.0001695	0.0002849348
2460534.382231502	0.9999155	0.00028495945
2460534.383620399	0.99962825	0.0002849318
2460534.3850092967	0.9997375	0.00028491812
2460534.3863981944	0.9992386	0.00028485872
2460534.3877870915	0.99975854	0.00028495034
2460534.389175989	0.9997551	0.00028492016
2460534.3905648864	0.99926144	0.00028485266
2460534.3919537836	0.999952	0.0002849699
2460534.393342681	0.99951357	0.00028485354
2460534.3947315784	0.99998826	0.00028499682
2460534.396120476	1.0003922	0.00028498165
2460534.3975093733	1.0000095	0.00028491698
2460534.398898271	1.0000794	0.00028498634
2460534.400287168	0.9995653	0.0002849185
2460534.4016760653	1.0002226	0.000285043
2460534.403064963	0.9999619	0.0002849637
2460534.40445386	1.0000072	0.00028494283
2460534.405842758	1.0002528	0.0002849738
2460534.407231655	0.99979776	0.00028491532
2460534.408620552	0.9996637	0.00028492472
2460534.41000945	0.999753	0.0002849493
2460534.411398347	1.0000979	0.0002849689
2460534.4127872447	0.9995229	0.00028491067
2460534.414176142	1.0001888	0.00028501154
2460534.415565039	1.000022	0.00028495298
2460534.4169539367	0.99991745	0.00028493817
2460534.418342834	1.0000465	0.00028497694
2460534.419731731	1.0003082	0.0002850264
2460534.4211206282	0.99998677	0.00028498395
2460534.422509526	0.9997157	0.0002849117
2460534.423898423	1.0004381	0.00028501728
2460534.4252873203	0.9999449	0.00028496317
2460534.426676218	1.0002311	0.00028502545
2460534.428065115	0.9999759	0.0002849944
2460534.4294540123	0.99966073	0.00028493028
2460534.43084291	1.0001245	0.0002850137
2460534.432231807	1.0001951	0.00028502088
2460534.4336207043	1.0000068	0.0002849613
2460534.4350096015	0.9998218	0.00028497484
2460534.4363984987	0.99987566	0.00028491323
2460534.437787396	1.0001252	0.00028496154
2460534.4391762936	0.99984425	0.00028498503
2460534.4405651907	1.0001216	0.0002850337
2460534.441954088	1.0000862	0.00028498625
2460534.4433429856	0.9990369	0.00028484192
2460534.4447318823	0.99998224	0.00028494938
2460534.44612078	1.0001653	0.00028498642
2460534.447509677	0.9998965	0.00028497964
2460534.4488985743	0.9999278	0.00028498552
2460534.4502874715	1.0000468	0.000284963
2460534.4516763687	0.9997055	0.00028495953
2460534.4530652664	0.9996614	0.00028492225
2460534.4544541636	0.99986327	0.00028496794
2460534.4558430607	1.0003572	0.00028502854
2460534.457231958	1.0000124	0.00028498884
2460534.458620855	1.0001812	0.00028498404
2460534.4600097523	1.000188	0.00028500057
2460534.46139865	1.0001166	0.0002850329
2460534.462787547	1.0003378	0.00028500336
2460534.4641764443	1.0000161	0.0002849767
2460534.4655653415	0.9992626	0.0002848867
2460534.4669542387	0.99921113	0.00028486963
2460534.468343136	1.0002222	0.0002850016
2460534.469732033	1.0001897	0.00028496538
2460534.4711209303	0.99954575	0.0002849077
2460534.4725098275	0.99992377	0.00028497083
2460534.4738987247	1.0001515	0.00028499472
2460534.475287622	0.999132	0.0002848405
2460534.476676519	0.99948627	0.0002849108
2460534.478065416	1.00009	0.00028492225
2460534.4794543134	0.9995469	0.0002849393
2460534.4808432106	0.99970585	0.00028490098
2460534.482232108	0.99981815	0.00028491154
2460534.483621005	0.99976903	0.00028493354
2460534.485009902	0.99989915	0.00028493145
2460534.4863987993	0.999983	0.0002849595
2460534.4877876965	0.9993962	0.00028485977
2460534.4891765937	0.99986994	0.00028496573
2460534.490565491	0.9993323	0.000284874
2460534.491954388	0.99985415	0.00028498072
2460534.4933432853	0.9998614	0.00028497924
2460534.4947321825	0.9996117	0.000284916
2460534.4961210797	0.9998409	0.00028495077
2460534.497509977	0.9998284	0.00028494268
2460534.498898874	1.0002238	0.00028500523
2460534.500287771	1.0003458	0.0002850243
2460534.5016766684	0.99979967	0.00028496303
2460534.503065565	1.000224	0.00028499137
2460534.504454463	0.99966645	0.00028493736
2460534.5058433595	0.99965787	0.0002849547
2460534.5072322567	1.0002155	0.00028497272
2460534.508621154	1.0005478	0.0002850191
2460534.510010051	1.0002375	0.0002849807
2460534.5113989483	0.9996139	0.0002849316
2460534.5127878455	0.9997311	0.00028493165
2460534.5141767426	0.9999805	0.00028494664
2460534.51556564	0.99947673	0.00028492132
2460534.5169545365	1.0000297	0.00028499006
2460534.5183434337	1.0001339	0.00028498733
2460534.519732331	0.9998374	0.00028493095
2460534.521121228	0.99974984	0.0002849348
2460534.5225101253	0.9999988	0.00028495828
2460534.523899022	1.0002102	0.0002849931
2460534.525287919	1.0001512	0.00028499775
2460534.5266768164	0.99993855	0.00028495098
2460534.5280657136	0.9997463	0.0002849707
2460534.5294546103	0.9998646	0.00028496658
2460534.5308435075	0.9996394	0.00028494876
2460534.5322324047	0.99994725	0.0002849331
2460534.533621302	1.0004396	0.0002850203
2460534.535010199	1.0002933	0.00028499734
2460534.536399096	0.9995547	0.00028490688
2460534.537787993	1.0002278	0.00028501192
2460534.53917689	0.9997836	0.00028495432
2460534.540565787	1.0000095	0.00028497493
2460534.541954684	1.0000535	0.00028495942
2460534.5433435813	0.9997735	0.0002849424
2460534.5447324784	0.9998403	0.00028495278
2460534.5461213756	0.99981683	0.00028490392
2460534.5475102724	0.9995467	0.00028493855
2460534.5488991695	0.9996715	0.00028486692
2460534.5502880663	0.9998376	0.0002849693
2460534.5516769635	0.9997334	0.00028491532
2460534.5530658606	0.99942076	0.00028494484
2460534.5544547574	1.0005205	0.00028502688
2460534.5558436546	0.99994713	0.0002849503
2460534.5572325517	1.0000054	0.0002849737
2460534.558621449	1.0002222	0.0002849656
2460534.5600103457	0.99968165	0.00028492068
2460534.561399243	1.0000634	0.00028498084
2460534.56278814	1.000043	0.00028495846
2460534.5641770368	0.99975026	0.0002848996
2460534.565565934	0.99960816	0.0002848746
2460534.5669548307	1.0000267	0.00028496515
2460534.568343728	0.9995461	0.0002849106
2460534.569732625	0.9998409	0.00028494187
2460534.5711215218	0.9998658	0.00028495115
2460534.572510419	0.9996865	0.00028492158
2460534.5738993157	1.000074	0.00028497117
2460534.575288213	1.00008	0.00028497764
2460534.57667711	0.9993984	0.00028487286
2460534.578066007	0.99981385	0.00028494222
2460534.579454904	0.9996673	0.00028492894
2460534.5808438007	1.0000079	0.0002849857
2460534.582232698	0.99986184	0.00028497403
2460534.5836215946	0.9994338	0.0002849307
2460534.5850104913	0.99982363	0.00028496602
2460534.5863993885	0.9999251	0.0002849493
2460534.587788285	0.9993368	0.00028490153
2460534.5891771824	1.0001465	0.00028500208
2460534.590566079	0.999479	0.0002848833
2460534.5919549763	0.9997354	0.00028491457
2460534.5933438735	0.9996721	0.0002849207
2460534.59473277	0.9998682	0.00028494562
2460534.5961216674	0.9995586	0.00028490424
2460534.597510564	0.9994525	0.00028490386
2460534.598899461	0.9994043	0.00028489062
2460534.600288358	0.9994113	0.0002848819
2460534.601677255	0.9991893	0.00028485336
2460534.603066152	0.9999837	0.0002849555
2460534.6044550487	0.9992498	0.00028490173
2460534.605843946	0.99921227	0.00028486032
2460534.6072328426	0.99931866	0.00028488706
2460534.6086217393	0.9993303	0.00028486486
2460534.6100106365	0.9992455	0.0002848705
2460534.611399533	0.99984837	0.00028494024
2460534.6127884304	0.9991834	0.00028486855
2460534.614177327	0.9996228	0.00028488535
2460534.615566224	0.9992257	0.00028486326
2460534.616955121	0.9998902	0.00028495112
2460534.618344018	0.99984366	0.00028494775
2460534.619732915	0.9996887	0.0002849038
2460534.6211218117	0.9998395	0.00028495092
2460534.6225107084	0.999118	0.0002848934
2460534.6238996056	0.9991402	0.0002848585
2460534.6252885023	0.99936426	0.00028483532
2460534.626677399	0.9998399	0.00028492446
2460534.6280662958	0.99935377	0.00028488314
2460534.629455193	0.999955	0.00028498896
2460534.6308440897	0.99929464	0.00028487833
2460534.6322329864	0.9996195	0.00028493218
2460534.6336218836	0.99973863	0.0002849172
2460534.6350107803	0.99958783	0.00028490726
2460534.636399677	0.9995565	0.00028490776
2460534.637788574	0.99979925	0.0002849304
2460534.639177471	0.999571	0.0002849066
2460534.6405663677	0.9997115	0.00028493736
2460534.6419552644	0.9992437	0.0002848929
2460534.6433441616	0.9994073	0.00028488447
2460534.6447330583	0.999041	0.0002848796
2460534.646121955	0.9997638	0.00028491358
2460534.647510852	0.999387	0.00028490915
2460534.648899749	1.0000105	0.00028497304
2460534.6502886456	0.9998929	0.0002849557
2460534.6516775424	0.99933475	0.00028486722
2460534.653066439	0.99943984	0.00028488506
2460534.6544553363	0.9997833	0.00028493928
2460534.655844233	1.0002713	0.00028497598
2460534.6572331297	1.0001591	0.00028497752
2460534.6586220264	0.9996247	0.00028491896
2460534.660010923	0.99921405	0.0002848525
2460534.6613998204	0.99951565	0.00028488832
2460534.662788717	1.0004566	0.00028498357
2460534.664177614	0.9993683	0.00028483645
2460534.6655665105	0.9998786	0.000284955
2460534.6669554072	0.99904454	0.00028479676
2460534.6683443044	0.9997461	0.0002849492
2460534.669733201	0.99965274	0.00028493174
2460534.671122098	0.99945056	0.00028490066
2460534.6725109946	0.9990765	0.00028485054
2460534.6738998913	0.99943864	0.00028486745
2460534.675288788	1.0000396	0.00028498538
2460534.6766776848	0.9996776	0.00028496364
2460534.678066582	0.99984103	0.00028493963
2460534.679455478	0.99906033	0.00028486372
2460534.6808443754	0.99988127	0.00028496402
2460534.6822332717	0.99988186	0.00028495167
2460534.683622169	0.99959266	0.00028494373
2460534.6850110656	0.9992363	0.00028487912
2460534.6863999623	0.9997829	0.00028494737
2460534.687788859	0.99968606	0.00028495962
2460534.6891777557	1.000226	0.00028500572
2460534.6905666525	0.99927855	0.00028488765
2460534.691955549	0.99992543	0.0002849493
2460534.693344446	0.9996327	0.00028492746
2460534.6947333426	0.99964654	0.0002849627
2460534.6961222393	1.000264	0.00028500348
2460534.697511136	0.9994074	0.00028488928
2460534.6989000333	0.9998701	0.00028498538
2460534.7002889295	0.9995294	0.00028491177
2460534.7016778262	0.9996859	0.00028493055
2460534.703066723	0.99956924	0.00028492778
2460534.7044556197	0.999563	0.00028493957
2460534.7058445164	1.000302	0.00028501003
2460534.707233413	0.99979657	0.00028494425
2460534.70862231	0.9993339	0.00028490234
2460534.7100112066	0.99916345	0.00028487947
2460534.7114001033	0.99987394	0.0002849399
2460534.712789	0.99943745	0.0002849343
2460534.7141778967	0.999922	0.00028499955
2460534.7155667935	0.9992186	0.00028488124
2460534.71695569	0.9996134	0.00028495447
2460534.718344587	0.9998783	0.00028497196
2460534.7197334836	0.9993445	0.00028490482
2460534.7211223803	0.99960124	0.00028496154
2460534.722511277	0.9995095	0.00028486966
2460534.7239001733	0.9993852	0.00028491535
2460534.7252890705	0.9993785	0.00028488543
2460534.726677967	0.99964714	0.00028490424
2460534.7280668635	0.99974734	0.00028494513
2460534.72945576	0.99973446	0.00028491596
2460534.730844657	0.99954396	0.0002849096
2460534.7322335537	0.99959016	0.0002849205
2460534.7336224504	1.0000755	0.00028495165
2460534.735011347	0.9997873	0.00028495607
2460534.7364002434	1.0006149	0.00028508302
2460534.73778914	0.9994735	0.00028490077
2460534.739178037	0.999784	0.00028494847
2460534.7405669335	0.999581	0.00028492216
2460534.7419558302	0.99932796	0.00028488028
2460534.743344727	0.99960065	0.00028492618
2460534.7447336237	0.9998695	0.00028498654
2460534.7461225204	0.99975246	0.00028500223
2460534.7475114167	0.9999619	0.00028495587
2460534.7489003134	0.9991552	0.00028483334
2460534.75028921	0.9998383	0.0002849569
2460534.751678107	0.99965847	0.0002849317
2460534.7530670036	0.9996644	0.00028494187
2460534.7544559	0.9996073	0.00028490814
2460534.7558447965	0.9993948	0.00028488878
2460534.7572336933	0.9995833	0.00028491832
2460534.7586225895	0.99982214	0.0002849075
2460534.7600114862	1.0001388	0.00028496326
2460534.761400383	0.99999386	0.00028495016
2460534.7627892797	1.0001701	0.00028498995
2460534.764178176	0.9994652	0.0002849051
2460534.7655670727	0.99951	0.00028491678
2460534.7669559694	0.998943	0.0002848412
2460534.768344866	0.9981632	0.000284694
2460534.769733763	0.99744976	0.0002846481
2460534.771122659	0.9974001	0.00028463724
2460534.772511556	0.99629945	0.00028442824
2460534.773900452	0.99552554	0.0002843375
2460534.775289349	0.9947923	0.0002842361
2460534.7766782455	0.9945978	0.000284221
2460534.778067142	0.9940769	0.0002841691
2460534.7794560385	0.99420565	0.00028419174
2460534.780844935	0.9940098	0.0002841459
2460534.782233832	0.9932153	0.00028407187
2460534.783622728	0.9933963	0.0002841106
2460534.785011625	0.9930677	0.00028403994
2460534.7864005216	0.99368554	0.00028413348
2460534.787789418	0.9930187	0.00028403857
2460534.7891783146	0.99304676	0.00028404716
2460534.790567211	0.9935561	0.00028406482
2460534.7919561076	0.99277973	0.00028398292
2460534.7933450043	0.9931735	0.0002840415
2460534.7947339006	0.99319786	0.00028408132
2460534.7961227973	0.99305725	0.00028403447
2460534.7975116936	0.9929054	0.0002840276
2460534.7989005903	0.99272805	0.00028398764
2460534.800289487	0.9929368	0.00028399058
2460534.8016783833	0.9925698	0.00028394774
2460534.80306728	0.9929426	0.00028399556
2460534.8044561762	0.9925405	0.00028396805
2460534.805845073	0.99296844	0.00028401727
2460534.8072339697	0.9930536	0.00028400606
2460534.808622866	0.9924607	0.0002839328
2460534.8100117627	0.99232155	0.00028391124
2460534.811400659	0.99254745	0.0002839873
2460534.8127895556	0.99235857	0.00028393205
2460534.8141784524	0.99252	0.0002839653
2460534.8155673486	0.99265796	0.00028397996
2460534.8169562453	0.99220717	0.00028390627
2460534.8183451416	0.9921174	0.00028390033
2460534.819734038	0.992834	0.00028399273
2460534.8211229346	0.99254566	0.00028396872
2460534.822511831	0.9922668	0.00028397513
2460534.8239007276	0.992249	0.0002838798
2460534.825289624	0.9925165	0.00028389908
2460534.8266785205	0.9924665	0.00028393423
2460534.828067417	0.99242	0.00028396412
2460534.8294563135	0.9923541	0.0002839303
2460534.8308452102	0.99223584	0.00028393924
2460534.8322341065	0.99261063	0.00028393447
2460534.8336230027	0.99291205	0.0002839945
2460534.8350118995	0.9924613	0.00028396084
2460534.8364007957	0.99230254	0.00028392044
2460534.8377896925	0.99225205	0.00028389465
2460534.8391785887	0.9923923	0.00028391596
2460534.8405674854	0.99267703	0.0002839783
2460534.8419563817	0.99278265	0.00028394914
2460534.843345278	0.9927324	0.00028399107
2460534.8447341747	0.9923459	0.0002838917
2460534.846123071	0.99313134	0.0002840692
2460534.8475119676	0.99290526	0.00028399035
2460534.848900864	0.9927845	0.00028398342
2460534.85028976	0.9927598	0.00028402923
2460534.8516786564	0.9922936	0.0002839448
2460534.853067553	0.9928184	0.00028394343
2460534.85445645	0.9930995	0.000283983
2460534.855845346	0.993402	0.0002840828
2460534.8572342424	0.99280035	0.00028390298
2460534.8586231386	0.9929307	0.00028398292
2460534.8600120354	0.9928355	0.00028397085
2460534.8614009316	0.99298346	0.0002840276
2460534.862789828	0.9926846	0.00028401514
2460534.8641787246	0.9924729	0.0002839625
2460534.865567621	0.9926988	0.00028396357
2460534.8669565176	0.99293303	0.00028399727
2460534.868345414	0.99290293	0.00028400854
2460534.86973431	0.9928896	0.00028396441
2460534.871123207	0.99279547	0.00028400662
2460534.872512103	0.99267983	0.0002839495
2460534.8739009993	0.993098	0.00028402987
2460534.8752898956	0.99320847	0.0002840277
2460534.8766787923	0.9923239	0.000283945
2460534.8780676886	0.9929653	0.00028402515
2460534.879456585	0.9930154	0.00028402492
2460534.8808454815	0.993353	0.00028405292
2460534.882234378	0.99355716	0.00028408962
2460534.883623274	0.9933224	0.00028403796
2460534.8850121703	0.9935231	0.0002840669
2460534.8864010666	0.99280804	0.00028393063
2460534.8877899633	0.9926888	0.00028395772
2460534.8891788595	0.99335736	0.00028406532
2460534.890567756	0.9932002	0.00028407437
2460534.8919566525	0.99391276	0.00028413674
2460534.893345549	0.99347216	0.00028404608
2460534.894734445	0.99331206	0.00028404975
2460534.8961233413	0.9938522	0.0002841194
2460534.8975122375	0.99343354	0.00028404128
2460534.8989011343	0.9933953	0.00028411867
2460534.9002900305	0.9933982	0.00028406255
2460534.901678927	0.99340665	0.00028403083
2460534.903067823	0.99311256	0.00028397678
2460534.9044567193	0.9943313	0.0002841709
2460534.9058456155	0.9939703	0.00028415804
2460534.9072345123	0.9947102	0.00028426343
2460534.9086234085	0.9936255	0.0002840733
2460534.910012305	0.99433863	0.00028420333
2460534.911401201	0.994286	0.00028418962
2460534.9127900973	0.99499965	0.000284317
2460534.9141789936	0.99587595	0.0002843851
2460534.9155678903	0.9960337	0.00028441206
2460534.916956786	0.997426	0.00028459323
2460534.918345683	0.9976511	0.00028462606
2460534.919734579	0.99820405	0.00028470412
2460534.9211234753	0.99884474	0.0002847901
2460534.9225123716	0.99941826	0.00028486372
2460534.923901268	0.99985164	0.0002849763
2460534.925290164	0.9993422	0.00028489745
2460534.9266790603	0.9992764	0.00028487403
2460534.9280679566	0.999365	0.00028487184
2460534.9294568533	0.99953514	0.0002848746
2460534.9308457496	0.99946076	0.00028489312
2460534.932234646	0.9995973	0.00028490805
2460534.933623542	0.99933606	0.0002848799
2460534.9350124383	1.0001308	0.00028497755
2460534.9364013346	0.99947643	0.0002848722
2460534.937790231	0.99990165	0.00028496358
2460534.939179127	0.9988094	0.00028484123
2460534.9405680234	0.9993541	0.00028490767
2460534.9419569196	0.9992546	0.0002848149
2460534.943345816	0.9997365	0.00028489926
2460534.944734712	0.9996082	0.00028494754
2460534.9461236084	0.99950415	0.00028491075
2460534.9475125046	0.99953353	0.00028488482
2460534.948901401	0.99985194	0.00028494012
2460534.950290297	0.9991786	0.00028489274
2460534.9516791934	0.9997766	0.00028493215
2460534.9530680897	0.9998002	0.00028491332
2460534.954456986	0.99964213	0.0002849157
2460534.955845882	0.9994896	0.00028492557
2460534.9572347784	0.9993595	0.00028488666
2460534.9586236747	0.99975836	0.00028490453
2460534.960012571	0.9998643	0.00028495348
2460534.961401467	0.99975336	0.0002849077
2460534.9627903635	0.99967295	0.00028488887
2460534.9641792597	1.000027	0.00028498867
2460534.965568156	1.0001444	0.00028498596
2460534.966957052	0.99975276	0.00028489475
2460534.9683459485	0.9995191	0.00028492778
2460534.9697348448	0.9997106	0.0002849333
2460534.9711237405	0.9995903	0.00028492135
2460534.972512637	0.9996458	0.00028491075
2460534.973901533	0.99927914	0.00028486195
2460534.9752904293	1.000066	0.00028496192
2460534.9766793256	0.9995043	0.00028491134
2460534.978068222	0.9997758	0.000284938
2460534.979457118	0.99954516	0.0002849072
2460534.9808460143	0.9993691	0.00028486177
2460534.9822349106	0.99891925	0.00028481914
2460534.983623807	0.9998636	0.00028494946
2460534.9850127026	0.9999673	0.0002849399
2460534.986401599	0.99950415	0.00028489082
2460534.987790495	0.9996321	0.00028489032
2460534.9891793914	0.99933416	0.00028489492
2460534.9905682877	0.9992172	0.00028486148
2460534.991957184	1.0000536	0.00028496384
2460534.99334608	0.9993209	0.0002848759
2460534.994734976	0.999764	0.0002849384
2460534.996123872	0.9995021	0.00028493188
2460534.9975127685	0.999717	0.00028492554
2460534.9989016647	0.9994914	0.0002848979
2460535.000290561	0.9992684	0.0002848402
2460535.001679457	0.9991508	0.00028485365
2460535.003068353	0.99980897	0.00028494743
2460535.0044572493	0.9991491	0.00028482586
2460535.0058461456	1.0000539	0.00028493555
2460535.007235042	1.0000278	0.00028498395
2460535.0086239376	0.99972713	0.000284911
2460535.010012834	0.99983585	0.00028491285
2460535.01140173	0.99926865	0.00028483226
2460535.0127906264	0.9991226	0.00028483887
2460535.0141795226	1.0002856	0.0002849936
2460535.0155684184	0.99943167	0.00028490482
2460535.0169573147	0.99961585	0.0002849046
2460535.0183462105	0.99908733	0.00028486954
2460535.0197351067	0.9999349	0.0002849532
2460535.021124003	1.0003191	0.00028499097
2460535.0225128992	0.99985665	0.0002849338
2460535.0239017955	0.9999952	0.00028499655
2460535.0252906913	0.9991997	0.0002848364
2460535.0266795876	0.99927014	0.00028484734
2460535.0280684833	0.99962795	0.00028490447
2460535.0294573796	0.99944055	0.00028492097
2460535.030846276	1.0003076	0.00028499257
2460535.032235172	0.99972713	0.0002849225
2460535.0336240684	0.9994604	0.00028487525
2460535.035012964	0.9994564	0.00028487766
2460535.0364018604	0.9999436	0.0002849261
2460535.0377907567	1.0000421	0.00028495298
2460535.0391796525	0.99935216	0.00028489245
2460535.0405685487	0.99942774	0.00028492187
2460535.0419574445	0.9992486	0.0002848635
2460535.043346341	0.99995786	0.00028498235
2460535.044735237	0.9997677	0.0002849211
2460535.046124133	0.9997648	0.00028494207
2460535.047513029	0.9999644	0.00028492848
2460535.0489019253	0.9996821	0.00028493765
2460535.050290821	1.0003989	0.00028499172
2460535.0516797174	0.9994751	0.0002849305
2460535.0530686136	0.9991506	0.00028484623
2460535.0544575094	0.99951655	0.00028492368
2460535.0558464057	0.9996051	0.00028489422
2460535.0572353015	0.9996039	0.00028495528
2460535.0586241977	0.99988014	0.00028496134
2460535.060013094	0.9997654	0.00028493843
2460535.06140199	1.0003215	0.0002849954
2460535.062790886	1.0000539	0.0002849709
2460535.064179782	0.9996144	0.00028493756
2460535.065568678	1.0000288	0.00028493055
2460535.066957574	0.999563	0.00028491952
2460535.06834647	1.000041	0.00028497196
2460535.069735366	0.999991	0.0002850127
2460535.071124262	1.0002463	0.0002850084
2460535.072513158	1.0000864	0.00028500124
2460535.073902054	0.9998614	0.00028497062
2460535.0752909505	1.000209	0.000284969
2460535.0766798463	0.99959695	0.00028492973
2460535.0780687425	0.999907	0.00028490022
2460535.0794576383	0.9994716	0.0002848994
2460535.0808465346	1.0002905	0.0002849806
2460535.0822354304	0.9996348	0.0002849303
2460535.0836243266	1.0000042	0.00028497618
2460535.085013223	1.0000539	0.00028493692
2460535.0864021187	0.99947	0.00028490633
2460535.0877910145	0.9998876	0.00028495165
2460535.0891799107	0.99976844	0.00028493602
2460535.0905688065	1.000373	0.0002849737
2460535.0919577028	0.99986565	0.00028494076
2460535.0933465986	0.99985194	0.0002849612
2460535.094735495	1.000313	0.00028500383
2460535.0961243906	0.9997929	0.00028493672
2460535.097513287	0.99967664	0.00028493418
2460535.0989021827	0.9998749	0.00028493325
2460535.1002910784	0.99979573	0.00028494943
2460535.1016799747	1.0003806	0.00028498934
2460535.1030688705	1.0001292	0.00028498954
2460535.1044577667	0.99974173	0.0002849179
2460535.1058466625	1.0000223	0.0002849604
2460535.107235559	0.9994295	0.00028485633
2460535.1086244546	0.9998158	0.00028494507
2460535.1100133504	1.0003296	0.00028503532
2460535.1114022466	0.9997559	0.00028492714
2460535.1127911424	0.9999146	0.00028490144
2460535.1141800387	1.0001491	0.00028496218
2460535.1155689345	0.999792	0.00028492376
2460535.1169578303	0.999689	0.0002849398
2460535.1183467265	0.9996358	0.00028491573
2460535.1197356223	1.0001491	0.0002849732
2460535.1211245186	1.0000956	0.00028499958
2460535.1225134144	1.0008216	0.00028504618
2460535.12390231	1.0000778	0.00028496573
2460535.1252912064	0.99934244	0.000284879
2460535.126680102	0.999321	0.00028486358
2460535.128068998	0.99966526	0.0002849276
2460535.1294578942	0.9998587	0.00028493776
2460535.13084679	1.0003237	0.0002850089
2460535.1322356863	1.0000464	0.0002849854
2460535.133624582	1.0000943	0.00028496425
2460535.135013478	1.0002136	0.000285026
2460535.136402374	1.0000852	0.00028498174
2460535.13779127	0.9998052	0.0002849347
2460535.1391801657	0.99962884	0.0002848841
2460535.1405690615	0.9997392	0.00028496643
2460535.1419579578	0.9994997	0.00028491617
2460535.1433468536	0.9998501	0.00028495167
2460535.1447357493	1.0004587	0.0002850058
2460535.1461246456	0.99980503	0.0002849639
2460535.1475135414	0.9999063	0.0002849252
2460535.148902437	1.0000865	0.0002849787
2460535.150291333	0.9997261	0.00028493567
2460535.151680229	0.99984604	0.00028495307
2460535.153069125	1.0001214	0.00028500071
2460535.154458021	0.9994414	0.0002848999
2460535.1558469166	1.000122	0.00028495523
2460535.1572358124	0.9997661	0.00028492615
2460535.1586247087	1.000211	0.00028499612
2460535.1600136044	1.0001422	0.00028495834
2460535.1614025002	0.9999133	0.00028492787
2460535.1627913965	1.0004834	0.00028499702
2460535.164180292	1.0003889	0.00028505235
2460535.165569188	0.99957067	0.00028489623
2460535.166958084	0.99992156	0.00028491498
2460535.1683469797	0.9996969	0.00028490153
2460535.169735876	0.9997266	0.00028493884
2460535.1711247717	1.0000846	0.00028497208
2460535.1725136675	0.99976003	0.00028491043
2460535.1739025633	0.9996089	0.00028492836
2460535.175291459	1.0003985	0.0002850149
2460535.1766803553	0.999604	0.0002848975
2460535.1780692507	0.9997077	0.00028491725
2460535.179458147	1.0002121	0.00028499207
2460535.1808470427	0.99926573	0.00028484565
2460535.1822359385	1.000397	0.0002850215
2460535.1836248343	0.99947876	0.0002849178
2460535.18501373	1.0003239	0.00028499737
2460535.1864026263	0.99938387	0.00028489385
2460535.1877915217	1.000065	0.00028497083
2460535.189180418	1.000248	0.00028497592
2460535.1905693137	0.99962765	0.0002849098
2460535.1919582095	0.99940497	0.0002849087
2460535.1933471053	0.9998072	0.0002849353
2460535.194736001	0.9996163	0.0002848925
2460535.196124897	0.9998999	0.00028492504
2460535.1975137927	1.0005713	0.00028503043
2460535.198902689	0.99988526	0.000284999
2460535.2002915847	0.99921197	0.00028483823
2460535.2016804805	1.0000001	0.0002849351
2460535.2030693763	1.0000867	0.0002849516
2460535.204458272	1.0003269	0.00028501972
2460535.205847168	1.0005643	0.0002850217
2460535.2072360637	0.9995742	0.00028488057
2460535.2086249595	1.0002269	0.00028497924
2460535.2100138552	0.9998617	0.00028492825
2460535.211402751	1.0004708	0.00028499268
2460535.212791647	0.99997807	0.0002849177
2460535.214180543	0.99991137	0.00028494725
2460535.2155694384	1.0001173	0.00028496553
2460535.2169583347	0.9998319	0.00028493648
2460535.21834723	0.9999603	0.00028496538
2460535.219736126	1.0001318	0.0002849445
2460535.221125022	0.9999567	0.00028498287
2460535.2225139174	0.9992117	0.00028483165
2460535.2239028136	1.0000097	0.00028496518
2460535.225291709	1.0002793	0.00028497897
2460535.226680605	1.0002623	0.00028498212
2460535.2280695005	0.99909127	0.0002848175
2460535.2294583963	0.9993946	0.00028488366
2460535.2308472926	0.99987125	0.000284921
2460535.232236188	0.99995726	0.00028496882
2460535.233625084	0.9998013	0.00028493948
2460535.2350139795	1.0003653	0.0002850192
2460535.2364028753	0.9999263	0.00028488066
2460535.2377917715	0.9998876	0.00028489472
2460535.239180667	1.0002555	0.00028498843
2460535.2405695627	1.0002619	0.00028498663
2460535.2419584584	1.0002419	0.00028497676
2460535.2433473542	0.9996313	0.0002849238
2460535.24473625	0.99993056	0.00028491303
2460535.246125146	0.99970335	0.0002849223
2460535.2475140416	0.9998695	0.00028493855
2460535.2489029374	0.9997183	0.00028493017
2460535.250291833	0.9998607	0.0002849331
2460535.251680729	1.0001004	0.00028497222
2460535.253069625	0.9997863	0.0002849391
2460535.2544585206	0.99979895	0.00028494353
2460535.255847416	0.99987155	0.0002849392
2460535.2572363117	0.99907136	0.00028483875
2460535.2586252075	1.0002396	0.00028498596
2460535.2600141033	1.0001482	0.00028499574
2460535.261402999	0.99982435	0.0002849525
2460535.262791895	1.0003237	0.00028500377
2460535.2641807906	1.0001696	0.00028500715
2460535.265569686	1.0000815	0.0002849789
2460535.2669585817	0.9999795	0.00028494775
2460535.268347478	0.9999447	0.00028495013
2460535.2697363733	0.9997084	0.00028488997
2460535.271125269	0.99960953	0.00028485977
2460535.272514165	1.0004808	0.00028503741
2460535.2739030607	1.0004748	0.00028502612
2460535.2752919565	0.99979424	0.00028492068
2460535.276680852	1.0004998	0.00028502237
2460535.2780697476	0.99996734	0.0002849233
2460535.2794586434	1.0001223	0.0002850192
2460535.280847539	0.9999637	0.00028496585
2460535.282236435	0.9997989	0.0002849227
2460535.2836253303	0.99949133	0.0002848914
2460535.285014226	0.99994403	0.00028496844
2460535.286403122	1.0001976	0.00028498634
2460535.2877920177	0.9997931	0.00028491032
2460535.289180913	0.9998496	0.00028493168
2460535.290569809	0.9999613	0.0002849279
2460535.2919587046	0.9996146	0.00028493363
2460535.2933476004	1.0001101	0.00028497062
2460535.294736496	1.0000595	0.0002849671
2460535.2961253915	1.0005716	0.0002850802
2460535.2975142873	1.0004411	0.0002850107
2460535.298903183	0.9996784	0.00028493127
2460535.300292079	1.0002402	0.00028500872
2460535.3016809747	1.0005246	0.00028501893
2460535.30306987	1.0002614	0.0002849876
2460535.304458766	0.9993298	0.00028484492
2460535.3058476616	0.9997414	0.00028492004
2460535.307236557	0.9999952	0.00028496757
2460535.3086254527	1.0000291	0.00028494227
2460535.3100143485	0.99961853	0.00028493363
2460535.3114032443	0.9996006	0.0002849132
2460535.31279214	1.0001311	0.0002850009
2460535.3141810354	1.0000199	0.00028495732
2460535.315569931	0.9997523	0.0002849565
2460535.3169588265	0.9996904	0.0002849593
2460535.3183477223	1.0000371	0.00028496166
2460535.319736618	0.9996708	0.00028490621
2460535.321125514	1.0004517	0.00028504917
2460535.322514409	0.999904	0.000285001
2460535.323903305	1.0000113	0.00028498657
2460535.325292201	0.99963856	0.00028492318
2460535.326681096	0.9998402	0.0002849628
2460535.328069992	0.99973047	0.00028495927
2460535.3294588877	1.000074	0.0002849618
2460535.330847783	1.0001671	0.00028499065
2460535.332236679	1.0000334	0.00028495135
2460535.333625574	1.0001558	0.00028496588
2460535.33501447	0.99953014	0.00028485947
2460535.3364033657	1.0001304	0.0002850007
2460535.337792261	1.0001051	0.00028496553
2460535.339181157	1.0002594	0.0002850135
2460535.3405700526	1.0000563	0.00028496532
2460535.341958948	0.9998633	0.0002849467
2460535.3433478437	1.0002371	0.00028498407
2460535.344736739	0.9998671	0.00028493133
2460535.346125635	1.0003238	0.00028503744
2460535.3475145306	1.0000385	0.00028494664
2460535.348903426	1.0002383	0.00028502516
2460535.3502923218	1.0000253	0.00028497417
2460535.351681217	1.0001942	0.0002850223
2460535.353070113	0.9995748	0.00028491142
2460535.3544590087	1.000524	0.00028501585
2460535.355847904	1.0002998	0.00028499606
2460535.3572368	1.0005327	0.00028502868
2460535.358625695	0.99975127	0.00028491727
2460535.360014591	1.0001068	0.00028497985
2460535.361403486	1.00032	0.00028499533
2460535.362792382	1.0007536	0.00028506317
2460535.3641812773	0.99954456	0.00028490784
2460535.365570173	0.9999548	0.00028495063
2460535.366959069	1.0006299	0.00028504152
2460535.3683479642	1.0003512	0.00028492603
2460535.36973686	0.9995581	0.00028488305
2460535.3711257554	1.0002083	0.00028499306
2460535.372514651	1.0000291	0.00028497446
2460535.3739035465	1.000207	0.00028499932
2460535.3752924423	1.00044	0.0002850228
2460535.3766813376	0.9999626	0.0002849713
2460535.3780702334	0.99995947	0.00028495927
2460535.3794591287	1.000219	0.00028497094
2460535.380848024	0.99979156	0.00028495412
2460535.38223692	1.0003089	0.00028500112
2460535.3836258156	1.000523	0.0002850191
2460535.385014711	1.0005851	0.0002850368
2460535.3864036067	1.0001314	0.00028497804
2460535.387792502	1.0002807	0.0002850122
2460535.3891813974	1.0004064	0.00028501553
2460535.390570293	1.0006301	0.00028502606
2460535.3919591885	1.0007137	0.00028503954
2460535.3933480843	1.0000936	0.00028492903
2460535.3947369796	1.0007784	0.0002850519
2460535.3961258754	1.0006809	0.00028501736
2460535.3975147707	1.0003628	0.0002849868
2460535.3989036665	1.0005443	0.00028501646
2460535.400292562	1.0004979	0.00028500063
2460535.401681457	1.0001558	0.0002850077
2460535.403070353	1.0002992	0.0002849782
2460535.4044592483	1.0000614	0.00028496515
2460535.405848144	1.0004216	0.00028504082
2460535.4072370394	0.9999705	0.00028496893
2460535.4086259347	1.001203	0.00028508602
2460535.4100148305	1.0004	0.0002850149
2460535.411403726	0.99981403	0.00028490557
2460535.4127926216	1.0000725	0.0002849719
2460535.414181517	0.9997734	0.00028494888
2460535.4155704123	1.0005956	0.00028500822
2460535.416959308	1.0004071	0.00028500266
2460535.4183482034	1.0007061	0.00028501672
2460535.4197370987	1.0003425	0.00028501175
2460535.4211259945	1.0002062	0.00028496995
2460535.42251489	0.99958783	0.00028490118
2460535.4239037856	1.0004494	0.00028499207
2460535.425292681	1.0001744	0.0002850061
2460535.4266815763	0.99983776	0.00028488715
2460535.428070472	1.0009058	0.00028504993
2460535.4294593674	1.000746	0.00028503913
2460535.4308482627	1.0001804	0.0002849526
2460535.432237158	1.0005958	0.00028505793
2460535.433626054	0.9999801	0.00028491506
2460535.435014949	1.0004013	0.000285077
2460535.4364038445	0.999435	0.00028487298
2460535.4377927403	1.00031	0.0002849869
2460535.4391816356	1.0004247	0.0002850246
2460535.440570531	1.0000601	0.0002849562
2460535.4419594263	1.0004314	0.00028502065
2460535.443348322	1.0002016	0.00028499478
2460535.4447372174	1.0003011	0.00028498156
2460535.4461261127	1.0005019	0.00028500112
2460535.4475150085	1.0000733	0.00028493736
2460535.448903904	1.0002046	0.00028496174
2460535.450292799	1.0002222	0.00028500851
2460535.451681695	1.0004601	0.00028502336
2460535.4530705903	1.0009788	0.00028505086
2460535.4544594856	1.0007553	0.00028506428
2460535.455848381	1.0004194	0.00028497286
2460535.4572372767	1.000107	0.00028495915
2460535.458626172	1.0005528	0.00028501233
2460535.4600150674	1.0004523	0.0002850129
2460535.4614039627	1.000759	0.00028503442
2460535.462792858	1.0006837	0.00028504632
2460535.464181754	1.0003691	0.00028503704
2460535.465570649	1.000336	0.0002850092
2460535.4669595445	1.0005703	0.00028505025
2460535.4683484402	1.0005156	0.00028498072
2460535.469737335	1.0002413	0.00028498846
2460535.471126231	1.0004089	0.0002850031
2460535.472515126	1.0004597	0.000285015
2460535.4739040215	1.0004199	0.00028504478
2460535.4752929173	1.0004365	0.00028499332
2460535.476681812	1.0006257	0.00028503293
2460535.478070708	1.0007495	0.00028503808
2460535.4794596033	0.99992925	0.00028493078
2460535.4808484986	0.99997514	0.00028499783
2460535.482237394	1.0010805	0.00028504047
2460535.4836262893	1.0001965	0.00028495537
2460535.485015185	1.0000455	0.00028495328
2460535.48640408	0.99994206	0.000284938
2460535.4877929757	0.9996617	0.0002849226
2460535.489181871	0.9999541	0.00028492443
2460535.4905707664	1.0003498	0.00028499766
2460535.4919596617	1.0005951	0.00028503974
2460535.493348557	0.9999826	0.00028496305
2460535.4947374524	1.0007892	0.00028504673
2460535.4961263477	1.0003402	0.00028503797
2460535.4975152435	1.0011939	0.00028509175
2460535.498904139	1.0001267	0.00028499446
2460535.500293034	1.0003861	0.0002850319
2460535.5016819295	1.0003313	0.00028503168
2460535.503070825	1.000082	0.00028499067
2460535.50445972	1.0000814	0.00028496026
2460535.5058486154	1.0005409	0.00028502365
2460535.5072375108	0.99994826	0.00028494783
2460535.5086264065	1.0000495	0.00028495106
2460535.5100153014	1.0007596	0.00028500074
2460535.511404197	0.9996313	0.00028489472
2460535.5127930925	1.0005262	0.00028498034
2460535.514181988	0.9995377	0.00028485566
2460535.515570883	0.99919313	0.00028486762
2460535.5169597785	0.999877	0.00028494291
2460535.518348674	0.99960023	0.0002848742
2460535.519737569	0.9994837	0.00028488433
2460535.5211264645	0.9995202	0.00028489935
2460535.52251536	0.9997738	0.00028486256
2460535.523904255	0.9993939	0.00028490942
2460535.5252931505	0.9996904	0.00028491966
2460535.526682046	1.0000007	0.00028492426
2460535.528070941	0.99969214	0.0002849103
2460535.5294598364	0.9998204	0.00028492586
2460535.5308487318	0.99976724	0.00028492697
2460535.532237627	0.99988955	0.00028493334
2460535.5336265224	0.99955773	0.00028489088
2460535.5350154177	0.99981713	0.00028490866
2460535.536404313	0.99942076	0.0002848755
2460535.5377932084	0.99945986	0.00028490814
2460535.5391821037	0.99940366	0.00028487315
2460535.540570999	0.99970686	0.00028494297
2460535.5419598944	0.9993603	0.00028485633
2460535.5433487897	0.9995807	0.00028487248
2460535.544737685	1.0000281	0.0002849754
2460535.5461265803	0.9994244	0.0002849231
2460535.5475154757	0.9989203	0.0002847757
2460535.548904371	0.9993011	0.00028490002
2460535.5502932663	0.9989723	0.0002847854
2460535.5516821616	0.99924994	0.0002848576
2460535.553071057	0.9992832	0.00028481183
2460535.554459952	0.99968296	0.0002849303
2460535.5558488476	0.9997542	0.0002849111
2460535.5572377425	0.9994946	0.00028487403
2460535.558626638	0.9994696	0.00028482854
2460535.560015533	1.0003754	0.000285023
2460535.5614044284	0.99957174	0.000284896
2460535.562793324	0.9992437	0.000284826
2460535.564182219	0.9997546	0.00028490127
2460535.5655711144	0.99942875	0.0002848779
2460535.5669600097	0.99940693	0.0002848686
2460535.568348905	1.0000091	0.0002849777
2460535.5697378004	0.99925613	0.00028482123
2460535.5711266953	0.99947464	0.0002848693
2460535.5725155906	1.0000324	0.000284969
2460535.573904486	1.0002204	0.00028497563
2460535.575293381	0.9993339	0.00028484472
2460535.5766822766	0.99943954	0.00028490022
2460535.578071172	0.99949527	0.0002849149
2460535.579460067	0.99931586	0.00028485837
2460535.580848962	0.9997338	0.00028492376
2460535.5822378574	0.999392	0.00028489353
2460535.5836267527	0.99975216	0.0002848951
2460535.585015648	0.9995996	0.0002848845
2460535.5864045434	0.9994847	0.0002848726
2460535.5877934387	0.99960864	0.00028488247
2460535.589182334	0.9993399	0.00028488034
2460535.5905712293	0.99974144	0.0002848911
2460535.591960124	0.99941045	0.00028486055
2460535.5933490195	0.99968374	0.0002849372
2460535.594737915	0.99931496	0.00028486113
2460535.59612681	0.99910897	0.00028484184
2460535.5975157055	0.99948704	0.00028488087
2460535.5989046004	1.000009	0.00028496125
2460535.6002934957	0.99890906	0.00028480764
2460535.601682391	0.99960643	0.00028491128
2460535.6030712863	0.99942034	0.00028490406
2460535.6044601817	1.0001081	0.00028491303
2460535.6058490765	0.9998752	0.00028498805
2460535.607237972	0.99966544	0.0002848906
2460535.608626867	0.9994042	0.0002848882
2460535.6100157625	0.9995477	0.00028487013
2460535.6114046574	1.0000411	0.0002849299
2460535.6127935527	0.9995271	0.0002849099
2460535.614182448	0.999333	0.0002848615
2460535.615571343	0.9992967	0.00028485482
2460535.616960238	0.99925834	0.00028485825
2460535.6183491335	0.9994911	0.00028486145
2460535.619738029	0.9994564	0.00028490796
2460535.621126924	0.99922657	0.0002848495
2460535.622515819	0.99907035	0.00028481605
2460535.6239047144	0.999104	0.00028483846
2460535.625293609	0.99954575	0.0002849022
2460535.6266825045	0.99972713	0.00028492475
2460535.6280714	0.99944013	0.00028485392
2460535.629460295	0.9988302	0.00028483017
2460535.6308491905	0.99945736	0.00028489414
2460535.6322380854	0.99938637	0.00028487813
2460535.6336269807	0.9995358	0.00028493235
2460535.635015876	0.9998857	0.00028495459
2460535.636404771	0.9993493	0.00028488153
2460535.637793666	0.9990107	0.00028486128
2460535.639182561	0.999539	0.0002849
2460535.6405714564	0.99948007	0.00028487176
2460535.6419603517	0.9991814	0.0002848767
2460535.643349247	0.9990452	0.00028483942
2460535.644738142	0.9993226	0.00028481762
2460535.6461270372	0.999057	0.0002848155
2460535.6475159326	0.99966747	0.00028491713
2460535.6489048274	0.9995089	0.00028488412
2460535.6502937227	0.9999304	0.00028496337
2460535.651682618	0.9995778	0.00028492283
2460535.653071513	0.99948233	0.00028487184
2460535.6544604083	0.99920034	0.00028485735
2460535.655849303	0.999742	0.00028493739
2460535.6572381984	0.9997238	0.0002849012
2460535.658627094	0.9998351	0.00028495502
2460535.6600159886	0.99968666	0.00028491093
2460535.661404884	0.9993843	0.00028487804
2460535.662793779	1.0003061	0.0002850193
2460535.664182674	0.9999316	0.00028495915
2460535.665571569	0.99955297	0.00028491174
2460535.6669604643	1.000611	0.00028501326
2460535.6683493597	0.9999717	0.0002849369
2460535.6697382545	0.99979836	0.00028495924
2460535.67112715	1.0004076	0.0002850026
2460535.6725160447	1.0003862	0.00028503666
2460535.67390494	1.0006336	0.0002850201
2460535.6752938353	0.99994934	0.00028497694
2460535.67668273	0.9999955	0.0002850071
2460535.6780716255	1.0004048	0.0002850063
2460535.6794605204	1.0007782	0.00028503351
2460535.6808494157	1.0002623	0.00028500473
2460535.682238311	0.99986863	0.00028491556
2460535.683627206	0.9999914	0.00028496192
2460535.685016101	0.99979323	0.0002849529
2460535.686404996	1.0000265	0.00028497726
2460535.6877938914	1.0003672	0.00028500005
2460535.6891827863	1.0006655	0.00028504862
2460535.6905716816	1.0002966	0.0002849961
2460535.6919605765	0.9999499	0.00028494437
2460535.693349472	1.0001835	0.0002849996
2460535.6947383666	1.0001421	0.0002849729
2460535.696127262	1.0003431	0.00028497897
2460535.697516157	1.0001572	0.0002849811
2460535.698905052	1.0003971	0.00028501567
2460535.700293947	1.0003438	0.00028500104
2460535.7016828423	1.0000952	0.0002850003
2460535.703071737	1.0000345	0.0002849991
2460535.7044606325	1.0002075	0.00028498392
2460535.7058495274	1.0006822	0.00028509743
2460535.7072384227	1.0004394	0.000285037
2460535.7086273176	1.0004684	0.00028503724
2460535.7100162124	0.9999496	0.00028491902
2460535.7114051078	0.99991965	0.00028496413
2460535.712794003	1.0005052	0.00028500054
2460535.714182898	1.0002043	0.00028496596
2460535.7155717933	1.000177	0.00028496824
2460535.716960688	0.9999247	0.00028496096
2460535.718349583	1.0005057	0.0002850102
2460535.7197384783	1.0007687	0.00028506859
2460535.721127373	1.0004035	0.00028502228
2460535.7225162685	1.0004448	0.00028500456
2460535.7239051634	0.9997725	0.0002849627
2460535.7252940587	1.0006067	0.00028499428
2460535.7266829535	1.0002867	0.0002850038
2460535.7280718484	0.9998755	0.00028498325
2460535.7294607437	1.0004959	0.00028499722
2460535.7308496386	1.0004085	0.00028505112
2460535.732238534	0.99996495	0.0002849094
2460535.7336274288	1.000075	0.0002849258
2460535.7350163236	1.0000935	0.00028495223
2460535.736405219	1.0008197	0.00028507246
2460535.737794114	0.99998826	0.00028496364
2460535.739183009	1.0003438	0.00028499533
2460535.740571904	1.0003043	0.00028500144
2460535.741960799	1.0007463	0.00028502446
2460535.743349694	1.0003251	0.0002849803
2460535.744738589	1.0002664	0.0002849965
2460535.746127484	1.0001285	0.00028501218
2460535.7475163788	0.99987245	0.00028490074
2460535.748905274	1.0003828	0.00028503558
2460535.7502941694	0.9995479	0.00028485796
2460535.7516830643	1.000558	0.00028504076
2460535.753071959	1.0003233	0.00028500176
2460535.754460854	1.0000205	0.00028494143
2460535.7558497493	1.0001477	0.00028500825
2460535.757238644	1.0003922	0.00028500892
2460535.758627539	1.0003225	0.00028501157
2460535.7600164344	1.0004336	0.0002849778
2460535.761405329	1.0000707	0.00028496093
2460535.762794224	0.9999695	0.0002849581
2460535.764183119	0.99974144	0.0002849498
2460535.7655720143	0.9998739	0.0002849415
2460535.766960909	0.9995186	0.00028485796
2460535.768349804	0.99974376	0.00028489827
2460535.7697386993	1.0001385	0.00028497484
2460535.771127594	0.99990255	0.00028492638
2460535.772516489	0.99956924	0.0002848965
2460535.7739053844	1.0003823	0.00028497947
2460535.775294279	1.0005486	0.00028502152
2460535.776683174	0.99999535	0.00028493017
2460535.778072069	1.0002736	0.00028498407
2460535.7794609643	0.99996424	0.00028492577
2460535.780849859	1.0005722	0.00028501858
2460535.782238754	1.0005009	0.0002850039
2460535.7836276493	1.0006542	0.00028500526
2460535.7850165437	1.0001682	0.00028495686
2460535.786405439	0.9998493	0.00028492414
2460535.787794334	1.0008562	0.0002850131
2460535.7891832287	1.0003418	0.00028499938
2460535.790572124	1.0003352	0.00028499422
2460535.791961019	0.9999059	0.00028496425
2460535.793349914	1.0001525	0.00028497903
2460535.7947388086	1.0003622	0.00028503605
2460535.7961277035	0.9994443	0.00028487577
2460535.797516599	1.000429	0.00028503628
2460535.7989054937	0.99993795	0.0002849098
2460535.8002943886	1.0003988	0.0002850315
2460535.8016832834	1.0005584	0.0002850083
2460535.8030721783	1.0004432	0.000285034
2460535.8044610736	1.000152	0.00028494853
2460535.8058499685	1.0002954	0.00028499495
2460535.8072388633	0.9998245	0.00028492985
2460535.808627758	1.0003257	0.000284965
2460535.810016653	0.9997106	0.00028491995
2460535.811405548	0.99968666	0.00028491297
2460535.812794443	0.9996971	0.00028492798
2460535.814183338	1.0003409	0.0002849828
2460535.815572233	1.0003444	0.0002850107
2460535.816961128	1.0000803	0.00028498695
2460535.8183500227	1.000267	0.00028497187
2460535.8197389175	0.99965143	0.0002848956
2460535.821127813	0.99966776	0.000284926
2460535.8225167077	0.9996454	0.00028493433
2460535.8239056026	0.999537	0.00028489032
2460535.8252944974	1.0001733	0.00028494827
2460535.8266833923	0.9996303	0.00028491934
2460535.828072287	0.9998476	0.0002849277
2460535.829461182	0.9997846	0.00028496442
2460535.830850077	1.0000621	0.0002849558
2460535.8322389717	0.99997956	0.00028495406
2460535.833627867	1.0003784	0.0002849756
2460535.835016762	1.0000203	0.0002849393
2460535.8364056568	0.9998614	0.0002849221
2460535.8377945516	1.0000045	0.00028495374
2460535.8391834465	1.0000894	0.0002849602
2460535.8405723413	1.0000106	0.00028498154
2460535.841961236	1.0000659	0.00028495243
2460535.843350131	1.00006	0.0002849432
2460535.844739026	1.0004481	0.00028502083
2460535.846127921	0.99993116	0.00028496914
2460535.8475168156	1.0001361	0.00028498465
2460535.8489057105	1.0001148	0.00028494964
2460535.8502946054	0.99947786	0.00028490796
2460535.8516835007	1.0005841	0.00028502606
2460535.853072395	0.9998611	0.0002849108
2460535.8544612904	1.0003603	0.0002849857
2460535.855850185	1.0002557	0.00028497668
2460535.85723908	0.999939	0.00028495083
2460535.858627975	0.99997324	0.00028495246
2460535.86001687	0.9996786	0.00028489338
2460535.8614057647	1.0000076	0.00028497246
2460535.8627946596	0.9999043	0.000284971
2460535.8641835544	0.99928534	0.0002848637
2460535.8655724493	0.99922186	0.000284828
2460535.866961344	0.99970335	0.0002849075
2460535.868350239	0.99968606	0.00028490621
2460535.869739134	1.000199	0.00028497717
2460535.8711280287	1.0001411	0.0002849638
2460535.8725169236	0.9999679	0.0002849709
2460535.8739058184	1.0000511	0.00028491698
2460535.8752947133	1.0001185	0.0002849536
2460535.876683608	1.0001844	0.00028498634
2460535.878072503	0.9997734	0.00028490048
2460535.8794613974	1.0002707	0.00028497726
2460535.8808502927	1.0003521	0.000285002
2460535.8822391876	0.9999118	0.00028497324
2460535.883628082	0.9996538	0.00028490525
2460535.8850169773	0.9998486	0.00028497275
2460535.8864058717	0.9994892	0.00028488738
2460535.8877947666	1.0000625	0.00028498733
2460535.889183662	1.0006579	0.00028508072
2460535.8905725563	1.000133	0.000284979
2460535.891961451	0.9996461	0.00028493526
2460535.893350346	1.0001315	0.00028493203
2460535.894739241	0.9997283	0.00028491113
2460535.8961281357	0.99958336	0.00028489062
2460535.8975170306	0.9997857	0.0002849293
2460535.8989059255	0.99922985	0.00028485677
2460535.9002948203	0.99979323	0.00028495697
2460535.901683715	0.99993086	0.0002849502
2460535.9030726096	1.0001346	0.00028496946
2460535.9044615044	0.99952435	0.00028489556
2460535.9058503993	1.0004126	0.00028499833
2460535.907239294	0.99922216	0.00028484958
2460535.908628189	1.000084	0.00028494908
2460535.910017084	0.9999506	0.0002849228
2460535.9114059787	0.99960065	0.00028492312
2460535.9127948736	0.99978006	0.0002849209
2460535.9141837684	0.9999025	0.00028493395
2460535.9155726633	0.99959004	0.00028492173
2460535.9169615577	0.99963915	0.0002849129
2460535.9183504526	1.0000833	0.00028495395
2460535.9197393474	0.99921316	0.0002848073
2460535.9211282423	0.99946856	0.00028488963
2460535.922517137	0.9998781	0.0002849138
2460535.9239060315	0.9995665	0.0002848935
2460535.9252949264	0.9994614	0.00028487376
2460535.9266838217	0.9996127	0.00028491515
2460535.928072716	0.99977934	0.000284958
2460535.929461611	0.99969155	0.00028491075
2460535.930850506	0.99990094	0.00028494655
2460535.9322394007	1.0002357	0.0002849562
2460535.933628295	0.9996769	0.0002849086
2460535.93501719	1.0002831	0.00028503305
2460535.936406085	1.0002143	0.00028497144
2460535.9377949797	1.0001341	0.0002849669
2460535.9391838745	0.9997952	0.00028492548
2460535.940572769	0.99986327	0.00028495537
2460535.941961664	0.9993859	0.0002848407
2460535.9433505586	0.99916655	0.00028485432
2460535.9447394535	1.0006897	0.0002850522
2460535.9461283484	0.9995993	0.00028489233
2460535.9475172427	0.9996204	0.00028490153
2460535.9489061376	1.0001031	0.00028494035
2460535.9502950325	0.9995677	0.0002849138
2460535.9516839273	0.9994058	0.0002848326
2460535.953072822	0.99989337	0.00028491035
2460535.9544617166	0.9998113	0.00028489772
2460535.9558506114	0.9994658	0.0002848728
2460535.957239506	0.9998399	0.00028495077
2460535.9586284007	0.9995261	0.0002849205
2460535.9600172956	0.99939275	0.0002848765
2460535.9614061904	1.0000552	0.00028495214
2460535.9627950853	0.9995098	0.0002849072
2460535.9641839797	0.9999906	0.00028497478
2460535.9655728745	1.0002728	0.0002850037
2460535.9669617694	1.0002636	0.0002849505
2460535.968350664	0.99982345	0.0002848839
2460535.9697395586	1.00026	0.00028499143
2460535.9711284535	0.99973315	0.00028489088
2460535.9725173484	0.99993914	0.00028496064
2460535.973906243	0.99988824	0.0002849461
2460535.9752951376	0.9997442	0.00028492944
2460535.9766840325	1.0000409	0.00028494906
2460535.978072927	0.9996826	0.00028491093
2460535.9794618217	0.99968415	0.00028491547
2460535.9808507166	0.9995658	0.000284901
2460535.982239611	0.9998507	0.00028492682
2460535.983628506	0.9996285	0.000284953
2460535.9850174007	0.9999737	0.0002849572
2460535.9864062956	1.0004567	0.00028502024
2460535.98779519	1.0001116	0.0002849513
2460535.989184085	0.9994702	0.00028487598
2460535.9905729797	0.99974793	0.00028490167
2460535.991961874	1.000097	0.00028496078
2460535.993350769	0.99958163	0.00028488276
2460535.9947396633	1.0001173	0.0002849437
2460535.996128558	0.9996236	0.00028489667
2460535.997517453	0.99983746	0.00028493174
2460535.9989063474	0.9998599	0.00028490022
2460536.0002952423	0.99966735	0.00028486413
2460536.0016841367	0.99986094	0.0002849329
2460536.0030730315	1.0003219	0.00028496853
2460536.0044619264	0.9997799	0.0002849142
2460536.005850821	0.99984676	0.00028492845
2460536.0072397157	0.9993787	0.00028487932
2460536.00862861	0.99966866	0.00028484003
2460536.010017505	0.99951637	0.00028487347
2460536.0114064	0.9995471	0.0002848682
2460536.012795294	0.9997876	0.00028489722
2460536.014184189	1.0001199	0.00028495587
2460536.0155730834	0.99963516	0.00028488514
2460536.0169619783	1.0001866	0.000284999
2460536.0183508727	1.0001465	0.0002849555
2460536.0197397675	1.0002382	0.00028497746
2460536.0211286624	0.9998858	0.00028490732
2460536.022517557	0.999863	0.00028497403
2460536.0239064516	0.9998875	0.00028494128
2460536.025295346	1.0003074	0.0002849735
2460536.026684241	0.9997244	0.00028491858
2460536.0280731358	1.0000318	0.000284958
2460536.02946203	0.99983454	0.00028489926
2460536.030850925	1.0000814	0.00028492624
2460536.0322398194	1.0004647	0.00028502537
2460536.0336287143	0.99964756	0.00028489024
2460536.035017609	0.9996521	0.00028491401
2460536.0364065035	0.9999564	0.00028497947
2460536.0377953984	1.0007238	0.00028502438
2460536.039184293	0.99918	0.00028484347
2460536.040573187	0.9996032	0.00028495604
2460536.041962082	0.99983877	0.00028490406
2460536.0433509764	0.9998662	0.0002849185
2460536.0447398713	0.9997929	0.0002849271
2460536.0461287657	1.0002058	0.0002849778
2460536.0475176605	0.9998395	0.00028496477
2460536.048906555	0.9997943	0.0002849088
2460536.05029545	0.99980897	0.00028496754
2460536.0516843447	0.99981636	0.0002849468
2460536.053073239	1.0003484	0.000285011
2460536.0544621334	0.99948525	0.00028489876
2460536.0558510283	0.99968696	0.00028489722
2460536.0572399227	1.0002465	0.00028500645
2460536.0586288176	1.0000453	0.00028495473
2460536.060017712	0.99961555	0.0002848738
2460536.061406607	0.9997463	0.00028494382
2460536.062795501	1.0002273	0.00028499344
2460536.064184396	0.99991137	0.00028492147
2460536.0655732905	0.99997866	0.00028494885
2460536.066962185	1.0000029	0.0002849618
2460536.0683510797	0.99973774	0.00028488337
2460536.069739974	1.0001508	0.00028496527
2460536.071128869	0.99984205	0.0002849113
2460536.0725177634	1.0001724	0.0002849919
2460536.073906658	0.9999166	0.0002849259
2460536.0752955526	0.9998875	0.0002849642
2460536.076684447	0.99958044	0.00028486463
2460536.078073342	0.9998671	0.0002849184
2460536.0794622363	0.9995495	0.0002848949
2460536.080851131	0.9998806	0.00028491198
2460536.0822400255	0.9999499	0.00028494798
2460536.08362892	1.0001011	0.00028498762
2460536.0850178148	1.0004604	0.00028497985
2460536.086406709	0.9998199	0.000284939
2460536.087795604	0.9998315	0.00028492068
2460536.0891844984	0.9996192	0.00028485362
2460536.090573393	0.9998835	0.0002849536
2460536.0919622877	0.9995129	0.00028486218
2460536.093351182	1.0000553	0.00028492016
2460536.094740077	0.99942225	0.00028485697
2460536.0961289713	1.0002375	0.00028496233
2460536.0975178657	0.999854	0.00028496396
2460536.0989067606	1.0003291	0.0002849871
2460536.100295655	1.0001824	0.00028493427
2460536.1016845494	0.99979764	0.0002849688
2460536.103073444	0.99948704	0.00028486113
2460536.1044623386	0.999962	0.00028492595
2460536.105851233	0.99941856	0.00028484577
2460536.1072401274	0.9996596	0.00028490508
2460536.1086290223	1.0002509	0.00028496064
2460536.1100179167	0.9991257	0.0002848493
2460536.1114068115	0.99988043	0.00028498194
2460536.112795706	1.0001253	0.00028495144
2460536.1141846003	0.99966556	0.00028493797
2460536.115573495	0.9993873	0.0002848706
2460536.1169623896	0.9991851	0.00028482347
2460536.118351284	1.0000958	0.00028495863
2460536.119740179	0.9999255	0.00028492569
2460536.121129073	0.9994488	0.00028487344
2460536.1225179676	0.99936527	0.0002848894
2460536.123906862	1.0001429	0.0002849257
2460536.125295757	0.999433	0.0002848817
2460536.1266846512	0.9999901	0.00028493363
2460536.1280735456	1.0000303	0.0002849488
2460536.1294624405	0.99967575	0.00028485086
2460536.130851335	0.99978226	0.00028492347
2460536.1322402293	0.9996381	0.00028489376
2460536.1336291237	0.9998408	0.00028496247
2460536.135018018	1.0001268	0.00028498116
2460536.136406913	0.99989015	0.0002849143
2460536.1377958073	0.9990128	0.00028482976
2460536.1391847017	0.99943703	0.0002848811
2460536.140573596	1.0001343	0.000284933
2460536.141962491	1.00024	0.00028496506
2460536.1433513854	0.99993217	0.00028495924
2460536.1447402798	0.999907	0.00028491174
2460536.146129174	0.9998386	0.00028495648
2460536.1475180686	0.9998852	0.00028491838
2460536.1489069634	0.99968094	0.0002848946
2460536.150295858	0.9997939	0.00028490124
2460536.151684752	0.99889165	0.00028483212
2460536.153073647	0.9999541	0.00028493378
2460536.154462541	0.9998441	0.00028489623
2460536.155851436	0.9994535	0.00028492452
2460536.1572403302	1.000318	0.00028494807
2460536.1586292246	0.99968493	0.00028490144
2460536.1600181195	0.99968725	0.00028487583
2460536.1614070134	0.99998665	0.00028494562
2460536.1627959083	1.0002519	0.00028499882
2460536.1641848027	1.000055	0.00028495098
2460536.165573697	0.9992464	0.00028485313
2460536.1669625915	0.9997032	0.0002849023
2460536.168351486	0.99910796	0.0002848664
2460536.1697403807	1.0001627	0.00028498098
2460536.171129275	0.9996843	0.00028488768
2460536.1725181695	0.99933153	0.00028484748
2460536.173907064	0.9995784	0.00028486963
2460536.1752959583	0.9998773	0.00028490453
2460536.1766848527	0.99950856	0.0002848699
2460536.178073747	0.9995585	0.00028493104
2460536.179462642	0.999857	0.00028493349
2460536.1808515363	0.99951375	0.00028489664
2460536.1822404307	0.999415	0.00028485485
2460536.183629325	0.99937385	0.00028484536
2460536.1850182195	0.99937963	0.0002848281
2460536.186407114	1.000084	0.00028497443
2460536.187796009	0.99992186	0.0002849388
2460536.1891849027	0.99909073	0.00028484443
2460536.1905737976	0.9993568	0.0002848367
2460536.191962692	1.0000913	0.0002849797
2460536.1933515863	0.9990301	0.00028480947
2460536.1947404807	0.9993507	0.00028482964
2460536.196129375	0.9995026	0.00028487292
2460536.1975182695	0.9993086	0.0002848498
2460536.198907164	0.9998012	0.0002849069
2460536.2002960583	0.9993497	0.0002848527
2460536.2016849527	0.999539	0.0002848525
2460536.203073847	0.9996217	0.00028489417
2460536.204462742	0.99922013	0.0002848602
2460536.205851636	0.9998658	0.00028490357
2460536.2072405308	0.99954486	0.0002849122
2460536.2086294247	0.99949837	0.00028484958
2460536.2100183195	0.999624	0.00028487592
2460536.211407214	0.9992816	0.000284859
2460536.2127961083	1.0001115	0.00028491998
2460536.2141850027	0.9999038	0.00028491206
2460536.215573897	0.99972206	0.00028489652
2460536.2169627915	0.9990292	0.00028485496
2460536.218351686	0.9994138	0.00028489053
2460536.2197405803	0.99983567	0.00028491727
2460536.2211294747	0.99970406	0.00028492857
2460536.222518369	0.99925745	0.00028486495
2460536.2239072635	0.9991323	0.00028478197
2460536.225296158	0.99946374	0.0002849119
2460536.2266850523	0.9995087	0.00028485438
2460536.2280739467	0.9996211	0.0002848855
2460536.229462841	0.9995832	0.00028487586
2460536.2308517355	0.99968195	0.0002849014
2460536.23224063	0.99921566	0.00028485327
2460536.2336295242	0.9996497	0.00028488316
2460536.2350184186	0.99973845	0.0002848687
2460536.236407313	0.9999518	0.0002849033
2460536.2377962074	1.0001761	0.00028496466
2460536.239185102	1.0000794	0.00028495307
2460536.240573996	0.9996339	0.0002849127
2460536.2419628906	0.9991978	0.00028485086
2460536.243351785	0.9993029	0.0002848298
2460536.2447406794	0.99930876	0.00028486157
2460536.2461295733	0.9998078	0.00028491998
2460536.247518468	0.9992167	0.00028481666
2460536.2489073626	0.9987921	0.00028474975
2460536.2502962565	0.9980668	0.00028469396
2460536.2516851514	0.99685526	0.00028453078
2460536.2530740453	0.9967726	0.00028448488
2460536.2544629397	0.996087	0.00028441608
2460536.255851834	0.9954269	0.00028430487
2460536.2572407285	0.99496174	0.0002842622
2460536.258629623	0.99375224	0.00028411383
2460536.2600185173	0.99386454	0.00028410586
2460536.2614074117	0.9933125	0.0002840144
2460536.262796306	0.99329317	0.00028401258
2460536.2641852004	0.9931774	0.0002840058
2460536.265574095	0.99282336	0.00028398016
2460536.266962989	0.9925033	0.00028390312
2460536.2683518836	0.9933748	0.00028398292
2460536.2697407776	0.99266934	0.00028395426
2460536.271129672	0.9927745	0.00028392492
2460536.2725185663	0.99277526	0.0002839902
2460536.2739074607	0.99259335	0.00028396567
2460536.275296355	0.99310404	0.00028400772
2460536.2766852495	0.99219835	0.0002839184
2460536.278074144	0.9923596	0.00028393045
2460536.279463038	0.9927685	0.00028394425
2460536.2808519322	0.9924271	0.00028390888
2460536.2822408266	0.9926247	0.00028394262
2460536.283629721	0.99221	0.00028388284
2460536.2850186154	0.99257493	0.00028396968
2460536.2864075094	0.99318826	0.00028402393
2460536.287796404	0.9930674	0.00028399882
2460536.2891852986	0.9923542	0.00028391756
2460536.2905741925	0.9924757	0.0002839056
2460536.291963087	0.9929095	0.0002839558
2460536.2933519813	0.9923425	0.00028390015
2460536.2947408757	0.9920904	0.00028388394
2460536.29612977	0.992814	0.00028398584
2460536.297518664	0.99284947	0.00028397163
2460536.2989075584	0.9924177	0.00028393205
2460536.300296453	0.9925495	0.00028390033
2460536.301685347	0.99263793	0.00028393004
2460536.3030742416	0.99298084	0.00028397967
2460536.3044631355	0.9928705	0.00028397326
2460536.30585203	0.992506	0.00028393598
2460536.3072409243	0.99230963	0.00028394
2460536.3086298187	0.9921449	0.00028386977
2460536.3100187127	0.9924291	0.00028394806
2460536.311407607	0.9927161	0.0002839495
2460536.3127965014	0.9922368	0.00028386316
2460536.314185396	0.9929926	0.00028402315
2460536.31557429	0.9926554	0.00028392725
2460536.316963184	0.99283	0.00028399457
2460536.3183520786	0.9920698	0.00028385376
2460536.319740973	0.9927867	0.00028399855
2460536.3211298673	0.9923369	0.00028387058
2460536.3225187617	0.99259	0.00028392384
2460536.3239076557	0.9926134	0.0002839453
2460536.32529655	0.9926381	0.00028396718
2460536.3266854445	0.99244314	0.00028391514
2460536.3280743384	0.99267805	0.000283919
2460536.329463233	0.9930151	0.00028403773
2460536.330852127	0.9923943	0.0002838946
2460536.3322410216	0.99287	0.00028400737
2460536.333629916	0.99265856	0.0002839647
2460536.33501881	0.9921639	0.000283917
2460536.3364077043	0.99274284	0.00028396555
2460536.337796598	0.99312925	0.00028401252
2460536.3391854926	0.99300605	0.0002839856
2460536.340574387	0.99318624	0.0002840107
2460536.3419632814	0.9929766	0.00028398697
2460536.3433521753	0.99299955	0.0002840011
2460536.3447410697	0.99297905	0.0002839884
2460536.346129964	0.9926747	0.00028397038
2460536.347518858	0.99304223	0.00028396383
2460536.3489077524	0.9932018	0.00028404366
2460536.350296647	0.9928642	0.00028397067
2460536.3516855408	0.9930418	0.00028400813
2460536.353074435	0.99391323	0.00028410507
2460536.3544633295	0.9929486	0.000284041
2460536.3558522235	0.99327266	0.00028402678
2460536.357241118	0.99353	0.00028404166
2460536.3586300123	0.9926161	0.00028394567
2460536.360018906	0.992892	0.00028401474
2460536.3614078006	0.9926975	0.00028391948
2460536.362796695	0.99310106	0.0002840079
2460536.3641855894	0.9930989	0.00028403307
2460536.3655744833	0.9934375	0.00028406578
2460536.3669633777	0.9934272	0.0002840234
2460536.3683522716	0.99302834	0.0002840393
2460536.369741166	0.99359363	0.00028409009
2460536.37113006	0.99348927	0.0002840911
2460536.3725189543	0.9934081	0.000284025
2460536.3739078487	0.99351895	0.000284109
2460536.3752967427	0.9933552	0.00028404358
2460536.376685637	0.9936259	0.0002841075
2460536.378074531	0.9940521	0.0002841332
2460536.3794634254	0.99369127	0.00028409495
2460536.3808523198	0.9940005	0.00028415836
2460536.3822412137	0.99347883	0.00028406124
2460536.383630108	0.99419636	0.00028413738
2460536.385019002	0.9943162	0.00028419012
2460536.3864078964	0.9936373	0.0002841219
2460536.387796791	0.9938564	0.00028414413
2460536.3891856847	0.9947319	0.00028422783
2460536.390574579	0.9940971	0.00028415592
2460536.391963473	0.9942892	0.00028420295
2460536.3933523674	0.9954827	0.00028432722
2460536.394741262	0.9961	0.00028442027
2460536.396130156	0.9968601	0.00028452568
2460536.39751905	0.99704367	0.00028454023
2460536.398907944	0.99786466	0.00028467167
2460536.4002968385	0.99860907	0.00028475845
2460536.4016857324	0.99903756	0.00028478724
2460536.403074627	0.9993503	0.00028485755
2460536.4044635207	0.99948645	0.00028488753
2460536.405852415	1.0001875	0.0002849616
2460536.407241309	1.0002218	0.00028500322
2460536.4086302035	1.0000074	0.00028493963
2460536.4100190974	1.0000242	0.0002849427
2460536.411407992	0.99969953	0.00028492248
2460536.4127968857	1.0003957	0.00028504917
2460536.41418578	1.000303	0.00028500377
2460536.415574674	0.9997274	0.0002848843
2460536.4169635684	1.0003494	0.00028496684
2460536.418352463	0.9998928	0.00028491387
2460536.4197413567	0.999982	0.00028496946
2460536.421130251	0.9999079	0.0002849529
2460536.422519145	0.9999756	0.00028497473
2460536.423908039	0.9997286	0.00028491506
2460536.4252969334	1.0002234	0.00028498052
2460536.4266858273	0.9998295	0.0002849227
2460536.4280747217	0.99990964	0.00028498058
2460536.4294636156	0.99950355	0.0002848387
2460536.43085251	1.0001628	0.00028493121
2460536.432241404	1.00051	0.0002849998
2460536.4336302984	0.99945724	0.00028485173
2460536.4350191923	0.99983364	0.00028489257
2460536.436408086	0.99963945	0.0002849047
2460536.4377969806	1.0001131	0.0002849949
2460536.4391858745	1.0001976	0.0002849671
2460536.440574769	0.9999936	0.00028495808
2460536.4419636633	0.99977714	0.00028490854
2460536.4433525573	0.9995174	0.00028488267
2460536.444741451	0.99998254	0.0002849692
2460536.446130345	0.99945444	0.00028490383
2460536.4475192395	1.000666	0.0002850298
2460536.448908134	0.999227	0.00028485822
2460536.450297028	0.9997275	0.00028489658
2460536.4516859218	1.0001335	0.00028494775
2460536.453074816	0.9993412	0.00028485275
2460536.45446371	1.000196	0.00028499676
2460536.455852604	0.9996109	0.00028490848
2460536.4572414984	1.0002671	0.0002849808
2460536.4586303923	0.9991944	0.00028486835
2460536.4600192867	1.0000293	0.0002849318
2460536.4614081807	1.000016	0.00028497225
2460536.4627970746	0.99966437	0.00028488293
2460536.464185969	0.9994491	0.00028488442
2460536.465574863	1.0000662	0.00028491876
2460536.466963757	0.9993384	0.0002848396
2460536.468352651	0.99988145	0.00028491934
2460536.469741545	0.9990743	0.0002848419
2460536.4711304395	0.99993706	0.00028497542
2460536.4725193335	0.9998335	0.0002849238
2460536.4739082274	0.9994664	0.0002848619
2460536.475297122	0.99998283	0.0002849325
2460536.4766860157	0.9995295	0.00028489044
2460536.4780749097	0.9997164	0.0002849547
2460536.479463804	0.9998899	0.00028495866
2460536.480852698	1.0000072	0.00028491468
2460536.4822415924	0.99964637	0.000284904
2460536.4836304863	0.9991809	0.0002848838
2460536.48501938	0.9989861	0.00028479417
2460536.486408274	0.9995839	0.00028486561
2460536.4877971685	0.9997445	0.00028487883
2460536.4891860625	0.9997253	0.00028491765
2460536.4905749564	0.9995183	0.0002848963
2460536.491963851	0.99998283	0.0002849553
2460536.4933527447	0.9999416	0.00028493116
2460536.4947416387	0.9999406	0.00028494303
2460536.496130533	0.99996597	0.00028490118
2460536.497519427	0.9998928	0.00028496727
2460536.498908321	0.99931675	0.00028486445
2460536.500297215	0.9996895	0.0002849152
2460536.501686109	0.99975985	0.00028487528
2460536.503075003	0.9994429	0.00028485304
2460536.504463897	0.99975866	0.00028491384
2460536.5058527915	0.9998515	0.00028494676
2460536.5072416854	0.99929905	0.00028487435
2460536.5086305793	0.9996429	0.00028492647
2460536.5100194737	0.99954295	0.00028487807
2460536.5114083677	0.99995804	0.0002849469
2460536.5127972616	0.9995617	0.00028491628
2460536.5141861555	1.0004017	0.0002849735
2460536.5155750494	0.9998748	0.00028496026
2460536.5169639434	0.9997899	0.00028490793
2460536.518352838	0.9998466	0.0002848699
2460536.5197417317	0.99988365	0.00028495927
2460536.5211306256	0.9996882	0.00028488756
2460536.52251952	0.99981755	0.00028489155
2460536.523908414	0.99969476	0.0002849034
2460536.525297308	0.9995653	0.00028483276
2460536.526686202	0.99957436	0.00028488462
2460536.5280750957	0.99972177	0.0002849226
2460536.52946399	0.9996617	0.00028488142
2460536.530852884	0.99975336	0.00028490392
2460536.532241778	1.0000308	0.00028495642
2460536.533630672	0.9998862	0.00028496073
2460536.535019566	0.9991462	0.00028483584
2460536.5364084602	1.0005239	0.00028500715
2460536.537797354	0.99957955	0.00028489792
2460536.539186248	0.9998286	0.00028492324
2460536.540575142	0.9993073	0.0002848602
2460536.541964036	1.0002648	0.0002849929
2460536.5433529303	0.9997378	0.00028492082
2460536.5447418243	1.0001359	0.00028497024
2460536.546130718	0.9995319	0.00028489178
2460536.547519612	0.9998482	0.000284953
2460536.548908506	0.9994062	0.0002848655
2460536.5502974004	0.9992419	0.00028482554
2460536.551686294	0.9999251	0.0002849622
2460536.5530751883	0.9994829	0.00028491177
2460536.5544640822	0.9999985	0.00028493852
2460536.555852976	1.0001884	0.00028498346
2460536.55724187	0.9999136	0.00028491498
2460536.558630764	0.9998964	0.00028491043
2460536.560019658	0.999743	0.00028492464
2460536.561408552	0.9997565	0.00028491352
2460536.5627974463	1.0002129	0.0002849776
2460536.56418634	1.0000808	0.00028495595
2460536.565575234	1.000316	0.00028502714
2460536.566964128	0.9999666	0.0002849556
2460536.568353022	0.9995065	0.00028487443
2460536.569741916	1.000035	0.00028494757
2460536.57113081	1.0002245	0.0002849909
2460536.572519704	0.9998023	0.00028492793
2460536.573908598	0.99965405	0.0002849581
2460536.5752974916	0.99993634	0.0002849176
2460536.576686386	0.99961513	0.0002849607
2460536.5780752795	0.9998185	0.00028489856
2460536.579464174	1.000203	0.00028498832
2460536.580853068	1.0003225	0.00028500226
2460536.5822419617	1.0001999	0.00028499248
2460536.5836308557	0.9992066	0.00028483148
2460536.5850197496	0.9997943	0.0002848963
2460536.5864086435	0.9992453	0.00028483712
2460536.5877975374	0.99981666	0.00028494486
2460536.5891864314	0.9995132	0.00028485036
2460536.5905753253	0.9994173	0.00028492414
2460536.591964219	0.9999526	0.00028496314
2460536.593353113	0.99984777	0.0002849421
2460536.5947420076	0.9995633	0.00028491335
2460536.596130901	0.99980026	0.0002849549
2460536.5975197954	0.9999753	0.00028493622
2460536.598908689	0.9996637	0.00028488573
2460536.6002975833	1.000379	0.00028498634
2460536.6016864767	0.9994256	0.00028485988
2460536.603075371	0.9994035	0.00028486713
2460536.604464265	1.000005	0.00028495796
2460536.605853159	1.0000011	0.0002849599
2460536.607242053	1.0002801	0.0002849972
2460536.6086309464	1.000051	0.00028492324
2460536.6100198408	0.9997208	0.00028494344
2460536.6114087347	0.9997092	0.00028485226
2460536.6127976286	1.0007199	0.0002850298
2460536.6141865226	0.99955547	0.0002849385
2460536.615575416	0.9995464	0.00028486399
2460536.6169643104	1.000233	0.00028496154
2460536.6183532043	0.99964243	0.00028492467
2460536.6197420983	1.000071	0.0002850035
2460536.621130992	1.0000404	0.00028499725
2460536.6225198857	0.999853	0.00028492318
2460536.62390878	0.9997475	0.00028491855
2460536.625297674	0.9998996	0.0002849602
2460536.6266865674	1.0008262	0.00028507286
2460536.628075462	1.0002904	0.00028501882
2460536.6294643553	0.9994712	0.0002848927
2460536.630853249	0.9999224	0.00028490587
2460536.632242143	0.9995098	0.00028493413
2460536.633631037	0.99996096	0.00028491585
2460536.635019931	1.0000739	0.00028497138
2460536.636408825	1.0003804	0.00028498878
2460536.637797719	1.0003098	0.0002849584
2460536.639186613	1.000388	0.00028500505
2460536.6405755067	0.9997228	0.00028492408
2460536.6419644007	0.9997096	0.00028492004
2460536.6433532946	1.000072	0.0002849101
2460536.6447421885	0.9999253	0.00028496137
2460536.646131082	1.0005352	0.00028498893
2460536.647519976	0.9998968	0.0002849129
2460536.6489088703	0.99980634	0.0002849669
2460536.6502977638	1.0005932	0.000284999
2460536.6516866577	0.99993765	0.00028494236
2460536.6530755516	0.9999589	0.00028494018
2460536.6544644455	0.9999487	0.0002849462
2460536.6558533395	0.9999345	0.0002849596
2460536.6572422334	1.0002142	0.00028500112
2460536.6586311273	1.0001396	0.0002849367
2460536.660020021	1.0002902	0.000284961
2460536.6614089147	1.0003837	0.00028498695
2460536.6627978086	1.0006932	0.00028502938
2460536.6641867026	1.000302	0.00028502525
2460536.6655755965	1.0003655	0.00028500764
2460536.6669644904	0.9999428	0.00028495566
2460536.6683533844	1.0000315	0.00028494018
2460536.669742278	0.9993491	0.00028486128
2460536.6711311718	1.0001365	0.00028494967
2460536.6725200657	1.0003686	0.00028502164
2460536.6739089596	0.9995434	0.0002849275
2460536.6752978535	1.0001923	0.00028497033
2460536.6766867475	1.0008619	0.00028511236
2460536.6780756414	1.0000001	0.00028494664
2460536.6794645353	1.0000424	0.00028496847
2460536.680853429	0.9996821	0.00028492714
2460536.6822423227	0.99979734	0.00028491401
2460536.6836312166	1.0004326	0.00028501876
2460536.6850201106	0.999768	0.00028494856
2460536.6864090045	0.9998889	0.00028493672
2460536.687797898	0.99953043	0.0002849034
2460536.689186792	0.9999358	0.00028495697
2460536.690575686	1.0000126	0.00028499067
2460536.6919645797	0.9999518	0.0002849765
2460536.693353473	1.0002165	0.00028501707
2460536.694742367	0.99949443	0.00028488046
2460536.696131261	1.0002353	0.00028497961
2460536.697520155	0.999792	0.0002849596
2460536.698909049	1.0004042	0.00028497525
2460536.7002979424	0.9998255	0.00028490758
2460536.7016868363	1.0003089	0.00028502932
2460536.7030757302	1.0005091	0.00028501567
2460536.704464624	0.9998845	0.0002849946
2460536.705853518	1.0000279	0.00028496535
2460536.7072424116	0.9998864	0.00028496035
2460536.7086313055	0.99993926	0.000284957
2460536.7100201994	0.9995571	0.0002849495
2460536.711409093	1.0005395	0.00028501748
2460536.712797987	0.9995482	0.00028490843
2460536.7141868807	0.99983424	0.00028497746
2460536.7155757747	1.0006142	0.00028507377
2460536.7169646686	0.99972296	0.00028495732
2460536.718353562	1.0005609	0.0002850402
2460536.719742456	1.0006576	0.00028504946
2460536.7211313494	0.9997343	0.00028488156
2460536.7225202434	0.99953616	0.00028493127
2460536.7239091373	1.0001965	0.00028501518
2460536.7252980312	1.0000224	0.00028499227
2460536.726686925	1.0000986	0.0002850105
2460536.7280758186	1.0003325	0.0002850425
2460536.7294647126	1.0001843	0.00028498145
2460536.730853606	0.99938434	0.00028491544
2460536.7322425	1.0001762	0.00028499478
2460536.733631394	0.99986994	0.00028497961
2460536.735020288	1.0001115	0.00028500272
2460536.7364091813	1.0001605	0.00028501943
2460536.737798075	1.0000372	0.0002849505
2460536.739186969	1.0001732	0.0002849893
2460536.740575863	0.9998968	0.00028494917
2460536.7419647565	1.0004228	0.00028503386
2460536.7433536504	1.000195	0.00028502077
2460536.744742544	0.99990994	0.00028496207
2460536.746131438	1.0004504	0.00028506818
2460536.7475203318	0.9995493	0.00028491957
2460536.748909225	1.0002903	0.0002850053
2460536.750298119	1.00049	0.00028504175
2460536.7516870126	1.0001103	0.0002849895
2460536.7530759065	1.0000738	0.00028499743
2460536.7544648005	0.99983406	0.00028493805
2460536.7558536944	1.0003631	0.00028504193
2460536.757242588	1.0004499	0.00028505363
2460536.758631482	1.0001254	0.00028500237
2460536.7600203757	0.99999464	0.00028496145
2460536.761409269	1.0001458	0.0002849826
2460536.762798163	0.9997318	0.00028495057
2460536.7641870566	1.0003022	0.00028496384
2460536.7655759505	0.9999792	0.0002850479
2460536.7669648444	1.0004199	0.00028504748
2460536.768353738	0.99967396	0.000284992
2460536.769742632	1.0003443	0.00028500962
2460536.7711315257	0.9999323	0.00028499082
2460536.772520419	0.9999843	0.000284949
2460536.773909313	0.99971455	0.000284923
2460536.7752982066	1.0003626	0.00028502688
2460536.7766871005	1.0000814	0.00028502112
2460536.778075994	0.99994856	0.0002850316
2460536.779464888	1.0000868	0.0002850308
2460536.780853782	1.0000522	0.0002849779
2460536.7822426753	0.99960035	0.00028495857
2460536.7836315692	1.0002146	0.00028498712
2460536.7850204627	0.9996307	0.00028492408
2460536.7864093566	1.0003878	0.0002850245
2460536.78779825	1.0003612	0.00028502056
2460536.789187144	0.99928373	0.00028488514
2460536.7905760375	0.99984455	0.0002849569
2460536.7919649314	1.0000694	0.00028498584
2460536.793353825	0.99942076	0.00028489868
2460536.794742719	1.0002662	0.00028502042
2460536.7961316123	1.0000677	0.00028500598
2460536.797520506	1.0000135	0.00028499746
2460536.7989093997	1.0001013	0.000284975
2460536.8002982936	0.9999721	0.00028499545
2460536.8016871875	0.99933475	0.00028490642
2460536.803076081	0.99961585	0.00028493587
2460536.804464975	1.0000873	0.00028502324
2460536.8058538684	0.9995925	0.00028491055
2460536.8072427623	0.99970686	0.00028496468
2460536.8086316558	1.0006098	0.00028505674
2460536.8100205497	0.999664	0.00028498127
2460536.811409443	1.000817	0.00028507088
2460536.8127983366	0.9997809	0.0002849603
2460536.8141872305	1.0003841	0.00028504978
2460536.815576124	1.0005538	0.0002850433
2460536.816965018	0.99984807	0.00028498712
2460536.818353912	1.0006971	0.00028509647
2460536.8197428053	0.9999715	0.00028500264
2460536.8211316993	0.9997836	0.00028491038
2460536.8225205927	0.9998498	0.00028499722
2460536.823909486	1.0004145	0.00028504565
2460536.82529838	0.9999704	0.00028499812
2460536.8266872736	1.000097	0.00028499655
2460536.8280761675	0.9994156	0.0002849256
2460536.829465061	1.0002109	0.00028501666
2460536.830853955	1.0002038	0.00028500773
2460536.8322428484	1.000357	0.00028502542
2460536.8336317423	0.9992918	0.00028490243
2460536.8350206357	0.99970114	0.00028491506
2460536.836409529	0.9999712	0.00028497152
2460536.837798423	1.0003136	0.00028498875
2460536.8391873166	0.9998948	0.00028498605
2460536.8405762105	1.0000675	0.0002849939
2460536.841965104	1.000108	0.0002849995
2460536.8433539975	1.0000855	0.00028500828
2460536.8447428914	1.0000191	0.0002850318
2460536.846131785	1.0000418	0.00028501268
2460536.847520679	1.0002345	0.00028501553
2460536.848909572	1.0000556	0.0002850202
2460536.850298466	0.9993519	0.00028488474
2460536.8516873596	0.9997994	0.0002849624
2460536.853076253	1.0001779	0.0002850216
2460536.854465147	1.0000037	0.00028500694
2460536.8558540405	1.0000647	0.00028500592
2460536.857242934	1.0004132	0.00028503517
2460536.858631828	1.0006226	0.00028509324
2460536.8600207213	1.00075	0.00028510232
2460536.8614096153	1.0005072	0.00028505153
2460536.8627985087	0.9999679	0.0002850312
2460536.864187402	0.99968314	0.0002849554
2460536.865576296	1.0003029	0.00028502193
2460536.8669651896	1.000201	0.0002850508
2460536.8683540835	1.0006068	0.00028505144
2460536.869742977	1.0005251	0.00028505852
2460536.8711318704	0.99972063	0.00028497053
2460536.8725207644	1.0006387	0.00028504938
2460536.873909658	0.99997824	0.00028505115
2460536.8752985513	1.0004069	0.00028507586
2460536.8766874447	1.0000572	0.00028498165
2460536.8780763387	0.9996709	0.0002849226
2460536.879465232	1.0001742	0.00028503427
2460536.8808541256	1.0002218	0.00028503084
2460536.8822430195	0.9996679	0.00028494906
2460536.883631913	1.0002216	0.00028499938
2460536.885020807	0.9989329	0.0002848937
2460536.8864097004	1.0004853	0.00028506666
2460536.887798594	1.0010554	0.00028512866
2460536.889187488	1.000122	0.00028502717
2460536.8905763812	0.999942	0.00028501905
2460536.8919652747	1.0003146	0.00028504175
2460536.8933541686	1.0000964	0.00028502365
2460536.894743062	1.0001309	0.00028500851
2460536.8961319556	1.0000601	0.0002849873
2460536.897520849	1.0001111	0.00028508843
2460536.898909743	1.0003427	0.0002850508
2460536.900298636	1.0001137	0.0002850209
2460536.90168753	0.9999214	0.0002850094
2460536.9030764233	1.0007015	0.0002850422
2460536.904465317	1.0001196	0.00028502938
2460536.9058542107	1.000225	0.00028506533
2460536.907243104	1.0002527	0.00028506617
2460536.9086319976	1.0009489	0.0002851036
2460536.9100208916	1.0002675	0.00028502996
2460536.911409785	0.99996674	0.0002849922
2460536.9127986785	1.0007572	0.00028511573
2460536.914187572	1.0006864	0.0002850911
2460536.915576466	0.99988115	0.00028499708
2460536.9169653594	0.99984443	0.00028496594
2460536.918354253	1.0002246	0.00028503253
2460536.9197431463	1.0002098	0.00028503008
2460536.9211320397	1.0000423	0.00028503407
2460536.9225209337	1.0004015	0.0002850779
2460536.923909827	1.0001073	0.00028501998
2460536.9252987206	1.0001597	0.0002850222
2460536.926687614	0.999907	0.00028500112
2460536.9280765075	1.0006367	0.0002850867
2460536.9294654015	0.9999049	0.00028500607
2460536.930854295	0.99989265	0.00028498226
2460536.9322431884	1.0004226	0.00028508878
2460536.9336320823	1.0002047	0.0002850273
2460536.9350209753	1.0004112	0.00028502988
2460536.936409869	0.99999285	0.00028501812
2460536.9377987627	1.0000249	0.00028503904
2460536.939187656	0.9997661	0.0002849707
2460536.9405765496	1.000445	0.00028510936
2460536.941965443	1.0006588	0.0002851049
2460536.943354337	1.0007936	0.00028511003
2460536.9447432305	1.0008923	0.00028514827
2460536.946132124	1.0003525	0.00028504382
2460536.9475210174	1.0001689	0.00028505325
2460536.948909911	1.000891	0.00028511387
2460536.950298805	1.0002797	0.00028504975
2460536.951687698	1.0003636	0.0002851086
2460536.9530765917	0.9994565	0.00028492464
2460536.954465485	0.99973106	0.00028498424
2460536.9558543786	1.000329	0.0002850811
2460536.957243272	1.000528	0.00028505517
2460536.9586321656	1.000088	0.00028501483
2460536.960021059	1.0001843	0.00028502464
2460536.9614099525	1.0010079	0.00028512257
2460536.9627988464	1.00017	0.00028503462
2460536.96418774	0.99893206	0.00028489713
2460536.9655766333	1.0002537	0.00028504722
2460536.966965527	1.0008558	0.00028510223
2460536.9683544203	0.99967134	0.00028493622
2460536.9697433137	1.0005659	0.00028508066
2460536.971132207	1.0007901	0.0002851044
2460536.9725211007	1.0007635	0.00028511076
2460536.9739099946	1.0005584	0.0002850955
2460536.9752988876	1.0003356	0.0002850115
2460536.9766877815	1.0001935	0.0002850418
2460536.978076675	1.0000836	0.00028504556
2460536.9794655684	1.0009044	0.000285133
2460536.980854462	1.0005054	0.00028509385
2460536.9822433554	1.0010371	0.00028510942
2460536.983632249	1.0002475	0.00028505264
2460536.9850211423	1.0001119	0.0002850286
2460536.9864100358	1.0003358	0.00028504766
2460536.987798929	1.0000556	0.0002850045
2460536.9891878227	1.0001249	0.00028507633
2460536.990576716	1.0000118	0.00028502938
2460536.9919656096	1.0002244	0.00028504
2460536.993354503	1.0002121	0.00028505275
2460536.994743397	0.99956304	0.0002849263
2460536.99613229	0.99994177	0.00028498517
2460536.997521184	0.99957335	0.00028492828
2460536.998910077	1.0000709	0.00028498317
2460537.000298971	0.9995762	0.00028500333
2460537.0016878643	0.99928206	0.00028491174
2460537.003076758	0.99945766	0.00028493625
2460537.004465651	0.9989243	0.00028484728
2460537.0058545447	0.99959683	0.00028494745
2460537.007243438	0.9997065	0.00028496096
2460537.0086323316	1.0004878	0.00028509664
2460537.010021225	0.9993763	0.0002849271
2460537.0114101185	0.9998599	0.00028497976
2460537.012799012	0.99972177	0.0002849799
2460537.0141879055	0.9993189	0.00028494175
2460537.015576799	0.9998557	0.00028498605
2460537.0169656924	0.99968374	0.0002849676
2460537.018354586	0.99958915	0.00028495942
2460537.0197434793	0.99946856	0.0002849457
2460537.021132373	0.9994604	0.00028493756
2460537.022521266	0.99930567	0.00028488788
2460537.0239101597	1.0000992	0.0002850235
2460537.025299053	1.0001345	0.00028504184
2460537.026687946	0.9995469	0.00028491038
2460537.02807684	0.9995386	0.00028497225
2460537.029465733	0.99917173	0.000284889
2460537.0308546266	1.0000986	0.0002850321
2460537.0322435205	1.0000421	0.000285039
2460537.0336324135	0.9998674	0.00028499615
2460537.035021307	0.99962753	0.00028496314
2460537.0364102004	0.9996611	0.00028495485
2460537.037799094	0.9994405	0.00028493677
2460537.0391879873	0.99958	0.00028496824
2460537.040576881	1.0002717	0.00028504938
2460537.0419657743	0.99957836	0.00028495002
2460537.0433546677	0.99942917	0.00028494425
2460537.044743561	0.9996512	0.00028497467
2460537.0461324546	0.9992543	0.0002848909
2460537.047521348	1.0001109	0.00028501652
2460537.0489102416	0.9997837	0.00028499088
2460537.0502991346	0.99959725	0.0002849638
2460537.051688028	0.9999444	0.00028499844
2460537.0530769215	0.9994285	0.00028500878
2460537.054465815	0.999683	0.00028498212
2460537.0558547084	0.9991558	0.00028493654
2460537.057243602	0.9987826	0.00028485036
2460537.0586324953	0.9997734	0.00028497234
2460537.060021389	0.99999726	0.00028502764
2460537.0614102823	0.99917626	0.00028489647
2460537.0627991757	0.99954146	0.00028491765
2460537.0641880687	0.99964625	0.00028497304
2460537.065576962	0.99981564	0.0002849935
2460537.0669658557	0.99881136	0.00028490383
2460537.068354749	0.9999977	0.00028503753
2460537.0697436426	1.0002115	0.00028501914
2460537.071132536	0.9995627	0.00028498148
2460537.0725214295	0.9992322	0.00028493104
2460537.0739103225	0.99992156	0.00028501078
2460537.075299216	0.9992572	0.00028488497
2460537.0766881094	0.9992133	0.00028488992
2460537.078077003	0.9996259	0.00028496754
2460537.0794658964	0.9997058	0.0002850035
2460537.0808547894	0.9993983	0.00028496532
2460537.0822436833	0.99912715	0.00028491436
2460537.0836325763	0.9991299	0.00028493037
2460537.0850214697	0.99984556	0.0002850051
2460537.086410363	0.99946475	0.00028495866
2460537.0877992567	0.9991972	0.00028490616
2460537.08918815	0.9999066	0.00028497694
2460537.090577043	0.9994508	0.000284945
2460537.0919659366	0.99976337	0.00028501905
2460537.09335483	0.99959725	0.00028496928
2460537.0947437235	1.000298	0.000285084
2460537.096132617	0.9996343	0.00028498337
2460537.09752151	1.0002295	0.0002850589
2460537.0989104034	0.9996303	0.0002849764
2460537.100299297	0.99946785	0.00028495025
2460537.1016881904	0.99942744	0.00028491957
2460537.103077084	0.99969923	0.00028500476
2460537.104465977	0.9999977	0.0002849911
2460537.1058548703	1.0003694	0.00028506483
2460537.1072437637	0.9992713	0.00028492557
2460537.108632657	0.9992152	0.0002849213
2460537.1100215507	0.99986345	0.000285027
2460537.1114104437	0.99983394	0.0002850275
2460537.112799337	0.99964553	0.000284965
2460537.11418823	0.9994513	0.00028499964
2460537.1155771236	0.9991286	0.00028489903
2460537.116966017	0.99911886	0.0002848802
2460537.1183549105	0.9987676	0.00028486713
2460537.119743804	1.0000732	0.00028504067
2460537.121132697	0.9992924	0.00028491628
2460537.1225215904	0.9989339	0.00028488197
2460537.123910484	1.0000956	0.00028504163
2460537.125299377	0.9996021	0.00028496695
2460537.1266882704	0.9996281	0.00028499245
2460537.128077164	0.9996516	0.00028497662
2460537.1294660573	0.99933445	0.00028495473
2460537.1308549503	0.9994221	0.0002849811
2460537.1322438437	0.9992345	0.00028489679
2460537.133632737	0.9997144	0.00028500913
2460537.13502163	0.99916303	0.00028491838
2460537.1364105237	0.9999076	0.00028501017
2460537.137799417	0.9990751	0.00028491838
2460537.1391883106	1.000725	0.0002850982
2460537.140577204	0.9996939	0.00028500543
2460537.141966097	1.0000165	0.00028502633
2460537.1433549905	0.9998599	0.00028501247
2460537.1447438835	1.0000925	0.00028504778
2460537.146132777	0.9999497	0.00028502336
2460537.1475216704	1.0000069	0.00028506987
2460537.1489105634	1.0004752	0.00028508707
2460537.150299457	0.9995937	0.00028496093
2460537.1516883504	0.99971527	0.00028496722
2460537.1530772434	0.999934	0.00028501463
2460537.154466137	0.99939233	0.0002849471
2460537.1558550303	0.9999856	0.00028504967
2460537.1572439233	1.0004115	0.00028513046
2460537.1586328167	1.0000654	0.00028502574
2460537.16002171	1.0001192	0.00028501498
2460537.161410603	1.0003667	0.00028505974
2460537.1627994967	1.0001642	0.00028503127
2460537.16418839	0.99946606	0.0002849867
2460537.165577283	1.000258	0.00028505828
2460537.1669661766	0.9992477	0.00028492848
2460537.1683550696	1.000395	0.0002851023
2460537.169743963	1.0002197	0.00028501847
2460537.1711328565	1.0001819	0.00028505008
2460537.1725217495	1.0001228	0.0002850579
2460537.173910643	0.9999061	0.00028503878
2460537.175299536	0.99992883	0.00028500264
2460537.1766884294	1.0004268	0.0002851038
2460537.178077323	1.0004731	0.00028504233
2460537.179466216	1.000071	0.00028508544
2460537.1808551094	1.0009309	0.00028513637
2460537.1822440024	1.000229	0.0002850371
2460537.183632896	1.0000916	0.00028505272
2460537.1850217893	1.0004812	0.00028506282
2460537.1864106823	0.9995652	0.00028496192
2460537.1877995757	1.0001923	0.0002850777
2460537.1891884687	1.0003271	0.00028506175
2460537.190577362	1.0004321	0.00028511434
2460537.191966255	0.9997151	0.0002849849
2460537.1933551487	0.9996984	0.00028498232
2460537.194744042	1.0005203	0.00028506888
2460537.196132935	1.000149	0.00028508875
2460537.1975218286	0.99990845	0.00028504818
2460537.1989107216	1.000001	0.0002850516
2460537.200299615	1.0002248	0.0002850757
2460537.2016885085	0.999292	0.00028497312
2460537.2030774015	1.0007355	0.00028514527
2460537.204466295	1.0001717	0.00028504146
2460537.205855188	1.0002851	0.00028508552
2460537.2072440814	0.9999334	0.00028504938
2460537.2086329744	1.0003508	0.00028507152
2460537.2100218674	0.99987406	0.00028500948
2460537.211410761	1.0003363	0.00028505686
2460537.212799654	0.9993345	0.0002849724
2460537.2141885473	1.0004607	0.00028505834
2460537.215577441	0.99998415	0.0002850596
2460537.216966334	0.99974775	0.00028502056
2460537.2183552273	1.0003679	0.00028508762
2460537.2197441203	0.99958116	0.00028498186
2460537.2211330137	1.0000324	0.0002850204
2460537.2225219067	1.0004944	0.00028515884
2460537.2239108	1.0002491	0.00028508372
2460537.225299693	0.99997574	0.00028504917
2460537.226688586	1.0000707	0.00028506533
2460537.2280774796	0.99998283	0.00028507257
2460537.2294663726	1.0002424	0.00028507633
2460537.230855266	1.0004975	0.00028508593
2460537.2322441596	1.0004002	0.00028506533
2460537.2336330526	1.0005976	0.0002851167
2460537.235021946	1.0001892	0.00028504798
2460537.236410839	0.99972415	0.00028499786
2460537.237799732	1.0000197	0.00028506664
2460537.2391886255	0.99937636	0.00028494973
2460537.2405775185	1.0004865	0.00028512615
2460537.241966412	1.0006163	0.00028510566
2460537.243355305	0.9998344	0.0002850543
2460537.2447441984	1.0001239	0.0002850467
2460537.2461330914	0.99958163	0.00028505205
2460537.2475219844	0.99995834	0.0002850382
2460537.248910878	0.9995091	0.00028496655
2460537.250299771	1.0006261	0.00028514137
2460537.2516886643	1.0001953	0.0002850742
2460537.2530775573	1.0001088	0.0002850685
2460537.254466451	1.0001774	0.00028504618
2460537.255855344	1.000409	0.00028512714
2460537.257244237	1.0000361	0.00028509402
2460537.25863313	1.0000007	0.00028508034
2460537.260022023	1.0008882	0.00028517726
2460537.2614109167	1.000074	0.00028509
2460537.2627998097	0.9999263	0.0002850209
2460537.2641887027	1.0002058	0.0002850584
2460537.265577596	0.9998682	0.0002850605
2460537.266966489	1.0003548	0.0002851223
2460537.2683553826	1.0003023	0.00028509193
2460537.2697442756	0.9995857	0.00028502973
2460537.2711331686	1.0008168	0.00028514437
2460537.272522062	1.0001607	0.0002850696
2460537.273910955	1.0007851	0.00028511247
2460537.275299848	0.99946564	0.00028496364
2460537.2766887415	1.0002569	0.00028506186
2460537.2780776345	1.0000168	0.000285068
2460537.279466528	1.0000404	0.0002850508
2460537.280855421	0.9999971	0.0002850226
2460537.282244314	1.0000588	0.00028503983
2460537.283633207	0.9998806	0.0002850017
2460537.2850221004	0.9994642	0.00028497505
2460537.2864109934	1.0002931	0.0002850858
2460537.2877998864	0.99984515	0.00028503418
2460537.28918878	0.99956703	0.0002849991
2460537.290577673	1.0007161	0.00028509364
2460537.2919665664	0.99988824	0.00028503936
2460537.2933554593	1.0003159	0.00028508593
2460537.2947443523	1.0000628	0.00028509492
2460537.296133246	0.9998875	0.00028502324
2460537.297522139	1.0006144	0.00028514754
2460537.298911032	1.0005945	0.00028509533
2460537.3002999253	1.0001478	0.00028508305
2460537.3016888183	1.0007153	0.0002852007
2460537.3030777113	1.0004244	0.00028509495
2460537.3044666043	1.0002773	0.00028506326
2460537.3058554977	0.999847	0.00028507944
2460537.3072443907	0.9995283	0.00028502688
2460537.3086332837	0.9997267	0.00028498642
2460537.310022177	0.99968636	0.00028503494
2460537.31141107	1.0000249	0.00028507895
2460537.312799963	1.0005897	0.00028514455
2460537.314188856	1.0001283	0.00028507406
2460537.3155777496	0.99998575	0.00028501858
2460537.3169666426	0.99998456	0.0002850489
2460537.3183555356	1.0003881	0.00028514178
2460537.3197444286	1.0003718	0.00028512185
2460537.3211333216	0.9996994	0.00028502653
2460537.322522215	0.999898	0.00028510016
2460537.323911108	1.000362	0.00028509638
2460537.325300001	1.0001154	0.00028509484
2460537.3266888945	0.99943703	0.0002849941
2460537.3280777875	0.99958336	0.00028502467
2460537.3294666805	1.0000756	0.00028503497
2460537.330855574	0.9996895	0.00028501544
2460537.332244467	1.000205	0.00028505773
2460537.33363336	1.0003823	0.00028511512
2460537.335022253	0.99990124	0.0002850911
2460537.336411146	1.000075	0.00028507036
2460537.337800039	0.9999657	0.00028505086
2460537.3391889324	1.0003649	0.00028510997
2460537.3405778254	1.0002751	0.000285074
2460537.3419667184	0.99994755	0.00028505805
2460537.3433556114	1.0004505	0.00028516518
2460537.3447445044	1.0001963	0.0002851062
2460537.346133398	0.9996574	0.00028497956
2460537.347522291	1.000359	0.0002851524
2460537.348911184	1.0002091	0.00028506003
2460537.350300077	1.0009693	0.0002852127
2460537.35168897	1.0006257	0.00028517217
2460537.3530778633	0.99989873	0.0002850734
2460537.3544667563	1.0007911	0.0002851525
2460537.3558556493	0.9999156	0.00028508704
2460537.3572445423	1.0003179	0.00028509897
2460537.3586334353	0.99995106	0.00028506192
2460537.360022329	1.0002999	0.00028509885
2460537.361411222	1.0006576	0.0002851672
2460537.362800115	0.99943686	0.00028494207
2460537.364189008	0.9998794	0.00028505415
2460537.365577901	1.0002295	0.00028509297
2460537.366966794	1.0000362	0.00028504626
2460537.368355687	0.9994141	0.00028500266
2460537.3697445802	1.000195	0.00028508794
2460537.3711334732	1.0002706	0.00028508168
2460537.3725223662	0.99930817	0.00028499737
2460537.373911259	0.9997092	0.000285025
2460537.375300152	1.0002531	0.00028512618
2460537.376689045	0.99980026	0.0002850748
2460537.3780779387	1.000169	0.00028509417
2460537.379466831	1.0002707	0.0002850913
2460537.3808557247	0.9999269	0.00028507737
2460537.3822446177	1.0002415	0.0002850931
2460537.3836335107	0.9999251	0.00028505898
2460537.3850224037	0.9999188	0.00028505843
2460537.3864112967	1.0002966	0.00028512022
2460537.3878001897	0.99981916	0.00028504606
2460537.3891890827	1.0000299	0.00028506387
2460537.3905779757	1.000295	0.00028512374
2460537.391966869	1.0003558	0.0002851185
2460537.3933557617	0.9996898	0.0002850454
2460537.394744655	0.9997665	0.0002850699
2460537.396133548	1.0003052	0.00028511955
2460537.397522441	0.9996887	0.00028502513
2460537.398911334	0.9996859	0.00028504778
2460537.400300227	1.0007734	0.00028516422
2460537.40168912	1.0002768	0.00028507327
2460537.403078013	1.0003788	0.00028511853
2460537.404466906	1.0001954	0.00028504632
2460537.405855799	0.99940264	0.0002849787
2460537.407244692	0.9996242	0.00028502767
2460537.408633585	1.0000727	0.0002850869
2460537.410022478	1.0001487	0.00028508372
2460537.411411371	0.999615	0.00028501626
2460537.412800264	1.0000367	0.0002850453
2460537.414189157	0.9996698	0.00028503925
2460537.4155780505	0.99977905	0.00028506198
2460537.416966943	1.0002564	0.0002851244
2460537.4183558365	1.0003105	0.00028507525
2460537.419744729	0.9999474	0.00028507173
2460537.4211336225	0.9997896	0.00028503407
2460537.4225225155	0.9995829	0.000285019
2460537.4239114085	1.0000443	0.00028508483
2460537.4253003015	0.9997308	0.0002850543
2460537.426689194	1.0001596	0.0002850972
2460537.4280780875	1.0004563	0.00028510854
2460537.42946698	0.99997395	0.00028506512
2460537.4308558735	0.9997261	0.00028500232
2460537.4322447665	1.000032	0.00028500866
2460537.433633659	1.0003344	0.00028508113
2460537.4350225525	0.9993824	0.00028498124
2460537.436411445	1.0001782	0.00028507636
2460537.4378003385	1.0004001	0.00028510153
2460537.4391892315	0.99941295	0.00028493977
2460537.440578124	1.0001477	0.0002850963
2460537.4419670175	1.0004007	0.0002850628
2460537.44335591	0.99993145	0.00028505333
2460537.444744803	0.9998873	0.0002850589
2460537.4461336965	1.0001327	0.00028504708
2460537.447522589	0.9994867	0.000285011
2460537.448911482	0.9994498	0.0002849565
2460537.450300375	1.0004967	0.0002851097
2460537.451689268	1.0000615	0.00028503017
2460537.453078161	0.9994508	0.00028497475
2460537.454467054	0.99934083	0.0002849682
2460537.455855947	0.9997504	0.00028507653
2460537.45724484	0.9995116	0.00028495444
2460537.458633733	0.9998881	0.00028502342
2460537.460022626	0.9997737	0.0002850203
2460537.461411519	1.0005203	0.0002851382
2460537.462800412	0.9990491	0.0002849302
2460537.4641893045	0.9999736	0.00028509944
2460537.465578198	0.9994056	0.00028502868
2460537.4669670905	1.0001701	0.00028508497
2460537.4683559835	1.0000745	0.00028511358
2460537.4697448765	0.9998313	0.00028505767
2460537.4711337695	0.99938667	0.00028496847
2460537.4725226625	0.9995514	0.00028496547
2460537.4739115555	0.99990845	0.00028505427
2460537.4753004485	0.99990016	0.00028502927
2460537.4766893415	0.9998739	0.0002850181
2460537.4780782345	1.0002384	0.00028507767
2460537.4794671275	0.9996814	0.00028501614
2460537.48085602	0.9995925	0.00028499516
2460537.482244913	0.99955213	0.00028500523
2460537.483633806	0.99981475	0.0002849662
2460537.485022699	0.99905217	0.0002849562
2460537.486411592	0.9997254	0.0002850524
2460537.487800485	1.0003325	0.00028509196
2460537.489189378	1.0000256	0.00028510453
2460537.4905782705	0.9999614	0.0002850422
2460537.4919671635	0.99949497	0.00028507182
2460537.4933560565	0.99950635	0.0002850223
2460537.4947449495	1.0001019	0.00028505604
2460537.4961338425	0.99988914	0.00028510529
2460537.4975227355	0.9992246	0.0002849427
2460537.4989116285	0.99925995	0.00028495633
2460537.5003005215	1.000098	0.0002850583
2460537.501689414	0.99997795	0.0002850785
2460537.503078307	0.99951273	0.0002850258
2460537.5044672	0.9996903	0.00028499914
2460537.505856093	0.9999974	0.00028505313
2460537.507244986	0.9998181	0.00028503177
2460537.5086338785	0.9989874	0.00028488593
2460537.5100227715	0.99975055	0.00028508765
2460537.5114116645	1.0004263	0.00028515625
2460537.5128005575	0.9998775	0.00028504233
2460537.51418945	0.9996142	0.0002850194
2460537.515578343	0.99978966	0.0002850637
2460537.516967236	0.99988437	0.00028509827
2460537.518356129	0.9998113	0.00028506859
2460537.519745022	0.9993288	0.0002849716
2460537.5211339146	0.99972296	0.00028506244
2460537.5225228076	1.0003339	0.00028511026
2460537.5239117006	1.0001179	0.00028509242
2460537.5253005936	0.9996919	0.00028506128
2460537.5266894866	0.9996059	0.00028505275
2460537.528078379	0.9994266	0.00028499507
2460537.529467272	0.9998475	0.0002850568
2460537.530856165	0.9996431	0.0002850261
2460537.532245058	0.9994444	0.00028502077
2460537.533633951	1.0003761	0.0002851098
2460537.5350228436	0.9999791	0.00028507298
2460537.5364117366	0.9996425	0.0002850106
2460537.5378006296	0.9991774	0.00028501925
2460537.539189522	1.0001956	0.00028511073
2460537.540578415	0.99928755	0.0002849275
2460537.541967308	0.9997822	0.00028505066
2460537.543356201	0.99935395	0.0002849995
2460537.5447450937	1.0001708	0.0002851083
2460537.5461339867	0.9997952	0.00028506367
2460537.5475228797	0.9994822	0.0002850544
2460537.548911772	0.9997	0.00028499836
2460537.550300665	0.9992399	0.0002849922
2460537.551689558	0.9999474	0.00028510604
2460537.553078451	0.99966204	0.0002850359
2460537.554467344	0.9994616	0.0002849917
2460537.5558562367	0.9995188	0.00028500034
2460537.5572451297	0.9995639	0.00028505278
2460537.5586340223	0.9998566	0.0002850295
2460537.5600229152	0.99984777	0.00028505272
2460537.5614118082	0.99988467	0.0002851263
2460537.5628007012	0.999992	0.0002851155
2460537.564189594	1.0004215	0.00028509364
2460537.565578487	0.99969566	0.00028504932
2460537.56696738	0.99985546	0.000285064
2460537.5683562728	0.99991184	0.00028505333
2460537.5697451653	0.99981815	0.00028503675
2460537.5711340583	0.9997628	0.00028506533
2460537.572522951	1.0001696	0.0002851104
2460537.573911844	0.99975604	0.0002850726
2460537.5753007364	0.99970216	0.0002850767
2460537.5766896293	0.9993541	0.00028505267
2460537.5780785223	0.99983305	0.00028510712
2460537.579467415	0.9998675	0.0002850636
2460537.580856308	0.99968404	0.0002851174
2460537.582245201	0.9995175	0.000285008
2460537.583634094	0.99986297	0.00028510537
2460537.5850229864	0.99987566	0.00028511923
2460537.5864118794	0.9991648	0.00028495552
2460537.5878007724	1.0000887	0.00028511244
2460537.589189665	1.0000634	0.00028507435
2460537.590578558	0.99992275	0.00028505528
2460537.591967451	1.0001285	0.000285129
2460537.5933563435	0.99967563	0.00028503925
2460537.5947452364	0.99923784	0.0002850189
2460537.596134129	1.0000621	0.00028510843
2460537.597523022	0.9998127	0.00028506652
2460537.598911915	0.99973965	0.00028501812
2460537.6003008075	0.99938446	0.00028502784
2460537.6016897005	0.99893296	0.00028495633
2460537.603078593	0.9998485	0.00028506693
2460537.604467486	0.99955124	0.00028501533
2460537.6058563786	0.9998116	0.00028508046
2460537.6072452716	1.0000403	0.00028507825
2460537.6086341646	1.0001267	0.00028507822
2460537.610023057	0.9994789	0.00028503416
2460537.61141195	1.000172	0.00028511847
2460537.6128008426	0.9993895	0.00028500083
2460537.6141897356	0.9998681	0.00028503823
2460537.6155786286	0.9997378	0.00028508715
2460537.616967521	0.99995005	0.0002850598
2460537.618356414	1.0000556	0.0002850932
2460537.6197453067	0.9994928	0.00028500898
2460537.6211341997	0.9995406	0.00028499844
2460537.622523092	0.9993481	0.00028499507
2460537.623911985	1.0000675	0.0002851015
2460537.6253008777	0.9998586	0.00028507615
2460537.6266897707	0.99985445	0.0002850698
2460537.6280786633	1.0002574	0.00028511503
2460537.6294675563	1.0000774	0.000285092
2460537.630856449	1.000175	0.00028514414
2460537.632245342	0.9991591	0.00028495924
2460537.6336342343	0.99979925	0.0002850546
2460537.6350231273	1.0000021	0.0002850749
2460537.63641202	0.99950254	0.0002849994
2460537.637800913	0.99975103	0.00028504926
2460537.639189806	0.99983674	0.00028509097
2460537.6405786984	1.0000025	0.000285082
2460537.6419675914	1.0000803	0.00028506338
2460537.643356484	0.9995392	0.00028501483
2460537.644745377	1.0001084	0.00028510898
2460537.6461342694	0.9995644	0.00028507278
2460537.647523162	1.0004061	0.00028512435
2460537.648912055	1.0000628	0.00028510345
2460537.6503009475	0.9992887	0.00028497953
2460537.6516898405	0.9993901	0.00028502592
2460537.6530787335	0.9994081	0.00028498896
2460537.654467626	0.9999346	0.0002850633
2460537.655856519	0.9999227	0.00028504644
2460537.6572454115	1.0000073	0.00028508622
2460537.658634304	0.99924874	0.0002849998
2460537.660023197	0.9995195	0.0002850319
2460537.6614120896	0.9996135	0.00028500956
2460537.6628009826	1.000102	0.00028511803
2460537.664189875	0.9996666	0.00028507953
2460537.665578768	0.99988973	0.00028509222
2460537.6669676607	0.9997665	0.00028502312
2460537.6683565537	0.9989161	0.00028497417
2460537.669745446	1.0001371	0.00028512988
2460537.6711343387	0.9995967	0.00028504565
2460537.6725232317	0.99950993	0.00028502956
2460537.6739121242	1.0003012	0.0002851114
2460537.6753010172	0.9999058	0.00028504975
2460537.67668991	0.99983644	0.0002850513
2460537.6780788023	1.0001962	0.00028508157
2460537.6794676953	0.9995958	0.00028504478
2460537.680856588	0.9999355	0.00028505657
2460537.682245481	0.9997042	0.00028504344
2460537.6836343734	1.0003107	0.0002851009
2460537.6850232664	0.9994798	0.00028506923
2460537.686412159	0.99958754	0.00028501768
2460537.6878010514	0.9997664	0.00028506437
2460537.6891899444	0.99977016	0.0002850032
2460537.690578837	0.999616	0.00028504682
2460537.69196773	0.99917656	0.00028498893
2460537.6933566225	0.9999037	0.0002851004
2460537.694745515	1.0001979	0.00028511294
2460537.696134408	0.99960965	0.00028506684
2460537.6975233005	0.9999497	0.00028501794
2460537.698912193	0.9995505	0.00028504277
2460537.700301086	0.99937207	0.0002849411
2460537.7016899786	0.9995647	0.0002850677
2460537.7030788716	1.0000921	0.00028508485
2460537.704467764	0.9992357	0.0002849757
2460537.7058566567	0.999485	0.00028499422
2460537.7072455497	1.0002935	0.0002850851
2460537.708634442	0.9991578	0.00028492732
2460537.7100233347	0.9996307	0.00028504067
2460537.7114122277	0.9995757	0.0002850011
2460537.7128011202	0.999934	0.0002850472
2460537.7141900132	0.99968344	0.00028505543
2460537.715578906	1.0000088	0.00028507377
2460537.7169677983	0.99995726	0.00028507182
2460537.718356691	1.000012	0.0002850363
2460537.719745584	0.99976903	0.0002850337
2460537.7211344764	0.99950725	0.00028498308
2460537.722523369	0.999777	0.000285072
2460537.723912262	0.9993868	0.00028499996
2460537.7253011544	0.99966615	0.000285041
2460537.726690047	0.9995956	0.00028502202
2460537.7280789395	0.9997706	0.00028506637
2460537.7294678325	0.9993837	0.00028501241
2460537.730856725	0.99914765	0.00028491562
2460537.7322456175	0.9974171	0.00028472807
2460537.7336345105	0.9969528	0.0002846333
2460537.735023403	0.9963889	0.00028462266
2460537.7364122956	0.99534625	0.0002844712
2460537.7378011886	0.99499065	0.0002843382
2460537.739190081	0.9939527	0.00028422943
2460537.7405789737	0.9938339	0.00028425717
2460537.741967866	0.99358255	0.00028419733
2460537.743356759	0.9936196	0.0002842113
2460537.7447456517	0.9934903	0.00028421645
2460537.7461345443	0.99292415	0.00028407454
2460537.7475234373	0.9927676	0.0002841092
2460537.74891233	0.9933029	0.00028410731
2460537.7503012223	0.9931653	0.00028416872
2460537.751690115	0.9929675	0.00028412946
2460537.753079008	0.9925264	0.00028409972
2460537.7544679004	0.9932586	0.00028415924
2460537.755856793	0.99273336	0.00028409128
2460537.7572456854	0.99312097	0.00028415312
2460537.758634578	0.9923298	0.00028400985
2460537.760023471	0.99227595	0.00028399614
2460537.7614123635	0.9920779	0.00028402387
2460537.762801256	0.99282336	0.00028408732
2460537.764190149	0.99301684	0.0002841403
2460537.765579041	0.9922762	0.00028403915
2460537.766967934	0.99230146	0.00028400257
2460537.7683568266	0.9923095	0.00028403715
2460537.769745719	0.992633	0.0002840692
2460537.771134612	0.99318874	0.00028411768
2460537.7725235047	0.9928977	0.00028407233
2460537.773912397	0.99211156	0.00028398912
2460537.7753012897	0.99293435	0.00028413278
2460537.7766901823	0.9929221	0.0002841369
2460537.7780790753	0.99293864	0.0002840942
2460537.779467968	0.9924421	0.0002840918
2460537.7808568603	0.991794	0.00028393915
2460537.782245753	0.9928868	0.00028407798
2460537.7836346454	0.9926276	0.00028406875
2460537.7850235384	0.9927232	0.0002840966
2460537.7864124305	0.99252945	0.0002840658
2460537.7878013235	0.99295	0.00028407868
2460537.789190216	0.99252874	0.00028406677
2460537.7905791085	0.9920016	0.0002839859
2460537.791968001	0.9925543	0.00028406628
2460537.7933568936	0.9926913	0.0002841005
2460537.7947457866	0.99255604	0.00028408074
2460537.7961346786	0.99209446	0.00028402818
2460537.7975235716	0.9929298	0.00028416325
2460537.798912464	0.9922274	0.00028401407
2460537.8003013567	0.99241436	0.000284064
2460537.8016902492	0.99203086	0.0002840224
2460537.803079142	0.99253607	0.0002841005
2460537.8044680348	0.9921707	0.00028406168
2460537.8058569273	0.99268866	0.0002840859
2460537.80724582	0.991989	0.00028400478
2460537.8086347124	0.9926667	0.00028408525
2460537.810023605	0.9932993	0.00028416823
2460537.8114124974	0.99267024	0.0002840655
2460537.81280139	0.9927392	0.00028408965
2460537.8141902825	0.9921844	0.00028405213
2460537.8155791755	0.9922309	0.00028407318
2460537.8169680675	0.9929926	0.00028413133
2460537.8183569605	0.9922341	0.00028409148
2460537.819745853	0.99257505	0.0002840483
2460537.8211347456	0.99271715	0.00028412955
2460537.822523638	0.99284774	0.00028415036
2460537.8239125307	0.9923108	0.00028402172
2460537.825301423	0.9923346	0.0002840851
2460537.8266903157	0.9924572	0.00028403566
2460537.8280792083	0.99301636	0.00028421494
2460537.8294681013	0.99275607	0.00028408444
2460537.8308569933	0.9928152	0.0002841055
2460537.8322458863	0.9931803	0.0002841882
2460537.8336347784	0.9930043	0.00028415676
2460537.8350236714	0.9931256	0.00028412946
2460537.8364125635	0.9929955	0.0002841588
2460537.8378014565	0.9930418	0.00028416328
2460537.839190349	0.99305695	0.00028411343
2460537.8405792415	0.99342245	0.00028417067
2460537.841968134	0.9924071	0.00028409506
2460537.8433570266	0.99202454	0.0002839858
2460537.844745919	0.99339795	0.00028421896
2460537.8461348116	0.9934848	0.00028421654
2460537.847523704	0.99328893	0.00028422245
2460537.8489125967	0.99355304	0.0002842484
2460537.8503014892	0.992926	0.00028414914
2460537.8516903818	0.9931162	0.0002842342
2460537.8530792743	0.99356395	0.0002842257
2460537.854468167	0.99268806	0.0002841446
2460537.8558570594	0.9932485	0.00028418808
2460537.857245952	0.9935474	0.00028421872
2460537.8586348444	0.99396694	0.00028428747
2460537.860023737	0.9934938	0.0002841877
2460537.8614126295	0.993153	0.00028418636
2460537.862801522	0.9936341	0.00028423686
2460537.8641904145	0.9934382	0.00028425775
2460537.865579307	0.9932275	0.00028417932
2460537.8669681996	0.9939533	0.0002842595
2460537.868357092	0.99389476	0.0002842516
2460537.8697459847	0.9947371	0.00028441648
2460537.871134877	0.9945263	0.00028430182
2460537.8725237697	0.9950503	0.00028445892
2460537.8739126623	0.9947651	0.0002844131
2460537.875301555	0.99523616	0.00028449332
2460537.8766904473	0.99561644	0.0002845485
2460537.87807934	0.99627095	0.0002845954
2460537.8794682324	0.9978795	0.00028482906
2460537.880857125	0.99706084	0.00028467202
2460537.8822460175	0.9987207	0.00028495453
2460537.88363491	0.9998668	0.00028503223
2460537.8850238025	0.9996884	0.00028501014
2460537.886412695	0.99883	0.00028490703
2460537.887801587	0.99974734	0.00028509807
2460537.8891904796	0.99957883	0.0002850797
2460537.8905793726	0.99996233	0.0002850541
2460537.8919682647	0.99976104	0.00028503395
2460537.8933571572	1.0003542	0.00028515173
2460537.89474605	0.9996505	0.00028505232
2460537.8961349423	0.9997208	0.00028506026
2460537.897523835	0.99983275	0.00028505805
2460537.8989127274	0.9996371	0.00028502423
2460537.90030162	0.99923223	0.00028500473
2460537.9016905124	1.0003076	0.00028509984
2460537.903079405	1.0003169	0.00028512988
2460537.904468297	0.9999541	0.0002850092
2460537.9058571896	1.0003828	0.0002851328
2460537.9072460826	0.9994341	0.00028501585
2460537.9086349746	0.9997537	0.00028504265
2460537.910023867	1.0002973	0.00028508162
2460537.9114127597	0.999329	0.0002850326
2460537.912801652	0.99966466	0.0002850321
2460537.9141905447	1.0001018	0.00028510988
2460537.9155794373	1.0001917	0.0002851046
2460537.91696833	0.99973047	0.00028505852
2460537.918357222	0.999374	0.00028495942
2460537.9197461144	1.0002162	0.0002851207
2460537.921135007	0.99977887	0.00028509196
2460537.9225238995	0.99977773	0.00028506518
2460537.923912792	0.9994052	0.00028501137
2460537.9253016845	1.0000149	0.00028504033
2460537.926690577	0.99951625	0.00028502996
2460537.928079469	1.0003105	0.0002851195
2460537.9294683617	0.99970376	0.000285034
2460537.930857254	0.99991614	0.00028508363
2460537.9322461467	0.99993306	0.00028504452
2460537.9336350393	1.0006279	0.00028512365
2460537.9350239313	0.9997555	0.00028502662
2460537.936412824	0.99964505	0.00028501364
2460537.9378017164	1.0000141	0.00028507857
2460537.939190609	0.9999589	0.00028506923
2460537.9405795014	0.9994604	0.0002850356
2460537.941968394	1.0004473	0.00028513346
2460537.9433572865	0.9990727	0.0002849439
2460537.944746179	1.0000755	0.00028508416
2460537.946135071	1.0000814	0.00028507435
2460537.9475239636	0.9990044	0.00028490525
2460537.948912856	0.99983394	0.00028506716
2460537.9503017487	1.0000176	0.0002850897
2460537.951690641	0.9998212	0.00028500063
2460537.9530795333	1.0000677	0.0002851203
2460537.954468426	0.99987763	0.00028507604
2460537.9558573184	1.0001494	0.00028512446
2460537.957246211	0.9991327	0.0002849605
2460537.958635103	0.99997634	0.00028510948
2460537.9600239955	0.99963	0.00028495694
2460537.961412888	1.0001377	0.00028507903
2460537.96280178	0.9999497	0.00028504766
2460537.9641906726	0.9995552	0.00028499996
2460537.965579565	0.9994459	0.00028496372
2460537.9669684577	0.9998823	0.00028506634
2460537.96835735	0.9996144	0.00028499775
2460537.9697462423	1.0006151	0.0002850865
2460537.971135135	0.99952585	0.00028499478
2460537.9725240273	0.99979717	0.00028507086
2460537.97391292	1.0000364	0.00028502906
2460537.9753018124	0.99954134	0.00028496652
2460537.9766907045	1.0001915	0.00028509548
2460537.978079597	0.9989605	0.00028489405
2460537.979468489	0.99987316	0.00028512484
2460537.9808573816	1.0000906	0.00028502525
2460537.982246274	0.9996285	0.00028502662
2460537.9836351667	0.9999929	0.0002850843
2460537.985024059	1.0004102	0.00028505427
2460537.9864129513	1.0003811	0.00028503704
2460537.987801844	1.0002171	0.0002850239
2460537.989190736	0.9999548	0.00028500322
2460537.9905796284	0.9998947	0.0002850483
2460537.991968521	1.0008273	0.0002851785
2460537.9933574134	1.0004039	0.0002851117
2460537.994746306	1.000546	0.00028509242
2460537.996135198	1.0006614	0.00028516687
2460537.9975240906	1.0005902	0.00028516006
2460537.998912983	1.0000762	0.00028506338
2460538.000301875	0.9997346	0.00028502964
2460538.0016907677	0.99975026	0.0002850478
2460538.00307966	1.0000678	0.00028506282
2460538.0044685523	0.9998559	0.00028505787
2460538.005857445	1.0003737	0.00028511323
2460538.007246337	1.0001045	0.00028508494
2460538.0086352294	1.0002798	0.0002850879
2460538.010024122	1.0001569	0.00028508628
2460538.0114130145	1.0005125	0.0002850874
2460538.0128019066	1.0002786	0.00028509434
2460538.014190799	1.000349	0.0002851267
2460538.0155796916	1.0003469	0.00028509015
2460538.0169685837	1.000003	0.0002850739
2460538.018357476	0.9993014	0.0002849986
2460538.0197463683	1.0000434	0.00028507665
2460538.021135261	0.9998598	0.00028498587
2460538.0225241533	1.0002035	0.00028503046
2460538.0239130454	1.0000468	0.00028505034
2460538.025301938	0.9993201	0.0002849227
2460538.02669083	0.99944955	0.00028501177
2460538.0280797225	0.9997831	0.00028501655
2460538.029468615	1.0000018	0.00028504047
2460538.030857507	0.9998786	0.0002850548
2460538.0322463997	1.0000539	0.00028508497
2460538.0336352917	1.0004241	0.00028510232
2460538.0350241843	1.0008088	0.00028513765
2460538.036413077	0.99984294	0.00028505904
2460538.037801969	1.0002112	0.00028503226
2460538.0391908614	0.99958926	0.0002849625
2460538.040579754	0.99994147	0.00028506145
2460538.041968646	1.0001377	0.00028508814
2460538.0433575385	0.9995454	0.00028496262
2460538.0447464306	0.9999907	0.00028504423
2460538.046135323	1.0003904	0.00028505517
2460538.047524215	1.0007681	0.0002851754
2460538.0489131077	0.9998607	0.000285003
2460538.0503020003	1.0000519	0.00028514527
2460538.0516908923	1.0000877	0.00028502787
2460538.053079785	0.9988395	0.00028486399
2460538.054468677	1.0009528	0.0002851413
2460538.0558575694	1.0003126	0.0002851059
2460538.0572464615	0.99978036	0.00028494134
2460538.058635354	0.9997267	0.00028499746
2460538.0600242466	1.0009174	0.0002850969
2460538.0614131386	0.99997777	0.00028508418
2460538.062802031	1.0000085	0.0002850192
2460538.0641909232	1.0000435	0.00028504865
2460538.065579816	1.0005419	0.0002850368
2460538.0669687083	1.0005804	0.00028507842
2460538.0683576004	0.99999624	0.0002850723
2460538.069746493	1.0001398	0.00028500904
2460538.071135385	0.99932635	0.00028495173
2460538.072524277	1.000214	0.00028509978
2460538.0739131696	1.0004216	0.00028501698
2460538.0753020616	0.9991016	0.00028486966
2460538.076690954	1.0005151	0.00028508544
2460538.078079846	1.0002705	0.0002851026
2460538.0794687388	1.0003084	0.00028511495
2460538.080857631	1.0001324	0.00028502513
2460538.0822465234	1.0000472	0.0002850567
2460538.083635416	0.9997154	0.00028504067
2460538.085024308	1.000211	0.00028503625
2460538.0864132005	1.0000204	0.0002850293
2460538.0878020925	0.9999914	0.00028506818
2460538.0891909846	0.9994594	0.0002849548
2460538.090579877	1.0000482	0.00028503375
2460538.091968769	1.0006132	0.00028508276
2460538.0933576617	1.0002667	0.00028511268
2460538.094746554	1.0010463	0.0002851212
2460538.0961354463	0.9994311	0.00028497644
2460538.097524339	1.0002825	0.0002850451
2460538.098913231	1.0001678	0.00028509324
2460538.100302123	0.9997904	0.00028498576
2460538.1016910155	1.00035	0.00028509845
2460538.1030799076	1.0002143	0.00028502135
2460538.1044687997	0.9993686	0.0002849944
2460538.105857692	1.0002713	0.0002850261
2460538.1072465847	0.9997538	0.0002849755
2460538.108635477	0.99967355	0.00028504294
2460538.110024369	1.00044	0.0002851349
2460538.1114132614	1.0011775	0.00028519708
2460538.1128021535	1.0005157	0.00028512857
2460538.114191046	1.0003469	0.00028513183
2460538.115579938	1.0002306	0.00028505208
2460538.1169688306	0.9998599	0.0002850111
2460538.1183577226	1.0004259	0.0002850656
2460538.1197466147	0.9998373	0.00028503354
2460538.1211355072	0.99963534	0.0002849662
2460538.1225243993	1.0008209	0.00028515526
2460538.123913292	0.9998594	0.0002850613
2460538.125302184	0.9998852	0.00028508517
2460538.126691076	1.000025	0.00028501087
2460538.1280799685	1.0003098	0.00028505057
2460538.1294688606	0.9999983	0.00028500677
2460538.130857753	1.0002726	0.00028513005
2460538.132246645	0.9999808	0.00028500566
2460538.1336355372	0.999951	0.00028498357
2460538.1350244293	1.0001689	0.00028504402
2460538.136413322	1.0003165	0.0002850775
2460538.1378022144	1.000041	0.00028509906
2460538.1391911064	1.0001577	0.0002851134
2460538.1405799985	0.99975735	0.0002850306
2460538.1419688906	0.9999434	0.00028504018
2460538.143357783	1.0004424	0.00028505968
2460538.144746675	1.0000166	0.00028504193
2460538.1461355677	1.0003129	0.00028510267
2460538.1475244598	1.0002661	0.00028506597
2460538.148913352	1.0008216	0.00028507487
2460538.1503022444	0.9998594	0.00028505514
2460538.1516911364	0.99895096	0.00028487624
2460538.1530800285	0.9996778	0.00028497452
2460538.154468921	0.99979484	0.00028496803
2460538.155857813	1.000645	0.00028512144
2460538.157246705	0.9999082	0.00028503055
2460538.158635597	1.0002767	0.0002850799
2460538.1600244897	0.9999151	0.00028500703
2460538.161413382	0.99977	0.00028501605
2460538.162802274	1.0005137	0.00028512298
2460538.1641911664	0.9994703	0.0002849027
2460538.1655800585	1.0006049	0.00028511728
2460538.166968951	1.0002732	0.0002850585
2460538.168357843	1.0002917	0.00028512176
2460538.169746735	1.0003916	0.00028509053
2460538.1711356277	1.0003129	0.0002849917
2460538.1725245197	1.0006802	0.00028516832
2460538.173913412	1.0000608	0.00028496873
2460538.1753023043	1.0001465	0.0002851138
2460538.1766911964	1.0004864	0.0002851047
2460538.1780800885	1.0000569	0.00028498034
2460538.1794689805	1.0008842	0.0002851474
2460538.180857873	1.0006231	0.00028507898
2460538.182246765	1.0001254	0.00028507618
2460538.183635657	1.0004387	0.00028511535
2460538.1850245493	1.0003358	0.00028504842
2460538.1864134413	1.0001729	0.0002850744
2460538.187802334	1.000232	0.00028499527
2460538.189191226	1.0002759	0.0002850628
2460538.190580118	1.0002694	0.00028505852
2460538.1919690105	1.0003487	0.0002850648
2460538.1933579026	1.0001497	0.0002850633
2460538.1947467946	1.001226	0.0002851695
2460538.1961356867	1.0001597	0.00028498317
2460538.1975245792	1.0004939	0.0002851046
2460538.1989134713	1.0002922	0.00028506425
2460538.2003023634	1.0006063	0.00028509466
2460538.2016912554	0.9999707	0.0002850291
2460538.2030801475	1.00024	0.0002849508
2460538.20446904	1.0003558	0.00028502688
2460538.205857932	1.0004416	0.00028512778
2460538.207246824	1.0000243	0.00028499667
2460538.2086357167	1.0007317	0.00028509047
2460538.2100246083	1.0007491	0.00028506856
2460538.211413501	1.0001209	0.00028506492
2460538.212802393	1.0005064	0.0002850425
2460538.214191285	1.0006912	0.00028510756
2460538.2155801775	1.0001633	0.0002850218
2460538.216969069	1.000548	0.00028514827
2460538.2183579616	1.0001398	0.00028494548
2460538.2197468537	0.9998947	0.00028499024
2460538.2211357458	1.0006878	0.0002851044
2460538.2225246383	1.0002197	0.0002850451
2460538.22391353	0.9997558	0.0002850055
2460538.2253024224	0.99995583	0.00028508803
2460538.2266913145	1.0002159	0.00028503695
2460538.2280802066	1.0005305	0.00028509388
2460538.2294690986	1.0003979	0.00028508776
2460538.2308579907	1.000438	0.0002850711
2460538.232246883	1.000282	0.00028506474
2460538.2336357753	1.0005485	0.00028510336
2460538.2350246673	1.0011402	0.00028522313
2460538.2364135594	1.0006784	0.00028513555
2460538.2378024515	0.9993952	0.0002848792
2460538.2391913435	1.0006956	0.00028513095
2460538.2405802356	1.0004086	0.00028506338
2460538.241969128	1.0000943	0.00028502755
2460538.24335802	1.0006255	0.00028506707
2460538.2447469123	1.0002947	0.00028502513
2460538.2461358043	1.000948	0.00028515005
2460538.2475246964	1.0005859	0.00028510555
2460538.2489135885	1.0005145	0.00028509623
2460538.2503024805	1.0002302	0.00028505447
2460538.251691373	1.0010642	0.00028514364
2460538.253080265	1.0005533	0.00028505898
2460538.254469157	1.0006652	0.0002850768
2460538.2558580493	1.0008922	0.00028510162
2460538.2572469413	1.0006099	0.0002850402
2460538.2586358334	1.0012532	0.0002852061
2460538.2600247255	1.00076	0.0002849848
2460538.2614136175	1.0002031	0.00028507123
2460538.26280251	1.0006521	0.000285144
2460538.2641914017	1.0007834	0.0002851063
2460538.265580294	1.0009319	0.00028517237
2460538.2669691863	1.0004481	0.00028499065
2460538.2683580783	1.0007166	0.0002850858
2460538.2697469704	1.0005106	0.00028510077
2460538.2711358625	1.0011675	0.00028515165
2460538.2725247545	1.0010805	0.00028514914
2460538.2739136466	1.0009046	0.00028509623
2460538.2753025386	1.0005772	0.0002851296
2460538.2766914307	1.0004805	0.0002851066
2460538.278080323	1.0002885	0.00028503512
2460538.279469215	1.0001664	0.00028508698
2460538.280858107	1.001316	0.00028515526
2460538.282246999	1.000829	0.00028517874
2460538.2836358915	1.0005908	0.0002851055
2460538.285024783	1.001158	0.00028519914
2460538.2864136756	1.0009109	0.000285159
2460538.2878025672	1.000082	0.00028506693
2460538.28919146	1.0006374	0.00028506338
2460538.290580352	1.000165	0.0002850275
2460538.291969244	1.0005368	0.0002851073
2460538.293358136	1.0018462	0.0002852865
2460538.294747028	1.000507	0.00028511058
2460538.29613592	0.9998201	0.00028491544
2460538.297524812	1.0000627	0.00028507246
2460538.298913704	1.0008001	0.00028509684
2460538.3003025963	1.0005633	0.0002850725
2460538.3016914884	1.0008694	0.00028520983
2460538.3030803804	1.0007049	0.00028511754
2460538.3044692725	1.0006361	0.00028511917
2460538.3058581646	1.0006162	0.00028513692
2460538.3072470566	1.000299	0.00028511204
2460538.3086359487	1.0012578	0.0002852518
2460538.3100248408	1.0002466	0.00028512924
2460538.311413733	1.0004237	0.00028503605
2460538.312802625	1.0005431	0.00028509504
2460538.314191517	1.000537	0.00028509175
2460538.315580409	1.0010676	0.00028515683
2460538.316969301	1.0003405	0.00028505272
2460538.3183581927	1.000537	0.00028510732
2460538.319747085	1.0006284	0.00028508127
2460538.3211359773	1.0005299	0.00028506442
2460538.322524869	1.0007739	0.00028514874
2460538.3239137614	1.0004605	0.00028505313
2460538.325302653	1.0008478	0.0002852018
2460538.326691545	1.0008316	0.00028508483
2460538.3280804376	1.000613	0.00028513308
2460538.329469329	1.0010736	0.0002851806
2460538.3308582213	1.0002824	0.00028511084
2460538.3322471133	1.000285	0.00028505872
2460538.3336360054	1.0002834	0.000285077
2460538.3350248975	1.0001101	0.0002850403
2460538.3364137895	1.0005213	0.00028512737
2460538.3378026816	1.0002458	0.00028502764
2460538.3391915737	1.0006726	0.00028507313
2460538.3405804657	1.0008668	0.0002851458
2460538.341969358	1.0010346	0.00028518031
2460538.34335825	1.0011824	0.00028522467
2460538.344747142	1.0005584	0.00028507508
2460538.3461360335	1.0006	0.00028515494
2460538.3475249256	1.0006781	0.00028514274
2460538.3489138177	1.0003949	0.0002850292
2460538.3503027097	1.000799	0.0002851302
2460538.351691602	1.0006224	0.0002851349
2460538.353080494	0.99988973	0.000284972
2460538.354469386	1.0012045	0.00028522714
2460538.355858278	1.0000745	0.00028504798
2460538.35724717	1.0004395	0.00028512464
2460538.358636062	1.0005621	0.00028511102
2460538.3600249537	1.0006421	0.00028512813
2460538.361413846	1.0007098	0.00028514917
2460538.362802738	1.0004241	0.00028508352
2460538.36419163	1.0009158	0.00028518768
2460538.365580522	1.0008706	0.00028513643
2460538.366969414	1.0005536	0.0002851231
2460538.368358306	0.9998142	0.0002849816
2460538.3697471977	1.0008876	0.0002850856
2460538.37113609	1.0005088	0.00028510165
2460538.372524982	1.0000665	0.0002850237
2460538.373913874	1.0004138	0.00028512915
2460538.375302766	0.9999275	0.0002850144
2460538.376691658	1.0005257	0.0002851235
2460538.37808055	1.0005966	0.00028516294
2460538.3794694417	1.0009443	0.00028510313
2460538.380858334	1.0012566	0.00028514542
2460538.382247226	0.99998707	0.00028506175
2460538.383636118	1.000537	0.00028510863
2460538.38502501	1.0010018	0.00028517187
2460538.3864139016	1.0007839	0.00028514877
2460538.3878027936	1.000467	0.0002851315
2460538.3891916857	1.0001657	0.00028505764
2460538.390580578	1.0006853	0.00028511707
2460538.39196947	1.0010033	0.00028510462
2460538.3933583614	1.0002644	0.00028510776
2460538.3947472535	1.0005263	0.00028514367
2460538.3961361456	1.00033	0.0002850496
2460538.3975250376	1.0000906	0.00028502892
2460538.3989139297	0.9999449	0.000284969
2460538.4003028213	1.0012083	0.00028512144
2460538.4016917134	1.002138	0.00028530142
2460538.4030806054	1.0002881	0.00028508724
2460538.4044694975	1.0010139	0.00028518063
2460538.4058583896	1.000571	0.0002850472
2460538.407247281	1.0006524	0.00028510357
2460538.4086361732	1.0009415	0.00028520633
2460538.4100250653	1.001371	0.00028519228
2460538.4114139574	1.0004311	0.0002851138
2460538.4128028494	1.0005653	0.00028510304
2460538.414191741	1.0006528	0.00028516533
2460538.415580633	1.0003397	0.0002850821
2460538.416969525	1.0007875	0.0002850915
2460538.418358417	0.9998794	0.0002849826
2460538.4197473093	1.0003282	0.00028504973
2460538.421136201	1.0008513	0.00028516038
2460538.422525093	0.9998746	0.00028497426
2460538.4239139846	1.0007265	0.00028512138
2460538.4253028766	1.0008891	0.00028513747
2460538.4266917687	1.0002408	0.0002850533
2460538.4280806608	1.0002313	0.0002850349
2460538.429469553	1.000912	0.00028512307
2460538.4308584444	1.0009762	0.00028516658
2460538.4322473365	1.0000362	0.00028494428
2460538.43502512	1.0004786	0.00028507184
2460538.436414012	0.9999092	0.00028504943
2460538.4378029043	1.001471	0.0002851694
2460538.4391917964	1.0006008	0.00028508966
2460538.440580688	1.0008167	0.00028516902
2460538.44196958	1.0003014	0.00028509655
2460538.443358472	1.0004402	0.0002850525
2460538.4447473637	1.0006346	0.0002851031
2460538.4461362557	1.0011126	0.0002851502
2460538.4475251473	1.0010958	0.00028515325
2460538.4489140394	1.0005555	0.00028504204
2460538.4503029315	0.9993089	0.00028486762
2460538.4516918235	1.0003201	0.00028502085
2460538.453080715	1.0009558	0.00028516699
2460538.454469607	1.0006402	0.0002850843
2460538.4558584993	1.0004615	0.00028508515
2460538.457247391	1.0006616	0.00028503567
2460538.458636283	0.9998278	0.00028493084
2460538.460025175	1.0006707	0.0002850895
2460538.4614140666	1.0003582	0.0002850445
2460538.4628029587	1.0002258	0.0002850904
2460538.4641918503	1.0011809	0.0002850788
2460538.4655807423	1.0006132	0.00028511754
2460538.468358526	1.001107	0.00028518593
2460538.469747418	1.0006893	0.00028512054
2460538.47113631	1.0010824	0.00028518442
2460538.4725252017	1.0003172	0.00028507604
2460538.473914094	1.0008191	0.00028508087
2460538.475302986	1.0006008	0.00028510086
2460538.4766918775	0.9999628	0.0002849715
2460538.4780807695	1.0004665	0.0002850149
2460538.480858553	0.99984133	0.0002849797
2460538.4822474453	1.0002636	0.00028498695
2460538.4836363373	1.0001997	0.00028504134
2460538.485025229	1.0001982	0.00028497062
2460538.486414121	1.000696	0.0002850961
2460538.4878030126	1.0007374	0.00028510336
2460538.4891919047	1.0000542	0.00028505025
2460538.4905807967	1.0001569	0.0002849935
2460538.4919696883	1.0005935	0.00028508622
2460538.4933585804	0.9995033	0.00028498715
2460538.494747472	1.0003846	0.00028506626
2460538.496136364	1.0001147	0.0002849852
2460538.4975252557	0.99988157	0.00028497685
2460538.4989141477	0.9989232	0.00028482964
2460538.50030304	0.9999984	0.00028500272
2460538.5016919314	1.000189	0.00028503887
2460538.504469715	1.0003413	0.0002850564
2460538.505858607	1.000083	0.00028494003
2460538.5072474987	1.0005107	0.0002851061
2460538.508636391	0.9996272	0.00028498558
2460538.5100252824	1.0002964	0.00028509155
2460538.5114141745	1.0004663	0.0002851341
2460538.512803066	1.0001973	0.00028496035
2460538.514191958	1.0002859	0.00028499926
2460538.5155808497	0.9998859	0.00028503675
2460538.516969742	0.9992123	0.00028490904
2460538.5183586334	1.0000787	0.00028501434
2460538.5197475255	0.9995604	0.00028498692
2460538.5211364175	0.99973863	0.00028499705
2460538.522525309	1.0003798	0.00028505092
2460538.523914201	0.9998851	0.00028504778
2460538.526691985	0.9995479	0.0002849531
2460538.5280808765	1.000049	0.00028492894
2460538.5294697685	0.99991447	0.0002849638
2460538.53085866	1.000282	0.00028506044
2460538.532247552	1.0007257	0.00028508765
2460538.533636444	1.0002986	0.00028504667
2460538.535025336	0.9991898	0.00028486128
2460538.5364142274	1.0004861	0.0002851909
2460538.5378031195	1.0000997	0.00028501498
2460538.539192011	1.0004324	0.0002851274
2460538.540580903	1.000229	0.00028507
2460538.541969795	0.99942994	0.00028498506
2460538.543358687	1.0006348	0.00028511047
2460538.5447475784	0.99948466	0.00028497638
2460538.54613647	1.0002611	0.0002851212
2460538.547525362	1.0004444	0.00028513814
2460538.5489142537	0.9998097	0.00028504716
2460538.550303146	1.0006804	0.00028518421
2460538.551692038	0.9994574	0.00028503092
2460538.5530809294	0.999899	0.00028502333
2460538.554469821	1.0010465	0.0002852149
2460538.555858713	1.0005013	0.000285147
2460538.5572476047	1.0006872	0.00028511474
2460538.558636497	1.0000037	0.00028507563
2460538.5600253884	0.9998842	0.00028513424
2460538.5614142804	1.0004195	0.00028518378
2460538.562803172	0.99999183	0.0002850881
2460538.5641920636	1.0001456	0.00028509885
2460538.5655809557	1.0006539	0.00028510767
2460538.5669698473	0.99973965	0.00028503715
2460538.5683587394	1.000456	0.00028517641
2460538.569747631	0.99947524	0.00028499696
2460538.571136523	0.99971133	0.0002851205
2460538.5725254146	0.9999449	0.00028511861
2460538.5739143062	1.0000156	0.00028514073
2460538.5753031983	1.0002595	0.0002850779
2460538.57669209	0.999889	0.00028511765
2460538.578080982	0.9998056	0.00028505278
2460538.5794698736	1.0001332	0.0002851178
2460538.580858765	0.9998219	0.00028511477
2460538.5822476572	0.99991083	0.00028509862
2460538.583636549	0.99975216	0.00028510654
2460538.585025441	0.99998456	0.00028512249
2460538.5864143325	0.999612	0.00028514897
2460538.587803224	0.9998864	0.0002850822
2460538.589192116	0.9998181	0.00028510182
2460538.590581008	1.0000776	0.0002851672
2460538.5919698994	1.0004611	0.0002851843
2460538.5933587914	1.0002793	0.0002852281
2460538.594747683	1.0005702	0.00028519548
2460538.596136575	1.0002899	0.00028514248
2460538.5975254667	1.0006214	0.00028522394
2460538.5989143583	0.99997926	0.0002851711
2460538.60030325	0.9999553	0.0002851646
2460538.601692142	1.0002029	0.00028510476
2460538.6030810336	0.99953204	0.00028510496
2460538.604469925	1.0007517	0.00028526588
2460538.605858817	1.0002095	0.0002851476
2460538.607247709	1.0000226	0.00028514033
2460538.608636601	0.99995816	0.00028505892
2460538.6100254925	1.0000515	0.00028512694
2460538.611414384	1.0001103	0.0002851391
2460538.612803276	1.0001006	0.0002851401
2460538.6141921678	0.9994996	0.0002851323
2460538.6155810594	0.9995859	0.00028504225
2460538.616969951	0.9995192	0.00028496087
2460538.618358843	1.0003428	0.00028515604
2460538.6197477346	1.000531	0.0002852123
2460538.621136626	1.0004133	0.0002852188
2460538.6225255183	1.0004998	0.00028524388
2460538.62391441	1.0001681	0.00028515566
2460538.6253033015	1.0009851	0.00028532222
2460538.6266921936	1.0009748	0.00028527356
2460538.628081085	1.0008726	0.00028524498
2460538.6294699768	1.0009545	0.00028530916
2460538.6308588684	1.0009716	0.00028529816
2460538.6322477604	1.0000604	0.00028518698
2460538.633636652	1.0015312	0.0002853904
2460538.6350255436	1.0004781	0.00028517967
2460538.6364144357	0.99990803	0.00028516763
2460538.6378033273	1.0003895	0.00028523433
2460538.639192219	1.0004487	0.00028525124
2460538.6405811105	1.000079	0.00028520823
2460538.6419700026	1.0004116	0.0002851827
2460538.643358894	1.0010835	0.000285281
2460538.6447477858	1.0003853	0.00028521655
2460538.6461366774	1.0006404	0.00028530453
2460538.647525569	1.000834	0.00028523148
2460538.648914461	1.0008316	0.00028522476
2460538.6503033526	1.0001205	0.0002851709
2460538.651692244	1.0007327	0.00028520773
2460538.6530811363	1.0008632	0.0002852211
2460538.654470028	0.99994636	0.00028507898
2460538.6558589195	0.99995744	0.0002851294
2460538.6572478116	1.0005355	0.0002852522
2460538.6586367027	1.0006784	0.00028522103
2460538.6600255948	1.0013385	0.0002853362
2460538.6614144864	1.0000656	0.00028517444
2460538.662803378	1.0002267	0.00028512112
2460538.6641922696	1.0000582	0.00028520363
2460538.6655811616	1.000834	0.00028528506
2460538.666970053	1.0006579	0.00028523192
2460538.668358945	0.99975157	0.000285151
2460538.6697478364	1.0003511	0.0002851969
2460538.671136728	0.9998963	0.00028518605
2460538.67252562	1.0001308	0.0002851234
2460538.6739145117	1.0001379	0.00028514137
2460538.6753034033	1.0009338	0.00028527854
2460538.676692295	1.0000892	0.00028519437
2460538.6780811865	1.000289	0.00028519542
2460538.6794700786	1.0005264	0.0002852262
2460538.68085897	1.0000455	0.00028518995
2460538.6822478618	1.0005581	0.000285198
2460538.6836367534	1.0004016	0.00028524047
2460538.685025645	0.9996936	0.00028510665
2460538.6864145366	1.000564	0.00028522595
2460538.6878034286	1.0007805	0.000285264
2460538.68919232	1.000262	0.00028529964
2460538.690581212	1.0000558	0.00028512345
2460538.6919701034	0.9995242	0.00028511827
2460538.693358995	1.0002459	0.00028521163
2460538.6947478866	0.99982524	0.00028516425
2460538.696136778	1.0002029	0.00028520593
2460538.6975256703	1.0003517	0.00028528727
2460538.698914562	0.999719	0.0002851895
2460538.7003034535	0.99977237	0.00028517237
2460538.701692345	0.9999753	0.00028512726
2460538.7030812367	0.99993896	0.00028514708
2460538.7044701283	1.0006673	0.00028530715
2460538.70585902	1.0001107	0.00028523398
2460538.707247912	1.0004973	0.0002851898
2460538.708636803	0.9997581	0.0002852146
2460538.710025695	1.000444	0.00028522784
2460538.7114145868	1.0004144	0.00028521373
2460538.7128034784	0.9998515	0.000285171
2460538.71419237	1.000091	0.00028516963
2460538.7155812616	0.99997026	0.00028514923
2460538.716970153	1.0003642	0.00028523433
2460538.7183590448	0.9996843	0.00028517397
2460538.7197479364	1.0003344	0.00028527106
2460538.7211368284	1.0003948	0.00028517234
2460538.7225257196	1.0001391	0.0002851941
2460538.7239146116	1.0000399	0.0002851327
2460538.7253035028	1.0004865	0.00028530968
2460538.726692395	1.0002807	0.00028512842
2460538.7280812864	1.0003002	0.00028528096
2460538.729470178	0.9997696	0.00028513098
2460538.7308590696	1.0001531	0.00028515255
2460538.732247961	1.000645	0.0002852778
2460538.733636853	1.0004026	0.00028522438
2460538.7350257444	1.0007216	0.00028533651
2460538.736414636	1.0001314	0.00028521565
2460538.7378035276	1.000555	0.00028527106
2460538.739192419	1.0002075	0.0002851983
2460538.740581311	1.0001463	0.00028525112
2460538.741970203	1.0001404	0.0002852215
2460538.743359094	1.0003239	0.0002852447
2460538.744747986	1.0002316	0.00028520043
2460538.746136877	1.0002698	0.00028527717
2460538.7475257693	1.0001385	0.00028523692
2460538.7489146604	1.0007384	0.000285331
2460538.7503035525	1.0006917	0.00028528905
2460538.751692444	1.0002041	0.0002852087
2460538.7530813357	1.0005662	0.00028526358
2460538.7544702273	0.9997758	0.00028513727
2460538.7558591184	1.0002793	0.00028521512
2460538.7572480105	0.999948	0.00028519557
2460538.758636902	1.0001149	0.00028527097
2460538.7600257937	0.9998671	0.00028520465
2460538.7614146853	1.0005635	0.0002853003
2460538.762803577	1.0000691	0.00028519545
2460538.7641924685	0.9998759	0.00028516384
2460538.76558136	1.0003766	0.0002852476
2460538.7669702517	1.0003783	0.00028521128
2460538.7683591433	1.0009629	0.00028535211
2460538.7697480344	0.99948233	0.00028510884
2460538.7711369265	1.0012349	0.00028537624
2460538.772525818	1.0003084	0.0002851818
2460538.7739147097	1.0006205	0.00028518485
2460538.7753036013	0.9997526	0.00028515118
2460538.7766924924	1.0008743	0.00028531428
2460538.7780813845	1.0002036	0.0002852256
2460538.7794702756	1.0005529	0.0002852122
2460538.780859167	1.0003116	0.00028518421
2460538.7822480593	1.0003431	0.0002852486
2460538.7836369504	1.0000489	0.00028524233
2460538.785025842	1.0008302	0.00028524332
2460538.787803625	1.0004466	0.00028524108
2460538.789192517	1.000316	0.0002852337
2460538.7905814084	1.0009971	0.00028530438
2460538.7919703	1.0000092	0.00028521832
2460538.7933591916	1.0005863	0.0002852149
2460538.794748083	0.9998982	0.00028516806
2460538.796136975	1.0002571	0.000285231
2460538.7975258664	1.0005616	0.0002852563
2460538.798914758	1.0005211	0.00028529807
2460538.800303649	1.0007155	0.00028528238
2460538.8016925408	1.000264	0.00028524143
2460538.803081433	1.0006322	0.00028526472
2460538.804470324	1.000153	0.00028524414
2460538.8058592156	1.00068	0.00028527097
2460538.807248107	0.99990785	0.00028518128
2460538.8086369988	1.000401	0.00028525508
2460538.8100258904	1.0003399	0.00028528325
2460538.811414782	0.99992883	0.00028524647
2460538.8128036736	1.0001981	0.00028511573
2460538.8141925647	0.99980867	0.000285173
2460538.8155814568	1.000644	0.00028528963
2460538.816970348	1.0008669	0.0002853046
2460538.8183592395	1.0001951	0.00028524076
2460538.819748131	1.0002518	0.00028515686
2460538.8211370227	1.0003942	0.0002852445
2460538.8225259143	0.999966	0.00028517575
2460538.8239148054	1.0000017	0.00028516355
2460538.8253036975	0.9999865	0.00028518392
2460538.826692589	1.000084	0.00028525756
2460538.82808148	1.000391	0.00028530537
2460538.829470372	1.0004202	0.0002853159
2460538.8308592634	1.0002232	0.0002852608
2460538.832248155	1.0000291	0.00028522342
2460538.8336370466	1.0003318	0.0002853053
2460538.8350259378	1.0003822	0.00028527185
2460538.8364148294	1.0004371	0.0002852622
2460538.837803721	1.0009419	0.000285319
2460538.8391926126	0.9998935	0.00028528704
2460538.840581504	1.0003518	0.00028527816
2460538.8419703958	1.0003388	0.00028531265
2460538.8433592874	0.99986446	0.00028525526
2460538.8447481785	1.000246	0.0002852846
2460538.84613707	1.0005193	0.0002853112
2460538.8475259617	1.0005589	0.00028533832
2460538.8489148533	1.0000646	0.00028522196
2460538.850303745	1.0005001	0.00028524437
2460538.851692636	1.0007744	0.0002853506
2460538.8530815276	1.0009073	0.00028536946
2460538.854470419	1.0003438	0.00028528715
2460538.855859311	0.99996394	0.00028528995
2460538.8572482024	1.0003251	0.00028529234
2460538.8586370936	1.0008568	0.0002853712
2460538.860025985	1.0008225	0.0002854051
2460538.8614148768	1.0000196	0.00028522476
2460538.8628037684	1.000478	0.00028532432
2460538.86419266	0.99996096	0.00028527388
2460538.865581551	0.9998563	0.0002852519
2460538.8669704427	1.0004995	0.00028531038
2460538.8683593343	0.99987084	0.00028521506
2460538.869748226	0.99976826	0.00028522353
2460538.871137117	1.0006639	0.00028532147
2460538.8725260086	0.99977964	0.00028521894
2460538.8739149002	1.0007124	0.00028537298
2460538.875303792	1.0004587	0.00028534007
2460538.876692683	0.9997924	0.00028527965
2460538.8780815746	1.0006607	0.00028535697
2460538.879470466	1.0003259	0.00028532394
2460538.880859358	1.0005556	0.00028533503
2460538.882248249	1.0003483	0.0002852818
2460538.8836371405	1.0003389	0.00028532336
2460538.885026032	1.0008849	0.00028537906
2460538.8864149237	1.000335	0.00028529216
2460538.8878038153	1.0000658	0.00028528622
2460538.8891927064	1.0009707	0.0002852973
2460538.890581598	1.0003027	0.00028528605
2460538.891970489	1.0004658	0.00028529827
2460538.893359381	1.001038	0.00028547252
2460538.8947482724	1.0003319	0.00028535712
2460538.896137164	0.99989885	0.00028522525
2460538.897526055	1.0002255	0.00028528264
2460538.8989149467	1.0007594	0.00028532642
2460538.9003038383	0.9996975	0.00028518675
2460538.9016927294	1.0003177	0.0002852726
2460538.903081621	1.000673	0.00028535904
2460538.9044705126	1.0004249	0.00028531265
2460538.905859404	1.000452	0.00028528608
2460538.9072482954	1.0002482	0.0002852525
2460538.908637187	1.0000637	0.0002852687
2460538.9100260786	1.0000976	0.0002852821
2460538.9114149697	0.99977714	0.00028515578
2460538.9128038613	1.0001734	0.00028532854
2460538.914192753	1.0003825	0.0002853267
2460538.915581644	1.0011672	0.0002854447
2460538.9169705356	1.0004089	0.00028533937
2460538.9183594272	0.99946773	0.00028524702
2460538.9197483184	1.0004094	0.00028535145
2460538.92113721	1.0001445	0.00028528995
2460538.922526101	0.9998228	0.0002852305
2460538.9239149927	0.99995494	0.0002851867
2460538.9253038843	0.99977994	0.0002852061
2460538.9266927755	0.99973476	0.00028520232
2460538.928081667	1.0000145	0.00028524402
2460538.9294705587	1.0003605	0.00028527176
2460538.9308594503	0.9997754	0.00028524423
2460538.9322483414	0.99968636	0.000285236
2460538.933637233	1.0008044	0.0002853249
2460538.9350261246	0.99980384	0.0002852611
2460538.9364150157	1.0008531	0.00028536736
2460538.9378039073	1.0009688	0.00028536902
2460538.9391927985	1.0006249	0.0002853657
2460538.94058169	1.0000503	0.00028527697
2460538.9419705817	1.0005378	0.00028526946
2460538.943359473	1.0006932	0.0002853529
2460538.9447483644	0.99952686	0.0002851577
2460538.9461372555	1.0001202	0.00028528407
2460538.947526147	1.0001378	0.00028524746
2460538.9489150387	1.00043	0.00028527694
2460538.95030393	0.99988467	0.00028529408
2460538.9516928215	1.0009519	0.00028539274
2460538.9530817126	1.0009438	0.000285332
2460538.954470604	0.99984705	0.00028524
2460538.9558594953	0.9997935	0.00028521995
2460538.957248387	0.9999638	0.00028522412
2460538.9586372785	1.0002947	0.000285224
2460538.9600261697	1.0007955	0.0002853301
2460538.9614150613	1.000711	0.00028534688
2460538.9628039524	0.9996676	0.00028521492
2460538.964192844	1.0011945	0.00028540366
2460538.9655817356	1.0003853	0.00028532126
2460538.9669706267	1.0003186	0.00028528465
2460538.9683595183	0.99982464	0.00028533288
2460538.9697484095	1.0002362	0.0002852431
2460538.971137301	0.99957633	0.00028509597
2460538.972526192	0.99996525	0.00028526934
2460538.973915084	1.0000067	0.0002851993
2460538.975303975	0.99945503	0.00028514868
2460538.9766928665	0.99994946	0.0002852385
2460538.9780817577	1.0007018	0.00028531655
2460538.9794706493	1.0003527	0.00028527607
2460538.9808595404	1.000011	0.00028518317
2460538.982248432	0.9995624	0.00028522123
2460538.983637323	0.9999195	0.00028518622
2460538.9850262147	0.9998107	0.00028522947
2460538.986415106	0.99884796	0.0002850783
2460538.9878039975	1.0001585	0.0002852201
2460538.989192889	0.9996919	0.00028521012
2460538.99058178	0.99994755	0.0002852366
2460538.991970672	0.99991107	0.0002852395
2460538.993359563	0.99969244	0.0002852356
2460538.9947484545	0.99988496	0.00028524682
2460538.9961373457	0.99963313	0.0002851272
2460538.997526237	1.0003544	0.00028524266
2460538.9989151284	1.0003816	0.00028527324
2460539.0003040195	1.0007572	0.00028530016
2460539.001692911	1.000064	0.00028524085
2460539.0030818027	1.0000468	0.00028527228
2460539.004470694	1.0003784	0.0002852866
2460539.0058595855	1.0008068	0.00028533363
2460539.0072484766	0.9996753	0.00028516853
2460539.0086373677	1.0000844	0.0002852557
2460539.0100262593	1.0007203	0.00028534053
2460539.0114151505	1.0000051	0.0002851731
2460539.012804042	0.9999945	0.0002851865
2460539.014192933	1.0004042	0.00028524137
2460539.015581825	0.9997431	0.0002851944
2460539.016970716	0.999845	0.0002851594
2460539.0183596076	1.0001285	0.00028522286
2460539.0197484987	1.0000073	0.00028526093
2460539.02113739	1.0001687	0.00028524233
2460539.0225262814	1.0004838	0.00028532863
2460539.0239151726	0.99976534	0.00028520994
2460539.025304064	0.9998242	0.00028522115
2460539.0266929553	0.9993797	0.00028516763
2460539.028081847	1.0000123	0.0002852223
2460539.029470738	1.000454	0.00028525235
2460539.030859629	1.0000348	0.0002852746
2460539.0322485208	0.9996897	0.00028520369
2460539.0336374124	1.000279	0.00028520418
2460539.0350263035	0.9997174	0.00028515598
2460539.0364151946	0.9988607	0.00028504847
2460539.0378040858	0.99933183	0.00028513803
2460539.0391929774	0.9999214	0.0002852255
2460539.040581869	1.0002894	0.00028528506
2460539.04197076	0.99972457	0.00028526128
2460539.043359651	1.0001948	0.00028522086
2460539.0447485424	1.0002242	0.0002852742
2460539.046137434	1.0000685	0.0002852596
2460539.047526325	0.99902165	0.00028512412
2460539.0489152167	1.0005006	0.0002853327
2460539.050304108	0.99981314	0.00028518672
2460539.051692999	1.0005422	0.0002852924
2460539.0530818906	0.99999684	0.0002852175
2460539.0544707817	0.99978614	0.0002852405
2460539.0558596733	1.0003521	0.0002853659
2460539.0572485644	1.0003026	0.0002852817
2460539.0586374556	0.999579	0.0002852113
2460539.060026347	1.0002182	0.0002852693
2460539.0614152383	1.0013335	0.00028538136
2460539.0628041294	1.0002662	0.00028527816
2460539.064193021	0.9992752	0.00028519446
2460539.065581912	1.0001942	0.00028529082
2460539.066970804	0.99955314	0.0002851434
2460539.068359695	0.99982876	0.00028520447
2460539.069748586	0.9999053	0.0002851585
2460539.0711374776	0.99954134	0.00028526952
2460539.072526369	1.0000597	0.00028521
2460539.07391526	1.0002784	0.0002852752
2460539.075304151	0.9992419	0.0002851498
2460539.0766930426	0.9997561	0.0002852403
2460539.078081934	0.99946797	0.00028520127
2460539.079470825	1.0005997	0.0002852968
2460539.0808597165	0.9990021	0.00028518387
2460539.0822486077	1.0002738	0.00028533122
2460539.083637499	0.9996789	0.00028523954
2460539.08502639	0.9995957	0.00028522857
2460539.0864152815	0.99992025	0.00028532866
2460539.087804173	0.9996223	0.0002851929
2460539.0891930643	1.0006155	0.0002853274
2460539.0905819554	0.9995601	0.000285245
2460539.0919708465	1.0003257	0.00028533465
2460539.093359738	1.0004148	0.000285307
2460539.0947486293	1.0004914	0.00028532042
2460539.0961375204	1.0001208	0.00028532173
2460539.0975264115	0.9999576	0.00028528593
2460539.0989153027	1.0002048	0.0002852966
2460539.1003041943	1.0003494	0.00028532825
2460539.1016930854	0.999813	0.0002852598
2460539.1030819765	0.999684	0.00028528334
2460539.104470868	1.0000812	0.00028530104
2460539.1058597593	1.0001984	0.00028524554
2460539.1072486504	0.99966586	0.00028528832
2460539.1086375415	1.0002909	0.00028531378
2460539.110026433	1.0002733	0.0002853347
2460539.1114153243	0.9997004	0.000285251
2460539.1128042154	1.0000637	0.00028525264
2460539.114193107	1.0001379	0.00028528608
2460539.115581998	0.9996521	0.00028526984
2460539.1169708893	1.0003018	0.0002852796
2460539.1183597804	0.9999278	0.0002852884
2460539.1197486715	0.9999031	0.0002853112
2460539.121137563	0.9996409	0.000285237
2460539.1225264543	1.0001864	0.00028528637
2460539.1239153454	0.9999356	0.0002852636
2460539.125304237	1.0004128	0.00028529094
2460539.126693128	1.0004779	0.0002853644
2460539.1280820193	1.0002095	0.00028535168
2460539.1294709104	0.99908215	0.00028517368
2460539.1308598015	1.0003976	0.00028533174
2460539.1322486927	1.0007005	0.00028540683
2460539.1336375843	0.9999523	0.00028524842
2460539.1350264754	0.9997632	0.0002852455
2460539.1364153665	0.99971235	0.000285239
2460539.1378042577	1.0001419	0.00028532403
2460539.139193149	0.9992239	0.00028523145
2460539.1405820404	0.9994985	0.000285261
2460539.1419709316	0.9997526	0.00028520852
2460539.1433598227	0.9992074	0.00028521713
2460539.144748714	0.99924237	0.00028516285
2460539.146137605	0.99993736	0.00028520447
2460539.1475264966	1.0000292	0.0002852666
2460539.1489153877	1.0006485	0.0002853524
2460539.150304279	0.9994349	0.00028519862
2460539.15169317	0.99976695	0.0002852334
2460539.153082061	1.0000448	0.0002852698
2460539.154470952	1.0007813	0.0002853261
2460539.155859844	1.000135	0.00028536373
2460539.157248735	0.9995896	0.00028520607
2460539.158637626	0.9995745	0.00028522726
2460539.160026517	1.0001132	0.00028527615
2460539.1614154084	0.999545	0.00028525526
2460539.1628042995	0.99955183	0.00028519297
2460539.1641931906	1.0004056	0.00028527764
2460539.1655820822	0.99978906	0.00028524583
2460539.1669709734	1.000037	0.00028526637
2460539.1683598645	0.9998024	0.00028530575
2460539.1697487556	0.99951416	0.00028523782
2460539.171137647	0.9999701	0.00028526102
2460539.172526538	0.99997634	0.00028526012
2460539.173915429	1.0006369	0.0002853554
2460539.1753043206	1.000039	0.0002853084
2460539.1766932113	0.9992077	0.00028511038
2460539.178082103	0.99913454	0.00028517804
2460539.179470994	0.9995283	0.00028524693
2460539.180859885	0.999247	0.00028519423
2460539.1822487763	0.9997703	0.0002852596
2460539.1836376674	1.0001274	0.0002853091
2460539.1850265586	1.0004948	0.00028530095
2460539.1864154497	1.0002079	0.00028533203
2460539.187804341	0.9991326	0.00028516861
2460539.1891932325	0.9998839	0.00028527313
2460539.190582123	1.0000392	0.00028529466
2460539.1919710147	0.9998274	0.00028527097
2460539.1933599054	1.0001965	0.0002853213
2460539.194748797	0.9998733	0.00028526154
2460539.196137688	0.999784	0.00028516687
2460539.1975265793	1.0000119	0.00028523424
2460539.1989154704	0.99926215	0.00028522068
2460539.2003043615	0.9999095	0.00028519533
2460539.2016932527	1.0001789	0.00028529175
2460539.203082144	1.0001595	0.00028519102
2460539.204471035	1.0003219	0.00028530924
2460539.205859926	0.9996418	0.00028523227
2460539.207248817	1.0002394	0.00028526687
2460539.2086377083	0.9996886	0.00028526393
2460539.2100266	0.9994976	0.00028517572
2460539.2114154906	0.9990479	0.00028505916
2460539.212804382	0.9981692	0.0002849588
2460539.214193273	0.9978583	0.00028492126
2460539.2155821645	0.9971309	0.00028482467
2460539.2169710556	0.9961033	0.00028472338
2460539.2183599467	0.9954148	0.000284659
2460539.219748838	0.9944197	0.000284448
2460539.221137729	0.9952177	0.00028445842
2460539.22252662	0.99414915	0.00028436605
2460539.223915511	0.9937931	0.0002843603
2460539.2253044024	0.9943024	0.00028435362
2460539.2266932935	0.9933973	0.00028428622
2460539.229471076	0.9933309	0.0002843054
2460539.230859967	0.9937374	0.00028434984
2460539.232248858	0.9936195	0.00028428767
2460539.233637749	0.99358344	0.0002842753
2460539.2350266404	0.9934223	0.00028428208
2460539.2364155315	0.9945616	0.0002843717
2460539.237804422	0.9940302	0.00028434594
2460539.2391933138	0.9943142	0.00028443217
2460539.240582205	0.9941901	0.00028432813
2460539.241971096	0.99384856	0.00028434457
2460539.243359987	0.99431044	0.00028439134
2460539.244748878	0.9939644	0.00028435784
2460539.2461377694	0.9935878	0.00028428718
2460539.2475266606	0.9936166	0.00028427955
2460539.248915551	0.99384767	0.00028434212
2460539.250304443	0.9935393	0.00028431317
2460539.2516933335	0.99367887	0.00028429294
2460539.2530822246	0.9941233	0.00028428092
2460539.254471116	0.9943752	0.00028436843
2460539.255860007	0.9939364	0.0002842777
2460539.257248898	0.99397916	0.00028430263
2460539.258637789	0.99338007	0.00028417428
2460539.2600266803	0.99423605	0.00028429253
2460539.2614155714	0.9945831	0.0002842893
2460539.2628044626	0.9950208	0.00028422277
2460539.4794714586	1.0013157	0.0002853695
2460539.4808603497	1.0010828	0.00028535817
2460539.4822492404	1.0008583	0.00028530363
2460539.4836381315	1.0004483	0.0002852651
2460539.4850270227	1.0000808	0.00028525176
2460539.4864159133	1.000729	0.00028528704
2460539.487804804	1.0007722	0.00028530505
2460539.489193695	1.0009443	0.0002853636
2460539.490582586	1.0005573	0.0002853245
2460539.491971477	1.0006461	0.00028534836
2460539.4933603676	1.0010579	0.00028535415
2460539.4947492587	1.0008562	0.00028534065
2460539.4961381494	0.99974823	0.00028519955
2460539.4975270405	1.0006944	0.00028530613
2460539.498915931	1.0008734	0.00028529105
2460539.500304822	1.0005105	0.00028528704
2460539.501693713	1.0000081	0.00028526026
2460539.503082604	1.0007402	0.00028533267
2460539.504471495	1.0003226	0.00028526972
2460539.5058603855	1.0001049	0.00028520188
2460539.5072492766	1.000894	0.00028533567
2460539.5086381673	1.0004215	0.00028531713
2460539.5100270584	1.000395	0.00028537007
2460539.511415949	1.0000876	0.00028523436
2460539.51280484	1.0004177	0.00028533873
2460539.514193731	1.0001304	0.0002853379
2460539.5155826216	0.9999829	0.00028529158
2460539.5169715127	1.0001359	0.00028535654
2460539.5183604034	0.99993944	0.00028532566
2460539.5197492945	1.000134	0.00028535377
2460539.521138185	1.0001864	0.00028533602
2460539.5225270763	1.0001471	0.0002853493
2460539.523915967	1.0001538	0.00028535424
2460539.5253048576	0.9998206	0.00028532595
2460539.526693749	1.0000566	0.00028534295
2460539.5280826394	1.0003799	0.00028544612
2460539.5294715306	1.0004514	0.00028536163
2460539.5308604212	1.0000895	0.0002853249
2460539.532249312	1.0008051	0.00028543477
2460539.533638203	1.0003867	0.0002854247
2460539.5350270937	0.99993885	0.00028535444
2460539.536415985	1.0001146	0.00028539627
2460539.5378048755	1.0001673	0.00028533392
2460539.539193766	1.0003134	0.0002854075
2460539.5405826573	1.0000578	0.00028538614
2460539.541971548	1.0001036	0.0002853642
2460539.5433604387	0.9993099	0.00028527583
2460539.54474933	1.0003971	0.00028537965
2460539.5461382205	1.0000526	0.0002854081
2460539.5475271116	0.99958336	0.0002853649
2460539.5489160023	0.99972713	0.00028534065
2460539.550304893	1.0004749	0.0002854627
2460539.551693784	1.0000632	0.00028542563
2460539.5530826747	1.0004175	0.00028549545
2460539.5544715654	1.0004275	0.00028543366
2460539.5558604565	0.99988425	0.0002854263
2460539.557249347	0.999861	0.00028539763
2460539.558638238	0.99997663	0.000285426
2460539.5600271286	1.0002608	0.00028546687
2460539.5614160197	0.9998277	0.0002854471
2460539.5628049104	1.0001578	0.00028548515
2460539.564193801	0.9999022	0.0002854633
2460539.565582692	1.0000582	0.00028547674
2460539.566971583	1.0009171	0.00028553364
2460539.5683604735	1.0002602	0.00028549106
2460539.5697493646	0.9992392	0.0002853777
2460539.5711382553	1.0006653	0.00028548733
2460539.572527146	0.99976754	0.00028543893
2460539.573916037	0.99988115	0.00028544661
2460539.575304928	0.9997625	0.00028538192
2460539.5766938184	0.99948996	0.00028541597
2460539.5780827096	1.0001533	0.00028546882
2460539.5794716002	1.0006561	0.00028557345
2460539.580860491	1.0001378	0.00028550107
2460539.582249382	1.0002588	0.0002855317
2460539.5836382727	0.99984646	0.00028545028
2460539.5850271634	0.9991751	0.0002853666
2460539.586416054	1.0002311	0.00028547714
2460539.587804945	1.0000266	0.00028548713
2460539.589193836	0.99972105	0.00028541137
2460539.5905827265	1.0004663	0.00028552633
2460539.591971617	0.99995905	0.00028546396
2460539.5933605083	1.0002179	0.00028550802
2460539.594749399	0.9998559	0.00028543608
2460539.5961382897	0.99966806	0.0002854308
2460539.5975271803	0.99997455	0.00028549257
2460539.5989160715	1.0009108	0.0002855895
2460539.600304962	1.0001314	0.00028548684
2460539.601693853	1.0004009	0.00028554053
2460539.603082744	1.0002109	0.00028550485
2460539.6044716346	0.9999457	0.00028543858
2460539.6058605253	1.0002272	0.00028550046
2460539.607249416	1.0005192	0.00028555962
2460539.6086383066	0.9997371	0.0002854571
2460539.6100271977	1.0004396	0.0002855108
2460539.6114160884	1.0000485	0.00028548492
2460539.612804979	1.0003698	0.00028549257
2460539.6141938698	0.9998974	0.0002854677
2460539.615582761	1.0001525	0.00028546565
2460539.6169716516	1.0002674	0.00028548084
2460539.618360542	1.0003418	0.00028555098
2460539.619749433	0.9996942	0.00028542563
2460539.6211383236	0.99998826	0.00028546524
2460539.6225272147	0.9999634	0.00028544266
2460539.6239161054	0.99956226	0.0002854317
2460539.625304996	1.0000185	0.00028550392
2460539.6266938867	0.9997822	0.00028546108
2460539.6280827774	1.0002834	0.00028551236
2460539.6294716685	0.99987984	0.0002854804
2460539.630860559	0.9998881	0.0002854724
2460539.63224945	0.99968606	0.00028542048
2460539.6336383405	0.9997744	0.00028542927
2460539.635027231	1.000005	0.0002854951
2460539.6364161223	0.999585	0.0002854481
2460539.637805013	0.9996425	0.00028541777
2460539.6391939037	1.0002486	0.00028549577
2460539.6405827943	0.99994767	0.00028549612
2460539.641971685	1.0001812	0.0002854915
2460539.6433605757	0.99975973	0.0002854214
2460539.644749467	0.9998174	0.00028542295
2460539.646138357	0.9998351	0.0002854477
2460539.647527248	1.0001919	0.00028552726
2460539.648916139	1.0006539	0.000285562
2460539.6503050295	1.0007949	0.0002855638
2460539.65169392	1.0002974	0.0002855067
2460539.6530828113	1.0002202	0.00028550258
2460539.6544717015	0.99980927	0.00028546187
2460539.6558605926	1.0004728	0.00028557467
2460539.6572494833	1.0002826	0.00028549894
2460539.658638374	0.9997455	0.00028541012
2460539.6600272646	0.9998579	0.00028546609
2460539.6614161553	1.0000378	0.0002854609
2460539.662805046	1.0005285	0.00028550476
2460539.664193937	0.99966437	0.00028543107
2460539.6655828273	0.9999993	0.00028544507
2460539.6669717184	0.99971986	0.00028538023
2460539.668360609	1.0003633	0.00028549245
2460539.6697494998	0.99990326	0.00028547988
2460539.6711383904	1.0002801	0.00028548637
2460539.672527281	1.0001256	0.00028546786
2460539.673916172	1.000167	0.0002854698
2460539.675305063	0.9995829	0.0002853945
2460539.676693953	1.0006686	0.00028553526
2460539.6780828442	0.99977064	0.0002854664
2460539.6794717344	0.99944705	0.00028536638
2460539.6808606256	0.9999881	0.0002854127
2460539.6822495162	1.000176	0.00028547208
2460539.683638407	1.0004125	0.00028545895
2460539.6850272976	1.0001707	0.00028546317
2460539.6864161883	1.0000135	0.00028544516
2460539.687805079	1.0004237	0.0002855186
2460539.6891939696	1.0001873	0.00028546184
2460539.6905828603	0.99976695	0.00028541966
2460539.691971751	1.0001605	0.00028545523
2460539.6933606416	1.0001483	0.00028548957
2460539.6947495323	1.000452	0.00028551475
2460539.696138423	1.0001717	0.00028547322
2460539.697527314	0.9997789	0.00028540194
2460539.6989162043	0.9998168	0.0002854338
2460539.7003050954	1.00015	0.00028544056
2460539.701693986	1.000478	0.00028547648
2460539.7030828767	0.999957	0.0002854145
2460539.7044717674	1.0000356	0.00028543166
2460539.705860658	0.9999359	0.0002853684
2460539.7072495488	1.000082	0.00028542086
2460539.7086384394	1.0007658	0.0002855184
2460539.71002733	0.9999239	0.00028543576
2460539.7114162208	0.9999324	0.00028542103
2460539.7128051114	0.99926096	0.0002853273
2460539.714194002	1.0002183	0.00028542927
2460539.7155828928	1.0000727	0.0002854783
2460539.7169717834	0.9998886	0.000285421
2460539.718360674	0.9999195	0.00028541285
2460539.719749565	1.0003132	0.00028541856
2460539.7211384554	1.0000467	0.00028545808
2460539.722527346	1.0003661	0.00028543125
2460539.723916237	1.0002415	0.00028545765
2460539.7253051274	0.99974734	0.00028542985
2460539.726694018	1.0002244	0.00028548637
2460539.728082909	0.9996827	0.0002853695
2460539.7294717995	0.9998588	0.0002854164
2460539.73086069	1.0006655	0.000285513
2460539.732249581	0.9998315	0.0002854123
2460539.7336384715	1.000484	0.00028552182
2460539.735027362	0.99973845	0.00028541067
2460539.736416253	1.0001065	0.00028541463
2460539.7378051435	1.0004057	0.00028551405
2460539.739194034	1.0001779	0.00028544906
2460539.740582925	1.0003291	0.00028548314
2460539.7419718155	1.0001638	0.00028546443
2460539.7433607057	1.0001172	0.00028541978
2460539.744749597	1.0006899	0.00028552453
2460539.7461384875	1.0000656	0.0002854431
2460539.7475273777	1.0002422	0.00028543756
2460539.748916269	1.0004109	0.00028547086
2460539.750305159	1.0000942	0.0002854528
2460539.7516940497	1.0000567	0.0002854564
2460539.7530829404	1.0009631	0.00028557453
2460539.754471831	1.0005517	0.00028549158
2460539.7558607217	1.000358	0.00028546233
2460539.7572496124	1.0003119	0.00028548055
2460539.758638503	0.999971	0.0002854184
2460539.7600273937	1.0001093	0.00028543366
2460539.7614162844	1.0002867	0.00028546253
2460539.762805175	0.99996746	0.00028541806
2460539.7641940657	1.0006057	0.00028549516
2460539.765582956	1.0006349	0.00028546597
2460539.7669718466	1.000404	0.0002854736
2460539.7683607377	1.00083	0.0002854794
2460539.769749628	1.0001059	0.00028544237
2460539.7711385186	1.0002793	0.00028543768
2460539.7725274093	1.0000544	0.0002853911
2460539.7739163	1.0003952	0.00028549886
2460539.7753051906	1.0006527	0.00028550258
2460539.7766940813	1.000226	0.00028542924
2460539.778082972	1.0001119	0.00028544257
2460539.7794718626	0.9997321	0.0002854055
2460539.780860753	1.0003111	0.0002854646
2460539.7822496435	1.0003142	0.0002854536
2460539.783638534	1.0004576	0.0002854918
2460539.785027425	1.0002601	0.0002854151
2460539.7864163155	0.99985266	0.00028541416
2460539.787805206	0.99990034	0.00028537327
2460539.789194097	1.000666	0.00028550232
2460539.7905829875	1.0004375	0.00028549958
2460539.7919718777	1.0007833	0.00028549333
2460539.7933607684	1.0004095	0.0002854898
2460539.794749659	1.0001485	0.00028543826
2460539.7961385497	1.0004417	0.00028551294
2460539.7975274404	0.99996	0.00028541288
2460539.7989163306	1.0011649	0.0002856122
2460539.800305221	1.0009761	0.000285578
2460539.8016941124	1.000498	0.00028549344
2460539.8030830026	1.0008028	0.000285507
2460539.8044718932	1.0004488	0.00028552624
2460539.805860784	1.000172	0.0002854518
2460539.8072496746	1.0004648	0.0002855136
2460539.8086385652	1.0002986	0.00028546088
2460539.8100274554	1.0004139	0.00028551763
2460539.811416346	1.0009817	0.00028553515
2460539.812805237	1.0000926	0.0002854591
2460539.8141941275	1.0002388	0.0002854813
2460539.815583018	1.0007914	0.0002855614
2460539.816971909	1.0006155	0.00028550383
2460539.818360799	1.000439	0.0002855148
2460539.8197496897	1.0009443	0.00028556638
2460539.8211385803	1.0008534	0.0002855682
2460539.822527471	1.0007397	0.00028554015
2460539.8239163617	1.0004066	0.00028546952
2460539.825305252	1.000842	0.00028555506
2460539.8266941425	1.0004497	0.00028547825
2460539.828083033	1.0008384	0.0002855327
2460539.8294719234	1.0001422	0.00028544423
2460539.830860814	1.0004244	0.0002855417
2460539.8322497047	1.0000252	0.00028545994
2460539.8336385954	1.001054	0.00028561172
2460539.835027486	1.0003148	0.00028549213
2460539.8364163763	1.0000182	0.0002854773
2460539.837805267	1.0005641	0.00028552068
2460539.8391941576	1.000125	0.00028550776
2460539.8405830483	0.99991643	0.00028549854
2460539.841971939	1.0006251	0.0002855257
2460539.843360829	1.000383	0.00028551047
2460539.84474972	1.0005317	0.00028557956
2460539.8461386105	1.0003755	0.00028552156
2460539.8475275007	1.0004897	0.0002855002
2460539.8489163914	1.0005898	0.00028556882
2460539.850305282	1.0006472	0.00028557781
2460539.8516941727	1.0005096	0.00028557767
2460539.8530830634	1.0006261	0.00028555468
2460539.8544719536	1.0006036	0.00028556277
2460539.8558608443	1.000013	0.00028547482
2460539.857249735	1.0005729	0.00028556888
2460539.858638625	1.0008337	0.00028559886
2460539.860027516	1.000521	0.000285541
2460539.8614164065	1.000499	0.00028553372
2460539.8628052967	1.0008014	0.00028561347
2460539.8641941873	1.0004181	0.00028549996
2460539.865583078	1.0007416	0.00028558998
2460539.8669719687	1.0003326	0.00028549923
2460539.868360859	1.0007527	0.00028559894
2460539.8697497495	1.0005146	0.00028556547
2460539.87113864	1.0004551	0.0002855457
2460539.872527531	1.0003421	0.00028550695
2460539.873916421	1.0002872	0.00028555564
2460539.8753053118	0.999907	0.00028545372
2460539.8766942024	1.0002147	0.00028551815
2460539.8780830926	1.0006769	0.0002855655
2460539.8794719833	1.0002697	0.0002855086
2460539.880860874	1.0000582	0.00028548698
2460539.882249764	0.99983877	0.00028549464
2460539.883638655	1.0000277	0.00028548678
2460539.885027545	1.0006495	0.00028558355
2460539.8864164357	1.0000907	0.000285534
2460539.8878053264	1.0003957	0.0002855481
2460539.889194217	1.0004139	0.00028553055
2460539.8905831072	1.0007998	0.00028560776
2460539.891971998	1.0001786	0.00028550604
2460539.8933608886	1.0012662	0.0002856701
2460539.894749779	1.0008875	0.00028558806
2460539.8961386695	1.0007206	0.00028560736
2460539.89752756	1.0002277	0.00028550238
2460539.8989164503	1.0005538	0.00028559065
2460539.900305341	1.0007224	0.0002855898
2460539.9016942317	1.0002819	0.0002855094
2460539.903083122	1.0010084	0.00028560834
2460539.9044720125	1.0002444	0.00028549312
2460539.9058609027	1.0004945	0.0002855508
2460539.9072497934	0.9998677	0.00028545185
2460539.908638684	1.0007224	0.00028561018
2460539.9100275743	1.000833	0.0002855737
2460539.911416465	1.0005664	0.00028553733
2460539.9128053556	1.0004553	0.00028556015
2460539.914194246	1.0000203	0.0002854788
2460539.9155831365	1.0008892	0.00028559784
2460539.9169720267	1.0003151	0.0002855618
2460539.9183609174	1.0006219	0.00028557255
2460539.9197498076	1.0005474	0.00028554496
2460539.9211386982	1.0001053	0.00028549592
2460539.922527589	1.0008844	0.00028559746
2460539.923916479	1.0004104	0.00028552
2460539.92530537	1.0001463	0.0002854933
2460539.92669426	1.0007758	0.000285585
2460539.9280831506	1.0002726	0.00028549042
2460539.929472041	1.0005755	0.00028555657
2460539.9308609315	1.0008103	0.00028558515
2460539.932249822	0.99981695	0.00028546393
2460539.9336387124	1.0001692	0.00028549263
2460539.935027603	1.0005773	0.00028553227
2460539.9364164937	1.0003853	0.00028550797
2460539.937805384	1.0002981	0.0002855061
2460539.9391942746	1.0001619	0.0002855034
2460539.940583165	1.0004241	0.00028546987
2460539.9419720555	1.0002998	0.0002855183
2460539.9433609457	1.0004293	0.00028550706
2460539.9447498363	0.99976057	0.0002854283
2460539.9461387265	1.0001256	0.00028548678
2460539.947527617	1.0006196	0.0002855502
2460539.9489165074	1.0000356	0.0002855024
2460539.950305398	0.9998187	0.00028548742
2460539.9516942888	1.0001172	0.00028550575
2460539.953083179	1.0002974	0.00028547307
2460539.9544720696	0.99999857	0.00028545872
2460539.95586096	1.0007435	0.0002855568
2460539.9572498505	1.0000478	0.00028546722
2460539.9586387407	0.99973166	0.0002854487
2460539.9600276314	0.9992653	0.00028534667
2460539.9614165216	0.9995655	0.00028538454
2460539.9628054122	0.9997285	0.00028542892
2460539.9641943024	0.9999227	0.00028545916
2460539.965583193	0.99970347	0.00028538387
2460539.9669720833	0.9990926	0.0002853407
2460539.968360974	0.99962616	0.0002854133
2460539.9697498647	0.9993499	0.00028533663
2460539.971138755	0.999579	0.0002853713
2460539.972527645	0.9994705	0.00028533823
2460539.9739165357	0.9990956	0.0002852947
2460539.975305426	0.9993846	0.00028536393
2460539.9766943166	0.9992355	0.00028533142
2460539.978083207	0.9995658	0.00028536457
2460539.9794720975	0.9990788	0.00028530788
2460539.9808609877	0.99984807	0.00028537557
2460539.9822498783	0.9997048	0.00028539568
2460539.9836387686	0.9998393	0.00028541422
2460539.985027659	1.0002207	0.00028545267
2460539.9864165494	1.0001817	0.00028542895
2460539.98780544	0.99969393	0.00028540668
2460539.9891943303	0.9994433	0.00028537575
2460539.9905832205	0.99932766	0.0002853596
2460539.991972111	0.99972713	0.00028540145
2460539.9933610014	0.99962866	0.000285367
2460539.994749892	0.99890083	0.00028531445
2460539.9961387827	0.9993964	0.0002853322
2460539.997527673	0.9992918	0.0002853189
2460539.998916563	1.0000048	0.00028542412
2460540.0003054533	0.9996782	0.0002853688
2460540.001694344	0.9997469	0.00028534656
2460540.0030832347	0.99938285	0.00028534554
2460540.004472125	0.99998415	0.00028538596
2460540.005861015	0.99911135	0.00028532042
2460540.0072499057	0.9995296	0.00028534554
2460540.008638796	0.9995637	0.00028537033
2460540.0100276866	0.99959713	0.0002853816
2460540.011416577	0.99965435	0.0002853614
2460540.012805467	0.99923784	0.00028529367
2460540.0141943577	0.9999351	0.0002854037
2460540.015583248	0.9998796	0.00028540357
2460540.0169721385	0.99937415	0.00028530534
2460540.0183610287	0.99999523	0.00028541207
2460540.019749919	0.99985576	0.00028540194
2460540.0211388096	0.9999769	0.00028543413
2460540.0225277003	0.99931765	0.0002853301
2460540.0239165905	0.99940974	0.00028532222
2460540.0253054807	0.9994045	0.0002853459
2460540.026694371	0.9994739	0.0002853644
2460540.0280832616	0.9995556	0.00028535633
2460540.029472152	0.9994937	0.0002853674
2460540.0308610424	0.99946696	0.00028536277
2460540.0322499326	0.9993196	0.0002853718
2460540.0336388233	1.0002614	0.00028544076
2460540.0350277135	0.99982816	0.0002853917
2460540.0364166037	1.0002221	0.0002854678
2460540.037805494	0.9998745	0.00028542962
2460540.0391943846	0.9994023	0.00028536253
2460540.040583275	0.99987054	0.000285392
2460540.041972165	0.9993134	0.00028535014
2460540.0433610557	0.9993885	0.00028535386
2460540.0447499463	0.999955	0.0002854474
2460540.0461388365	0.9994966	0.0002853844
2460540.0475277267	0.9999045	0.00028540753
2460540.048916617	0.99984443	0.00028538375
2460540.0503055076	1.0000758	0.0002854167
2460540.051694398	0.9999881	0.00028541574
2460540.053083288	0.99933434	0.00028536562
2460540.0544721787	0.9996946	0.0002854188
2460540.055861069	0.99965507	0.00028536594
2460540.057249959	0.99967587	0.00028541812
2460540.0586388498	0.99969393	0.0002853637
2460540.06002774	0.99940175	0.0002853803
2460540.06141663	0.99991095	0.000285403
2460540.062805521	0.9994838	0.0002853706
2460540.064194411	0.9994732	0.0002854051
2460540.0655833012	0.99954396	0.00028540113
2460540.066972192	0.9991334	0.00028532263
2460540.068361082	0.9994414	0.0002853783
2460540.0697499723	0.99994814	0.00028544528
2460540.071138863	0.9998697	0.00028545441
2460540.072527753	0.99906844	0.00028538698
2460540.0739166434	0.9993939	0.00028535494
2460540.0753055336	0.99916375	0.00028536507
2460540.0766944243	1.0002295	0.00028549516
2460540.0780833145	0.9994109	0.0002853631
2460540.0794722047	0.99959046	0.00028539656
2460540.0808610953	0.9989931	0.00028531984
2460540.0822499855	0.9997298	0.0002854313
2460540.0836388757	1.0002689	0.00028551684
2460540.085027766	0.9997165	0.00028542607
2460540.086416656	0.9991336	0.00028538238
2460540.087805547	0.99987	0.00028545165
2460540.089194437	1.0003644	0.0002854985
2460540.090583327	1.0000483	0.00028545602
2460540.091972218	1.0000192	0.00028544155
2460540.093361108	0.9997972	0.0002854308
2460540.0947499983	0.99953294	0.00028540185
2460540.096138889	0.99970466	0.00028541806
2460540.0975277787	1.0000237	0.00028550928
2460540.0989166694	0.9996907	0.00028541728
2460540.1003055596	0.9999345	0.00028547578
2460540.10169445	1.0004344	0.00028555433
2460540.1030833405	0.99986464	0.00028543317
2460540.1044722307	1.0004877	0.00028553794
2460540.105861121	1.0001941	0.0002855133
2460540.107250011	1.0000837	0.00028553087
2460540.1086389013	1.0005057	0.0002855697
2460540.110027792	1.0001545	0.0002855272
2460540.111416682	1.0008346	0.00028562875
2460540.1128055723	0.9998232	0.00028552368
2460540.1141944625	0.99994886	0.00028547103
2460540.115583353	1.0004736	0.00028557255
2460540.1169722434	1.0004599	0.00028551917
2460540.1183611336	1.0005223	0.00028555957
2460540.119750024	1.0004215	0.00028553125
2460540.121138914	1.0006717	0.00028555706
2460540.1225278047	1.0002273	0.000285504
2460540.123916695	1.0003127	0.0002855244
2460540.125305585	1.0004766	0.00028555465
2460540.1266944753	1.0003313	0.00028556466
2460540.1280833655	1.0003388	0.00028555663
2460540.129472256	1.000231	0.0002855603
2460540.1308611464	1.0001419	0.00028549106
2460540.1322500366	1.0002062	0.00028552575
2460540.133638927	1.0000327	0.0002854917
2460540.135027817	1.000477	0.0002855432
2460540.136416707	1.0003902	0.00028554475
2460540.137805598	0.9995027	0.000285412
2460540.139194488	1.0002999	0.00028551053
2460540.1405833783	0.9995192	0.00028540168
2460540.1419722685	1.0002421	0.00028551128
2460540.1433611587	0.999975	0.00028547453
2460540.1447500493	0.9999779	0.00028546245
2460540.146138939	1.0004182	0.00028551646
2460540.1475278297	1.0004696	0.0002855576
2460540.14891672	1.0007117	0.00028558404
2460540.15030561	1.0005436	0.00028555578
2460540.1516945004	1.0003245	0.00028552194
2460540.153083391	1.0005097	0.00028554635
2460540.1544722808	1.0002893	0.00028551862
2460540.1558611714	1.0001296	0.00028548558
2460540.157250061	1.000524	0.00028553355
2460540.158638952	1.0010779	0.00028561903
2460540.160027842	1.0008523	0.00028553762
2460540.1614167322	1.0003717	0.0002855473
2460540.1628056224	1.0000324	0.00028551437
2460540.164194513	1.0001743	0.00028551894
2460540.165583403	1.0008762	0.000285568
2460540.1669722935	1.00019	0.00028551993
2460540.1683611833	1.0002027	0.00028548855
2460540.169750074	0.9999158	0.00028552033
2460540.171138964	0.9999551	0.0002854883
2460540.1725278543	1.0006307	0.00028552604
2460540.1739167445	1.0004761	0.00028556827
2460540.1753056347	1.00032	0.00028551772
2460540.176694525	1.0000207	0.00028548573
2460540.178083415	0.99977887	0.0002854833
2460540.1794723053	1.0001851	0.00028552156
2460540.1808611955	1.0002898	0.00028550843
2460540.182250086	1.000677	0.00028555447
2460540.183638976	1.0006449	0.00028556152
2460540.1850278666	1.0004833	0.00028553954
2460540.186416757	0.9998893	0.0002854776
2460540.187805647	1.0005959	0.00028550706
2460540.1891945372	1.0004259	0.0002855182
2460540.1905834274	1.000429	0.00028554836
2460540.1919723176	1.0003098	0.00028551166
2460540.193361208	1.0002178	0.00028553043
2460540.194750098	1.0006428	0.00028556006
2460540.1961389882	1.0000346	0.00028545095
2460540.1975278785	1.0001794	0.0002855094
2460540.1989167687	1.0005292	0.0002855634
2460540.200305659	1.0000641	0.00028547194
2460540.2016945495	0.9997355	0.00028542033
2460540.2030834393	1.0002774	0.00028547223
2460540.20447233	0.99995464	0.00028544912
2460540.2058612197	1.0005027	0.00028548346
2460540.20725011	1.0006791	0.00028554982
2460540.2086390005	1.0005333	0.00028549356
2460540.2100278903	1.000229	0.00028553305
2460540.211416781	1.0002987	0.0002855437
2460540.212805671	1.0005162	0.00028550738
2460540.2141945614	1.0000066	0.00028546405
2460540.2155834516	1.0004181	0.00028548753
2460540.2169723413	1.0003389	0.000285515
2460540.218361232	1.0004364	0.00028548352
2460540.219750122	1.0007792	0.00028556425
2460540.2211390124	1.0005082	0.00028554656
2460540.2225279026	0.99981594	0.0002854199
2460540.223916793	0.99968606	0.00028542368
2460540.225305683	0.9997629	0.00028540284
2460540.226694573	1.0006117	0.00028551888
2460540.228083463	1.0002656	0.0002854584
2460540.2294723536	1.0003179	0.00028548876
2460540.230861244	1.0005744	0.00028551015
2460540.2322501335	0.99978966	0.00028540837
2460540.233639024	1.0009067	0.00028554013
2460540.2350279144	1.0003284	0.0002855121
2460540.236416804	1.0000342	0.0002854118
2460540.237805695	1.0007557	0.00028551635
2460540.2391945845	0.99997634	0.00028542907
2460540.2405834747	1.0004936	0.00028547682
2460540.2419723654	0.99987984	0.0002853981
2460540.243361255	0.9992155	0.00028532345
2460540.2447501454	1.0003663	0.00028545913
2460540.2461390356	1.0005282	0.00028547534
2460540.2475279258	1.0005373	0.00028548602
2460540.248916816	0.99999475	0.0002854583
2460540.250305706	0.99989146	0.0002854197
2460540.2516945964	1.0006735	0.0002855094
2460540.2530834866	1.0004826	0.00028546667
2460540.254472377	1.0002297	0.00028541384
2460540.255861267	1.0001808	0.00028540703
2460540.257250157	1.0002085	0.00028544842
2460540.2586390474	0.9999239	0.0002853549
2460540.2600279376	1.0003536	0.0002854811
2460540.261416828	1.0005914	0.0002854702
2460540.2628057175	0.9997485	0.00028540628
2460540.264194608	0.9993784	0.00028537042
2460540.265583498	1.0000291	0.0002854369
2460540.266972388	0.9994308	0.00028532493
2460540.2683612783	0.99974924	0.0002854033
2460540.2697501685	1.0000648	0.000285433
2460540.2711390588	1.0005721	0.00028544728
2460540.272527949	1.0000949	0.00028545762
2460540.273916839	1.000298	0.0002854424
2460540.2753057294	1.0000126	0.00028542487
2460540.276694619	1.0002422	0.0002854313
2460540.2780835093	1.0002689	0.00028544452
2460540.2794724	1.0004338	0.0002854543
2460540.2808612897	1.0004685	0.0002854836
2460540.28225018	0.9998903	0.00028538425
2460540.28363907	0.9998745	0.00028539423
2460540.2850279603	1.0002694	0.0002854364
2460540.2864168505	1.0004503	0.0002854664
2460540.2878057403	1.000286	0.00028548177
2460540.2891946305	0.9999182	0.0002854309
2460540.290583521	0.99999475	0.00028541507
2460540.291972411	1.0004997	0.0002854541
2460540.293361301	0.99988824	0.00028537525
2460540.2947501913	1.0003419	0.00028546728
2460540.2961390815	0.9999627	0.0002854048
2460540.2975279717	0.99988985	0.00028535837
2460540.2989168614	0.9999265	0.00028539484
2460540.3003057516	0.99978065	0.00028535727
2460540.301694642	0.9995463	0.00028536704
2460540.303083532	1.0000312	0.00028543963
2460540.304472422	1.0004226	0.00028545808
2460540.3058613124	1.0000428	0.00028543553
2460540.307250202	1.000116	0.0002854116
2460540.3086390924	0.99985254	0.00028539554
2460540.3100279826	1.0000703	0.00028538017
2460540.311416873	0.9999262	0.00028538742
2460540.312805763	1.0000348	0.00028543177
2460540.3141946527	1.0000511	0.00028544775
2460540.315583543	0.99978733	0.00028538133
2460540.3169724336	0.9998078	0.00028537327
2460540.3183613233	0.99988955	0.0002853994
2460540.3197502135	1.0001718	0.00028544213
2460540.3211391037	1.0002018	0.00028544036
2460540.3225279935	1.0005939	0.00028552866
2460540.3239168837	1.0004288	0.00028546012
2460540.325305774	1.0003315	0.00028548986
2460540.326694664	0.99991906	0.00028540884
2460540.3280835543	1.0001997	0.00028539705
2460540.329472444	1.0001204	0.00028545552
2460540.330861334	0.9997451	0.00028540322
2460540.3322502244	1.0001307	0.00028543768
2460540.3336391146	0.9997138	0.00028535989
2460540.335028005	0.9998203	0.00028544353
2460540.3364168946	1.0000867	0.00028545113
2460540.337805785	0.9999304	0.00028542103
2460540.339194675	0.9999753	0.00028545494
2460540.340583565	1.000163	0.00028545302
2460540.3419724554	1.0006316	0.00028551836
2460540.3433613456	1.0002079	0.00028547994
2460540.3447502353	0.9997079	0.00028539746
2460540.3461391255	0.9998595	0.000285424
2460540.3475280153	1.0002645	0.00028548794
2460540.3489169055	1.0001225	0.00028545022
2460540.3503057957	1.0002592	0.00028546154
2460540.351694686	1.0002056	0.0002854788
2460540.353083576	1.0004009	0.00028547415
2460540.3544724663	1.0000546	0.0002854315
2460540.355861356	0.9997844	0.0002854248
2460540.357250246	0.99983686	0.0002854424
2460540.358639136	1.0001897	0.00028541556
2460540.360028026	1.0000951	0.0002854526
2460540.3614169164	0.99985415	0.0002854415
2460540.3628058066	1.0000738	0.00028542185
2460540.3641946963	1.0002803	0.00028549708
2460540.3655835865	0.9999045	0.00028541623
2460540.3669724767	0.99988145	0.00028541728
2460540.368361367	1.0000024	0.00028543858
2460540.369750257	0.9997404	0.00028542083
2460540.371139147	1.0000246	0.00028545523
2460540.372528037	1.0002235	0.00028549042
2460540.373916927	1.0000801	0.00028546734
2460540.375305817	0.99944896	0.0002853588
2460540.376694707	1.000448	0.00028549464
2460540.378083597	0.99999243	0.00028548064
2460540.379472487	0.9999079	0.00028543198
2460540.3808613773	1.0000393	0.00028544175
2460540.3822502675	1.0000126	0.0002854445
2460540.3836391573	1.0003607	0.00028552787
2460540.3850280475	0.9998643	0.00028543625
2460540.3864169377	1.0007051	0.00028551446
2460540.387805828	1.0003661	0.00028551734
2460540.3891947176	1.0000607	0.00028545276
2460540.390583608	0.9995387	0.00028539778
2460540.391972498	1.0001601	0.00028546999
2460540.393361388	1.000065	0.00028546865
2460540.394750278	1.0003257	0.00028552234
2460540.3961391677	1.0003817	0.00028556408
2460540.397528058	0.99993944	0.00028541966
2460540.398916948	0.99999404	0.000285449
2460540.400305838	1.0002006	0.00028551917
2460540.401694728	1.0002836	0.00028550127
2460540.4030836183	1.0001783	0.00028548803
2460540.404472508	1.0000701	0.00028550124
2460540.405861398	1.0002192	0.0002854945
2460540.407250288	1.0000172	0.00028544496
2460540.408639178	1.0000079	0.00028547586
2460540.4100280683	0.9997334	0.0002854276
2460540.411416958	0.9999416	0.00028546757
2460540.4128058483	0.99992603	0.0002854449
2460540.4141947385	1.0001506	0.00028547706
2460540.415583628	1.0001619	0.00028551562
2460540.4169725184	0.9994639	0.00028544824
2460540.418361408	0.99958366	0.0002854168
2460540.4197502984	0.9992823	0.00028540008
2460540.4211391886	0.9998939	0.00028547048
2460540.4225280783	0.9997177	0.00028543986
2460540.4239169685	1.0001092	0.0002854833
2460540.4253058587	0.99995065	0.00028546317
2460540.4266947485	0.99976814	0.00028545936
2460540.4280836387	1.0003539	0.0002855916
2460540.429472529	0.9999162	0.00028546917
2460540.4308614186	0.9998396	0.00028547648
2460540.432250309	0.9999836	0.00028547045
2460540.4336391985	0.9999497	0.00028542898
2460540.4350280887	0.9995409	0.00028543043
2460540.436416979	1.0003167	0.00028551198
2460540.4378058687	0.99944633	0.00028542132
2460540.439194759	1.000201	0.00028551088
2460540.4405836486	0.9998955	0.00028550634
2460540.441972539	1.0000418	0.00028548032
2460540.4433614286	0.9998118	0.00028546923
2460540.444750319	0.99997634	0.00028548532
2460540.4461392085	1.0005143	0.0002855254
2460540.4475280987	0.99950564	0.00028542435
2460540.4489169884	0.99980444	0.0002854771
2460540.4503058787	0.9997744	0.00028541547
2460540.451694769	0.9999493	0.00028542744
2460540.4530836586	0.99948484	0.00028542115
2460540.454472549	1.0001013	0.00028548253
2460540.4558614385	0.99934435	0.00028537572
2460540.4572503287	0.99976206	0.00028543748
2460540.458639219	0.99979323	0.00028541774
2460540.4600281087	0.9999443	0.00028545485
2460540.4614169984	0.99986964	0.00028541576
2460540.4628058886	0.9998507	0.00028542837
2460540.4641947784	1.0000083	0.00028547551
2460540.4655836686	0.9998005	0.0002854579
2460540.4669725583	0.99985033	0.00028544245
2460540.4683614485	0.9998301	0.00028540782
2460540.4697503387	0.99945664	0.00028537223
2460540.4711392284	1.0002306	0.0002854631
2460540.4725281186	0.9997067	0.00028540628
2460540.4739170084	0.99920243	0.0002853528
2460540.4753058986	1.0000105	0.00028550174
2460540.4766947883	0.99957204	0.00028538823
2460540.478083678	1.0004992	0.00028550354
2460540.4794725683	1.00021	0.00028548017
2460540.4808614585	0.9997045	0.00028541288
2460540.482250348	1.0001942	0.00028546795
2460540.4836392384	0.9994023	0.0002853268
2460540.485028128	1.0000355	0.00028546838
2460540.4864170183	0.9998114	0.0002854064
2460540.487805908	0.9997234	0.00028542982
2460540.489194798	0.999759	0.00028540878
2460540.490583688	1.0002513	0.0002854727
2460540.491972578	0.99971396	0.00028539958
2460540.493361468	0.99958694	0.00028534842
2460540.4947503577	1.0000353	0.0002854535
2460540.496139248	1.0003431	0.00028550153
2460540.4975281376	1.0001372	0.00028546056
2460540.498917028	1.0001631	0.00028546987
2460540.500305918	1.000118	0.000285449
2460540.501694808	1.0005679	0.0002855314
2460540.5030836975	0.9996718	0.00028539906
2460540.5044725877	1.0005609	0.0002855021
2460540.5058614775	0.9997909	0.00028541
2460540.5072503677	1.0005043	0.00028549673
2460540.5086392574	0.999923	0.0002854489
2460540.5100281476	1.0002224	0.00028546818
2460540.5114170373	0.9998472	0.00028545744
2460540.512805927	1.0002741	0.00028549827
2460540.5141948173	1.0005293	0.0002855062
2460540.515583707	1.0006646	0.00028555613
2460540.516972597	0.9999792	0.00028547161
2460540.518361487	0.9997532	0.00028544266
2460540.5197503767	1.0002733	0.00028551675
2460540.521139267	0.99994844	0.00028546387
2460540.522528157	1.0004872	0.00028557534
2460540.523917047	0.99988014	0.00028545092
2460540.5253059366	0.9996913	0.00028546245
2460540.5266948263	1.0002642	0.0002855302
2460540.5280837165	0.99997765	0.00028548943
2460540.5294726067	1.0001775	0.00028548393
2460540.5308614965	0.9999707	0.00028548323
2460540.532250386	0.9997889	0.0002854429
2460540.5336392764	0.99984425	0.00028544888
2460540.535028166	0.9997154	0.00028548733
2460540.536417056	1.000082	0.00028551684
2460540.537805946	0.9996657	0.00028549298
2460540.539194836	1.0004991	0.0002855582
2460540.540583726	1.0002934	0.00028553497
2460540.5419726158	1.0003693	0.0002855299
2460540.5433615055	0.99999815	0.000285487
2460540.5447503957	1.000209	0.00028553983
2460540.5461392854	1.000238	0.00028552982
2460540.5475281756	1.0000811	0.00028552243
2460540.5489170654	0.9999829	0.0002855201
2460540.550305955	1.0000179	0.00028553745
2460540.5516948453	0.9999149	0.00028551012
2460540.553083735	1.000151	0.00028555188
2460540.554472625	1.0003433	0.0002855707
2460540.555861515	1.0002065	0.0002855557
2460540.5572504047	1.0001479	0.00028554906
2460540.5586392945	0.9996785	0.00028548067
2460540.5600281847	0.9997355	0.0002854952
2460540.5614170744	0.9998191	0.0002854859
2460540.562805964	0.9993972	0.00028544152
2460540.5641948543	1.0004385	0.00028556382
2460540.565583744	0.9995242	0.00028546585
2460540.5669726343	0.99959695	0.00028548736
2460540.568361524	0.9991633	0.000285409
2460540.5697504138	0.99919003	0.00028545343
2460540.571139304	1.0000651	0.00028552185
2460540.5725281937	1.0004096	0.00028557394
2460540.5739170834	0.99975044	0.00028549886
2460540.575305973	0.9995444	0.00028546524
2460540.5766948634	0.9999701	0.00028553428
2460540.578083753	1.0003927	0.00028560695
2460540.579472643	0.9998599	0.00028550517
2460540.580861533	0.99957436	0.00028552406
2460540.582250423	1.00057	0.0002855979
2460540.5836393125	0.9997655	0.00028553826
2460540.5850282027	1.0002631	0.00028557924
2460540.5864170925	0.9997623	0.00028552656
2460540.587805982	0.9996337	0.0002855314
2460540.5891948724	0.9999613	0.0002855275
2460540.5905837617	0.9999573	0.00028556123
2460540.591972652	0.9996904	0.00028550142
2460540.5933615416	1.0004493	0.00028558628
2460540.5947504314	0.9998839	0.0002855269
2460540.5961393216	0.99975723	0.00028551035
2460540.5975282113	0.9994636	0.00028544068
2460540.598917101	0.9999692	0.00028555153
2460540.6003059912	1.0001416	0.0002855663
2460540.601694881	0.9994302	0.0002854587
2460540.6030837707	0.9997786	0.0002855288
2460540.604472661	0.99943876	0.00028544947
2460540.6058615507	0.999596	0.00028549493
2460540.6072504404	0.99926966	0.00028545025
2460540.60863933	0.9996523	0.0002854844
2460540.61002822	1.000098	0.0002855619
2460540.61141711	1.0005846	0.00028561268
2460540.612806	0.99939245	0.00028550794
2460540.6141948896	0.99971914	0.00028552295
2460540.6155837798	0.9999995	0.000285559
2460540.616972669	1.0000452	0.0002855688
2460540.618361559	0.999698	0.00028554007
2460540.619750449	0.9993083	0.000285452
2460540.6211393387	0.9995666	0.00028548032
2460540.622528229	0.99935013	0.00028547912
2460540.6239171186	0.99971294	0.00028551323
2460540.6253060084	1.0000515	0.00028557825
2460540.626694898	0.9996484	0.00028553355
2460540.628083788	0.9993985	0.00028545523
2460540.629472678	0.9995856	0.0002855325
2460540.630861568	0.9995377	0.0002854851
2460540.6322504575	0.9998976	0.0002855429
2460540.6336393473	1.0002317	0.00028557502
2460540.635028237	1.0001329	0.00028557586
2460540.636417127	0.9997148	0.00028547706
2460540.637806017	0.9996853	0.00028550212
2460540.6391949067	0.9994985	0.00028546268
2460540.6405837964	0.9994312	0.00028544496
2460540.6419726866	0.9994206	0.0002854791
2460540.6433615764	0.9993785	0.00028547228
2460540.644750466	0.99933887	0.00028548605
2460540.646139356	0.9997889	0.00028548596
2460540.6475282456	0.9995923	0.00028546527
2460540.648917136	0.99953586	0.0002854794
2460540.650306025	1.0000379	0.00028549187
2460540.6516949153	0.99963015	0.00028547534
2460540.653083805	1.0001904	0.00028558008
2460540.6544726947	0.9991906	0.00028539737
2460540.6558615845	0.999831	0.00028551955
2460540.657250474	0.9995387	0.00028545765
2460540.6586393644	0.9996301	0.00028550517
2460540.660028254	0.99974126	0.00028547127
2460540.661417144	0.99968284	0.00028548454
2460540.6628060336	0.99995	0.00028550395
2460540.6641949234	0.9997439	0.00028545552
2460540.665583813	0.9996796	0.00028545863
2460540.6669727033	1.0001918	0.00028550977
2460540.6683615926	0.9995431	0.0002854606
2460540.669750483	0.9991402	0.00028541405
2460540.6711393725	0.9997693	0.0002854884
2460540.6725282623	1.0000538	0.0002854967
2460540.673917152	0.9990884	0.00028540214
2460540.6753060417	0.99989754	0.0002855043
2460540.6766949315	0.99996	0.0002854564
2460540.6780838217	0.99955994	0.00028541556
2460540.6794727114	0.99926835	0.00028538104
2460540.680861601	0.9999031	0.0002854772
2460540.682250491	1.0002404	0.00028549018
2460540.6836393806	1.0001274	0.00028548014
2460540.6850282704	0.9992386	0.0002853691
2460540.68641716	0.99944913	0.00028542688
2460540.68780605	0.9997152	0.00028547074
2460540.6891949396	0.99980736	0.00028544548
2460540.69058383	0.9999208	0.0002854609
2460540.6919727195	0.998639	0.0002852765
2460540.6933616092	0.9982455	0.00028523582
2460540.694750499	0.9977768	0.00028516198
2460540.6961393887	0.99666566	0.00028504408
2460540.6975282785	0.9963993	0.00028499542
2460540.698917168	0.9955467	0.0002848516
2460540.700306058	0.99434906	0.0002846754
2460540.7016949477	0.99380326	0.00028465874
2460540.7030838374	0.99365705	0.0002846276
2460540.704472727	0.9931499	0.00028454853
2460540.705861617	0.9937569	0.00028466334
2460540.7072505066	0.9930125	0.0002845629
2460540.708639397	0.99259114	0.00028448028
2460540.710028286	0.993514	0.00028461753
2460540.7114171763	0.992906	0.00028450807
2460540.712806066	0.9928522	0.00028454288
2460540.714194956	0.99324554	0.00028451227
2460540.7155838455	0.9925604	0.0002844782
2460540.7169727352	0.993052	0.0002845218
2460540.718361625	0.99282885	0.00028452004
2460540.7197505147	0.99316853	0.00028453692
2460540.7211394045	0.99256724	0.00028443793
2460540.722528294	0.9923439	0.00028444597
2460540.723917184	0.99323434	0.00028457833
2460540.7253060737	0.99271566	0.00028444876
2460540.7266949634	0.9927144	0.00028451526
2460540.728083853	0.99235904	0.00028447303
2460540.729472743	0.99277395	0.000284523
2460540.7308616326	0.992237	0.0002844359
2460540.7322505224	0.9925785	0.00028444856
2460540.733639412	0.992631	0.0002844666
2460540.735028302	0.99212945	0.0002844427
2460540.7364171916	0.99281025	0.00028448345
2460540.7378060813	0.9921809	0.00028441756
2460540.7391949715	0.99287814	0.00028454757
2460540.740583861	0.9918438	0.00028439795
2460540.7419727505	0.9930347	0.0002845443
2460540.7433616403	0.99199045	0.00028443016
2460540.74475053	0.9924657	0.0002844806
2460540.74613942	0.99299824	0.00028453203
2460540.7475283095	0.9926913	0.0002844925
2460540.748917199	0.9923257	0.0002844702
2460540.7503060894	0.99209386	0.00028445237
2460540.7516949787	0.99290514	0.00028443648
2460540.7530838684	0.9925669	0.00028446087
2460540.754472758	0.9926732	0.0002844984
2460540.755861648	0.99297935	0.00028451966
2460540.7572505376	0.99301875	0.00028451596
2460540.7586394274	0.99295217	0.00028452187
2460540.760028317	0.99323416	0.00028457862
2460540.761417207	0.99276394	0.00028453185
2460540.7628060966	0.992614	0.0002845271
2460540.7641949863	0.9930475	0.0002845595
2460540.765583876	0.9922553	0.00028446695
2460540.766972766	0.9932963	0.00028457504
2460540.7683616555	0.99272	0.00028454003
2460540.7697505453	0.9927867	0.00028451666
2460540.771139435	0.9926063	0.0002844998
2460540.7725283247	0.99260974	0.00028446672
2460540.7739172145	0.9924975	0.00028447653
2460540.775306104	0.9928426	0.00028450257
2460540.7766949935	0.9924477	0.00028444384
2460540.778083883	0.99302584	0.00028453287
2460540.7794727734	0.9930219	0.000284565
2460540.7808616627	0.9929574	0.0002845211
2460540.7822505524	0.99316245	0.00028454256
2460540.783639442	0.9929674	0.0002845524
2460540.785028332	0.9927328	0.00028454763
2460540.7864172217	0.99239576	0.00028448305
2460540.7878061114	0.9933462	0.00028459585
2460540.789195001	0.9931458	0.00028455647
2460540.790583891	0.99300843	0.00028454512
2460540.7919727806	0.9930144	0.00028456823
2460540.7933616703	0.99291444	0.00028454824
2460540.79475056	0.99327105	0.00028460898
2460540.7961394493	0.9927276	0.0002845105
2460540.797528339	0.9931861	0.00028456104
2460540.798917229	0.9932648	0.00028458878
2460540.8003061186	0.9935654	0.00028460444
2460540.8016950083	0.99295527	0.00028454568
2460540.803083898	0.99351996	0.00028464067
2460540.804472788	0.9935451	0.00028462883
2460540.8058616775	0.9935236	0.00028461474
2460540.807250567	0.9934408	0.00028464524
2460540.8086394565	0.99354875	0.00028461407
2460540.8100283467	0.9931987	0.00028457982
2460540.811417236	0.99412674	0.00028470528
2460540.8128061257	0.9937207	0.00028465095
2460540.8141950155	0.9935067	0.0002846276
2460540.815583905	0.99348235	0.0002846362
2460540.816972795	0.9934832	0.0002846377
2460540.818361684	0.99323493	0.0002846021
2460540.819750574	0.9935532	0.00028466174
2460540.8211394637	0.9940354	0.00028470223
2460540.8225283534	0.9935346	0.00028464216
2460540.823917243	0.99377865	0.0002846245
2460540.825306133	0.9934117	0.00028466168
2460540.8266950226	0.99377596	0.00028467798
2460540.8280839124	0.993796	0.00028469187
2460540.8294728016	0.9937682	0.00028467606
2460540.8308616914	0.9945966	0.0002848117
2460540.832250581	0.9933747	0.00028464966
2460540.833639471	0.9940566	0.0002847294
2460540.8350283606	0.9947175	0.00028481818
2460540.83641725	0.994799	0.0002848749
2460540.8378061396	0.9954193	0.00028488287
2460540.8391950293	0.9966146	0.00028508398
2460540.840583919	0.99687123	0.00028509414
2460540.841972809	0.9984448	0.0002853351
2460540.8433616986	0.9986623	0.00028536195
2460540.844750588	0.99868655	0.00028537423
2460540.8461394776	0.99921304	0.00028545063
2460540.8475283673	0.99976987	0.0002855161
2460540.848917257	0.9994922	0.00028551262
2460540.850306147	1.0001272	0.00028556382
2460540.851695036	1.0004895	0.0002855843
2460540.853083926	0.9996914	0.0002855182
2460540.8544728155	0.99984485	0.00028555587
2460540.8558617053	0.9995018	0.00028548637
2460540.857250595	0.9998457	0.00028554292
2460540.8586394847	0.9999736	0.00028553448
2460540.860028374	0.9997643	0.0002855349
2460540.8614172637	0.99953246	0.00028552397
2460540.862806153	0.99937487	0.00028548864
2460540.8641950428	0.99995524	0.00028553038
2460540.8655839325	0.9997956	0.00028554237
2460540.866972822	0.9994039	0.00028548602
2460540.868361712	1.000076	0.00028557042
2460540.8697506017	1.0004995	0.00028562194
2460540.871139491	0.9996324	0.00028556687
2460540.8725283807	0.999365	0.0002855072
2460540.8739172705	0.9998226	0.0002855239
2460540.8753061597	1.0002794	0.000285644
2460540.8766950495	0.9995194	0.0002855362
2460540.878083939	0.99968374	0.00028556495
2460540.879472829	0.9996156	0.00028549685
2460540.8808617187	1.0000502	0.00028557976
2460540.882250608	0.99957955	0.0002855277
2460540.8836394977	0.9998024	0.00028554437
2460540.8850283874	0.99937385	0.00028550412
2460540.8864172767	0.9996298	0.00028553235
2460540.8878061664	0.99961734	0.00028549827
2460540.889195056	1.0000017	0.00028553104
2460540.890583946	0.99991316	0.00028557284
2460540.8919728356	1.0002166	0.0002855723
2460540.893361725	1.0000952	0.0002856239
2460540.8947506147	0.9999999	0.0002855905
2460540.896139504	1.0001475	0.00028561565
2460540.8975283937	0.99939793	0.00028553107
2460540.8989172834	0.9995377	0.00028549225
2460540.9003061727	0.99976593	0.00028554915
2460540.9016950624	0.99988365	0.0002855619
2460540.903083952	0.99915636	0.00028548375
2460540.904472842	0.99907136	0.00028547106
2460540.9058617316	0.9994832	0.0002855021
2460540.907250621	1.0001717	0.00028557962
2460540.9086395106	0.9994976	0.00028551347
2460540.9100284004	1.000102	0.00028556245
2460540.9114172896	0.99912715	0.00028541664
2460540.9128061794	1.0003006	0.0002856111
2460540.914195069	0.99986273	0.00028552086
2460540.9155839584	0.9995775	0.0002855285
2460540.916972848	0.99993175	0.0002855432
2460540.918361738	0.9998017	0.00028552968
2460540.919750627	0.99968565	0.00028550386
2460540.921139517	1.0000358	0.00028557298
2460540.922528406	0.9998287	0.0002855278
2460540.923917296	0.99979126	0.00028551702
2460540.9253061856	0.9995946	0.00028547773
2460540.926695075	0.9998483	0.0002855379
2460540.9280839646	0.99968505	0.00028553337
2460540.9294728544	0.9997642	0.00028551772
2460540.930861744	0.9992867	0.0002854751
2460540.9322506334	1.0003164	0.00028556565
2460540.933639523	1.0000415	0.00028554955
2460540.935028413	0.9994443	0.00028545756
2460540.936417302	1.0004169	0.00028558017
2460540.937806192	1.000083	0.00028554644
2460540.939195081	0.99971586	0.0002854763
2460540.940583971	0.999803	0.00028549708
2460540.9419728606	1.0001837	0.00028552793
2460540.94336175	0.99968576	0.00028547714
2460540.9447506396	0.9996975	0.0002854604
2460540.9461395293	1.0000206	0.00028554458
2460540.9475284186	0.9994378	0.0002854439
2460540.9489173084	0.9996827	0.0002855042
2460540.9503061976	0.99974406	0.00028550907
2460540.9516950874	0.99965703	0.000285504
2460540.953083977	0.9999195	0.00028551955
2460540.9544728664	0.9994581	0.00028547223
2460540.955861756	0.99950445	0.00028544734
2460540.9572506454	0.99998957	0.00028550322
2460540.958639535	0.9998899	0.00028545313
2460540.960028425	1.0000247	0.0002855159
2460540.961417314	1.000338	0.00028556917
2460540.962806204	0.99924195	0.00028538596
2460540.964195093	0.99991924	0.00028550514
2460540.965583983	1.0004268	0.00028555412
2460540.966972872	0.9997841	0.00028550785
2460540.968361762	1.000138	0.00028549464
2460540.9697506516	0.99981564	0.00028544306
2460540.971139541	0.9996502	0.00028547153
2460540.9725284306	0.9997911	0.00028544315
2460540.9739173204	1.0000631	0.00028546786
2460540.9753062096	0.99937326	0.00028543483
2460540.9766950994	1.0005318	0.00028553448
2460540.9780839887	0.9997524	0.000285468
2460540.9794728784	0.99939317	0.00028544464
2460540.9808617677	1.0000612	0.00028543407
2460540.9822506574	1.0001136	0.00028552022
2460540.9836395467	0.99921495	0.00028539696
2460540.9850284364	0.9996734	0.00028538823
2460540.9864173257	0.9993231	0.00028536364
2460540.9878062154	0.9992164	0.0002853901
2460540.989195105	0.99976563	0.00028540753
2460540.9905839944	0.99982977	0.0002854261
2460540.991972884	0.9996695	0.0002854235
2460540.9933617734	1.0001366	0.0002855227
2460540.994750663	1.0003598	0.00028550124
2460540.996139553	1.0001718	0.00028545735
2460540.997528442	1.0003011	0.00028548742
2460540.9989173315	0.99986285	0.00028545343
2460541.000306221	0.99997693	0.00028547482
2460541.0016951105	1.000194	0.00028545878
2460541.003084	0.9993589	0.0002853868
2460541.0044728895	0.9994997	0.0002853663
2460541.005861779	1.0003115	0.0002854886
2460541.007250669	1.0000293	0.0002854648
2460541.008639558	1.0005734	0.00028549708
2460541.010028448	1.0005563	0.00028555366
2460541.011417337	0.9999191	0.00028544266
2460541.0128062265	0.99987215	0.00028540424
2460541.0141951162	0.9994811	0.0002854347
2460541.0155840055	0.99965584	0.0002854273
2460541.0169728952	1.0003378	0.00028550925
2460541.018361785	0.9997461	0.00028539804
2460541.0197506743	1.0000722	0.00028548916
2460541.021139564	0.99987507	0.00028541664
2460541.0225284533	1.0002391	0.00028548343
2460541.0239173425	0.99968463	0.00028544682
2460541.0253062323	1.0002322	0.0002855122
2460541.0266951215	0.99960977	0.00028542604
2460541.0280840113	0.99986327	0.00028545765
2460541.0294729006	0.9997744	0.00028546609
2460541.0308617903	1.000302	0.0002854698
2460541.0322506796	0.99937576	0.0002854259
2460541.0336395693	1.0001333	0.00028554408
2460541.0350284586	0.99995655	0.0002854671
2460541.0364173483	1.0009083	0.00028556166
2460541.0378062376	0.99999386	0.0002854722
2460541.0391951273	0.99952525	0.00028541594
2460541.0405840166	1.0000561	0.0002855016
2460541.041972906	1.000545	0.00028552758
2460541.0433617956	1.0002999	0.0002855481
2460541.0447506853	1.0000834	0.0002855089
2460541.0461395746	1.0000875	0.00028552473
2460541.047528464	1.000013	0.00028548675
2460541.0489173536	1.0008458	0.00028560346
2460541.050306243	1.0002962	0.00028550523
2460541.0516951326	0.99977964	0.00028552182
2460541.053084022	0.9995903	0.00028545017
2460541.054472911	0.9999509	0.00028550127
2460541.055861801	1.0000378	0.00028553072
2460541.05725069	1.0004348	0.00028553544
2460541.05863958	0.9996969	0.00028548602
2460541.060028469	0.9996394	0.00028549205
2460541.0614173585	1.0001941	0.000285569
2460541.062806248	0.99991345	0.00028549702
2460541.0641951375	1.0003061	0.00028555567
2460541.065584027	1.0003656	0.00028557386
2460541.0669729165	1.0004255	0.00028554053
2460541.0683618058	0.99976206	0.0002855212
2460541.0697506955	0.99989	0.00028549388
2460541.071139585	0.9999076	0.0002855114
2460541.0725284745	0.9992074	0.00028536958
2460541.073917364	1.0004619	0.00028556492
2460541.075306253	1.000199	0.0002856006
2460541.076695143	0.99948394	0.00028543943
2460541.078084032	1.0004468	0.00028558308
2460541.0794729213	1.0004365	0.0002855661
2460541.080861811	1.0001159	0.00028555383
2460541.082250701	0.9994266	0.0002854708
2460541.08363959	1.0003371	0.000285541
2460541.0850284793	1.0004718	0.00028558128
2460541.0864173686	1.0005146	0.00028560768
2460541.0878062584	0.9998011	0.0002855044
2460541.0891951476	1.0000648	0.00028556824
2460541.090584037	0.9999377	0.00028555116
2460541.0919729266	0.99975216	0.00028551754
2460541.093361816	1.0003388	0.00028560645
2460541.0947507056	0.99996	0.00028554504
2460541.096139595	1.0010873	0.00028568617
2460541.0975284846	1.0003366	0.00028560948
2460541.098917374	1.0001298	0.00028553407
2460541.100306263	0.9994904	0.00028551085
2460541.1016951525	1.0008398	0.00028564606
2460541.103084042	1.0008408	0.00028565706
2460541.1044729315	1.0001098	0.00028556617
2460541.1058618207	1.0002862	0.0002855532
2460541.1072507105	1.0001302	0.00028559376
2460541.1086395998	1.0001842	0.0002856018
2460541.110028489	0.9998511	0.00028555308
2460541.1114173788	1.0000072	0.00028550834
2460541.112806268	1.0000283	0.00028554897
2460541.1141951573	1.0003139	0.00028563972
2460541.115584047	1.0005294	0.00028560354
2460541.1169729363	0.9999978	0.0002855453
2460541.1183618256	1.0000252	0.00028554993
2460541.1197507153	0.99990195	0.00028557118
2460541.1211396046	1.0001718	0.00028557263
2460541.122528494	1.0001802	0.00028557036
2460541.123917383	1.0004826	0.00028561562
2460541.125306273	1.0006586	0.0002856601
2460541.126695162	1.0000303	0.00028560034
2460541.1280840514	0.9999049	0.0002855355
2460541.129472941	0.9998925	0.00028554886
2460541.1308618304	1.0001264	0.00028563465
2460541.1322507197	0.9997962	0.00028556632
2460541.1336396094	1.0004057	0.00028562438
2460541.1350284987	1.0000284	0.00028557616
2460541.136417388	1.000057	0.00028555605
2460541.1378062777	1.0001047	0.00028562368
2460541.1391951665	0.99996686	0.00028555092
2460541.1405840563	1.0002393	0.0002855683
2460541.1419729455	1.0001533	0.00028557173
2460541.143361835	0.99992806	0.00028556725
2460541.1447507245	0.99996364	0.00028555418
2460541.146139614	0.99993885	0.0002855903
2460541.147528503	1.0002439	0.0002855835
2460541.148917393	1.0005482	0.00028562677
2460541.150306282	1.0001447	0.00028556125
2460541.1516951714	1.0001466	0.0002855693
2460541.1530840606	0.99987465	0.0002855111
2460541.15447295	1.0003291	0.00028560933
2460541.1558618397	1.0000166	0.00028557808
2460541.157250729	1.0002171	0.00028555654
2460541.158639618	1.0004997	0.0002856177
2460541.160028508	1.0002213	0.0002855863
2460541.1614173967	1.0001558	0.000285554
2460541.1628062865	1.000415	0.00028556678
2460541.1641951757	1.0000398	0.0002855455
2460541.165584065	0.99956185	0.00028548398
2460541.1669729548	1.0000234	0.0002855433
2460541.168361844	1.0008491	0.000285703
2460541.1697507333	0.9999464	0.00028551885
2460541.1711396226	1.0001761	0.0002855992
2460541.172528512	1.0001214	0.0002855235
2460541.1739174016	1.0003425	0.00028562578
2460541.175306291	1.0001957	0.0002855547
2460541.17669518	1.000126	0.00028559333
2460541.1780840694	1.0000283	0.00028553908
2460541.179472959	1.000009	0.00028551204
2460541.1808618484	1.0002989	0.00028559242
2460541.1822507377	1.0001013	0.0002855457
2460541.183639627	1.0005502	0.0002855924
2460541.185028516	1.0004781	0.00028559432
2460541.186417406	0.9998819	0.00028552194
2460541.1878062948	0.999879	0.00028550366
2460541.1891951845	0.99996424	0.0002855317
2460541.190584074	0.9999532	0.00028552712
2460541.191972963	1.0002613	0.0002855417
2460541.1933618523	0.9999294	0.0002855092
2460541.1947507416	1.0005999	0.00028560817
2460541.1961396313	1.0003264	0.00028556862
2460541.1975285206	0.9995093	0.00028546675
2460541.19891741	1.0005792	0.00028561385
2460541.200306299	1.0002809	0.00028555392
2460541.201695189	0.999939	0.00028549414
2460541.2030840777	1.0001804	0.0002855355
2460541.2044729674	1.0006357	0.0002856154
2460541.2058618567	1.0001718	0.000285499
2460541.207250746	0.99987394	0.00028547435
2460541.2086396352	1.0003843	0.0002855574
2460541.2100285245	1.0000907	0.00028551035
2460541.211417414	1.0000707	0.00028555078
2460541.2128063035	1.0008188	0.0002855907
2460541.214195193	1.0004786	0.00028555107
2460541.215584082	0.9999083	0.00028548195
2460541.2169729713	1.0002646	0.00028552685
2460541.2183618606	1.0004538	0.00028557013
2460541.21975075	0.9996448	0.00028543288
2460541.221139639	0.99988055	0.00028544862
2460541.2225285284	1.0004117	0.00028553276
2460541.223917418	1.0001937	0.00028550153
2460541.2253063074	1.0003258	0.0002855066
2460541.2266951967	0.9992149	0.0002853945
2460541.228084086	1.0004779	0.00028553663
2460541.2294729752	1.0002446	0.00028553564
2460541.2308618645	1.0003858	0.0002855293
2460541.232250754	1.0002674	0.00028550648
2460541.233639643	1.0003889	0.0002855205
2460541.235028533	1.0001265	0.00028546643
2460541.2364174216	0.9999548	0.00028546577
2460541.2378063113	1.0000495	0.0002854709
2460541.2391952006	1.0003588	0.0002854734
2460541.24058409	1.0002443	0.00028545965
2460541.241972979	0.9999647	0.00028544012
2460541.2433618684	1.0001664	0.0002854903
2460541.2447507577	0.9994408	0.00028541536
2460541.246139647	1.0001516	0.00028546943
2460541.2475285362	1.0002049	0.00028548102
2460541.2489174255	1.0002981	0.0002854883
2460541.2503063153	1.0005487	0.0002854976
2460541.251695204	1.00009	0.00028541547
2460541.253084094	1.0001049	0.0002854276
2460541.2544729826	1.0000772	0.00028548558
2460541.2558618723	0.9996911	0.00028540642
2460541.2572507616	1.0000422	0.0002854467
2460541.258639651	0.99980885	0.000285397
2460541.26002854	0.99979824	0.00028541393
2460541.2614174294	1.0004419	0.00028549205
2460541.2628063187	1.0002657	0.0002854532
2460541.264195208	0.99992573	0.00028543934
2460541.2655840972	1.0000522	0.00028543363
2460541.2669729865	1.0001572	0.00028547534
2460541.268361876	1.0001006	0.00028542994
2460541.269750765	1.000621	0.00028547746
2460541.2711396543	1.0007125	0.00028551856
2460541.2725285436	1.0005871	0.00028550276
2460541.273917433	1.0005035	0.000285534
2460541.275306322	1.000871	0.00028552013
2460541.276695212	0.99975735	0.00028538337
2460541.2780841007	0.99991345	0.00028541184
2460541.2794729904	1.0000712	0.00028545037
2460541.2808618792	0.9998399	0.00028539327
2460541.2822507685	1.000444	0.0002854861
2460541.2836396582	1.000609	0.0002855221
2460541.285028547	1.0002942	0.00028548375
2460541.286417437	0.9997944	0.00028537447
2460541.287806326	1.0003754	0.00028549475
2460541.289195215	1.0001259	0.00028546734
2460541.2905841046	0.9999037	0.00028538535
2460541.2919729934	1.000585	0.00028551894
2460541.293361883	1.0004145	0.00028551187
2460541.2947507724	1.0003431	0.0002854566
2460541.296139661	1.0004245	0.000285504
2460541.297528551	1.0004891	0.00028549277
2460541.29891744	1.0002407	0.00028546902
2460541.300306329	1.000563	0.00028554862
2460541.301695219	1.0001127	0.00028547423
2460541.3030841076	1.0003777	0.0002854936
2460541.304472997	1.0000037	0.00028545226
2460541.3058618866	0.999639	0.00028537813
2460541.3072507754	0.9999715	0.00028545476
2460541.3086396647	1.0004128	0.0002855006
2460541.3100285544	1.0007809	0.00028553113
2460541.311417443	1.0006255	0.00028552493
2460541.3128063325	1.0003035	0.0002855134
2460541.3141952218	1.0000454	0.00028545785
2460541.315584111	1.0003216	0.00028548
2460541.3169730003	0.9998245	0.0002854513
2460541.3183618896	1.0003189	0.00028549886
2460541.319750779	0.9999705	0.00028544987
2460541.321139668	0.9998767	0.00028543355
2460541.3225285574	1.0002265	0.0002855209
2460541.3239174467	1.0003604	0.00028549292
2460541.325306336	0.9995584	0.00028538986
2460541.326695225	1.00054	0.00028553567
2460541.3280841145	0.99982744	0.00028545837
2460541.3294730033	0.99989945	0.0002854686
2460541.330861893	1.0004882	0.00028551425
2460541.3322507823	1.0008037	0.00028557572
2460541.333639671	0.9997555	0.00028541224
2460541.3350285604	1.0005928	0.00028552127
2460541.3364174496	1.0005087	0.00028552004
2460541.337806339	1.0005647	0.0002855502
2460541.339195228	1.0005106	0.0002855316
2460541.3405841175	1.0000755	0.00028549298
2460541.3419730067	0.9999522	0.00028548748
2460541.343361896	1.0008878	0.00028557156
2460541.3447507853	0.99954367	0.00028538355
2460541.3461396745	1.0005945	0.00028551486
2460541.347528564	0.99992603	0.00028549062
2460541.3489174526	1.0002562	0.000285532
2460541.350306342	1.0005614	0.00028555922
2460541.351695231	1.0003558	0.00028549923
2460541.3530841204	1.0002989	0.00028550965
2460541.3544730097	1.0010961	0.00028561178
2460541.355861899	1.0002986	0.0002855318
2460541.3572507882	1.0001523	0.00028549635
2460541.3586396775	1.000191	0.00028552502
2460541.360028567	1.0003864	0.00028557642
2460541.361417456	1.0004909	0.0002855805
2460541.362806345	1.0002999	0.00028554184
2460541.364195234	1.0002645	0.0002855142
2460541.3655841234	1.0006269	0.00028557854
2460541.3669730127	1.00033	0.0002855363
2460541.368361902	1.0008792	0.00028558625
2460541.369750791	0.9999633	0.00028549586
2460541.37113968	1.000909	0.0002855787
2460541.37252857	1.0007832	0.00028559085
2460541.3739174586	1.0007029	0.00028556318
2460541.375306348	1.0004195	0.00028554397
2460541.376695237	1.0008793	0.00028557895
2460541.3780841264	0.99990416	0.00028547423
2460541.3794730157	1.0001777	0.00028552156
2460541.380861905	1.0000083	0.0002854969
2460541.3822507937	1.0008489	0.00028556262
2460541.383639683	1.0007266	0.00028558643
2460541.3850285723	1.0005547	0.00028555444
2460541.3864174616	1.000414	0.00028556745
2460541.387806351	1.000523	0.0002855476
2460541.3891952396	1.0002779	0.00028550503
2460541.390584129	1.0003225	0.0002855612
2460541.391973018	1.0005293	0.0002855359
2460541.3933619075	1.0003695	0.0002855695
2460541.3947507967	1.0003467	0.00028554464
2460541.3961396855	0.9998857	0.00028550366
2460541.397528575	1.0004231	0.0002855416
2460541.398917464	1.0006235	0.0002855803
2460541.4003063533	1.0005375	0.0002855976
2460541.4016952426	1.0006204	0.0002855872
2460541.403084132	1.0006965	0.00028561644
2460541.4044730207	1.0005783	0.00028559292
2460541.40586191	1.0003033	0.00028553046
2460541.4072507992	1.0006864	0.00028559723
2460541.4086396885	1.0005431	0.0002855223
2460541.410028578	1.0009986	0.00028564906
2460541.4114174666	1.0003701	0.00028558561
2460541.412806356	1.0006759	0.00028560424
2460541.414195245	1.0004033	0.0002855557
2460541.4155841344	1.0006787	0.00028557458
2460541.4169730237	1.0007391	0.0002855943
2460541.418361913	0.99987155	0.00028548343
2460541.4197508018	1.0004002	0.00028554504
2460541.421139691	1.0001236	0.00028553017
2460541.4225285803	1.0006053	0.00028555308
2460541.4239174696	1.0005878	0.0002855686
2460541.4253063584	0.99996746	0.00028550488
2460541.4266952476	1.000375	0.000285572
2460541.428084137	1.0001386	0.00028553134
2460541.429473026	1.0007927	0.0002856224
2460541.430861915	1.0009795	0.00028561708
2460541.4322508043	1.0003843	0.00028550354
2460541.4336396935	1.0003792	0.0002855624
2460541.435028583	1.0000783	0.00028551166
2460541.436417472	0.99989784	0.00028545817
2460541.437806361	1.0004584	0.00028558247
2460541.43919525	1.0003636	0.00028556993
2460541.4405841394	1.0003096	0.00028552333
2460541.4419730282	0.9996531	0.00028546056
2460541.4433619175	0.9999191	0.00028551955
2460541.444750807	0.99971205	0.0002854674
2460541.4461396956	1.0000155	0.0002855084
2460541.447528585	0.9997856	0.00028547295
2460541.448917474	0.99970394	0.00028547726
2460541.4503063634	1.0000356	0.00028549167
2460541.4516952527	1.000229	0.00028552642
2460541.4530841415	1.0000701	0.00028552316
2460541.4544730308	0.99937314	0.00028543064
2460541.4558619196	1.0002338	0.0002855312
2460541.457250809	1.0001229	0.00028553823
2460541.458639698	1.0002334	0.0002855162
2460541.4600285874	0.99951524	0.00028545054
2460541.461417476	0.9994186	0.00028542598
2460541.4628063655	0.9996824	0.00028545823
2460541.4641952547	0.99948686	0.00028544487
2460541.465584144	0.9994109	0.00028543914
2460541.466973033	1.0000439	0.00028553198
2460541.468361922	0.99988014	0.00028548742
2460541.4697508113	0.999651	0.00028547423
2460541.4711397	0.999907	0.00028552325
2460541.4725285894	0.99959886	0.00028543943
2460541.4739174787	1.0003436	0.000285569
2460541.4753063675	1.0002903	0.0002855342
2460541.476695257	1.000565	0.00028560913
2460541.478084146	0.99983263	0.00028550075
2460541.479473035	0.9996227	0.00028544856
2460541.480861924	0.99974287	0.00028546588
2460541.4822508134	1.000295	0.00028555133
2460541.483639702	1.0003588	0.0002855569
2460541.4850285915	0.9995841	0.0002855042
2460541.4864174807	0.99984384	0.00028549516
2460541.4878063696	1.00009	0.00028550782
2460541.489195259	0.99965173	0.00028546463
2460541.490584148	1.0000863	0.00028551047
2460541.491973037	1.0000516	0.0002855132
2460541.493361926	0.99962217	0.00028545552
2460541.4947508154	0.99940914	0.00028543966
2460541.4961397042	0.999804	0.0002854857
2460541.4975285935	0.9997789	0.0002855251
2460541.498917483	0.9998941	0.00028547843
2460541.5003063716	0.99939984	0.00028543946
2460541.501695261	0.9991661	0.00028541058
2460541.50308415	0.99956447	0.00028546815
2460541.504473039	0.99921185	0.00028541824
2460541.505861928	0.99895674	0.00028540872
2460541.5072508175	0.9997755	0.00028550593
2460541.5086397063	0.99897414	0.0002854111
2460541.5100285956	0.9997006	0.00028548457
2460541.5114174844	0.99931806	0.0002854709
2460541.5128063736	0.99933124	0.00028547453
2460541.514195263	1.0001571	0.00028553378
2460541.5155841517	1.000207	0.00028556393
2460541.516973041	0.9997826	0.0002855097
2460541.51836193	0.9999528	0.0002855359
2460541.519750819	0.9995803	0.00028548305
2460541.5211397083	0.9996365	0.00028552176
2460541.522528597	0.99986404	0.00028551705
2460541.5239174864	0.9999355	0.00028557127
2460541.525306375	0.99939305	0.00028548474
2460541.5266952645	0.99954283	0.00028550145
2460541.5280841533	0.9996826	0.000285499
2460541.5294730426	0.99952686	0.00028550267
2460541.530861932	1.0000597	0.0002855684
2460541.5322508207	1.0000079	0.00028552298
2460541.53363971	0.99974036	0.00028551338
2460541.5350285987	0.99927115	0.00028546865
2460541.536417488	0.9996365	0.00028555404
2460541.5378063773	1.0002334	0.00028556125
2460541.539195266	0.99964774	0.00028554475
2460541.5405841554	0.9998034	0.00028554446
2460541.541973044	0.99962765	0.00028554912
2460541.5433619334	0.99963737	0.00028555142
2460541.5447508227	0.99984676	0.00028557624
2460541.5461397115	0.9999656	0.00028560168
2460541.547528601	0.9997267	0.00028553925
2460541.5489174896	0.9991238	0.00028542776
2460541.550306379	0.9997738	0.0002855549
2460541.5516952677	0.99957895	0.00028553544
2460541.553084157	0.99973136	0.0002855167
2460541.5544730457	0.9991886	0.00028551114
2460541.555861935	0.9999447	0.0002855544
2460541.557250824	0.9995096	0.00028549624
2460541.558639713	0.99948645	0.00028554272
2460541.5600286024	0.99965674	0.00028554918
2460541.561417491	0.99938387	0.00028552435
2460541.5628063804	0.99993783	0.00028556975
2460541.5641952693	0.9997073	0.00028555794
2460541.5655841585	0.99994767	0.00028555834
2460541.5669730473	1.000294	0.0002856506
2460541.568361936	0.99955416	0.00028552537
2460541.5697508254	0.99964917	0.00028554487
2460541.5711397147	0.99957085	0.00028557327
2460541.5725286035	0.99927086	0.00028553445
2460541.5739174928	0.9998662	0.00028560797
2460541.5753063816	0.9996666	0.00028558305
2460541.576695271	1.0002435	0.00028561745
2460541.5780841596	0.999675	0.0002856058
2460541.579473049	0.99967515	0.00028554976
2460541.5808619377	0.99894625	0.00028547877
2460541.582250827	1.0001737	0.0002856465
2460541.583639716	0.9995896	0.00028558308
2460541.585028605	1.000588	0.0002856712
2460541.586417494	0.99992347	0.0002856356
2460541.587806383	1.000476	0.00028567266
2460541.589195272	1.0000795	0.0002856205
2460541.590584161	1.0001274	0.00028560768
2460541.59197305	1.000214	0.00028565314
2460541.5933619393	1.0002754	0.00028566853
2460541.594750828	1.0000157	0.00028563396
2460541.5961397174	1.0002373	0.00028565398
2460541.597528606	1.0001966	0.000285646
2460541.598917495	1.0000107	0.00028566155
2460541.6003063843	1.0005207	0.0002856758
2460541.601695273	0.99998456	0.0002856414
2460541.6030841623	0.9999516	0.00028562348
2460541.6044730516	1.0004244	0.0002856488
2460541.6058619404	1.0001249	0.0002856377
2460541.607250829	1.0002159	0.00028561873
2460541.6086397185	1.0003972	0.0002856837
2460541.6100286073	1.0002266	0.00028564464
2460541.6114174966	1.0002292	0.00028563174
2460541.6128063854	1.00045	0.00028570383
2460541.6141952747	1.0001539	0.00028563998
2460541.6155841635	1.0005534	0.00028569167
2460541.6169730523	1.0003072	0.0002856517
2460541.6183619415	0.99997896	0.000285637
2460541.619750831	1.000245	0.00028567208
2460541.6211397196	1.000114	0.00028565322
2460541.6225286084	1.0001856	0.00028568102
2460541.623917497	1.0007706	0.00028572266
2460541.6253063865	0.9996573	0.00028555433
2460541.626695276	1.0008116	0.00028569062
2460541.6280841646	0.9998627	0.00028561818
2460541.6294730534	1.0001249	0.00028563943
2460541.6308619427	1.0000583	0.00028561652
2460541.6322508315	1.0005149	0.0002857297
2460541.6336397207	1.0004871	0.00028567485
2460541.6350286095	1.0001618	0.00028566158
2460541.6364174983	0.99988467	0.00028559324
2460541.6378063876	1.000248	0.00028567977
2460541.6391952764	1.0002875	0.00028565823
2460541.6405841657	1.000468	0.00028564443
2460541.6419730545	1.0002227	0.00028563742
2460541.6433619433	1.0006454	0.0002857459
2460541.6447508326	1.0007522	0.00028566632
2460541.6461397214	0.99970293	0.0002855787
2460541.6475286107	1.0006939	0.00028571772
2460541.6489174995	1.0005121	0.00028569033
2460541.6503063883	1.0001707	0.00028567173
2460541.6516952775	1.0007955	0.00028569443
2460541.6530841663	0.99994975	0.0002855943
2460541.654473055	1.0002688	0.00028564205
2460541.6558619444	1.0001153	0.0002856303
2460541.657250833	1.0004301	0.000285666
2460541.6586397225	1.0001411	0.00028563503
2460541.6600286113	1.0006157	0.0002857115
2460541.6614175	1.0000017	0.00028558142
2460541.6628063894	0.9997658	0.0002855684
2460541.664195278	0.9999412	0.00028562683
2460541.665584167	0.9998185	0.0002855829
2460541.6669730563	1.0004066	0.00028563902
2460541.668361945	1.0005409	0.00028567383
2460541.669750834	1.0001892	0.00028559452
2460541.671139723	0.99974006	0.00028556454
2460541.672528612	1.0004451	0.0002856303
2460541.6739175012	0.999971	0.00028558116
2460541.67530639	0.99990785	0.0002855647
2460541.676695279	1.0008605	0.00028569592
2460541.678084168	1.000033	0.00028560605
2460541.679473057	1.0003775	0.00028563553
2460541.6808619457	1.0004615	0.0002856404
2460541.682250835	1.0003088	0.0002856533
2460541.683639724	1.0000108	0.00028557112
2460541.6850286126	0.9999737	0.0002856077
2460541.686417502	1.0003027	0.00028563925
2460541.6878063907	1.0003438	0.0002856233
2460541.6891952795	1.0006274	0.00028566067
2460541.690584169	0.9998865	0.00028556873
2460541.6919730576	1.0004759	0.00028563282
2460541.6933619464	1.0005956	0.00028566312
2460541.694750835	1.0002981	0.00028566347
2460541.6961397245	1.0007882	0.00028567907
2460541.6975286133	1.000288	0.00028561451
2460541.698917502	1.0000689	0.00028565733
2460541.7003063913	1.0004934	0.000285651
2460541.70169528	1.0001987	0.00028559688
2460541.703084169	1.0005159	0.00028563497
2460541.704473058	1.0006605	0.00028562735
2460541.705861947	1.0005604	0.00028563695
2460541.707250836	1.0005265	0.0002856515
2460541.708639725	1.0002929	0.00028562619
2460541.710028614	1.000629	0.0002856465
2460541.7114175027	0.9993302	0.0002854859
2460541.7128063915	1.0000992	0.0002856552
2460541.7141952803	1.0009178	0.0002856911
2460541.7155841696	1.0003592	0.00028562022
2460541.7169730584	1.0002126	0.0002855874
2460541.718361947	1.0001456	0.0002855807
2460541.7197508365	1.00027	0.000285572
2460541.7211397253	1.0011655	0.00028574388
2460541.722528614	1.0004833	0.00028562947
2460541.7239175034	1.0009557	0.00028566297
2460541.725306392	1.0005318	0.00028560546
2460541.726695281	1.0000588	0.0002855707
2460541.72808417	1.0002854	0.0002856077
2460541.7294730586	1.0000446	0.0002856045
2460541.730861948	1.0000756	0.00028555977
2460541.7322508367	1.0001538	0.0002855916
2460541.7336397255	1.0002542	0.00028561353
2460541.7350286148	1.0001523	0.0002856169
2460541.7364175036	1.0001302	0.0002855988
2460541.7378063924	1.000038	0.0002855528
2460541.739195281	1.0001465	0.0002855744
2460541.74058417	1.0001478	0.00028562133
2460541.7419730593	0.99979615	0.00028553032
2460541.743361948	0.99979645	0.00028551905
2460541.744750837	0.999792	0.00028555677
2460541.746139726	1.0005348	0.0002856483
2460541.7475286145	1.0005552	0.00028563186
2460541.7489175037	0.9999557	0.00028559662
2460541.7503063926	1.0005018	0.00028561286
2460541.7516952814	1.0002513	0.00028560235
2460541.7530841706	1.000099	0.00028561678
2460541.754473059	1.0000427	0.0002855814
2460541.7558619482	1.0004672	0.00028560078
2460541.757250837	1.0008088	0.00028568055
2460541.758639726	1.0006803	0.00028565232
2460541.760028615	1.000713	0.00028569548
2460541.761417504	1.0001253	0.0002856085
2460541.7628063927	0.9996262	0.00028551993
2460541.7641952815	1.0007449	0.00028560837
2460541.765584171	1.0000929	0.0002855408
2460541.766973059	0.9997269	0.000285548
2460541.7683619484	1.0003586	0.00028567424
2460541.7697508372	1.0007317	0.00028564836
2460541.771139726	1.0003337	0.00028562793
2460541.772528615	1.0003012	0.00028560156
2460541.7739175037	1.0004104	0.0002856137
2460541.775306393	1.0005823	0.00028568174
2460541.7766952817	0.9999926	0.0002855675
2460541.7780841705	1.0000455	0.00028557976
2460541.7794730593	1.0003166	0.00028563617
2460541.780861948	1.000967	0.00028566387
2460541.782250837	1.000567	0.00028563655
2460541.783639726	1.0001628	0.00028561405
2460541.785028615	1.000373	0.00028563396
2460541.786417504	0.9999165	0.00028556687
2460541.7878063926	0.9998114	0.00028557025
2460541.7891952815	1.0005176	0.00028565282
2460541.7905841703	1.0005039	0.00028568064
2460541.791973059	1.0002548	0.00028560963
2460541.7933619483	1.0001283	0.0002855843
2460541.794750837	1.000179	0.00028562438
2460541.796139726	1.0003188	0.00028564586
2460541.7975286148	1.0008726	0.00028570727
2460541.7989175036	0.99979764	0.0002855715
2460541.8003063924	0.9999547	0.0002855892
2460541.8016952816	1.0003724	0.00028561428
2460541.80308417	1.0002804	0.0002856414
2460541.8044730593	0.9996464	0.00028552182
2460541.805861948	1.0004436	0.00028564912
2460541.807250837	1.000241	0.00028565375
2460541.8086397257	1.0001473	0.00028562665
2460541.810028615	1.0001093	0.00028560124
2460541.8114175033	1.0003158	0.00028566827
2460541.8128063926	1.0001197	0.00028563206
2460541.814195281	1.0000182	0.0002855901
2460541.81558417	1.0006517	0.0002857197
2460541.816973059	0.9997895	0.00028559595
2460541.818361948	0.99968565	0.0002855723
2460541.8197508366	1.0001796	0.00028564813
2460541.8211397254	0.9993984	0.00028552924
2460541.822528614	0.999855	0.00028562383
2460541.823917503	1.000445	0.0002856673
2460541.8253063923	1.0001894	0.00028562176
2460541.826695281	0.9999879	0.00028561318
2460541.82808417	1.0001943	0.0002856067
2460541.8294730587	0.99950504	0.00028556006
2460541.8308619475	0.9999657	0.00028558672
2460541.8322508363	1.0002378	0.00028566338
2460541.833639725	1.0002614	0.00028566978
2460541.835028614	1.0004777	0.0002856944
2460541.8364175027	0.9996807	0.00028560028
2460541.8378063915	0.9997168	0.00028555078
2460541.8391952803	1.0004857	0.00028570954
2460541.840584169	1.0004104	0.00028568605
2460541.841973058	0.9996993	0.00028559144
2460541.843361947	0.99965495	0.00028559112
2460541.8447508356	1.0004073	0.0002857132
2460541.846139725	0.9999313	0.00028567054
2460541.8475286136	1.0003617	0.0002856687
2460541.8489175024	0.9998082	0.00028563972
2460541.8503063913	0.9998782	0.0002856315
2460541.85169528	0.99982303	0.00028561833
2460541.853084169	1.000075	0.00028563797
2460541.8544730577	1.0000114	0.000285656
2460541.8558619465	1.0002668	0.0002856839
2460541.8572508353	0.99973845	0.00028560177
2460541.858639724	0.99975693	0.00028568195
2460541.860028613	1.0003982	0.0002856915
2460541.8614175017	1.0005044	0.0002857272
2460541.8628063905	1.000367	0.00028569583
2460541.8641952793	1.0000385	0.00028568483
2460541.865584168	1.0002728	0.00028564158
2460541.866973057	1.0004146	0.0002857086
2460541.8683619457	1.0000131	0.00028568754
2460541.869750835	0.99977696	0.00028561294
2460541.8711397233	1.0000187	0.00028564574
2460541.8725286126	0.99918	0.00028556102
2460541.873917501	0.99970335	0.00028560078
2460541.8753063898	1.0003722	0.00028569388
2460541.876695279	0.99941623	0.00028557552
2460541.8780841674	1.0001045	0.00028567974
2460541.8794730566	1.000006	0.0002856539
2460541.8808619455	1.0000979	0.0002856396
2460541.882250834	0.99990135	0.00028563527
2460541.883639723	1.0004069	0.00028574743
2460541.885028612	0.99969476	0.0002856133
2460541.8864175	0.9996967	0.0002855793
2460541.8878063895	1.0002556	0.0002856526
2460541.889195278	1.0001758	0.0002857087
2460541.8905841666	0.99989235	0.00028564536
2460541.891973056	0.9997073	0.00028561984
2460541.8933619442	1.0001332	0.00028567706
2460541.8947508335	0.9997334	0.0002855912
2460541.8961397223	0.9994266	0.00028557205
2460541.8975286107	0.99989325	0.00028565666
2460541.8989174995	0.99966294	0.0002856544
2460541.9003063883	1.000256	0.00028566536
2460541.901695277	0.9996409	0.00028554664
2460541.903084166	0.99949354	0.00028554854
2460541.9044730547	0.99968123	0.00028560119
2460541.9058619435	0.9996032	0.00028559758
2460541.9072508323	1.000147	0.00028564836
2460541.908639721	0.99899536	0.00028546088
2460541.91002861	1.000338	0.00028567755
2460541.9114174987	1.000112	0.0002856381
2460541.9128063875	0.9999237	0.00028559534
2460541.9141952763	0.9998393	0.00028560558
2460541.915584165	0.99987924	0.0002855893
2460541.916973054	0.99977857	0.0002856213
2460541.9183619427	0.9997741	0.00028558142
2460541.9197508316	1.0000526	0.00028556437
2460541.9211397204	1.0002561	0.0002856234
2460541.9225286087	1.0001116	0.00028559775
2460541.923917498	0.99982685	0.0002855543
2460541.925306387	0.9995748	0.0002855952
2460541.926695275	0.999634	0.0002855634
2460541.928084164	0.999837	0.0002856014
2460541.929473053	0.99998677	0.00028561958
2460541.9308619415	1.000001	0.00028563588
2460541.9322508303	1.0003687	0.00028564964
2460541.933639719	0.99946785	0.00028552886
2460541.935028608	0.99961823	0.00028554408
2460541.9364174968	0.99929583	0.0002854991
2460541.9378063856	0.9999179	0.00028560427
2460541.9391952744	1.0004532	0.00028565343
2460541.940584163	0.99979717	0.00028557415
2460541.9419730515	1.0001315	0.00028559723
2460541.943361941	0.999667	0.0002855498
2460541.9447508296	1.0000814	0.0002855924
2460541.946139718	1.0002449	0.00028559926
2460541.9475286067	0.9995769	0.00028552828
2460541.9489174956	1.0003452	0.00028559254
2460541.9503063844	0.99959165	0.00028552223
2460541.951695273	1.0002791	0.00028564432
2460541.953084162	1.0003241	0.00028564883
2460541.954473051	1.0001732	0.00028564117
2460541.9558619396	0.9999467	0.00028552933
2460541.957250828	0.9999231	0.00028551702
2460541.9586397167	1.0002809	0.00028561134
2460541.9600286055	1.0000058	0.00028556318
2460541.9614174943	1.0003725	0.0002856096
2460541.962806383	1.0001445	0.00028559522
2460541.964195272	0.9998055	0.0002855326
2460541.9655841608	0.99977654	0.00028551734
2460541.9669730496	1.0000046	0.00028555593
2460541.968361938	1.0001091	0.00028554717
2460541.9697508267	0.99992776	0.00028554408
2460541.9711397155	1.0000329	0.00028555738
2460541.9725286043	0.99965274	0.00028551675
2460541.973917493	1.0003881	0.00028557825
2460541.975306382	1.000517	0.00028558227
2460541.9766952707	0.9995491	0.00028551178
2460541.9780841595	0.9999696	0.00028558352
2460541.979473048	0.99983525	0.00028554356
2460541.9808619367	0.999847	0.00028551876
2460541.9822508255	0.99933577	0.0002854815
2460541.9836397143	0.9999589	0.00028556777
2460541.985028603	0.9995305	0.0002854674
2460541.9864174915	1.0003804	0.00028559726
2460541.9878063803	1.0000354	0.00028557054
2460541.989195269	0.99938387	0.00028545724
2460541.990584158	1.0000967	0.00028555194
2460541.9919730467	1.0002322	0.00028554696
2460541.993361935	1.0000056	0.00028553576
2460541.994750824	1.0004696	0.00028561702
2460541.9961397126	1.0003428	0.00028561757
2460541.9975286014	0.99944603	0.00028547508
2460541.9989174902	1.0004044	0.00028558433
2460542.000306379	1.0002283	0.00028556868
2460542.0016952674	1.0001001	0.00028555212
2460542.003084156	0.99962837	0.0002855331
2460542.004473045	1.0009404	0.00028565418
2460542.005861934	0.9997507	0.00028552528
2460542.0072508226	0.9993997	0.000285484
2460542.008639711	0.99959683	0.00028548742
2460542.0100285998	1.0002621	0.00028560637
2460542.0114174886	0.9995664	0.00028551376
2460542.0128063774	1.0002902	0.00028556102
2460542.014195266	1.0004534	0.00028560212
2460542.015584155	1.0003039	0.00028561152
2460542.0169730433	1.0000787	0.00028557982
2460542.018361932	1.0008606	0.00028567095
2460542.019750821	1.000036	0.00028555215
2460542.0211397097	0.9999875	0.00028554455
2460542.0225285986	0.99977076	0.0002854856
2460542.023917487	1.0003408	0.00028560992
2460542.0253063757	1.0000008	0.0002855647
2460542.0266952645	0.9997757	0.00028553602
2460542.0280841533	0.9992825	0.00028545223
2460542.029473042	1.0001256	0.00028553052
2460542.0308619305	1.0004511	0.00028562377
2460542.0322508193	0.9997732	0.00028557764
2460542.033639708	1.0000206	0.0002855404
2460542.0350285964	1.0000169	0.000285623
2460542.036417485	0.99976593	0.00028557196
2460542.037806374	0.99995524	0.00028556344
2460542.039195263	1.0008022	0.00028567162
2460542.0405841516	0.99969286	0.00028552354
2460542.04197304	1.0000896	0.0002855996
2460542.043361929	1.0005951	0.0002856315
2460542.0447508176	0.9997664	0.00028554915
2460542.046139706	0.99932635	0.0002854836
2460542.0475285947	1.0000464	0.0002856029
2460542.0489174835	1.0003014	0.00028560666
2460542.0503063723	1.0002837	0.000285621
2460542.051695261	1.0002627	0.00028562167
2460542.0530841495	0.99965173	0.0002855127
2460542.0544730383	1.000484	0.0002856515
2460542.055861927	0.9995096	0.0002855228
2460542.0572508154	1.0004745	0.0002856119
2460542.0586397042	1.0001199	0.0002856191
2460542.060028593	0.99984646	0.00028558873
2460542.0614174814	1.0005479	0.00028567767
2460542.06280637	1.0002646	0.0002856351
2460542.064195259	0.99963444	0.00028559138
2460542.065584148	1.0004344	0.00028565407
2460542.0669730366	0.9999522	0.0002855594
2460542.068361925	0.99990267	0.0002855784
2460542.069750814	0.9995614	0.00028553532
2460542.0711397026	1.0004164	0.00028568346
2460542.072528591	0.99953383	0.0002855573
2460542.0739174797	0.9999048	0.0002855659
2460542.0753063685	1.0004663	0.00028565823
2460542.076695257	1.0003252	0.00028566614
2460542.0780841457	1.0005045	0.0002856996
2460542.0794730345	1.0001879	0.00028562167
2460542.080861923	1.000007	0.00028561612
2460542.0822508116	1.0005955	0.0002857023
2460542.0836397004	1.0007229	0.00028571134
2460542.0850285892	1.0001044	0.0002856445
2460542.0864174776	0.99981403	0.00028559275
2460542.0878063664	1.0000536	0.00028560733
2460542.089195255	0.99939114	0.0002855874
2460542.0905841435	1.0000302	0.00028564918
2460542.0919730323	1.0003437	0.0002856445
2460542.093361921	1.0002242	0.0002856844
2460542.0947508095	0.99992275	0.0002856419
2460542.0961396983	1.0004957	0.00028570765
2460542.097528587	0.9999533	0.0002856218
2460542.0989174754	0.9997976	0.0002855827
2460542.1003063642	0.99971074	0.00028557976
2460542.1016952526	1.0001068	0.00028566128
2460542.1030841414	1.0000345	0.00028567668
2460542.10447303	0.9995502	0.00028557586
2460542.1058619185	0.99965376	0.00028559123
2460542.1072508073	0.9999041	0.0002856331
2460542.108639696	1.0002741	0.000285684
2460542.1100285845	1.0001671	0.0002856332
2460542.1114174733	0.9996396	0.00028558468
2460542.112806362	0.99987507	0.00028561172
2460542.1141952504	1.0003092	0.00028567438
2460542.1155841392	0.9999903	0.00028563762
2460542.1169730276	0.9996518	0.00028558008
2460542.1183619164	0.9994931	0.00028557016
2460542.119750805	0.9995726	0.0002856148
2460542.1211396935	0.9997241	0.00028558774
2460542.1225285823	0.99977696	0.00028559988
2460542.123917471	0.999709	0.00028557106
2460542.1253063595	0.99979836	0.00028558893
2460542.1266952483	0.99958074	0.00028557013
2460542.1280841366	1.0000253	0.00028561326
2460542.1294730254	0.9998485	0.000285622
2460542.1308619143	1.0001712	0.00028562438
2460542.1322508026	0.999548	0.00028560834
2460542.1336396914	0.99996513	0.00028568195
2460542.13502858	1.0007144	0.00028572843
2460542.1364174685	1.0006626	0.0002857203
2460542.1378063574	0.9994439	0.00028557764
2460542.1391952457	0.9994613	0.00028554426
2460542.1405841345	0.9998338	0.00028563585
2460542.1419730233	0.99991107	0.00028563166
2460542.1433619116	1.0000223	0.00028565025
2460542.1447508004	0.9997857	0.00028560884
2460542.1461396893	1.0003455	0.0002856238
2460542.1475285776	0.9998586	0.00028561777
2460542.1489174664	0.99944603	0.00028558806
2460542.1503063547	1.0002369	0.00028566652
2460542.1516952435	0.99948585	0.00028555977
2460542.1530841324	0.99985313	0.00028560057
2460542.1544730207	1.0003327	0.000285658
2460542.1558619095	0.9999862	0.00028564603
2460542.157250798	1.0001159	0.00028567688
2460542.1586396866	0.9999121	0.00028564152
2460542.160028575	0.99958956	0.0002855301
2460542.161417464	0.9996696	0.00028561463
2460542.162806352	0.999092	0.00028551236
2460542.164195241	0.99988824	0.00028560724
2460542.1655841293	0.99994236	0.00028556853
2460542.166973018	0.99942917	0.00028555596
2460542.168361907	0.99953616	0.0002855459
2460542.1697507952	1.0006766	0.0002857223
2460542.171139684	1.0006173	0.00028568876
2460542.1725285724	0.9987034	0.0002854202
2460542.173917461	0.9980297	0.00028537965
2460542.17530635	0.9986041	0.0002854168
2460542.1766952383	0.9975525	0.00028526728
2460542.178084127	0.9964437	0.0002850828
2460542.1794730155	0.9954363	0.00028502048
2460542.180861904	0.99482775	0.00028488447
2460542.1822507926	0.9943752	0.00028482347
2460542.1836396814	0.9938095	0.00028475968
2460542.18502857	0.993394	0.00028469117
2460542.1864174586	0.9940971	0.0002848
2460542.187806347	0.99348044	0.00028469964
2460542.1891952357	0.99369746	0.00028476465
2460542.1905841245	0.99289393	0.00028463532
2460542.191973013	0.99323547	0.00028470595
2460542.193361901	0.9933202	0.0002846728
2460542.19475079	0.9924616	0.00028457554
2460542.1961396784	0.9931735	0.0002846749
2460542.197528567	0.9924683	0.00028457437
2460542.1989174555	0.99295956	0.00028464754
2460542.2003063443	0.9923244	0.00028457987
2460542.201695233	0.99250215	0.00028459838
2460542.2030841215	0.99273443	0.00028462432
2460542.20447301	0.9928104	0.00028459742
2460542.2058618986	0.99279153	0.00028459623
2460542.207250787	0.9928941	0.00028464137
2460542.2086396758	0.9922294	0.0002845497
2460542.210028564	0.9927693	0.00028459885
2460542.211417453	0.9931007	0.00028462603
2460542.2128063417	0.99268794	0.00028457554
2460542.21419523	0.9922705	0.00028455412
2460542.2155841184	0.99336404	0.00028468994
2460542.216973007	0.99247	0.00028450234
2460542.2183618955	0.9930692	0.00028467123
2460542.2197507843	0.99261326	0.00028453922
2460542.2211396727	0.9925406	0.0002845832
2460542.2225285615	0.99229974	0.00028453922
2460542.22391745	0.9925251	0.00028452495
2460542.2253063386	0.9923067	0.0002845551
2460542.226695227	0.99238545	0.0002845167
2460542.228084116	0.9924992	0.00028452568
2460542.229473004	0.9920989	0.00028451474
2460542.230861893	0.9925396	0.00028452722
2460542.2322507813	0.9924992	0.00028450912
2460542.2336396696	0.9926646	0.00028459143
2460542.2350285584	0.9926722	0.00028456192
2460542.2364174468	0.99239403	0.00028452228
2460542.2378063356	0.9923407	0.00028448936
2460542.2391952244	0.99230963	0.0002844871
2460542.2405841127	0.9922801	0.0002845218
2460542.241973001	0.99261105	0.0002845089
2460542.2433618894	0.99244034	0.00028450837
2460542.244750778	0.9926589	0.00028454736
2460542.246139667	0.9922226	0.0002844705
2460542.2475285553	0.9922297	0.00028446055
2460542.2489174437	0.9925995	0.0002845546
2460542.2503063325	0.99230784	0.00028449282
2460542.251695221	0.9925627	0.00028453275
2460542.2530841096	0.99293333	0.00028461672
2460542.254472998	0.9928235	0.00028453168
2460542.255861887	0.9927968	0.00028462813
2460542.257250775	0.9921757	0.00028447981
2460542.2586396635	0.99264145	0.00028452533
2460542.2600285523	0.992306	0.00028449425
2460542.2614174406	0.9926736	0.00028453692
2460542.2628063294	0.9933616	0.0002846421
2460542.2641952178	0.9923458	0.00028448016
2460542.2655841066	0.9929183	0.0002845552
2460542.266972995	0.9930299	0.00028462158
2460542.2683618832	0.9931159	0.00028462792
2460542.269750772	0.9926643	0.00028455243
2460542.2711396604	0.99299884	0.0002845903
2460542.272528549	0.99307144	0.00028459908
2460542.2739174375	0.9929128	0.00028456395
2460542.275306326	0.9932974	0.00028465086
2460542.2766952147	0.99326205	0.00028463578
2460542.278084103	0.9935138	0.00028463124
2460542.279472992	0.9932019	0.0002846396
2460542.28086188	0.992923	0.00028458252
2460542.2822507685	0.99316764	0.00028459256
2460542.2836396573	0.9932936	0.0002846683
2460542.2850285457	0.99319917	0.0002845843
2460542.286417434	0.99350923	0.00028461916
2460542.287806323	0.9934874	0.00028466966
2460542.289195211	0.99351794	0.00028467915
2460542.2905841	0.9931569	0.0002846351
2460542.2919729883	0.99336916	0.00028464245
2460542.2933618766	0.9932754	0.0002846696
2460542.2947507654	0.9932683	0.00028464897
2460542.296139654	0.9941856	0.00028474987
2460542.297528542	0.99339896	0.00028466972
2460542.298917431	0.99368745	0.0002846667
2460542.3003063193	0.9937367	0.0002847017
2460542.301695208	0.99385947	0.00028470365
2460542.3030840964	0.99388516	0.0002847115
2460542.3044729847	0.99381226	0.00028471567
2460542.3058618736	0.99362034	0.00028468342
2460542.307250762	0.9938644	0.00028470563
2460542.3086396502	0.99404573	0.0002847302
2460542.310028539	0.99415165	0.00028469338
2460542.3114174274	0.9942963	0.0002847737
2460542.3128063157	0.99358547	0.00028464702
2460542.3141952045	0.99361855	0.00028469562
2460542.315584093	0.994601	0.00028480066
2460542.316972981	0.99450624	0.00028480196
2460542.3183618695	0.99474084	0.00028487432
2460542.3197507584	0.9955113	0.0002849276
2460542.3211396467	0.99667764	0.00028508203
2460542.322528535	0.998074	0.00028529626
2460542.323917424	0.9982527	0.00028534434
2460542.325306312	0.99882704	0.0002853905
2460542.3266952005	0.9987172	0.00028538646
2460542.3280840893	1.0001434	0.00028553585
2460542.3294729777	0.9996044	0.00028550733
2460542.330861866	0.9998569	0.00028558853
2460542.332250755	0.9998297	0.0002855232
2460542.333639643	0.99960935	0.00028548343
2460542.3350285315	0.99997795	0.00028552228
2460542.3364174203	1.000066	0.00028554993
2460542.3378063086	0.9999722	0.00028557054
2460542.339195197	0.9992928	0.0002855165
2460542.3405840853	0.9997712	0.0002855446
2460542.341972974	1.0002798	0.00028553305
2460542.3433618625	0.9996414	0.00028552557
2460542.344750751	1.0001608	0.0002855716
2460542.3461396396	1.000482	0.0002856242
2460542.347528528	1.0003525	0.00028558262
2460542.3489174163	1.0001211	0.00028555378
2460542.350306305	0.9996526	0.00028551646
2460542.3516951934	0.9997369	0.00028552464
2460542.353084082	0.999896	0.00028555168
2460542.3544729706	1.0000306	0.00028559513
2460542.355861859	0.99983406	0.00028559516
2460542.3572507473	0.999764	0.0002855392
2460542.358639636	0.9997141	0.00028553169
2460542.3600285244	1.000174	0.00028557942
2460542.3614174128	0.99982595	0.00028553477
2460542.362806301	0.99952203	0.0002854793
2460542.3641951894	1.0000211	0.00028560087
2460542.3655840782	0.99985737	0.0002855321
2460542.3669729666	0.99940693	0.00028546518
2460542.368361855	1.0001419	0.0002855936
2460542.3697507437	0.9995015	0.00028550273
2460542.371139632	1.0003753	0.00028560913
2460542.3725285204	1.0003424	0.0002856133
2460542.373917409	0.9994635	0.00028549155
2460542.375306297	0.9999434	0.00028556897
2460542.376695186	0.9996045	0.00028553858
2460542.3780840742	0.99990135	0.00028553096
2460542.3794729626	1.0002108	0.0002856174
2460542.3808618514	0.9999998	0.00028556847
2460542.3822507397	1.0004607	0.00028566644
2460542.383639628	0.99970216	0.00028558043
2460542.3850285164	0.9996056	0.00028552618
2460542.3864174047	0.99994785	0.00028553285
2460542.3878062936	0.99941117	0.00028550063
2460542.389195182	0.9996897	0.0002855405
2460542.3905840702	0.99972266	0.0002855091
2460542.391972959	0.9998653	0.00028556612
2460542.393361847	0.99951303	0.00028550773
2460542.3947507357	0.9998611	0.00028554656
2460542.396139624	0.99954414	0.00028554496
2460542.3975285124	1.0004528	0.0002856343
2460542.398917401	0.9998666	0.00028558692
2460542.400306289	1.0003098	0.00028563346
2460542.401695178	0.99955577	0.00028552793
2460542.403084066	0.9998148	0.00028555834
2460542.4044729546	0.99985486	0.00028554857
2460542.4058618434	0.99969363	0.00028552595
2460542.4072507317	0.9994561	0.00028550945
2460542.40863962	1.0000741	0.0002855955
2460542.4100285084	0.9995354	0.00028555578
2460542.4114173967	0.99984074	0.0002856198
2460542.4128062855	1.000381	0.00028566518
2460542.414195174	1.0003432	0.00028563538
2460542.415584062	1.0003343	0.00028560896
2460542.4169729506	0.99993074	0.0002855748
2460542.4183618394	1.0000302	0.00028556676
2460542.4197507272	1.0000848	0.00028566597
2460542.421139616	0.9997716	0.00028557034
2460542.4225285044	1.0000553	0.00028562886
2460542.4239173927	1.000116	0.0002856253
2460542.425306281	0.9998286	0.00028560072
2460542.4266951694	1.0000329	0.000285608
2460542.428084058	1.0002407	0.0002856302
2460542.4294729466	0.9997597	0.0002855758
2460542.430861835	0.9998652	0.00028557674
2460542.4322507232	1.0003334	0.0002856952
2460542.433639612	1.0000767	0.00028558867
2460542.4350285	0.999946	0.00028562342
2460542.4364173887	0.9996105	0.00028557956
2460542.437806277	1.0002631	0.000285621
2460542.4391951654	1.0000442	0.0002855884
2460542.4405840538	1.000377	0.0002856807
2460542.441972942	0.9995079	0.00028555145
2460542.4433618304	1.0001581	0.00028568046
2460542.4447507192	1.0000012	0.00028559935
2460542.4461396076	0.99958926	0.00028557732
2460542.447528496	0.9999345	0.00028560977
2460542.4489173843	0.9999173	0.0002855698
2460542.4503062726	1.0001634	0.000285596
2460542.451695161	1.0003636	0.0002856506
2460542.4530840493	0.9994388	0.0002855349
2460542.454472938	0.9998427	0.00028560509
2460542.4558618264	0.99989074	0.0002856048
2460542.457250715	1.0003743	0.0002856697
2460542.458639603	0.99985534	0.00028558008
2460542.4600284914	0.99925035	0.00028556428
2460542.46141738	1.0000848	0.000285623
2460542.462806268	1.0003049	0.00028569959
2460542.4641951565	0.99970984	0.00028560875
2460542.4655840453	1.0002183	0.00028563858
2460542.4669729336	1.0004517	0.0002856764
2460542.468361822	1.0004609	0.00028569106
2460542.4697507103	0.9999067	0.00028564458
2460542.4711395986	1.0001608	0.0002856971
2460542.472528487	0.99980474	0.0002856312
2460542.4739173753	0.9995746	0.00028561946
2460542.4753062637	0.9995463	0.00028558166
2460542.476695152	0.9997148	0.00028562406
2460542.478084041	0.9998377	0.0002855909
2460542.479472929	1.0008526	0.00028578902
2460542.4808618175	1.0002004	0.00028567965
2460542.482250706	0.99927723	0.00028557816
2460542.483639594	0.999356	0.00028557327
2460542.4850284825	0.999727	0.0002856723
2460542.486417371	0.99984354	0.00028562744
2460542.487806259	1.0005338	0.00028573564
2460542.489195148	0.9991418	0.0002855666
2460542.490584036	1.0001159	0.00028569953
2460542.4919729247	1.0000141	0.0002856857
2460542.493361813	0.999194	0.00028554347
2460542.4947507014	0.9998839	0.00028567086
2460542.4961395897	1.0002351	0.00028568946
2460542.497528478	1.0003533	0.0002857081
2460542.4989173664	0.9995408	0.00028560692
2460542.5003062547	0.99968344	0.00028563692
2460542.501695143	1.0006907	0.00028572115
2460542.5030840314	0.99982613	0.00028566914
2460542.5044729197	1.0002023	0.0002857219
2460542.505861808	0.9996597	0.00028565023
2460542.5072506964	0.9998193	0.00028562866
2460542.5086395848	1.0001647	0.0002857322
2460542.510028473	1.0000101	0.00028569633
2460542.511417362	0.9995492	0.00028563623
2460542.51280625	0.9992443	0.00028561443
2460542.5141951386	0.99985033	0.0002856607
2460542.515584027	0.99944615	0.00028562013
2460542.5169729153	0.9995531	0.00028563145
2460542.5183618036	1.0001814	0.0002857345
2460542.519750692	0.999664	0.00028566673
2460542.5211395803	1.000052	0.0002857064
2460542.5225284686	1.0005556	0.000285821
2460542.523917357	0.99978876	0.00028568538
2460542.5253062453	0.99992806	0.00028568812
2460542.5266951337	0.99945474	0.00028561885
2460542.528084022	0.999794	0.00028570733
2460542.5294729103	1.0004892	0.0002857268
2460542.5308617987	0.99956506	0.00028569176
2460542.532250687	1.0003883	0.00028579056
2460542.5336395754	0.999993	0.00028571198
2460542.5350284637	0.999869	0.00028569615
2460542.536417352	0.99972844	0.00028568003
2460542.5378062404	0.99965537	0.00028569807
2460542.5391951287	1.0007449	0.0002858187
2460542.540584017	0.9997238	0.00028575378
2460542.5419729054	1.0001175	0.00028573332
2460542.5433617937	0.9997796	0.00028571597
2460542.544750682	0.99950284	0.00028562112
2460542.5461395704	1.0002469	0.00028577962
2460542.5475284588	1.0003843	0.0002857915
2460542.5489173476	0.9999814	0.00028572732
2460542.5503062354	0.99927634	0.0002856236
2460542.551695124	0.9998954	0.00028570837
2460542.5530840126	0.99991614	0.0002857275
2460542.5544729005	1.000075	0.00028572508
2460542.555861789	0.99987924	0.0002857359
2460542.557250677	0.9992828	0.00028566067
2460542.5586395655	0.99958086	0.0002857001
2460542.560028454	0.9995085	0.00028568934
2460542.561417342	0.9995938	0.0002856812
2460542.5628062305	0.9999201	0.0002857146
2460542.5641951193	1.0000412	0.0002857728
2460542.565584007	1.0005034	0.00028583664
2460542.5669728955	0.9992907	0.0002856442
2460542.568361784	0.99980855	0.0002857478
2460542.569750672	0.99933493	0.00028564094
2460542.5711395605	0.999963	0.00028574184
2460542.572528449	0.99988174	0.00028573876
2460542.573917337	1.0002233	0.0002857981
2460542.5753062256	1.0001425	0.0002857979
2460542.576695114	0.99995553	0.00028577316
2460542.5780840022	0.99986863	0.00028573629
2460542.5794728906	1.0002962	0.00028583003
2460542.580861779	0.9998868	0.0002857687
2460542.5822506673	1.0003961	0.00028579784
2460542.5836395556	1.0000792	0.00028579903
2460542.585028444	1.0000056	0.00028577264
2460542.5864173323	0.999614	0.00028571242
2460542.5878062206	0.9999805	0.00028579409
2460542.589195109	0.9999895	0.00028578695
2460542.590583997	1.0000733	0.0002857619
2460542.5919728857	0.99968094	0.00028570724
2460542.593361774	0.999971	0.00028581725
2460542.594750662	1.0001864	0.0002858182
2460542.59613955	1.0000446	0.00028575317
2460542.597528439	0.99998635	0.00028580878
2460542.598917327	1.0002619	0.0002857895
2460542.600306215	1.0001522	0.000285833
2460542.6016951036	1.0000985	0.0002857895
2460542.603083992	1.0003464	0.00028583859
2460542.6044728803	1.0004069	0.00028581478
2460542.6058617686	1.0004427	0.00028587133
2460542.607250657	0.9996411	0.00028572383
2460542.6086395453	0.99987507	0.0002858047
2460542.6100284336	0.99985397	0.00028581213
2460542.611417322	0.99978745	0.0002857647
2460542.6128062103	0.9991617	0.0002856923
2460542.614195098	0.9994338	0.00028572214
2460542.615583987	1.0004517	0.00028584735
2460542.616972875	1.0002815	0.00028584295
2460542.618361763	1.0000517	0.00028582435
2460542.6197506515	0.9998482	0.0002857821
2460542.62113954	0.9999319	0.0002858122
2460542.622528428	0.9998315	0.0002858158
2460542.6239173166	1.0000405	0.00028579467
2460542.625306205	0.9999487	0.00028581833
2460542.6266950932	1.0001099	0.00028584443
2460542.628083981	1.000141	0.00028583634
2460542.6294728694	0.9997147	0.0002857554
2460542.630861758	0.999858	0.00028581222
2460542.632250646	1.0000489	0.0002858166
2460542.6336395345	1.0004753	0.00028587456
2460542.635028423	1.000037	0.0002858275
2460542.636417311	1.0003712	0.00028586903
2460542.6378061995	0.9998464	0.0002858171
2460542.6391950874	1.0003456	0.00028584764
2460542.640583976	1.000021	0.0002857897
2460542.6419728645	0.9998857	0.0002858284
2460542.6433617524	1.0002266	0.00028586242
2460542.6447506407	1.0002406	0.00028582622
2460542.646139529	1.0003978	0.0002858662
2460542.6475284174	1.0007566	0.0002859449
2460542.6489173057	1.0002098	0.00028583666
2460542.6503061936	0.9998939	0.0002858259
2460542.651695082	0.9994468	0.0002857706
2460542.653083971	0.9998873	0.00028581478
2460542.6544728586	1.000389	0.00028585567
2460542.655861747	0.99985236	0.00028580587
2460542.6572506353	1.0001087	0.00028583614
2460542.6586395237	1.0003837	0.00028588576
2460542.660028412	0.9996352	0.00028579764
2460542.6614173	0.9996053	0.00028578783
2460542.662806188	1.0001198	0.00028583797
2460542.6641950766	1.0003631	0.00028584746
2460542.665583965	1.0001026	0.0002858763
2460542.6669728532	1.0005744	0.00028588978
2460542.6683617416	1.0004585	0.0002858826
2460542.6697506295	1.000251	0.00028585014
2460542.6711395183	1.0007763	0.00028591108
2460542.6725284066	0.99965537	0.00028579036
2460542.6739172945	1.0006249	0.00028585573
2460542.675306183	1.0004742	0.00028590055
2460542.676695071	1.0002705	0.00028584647
2460542.6780839595	1.0007712	0.00028590363
2460542.679472848	1.0002301	0.00028583469
2460542.6808617357	1.0001289	0.0002858477
2460542.682250624	1.0005983	0.00028593565
2460542.6836395124	0.99978733	0.00028578186
2460542.6850284007	1.0000887	0.00028581274
2460542.686417289	1.0006421	0.00028588652
2460542.687806177	1.0003307	0.00028584583
2460542.6891950653	1.0005877	0.00028586775
2460542.6905839536	1.0000293	0.0002858627
2460542.691972842	1.0007358	0.00028588081
2460542.6933617303	1.0005295	0.00028589257
2460542.6947506187	0.9997919	0.0002857874
2460542.6961395065	1.0002633	0.00028587054
2460542.697528395	0.9998669	0.00028582304
2460542.698917283	1.0002419	0.0002858369
2460542.7003061716	1.0004268	0.00028582802
2460542.70169506	0.9994452	0.00028573791
2460542.7030839478	1.0006897	0.0002858893
2460542.704472836	1.000376	0.00028586038
2460542.7058617244	1.0000216	0.00028576492
2460542.707250613	0.99988014	0.00028577299
2460542.708639501	0.99972004	0.00028577828
2460542.710028389	0.9999682	0.00028579717
2460542.7114172773	1.0000004	0.00028577723
2460542.7128061657	1.000641	0.00028587284
2460542.7141950536	1.0001216	0.0002858219
2460542.715583942	1.00027	0.00028584927
2460542.7169728302	1.0003792	0.00028585404
2460542.7183617186	1.0003982	0.00028581824
2460542.719750607	1.0006568	0.0002859064
2460542.721139495	0.99995613	0.00028580634
2460542.722528383	1.000178	0.00028581335
2460542.7239172715	1.000631	0.00028589845
2460542.72530616	1.0000052	0.00028579897
2460542.726695048	0.99999917	0.00028577127
2460542.7280839365	1.0006235	0.000285879
2460542.7294728244	0.9996388	0.0002857656
2460542.7308617127	1.000524	0.00028584
2460542.732250601	1.0008475	0.00028587726
2460542.733639489	1.0005102	0.0002858804
2460542.7350283773	1.0002167	0.00028585026
2460542.7364172656	1.0006895	0.000285911
2460542.737806154	1.000264	0.00028581958
2460542.7391950423	1.0001146	0.00028583952
2460542.74058393	1.0002067	0.00028584572
2460542.7419728185	1.0003202	0.00028587534
2460542.743361707	1.0003133	0.00028581798
2460542.7447505947	0.999803	0.00028580576
2460542.746139483	1.0001212	0.0002857942
2460542.7475283714	1.0001514	0.00028582467
2460542.7489172597	1.0006037	0.00028582726
2460542.750306148	1.0001539	0.0002858506
2460542.751695036	1.0009586	0.00028594598
2460542.7530839243	0.999939	0.00028582083
2460542.7544728126	1.0005109	0.00028586367
2460542.7558617005	1.0001425	0.0002858091
2460542.757250589	0.99994636	0.000285767
2460542.758639477	1.0005933	0.00028586353
2460542.760028365	1.000394	0.00028586248
2460542.7614172534	1.0003408	0.00028583655
2460542.7628061417	1.000096	0.0002858341
2460542.76419503	1.0000787	0.00028574618
2460542.7655839184	1.0004214	0.00028582982
2460542.7669728063	1.0003272	0.00028583585
2460542.7683616946	0.9999158	0.00028579915
2460542.7697505825	0.99955136	0.0002857186
2460542.771139471	1.0007156	0.00028589123
2460542.772528359	1.0005623	0.00028588463
2460542.773917247	1.0001618	0.00028577665
2460542.7753061354	0.99985063	0.00028577197
2460542.7766950238	1.0004369	0.00028582764
2460542.778083912	1.0001185	0.0002857934
2460542.7794728004	0.9998121	0.00028576644
2460542.7808616883	0.99981946	0.0002858107
2460542.7822505767	1.000663	0.0002858704
2460542.783639465	1.000508	0.0002858739
2460542.785028353	1.0003538	0.00028584374
2460542.786417241	1.0008231	0.00028591297
2460542.7878061295	1.0005443	0.00028585197
2460542.7891950174	1.0001377	0.0002858518
2460542.7905839058	1.000114	0.00028579056
2460542.791972794	1.0001061	0.000285825
2460542.793361682	1.000547	0.0002858664
2460542.7947505703	0.99996895	0.00028580683
2460542.7961394587	0.99990946	0.00028585072
2460542.7975283465	1.0004115	0.00028584592
2460542.798917235	1.0005821	0.00028593588
2460542.800306123	0.99988204	0.00028578466
2460542.801695011	1.000292	0.0002858446
2460542.8030838994	1.000342	0.00028584705
2460542.804472788	1.0000836	0.00028580928
2460542.805861676	1.0002346	0.0002858249
2460542.807250564	0.99986863	0.00028579848
2460542.8086394523	0.99992824	0.00028582916
2460542.8100283407	0.9999704	0.00028581428
2460542.8114172285	1.0001156	0.00028585366
2460542.812806117	1.0007126	0.00028592136
2460542.814195005	1.0003769	0.0002858983
2460542.815583893	0.9995938	0.0002858039
2460542.8169727814	1.0004666	0.0002858699
2460542.8183616693	1.0001559	0.00028583757
2460542.8197505577	1.0002978	0.0002859053
2460542.821139446	1.0001183	0.00028582613
2460542.822528334	1.0001919	0.00028582267
2460542.823917222	1.0002289	0.0002858578
2460542.8253061105	1.0005516	0.00028588306
2460542.8266949984	1.0005817	0.00028592278
2460542.8280838868	0.99996495	0.00028582255
2460542.8294727746	0.9995369	0.00028580084
2460542.830861663	1.0004252	0.00028587112
2460542.8322505513	0.9998691	0.00028582726
2460542.833639439	1.0004858	0.00028591842
2460542.8350283275	1.0000894	0.00028587188
2460542.836417216	0.9999776	0.0002858329
2460542.8378061038	0.9997119	0.0002858067
2460542.839194992	1.0002847	0.00028588015
2460542.8405838804	1.0005225	0.0002859244
2460542.8419727683	1.0000051	0.00028582333
2460542.8433616566	0.99988365	0.00028585864
2460542.8447505445	1.0007013	0.00028598882
2460542.846139433	1.0002525	0.00028589548
2460542.847528321	1.0004108	0.00028591597
2460542.848917209	1.0003941	0.000285888
2460542.8503060974	1.000202	0.0002859105
2460542.8516949858	1.000423	0.00028593966
2460542.8530838736	1.0006487	0.00028597002
2460542.854472762	1.0003558	0.0002859295
2460542.85586165	1.0005333	0.00028590468
2460542.857250538	1.0000285	0.00028588338
2460542.8586394265	1.0010821	0.00028597336
2460542.8600283144	1.0001806	0.0002859106
2460542.8614172027	1.0000515	0.00028586003
2460542.8628060906	1.000463	0.000285921
2460542.864194979	1.0001014	0.00028589825
2460542.8655838673	1.0000268	0.00028586146
2460542.866972755	1.0007732	0.00028597235
2460542.8683616435	1.0005131	0.0002859116
2460542.8697505314	0.99984175	0.00028583317
2460542.8711394197	1.0002122	0.0002858878
2460542.8725283076	0.99999636	0.00028587566
2460542.873917196	0.99961936	0.00028582476
2460542.875306084	1.0005276	0.000285915
2460542.876694972	1.0003477	0.0002859035
2460542.87808386	1.0007803	0.00028597176
2460542.8794727484	1.0003026	0.00028588693
2460542.8808616367	1.0005654	0.00028592936
2460542.8822505246	1.0000594	0.00028589639
2460542.883639413	1.0006208	0.0002859468
2460542.8850283013	1.0009068	0.00028596004
2460542.886417189	1.0006047	0.00028594254
2460542.8878060775	1.0003263	0.00028590183
2460542.8891949654	1.0002201	0.00028591292
2460542.8905838537	0.99997747	0.00028585907
2460542.8919727416	1.0005617	0.0002859229
2460542.89336163	1.0004303	0.0002859067
2460542.894750518	1.0002489	0.00028588888
2460542.896139406	1.000945	0.00028599205
2460542.897528294	1.000216	0.00028586315
2460542.8989171823	1.0002422	0.00028589854
2460542.90030607	1.0008408	0.00028592945
2460542.9016949586	1.0001422	0.0002858964
2460542.903083847	1.0003625	0.00028589557
2460542.904472735	0.99988127	0.0002858378
2460542.905861623	1.0005543	0.00028590483
2460542.9072505115	1.0001818	0.00028585127
2460542.9086393993	0.9998806	0.0002858592
2460542.9100282877	1.0001605	0.0002858819
2460542.9114171756	1.0005792	0.0002859413
2460542.9128060634	1.0001504	0.00028577773
2460542.9141949518	0.99994147	0.0002858597
2460542.9155838396	0.9999689	0.00028580896
2460542.916972728	1.0002297	0.00028587197
2460542.9183616163	1.0006907	0.00028590226
2460542.919750504	0.99981594	0.00028579254
2460542.9211393925	1.0000707	0.00028579417
2460542.9225282804	0.99959993	0.0002857352
2460542.9239171688	0.9995657	0.00028576923
2460542.9253060566	1.0001668	0.00028584868
2460542.926694945	0.99946856	0.00028576012
2460542.928083833	0.99966335	0.00028573757
2460542.929472721	0.99970025	0.0002857492
2460542.930861609	0.9993002	0.00028567642
2460542.9322504974	0.99963844	0.00028576693
2460542.9336393857	1.0003456	0.00028582095
2460542.9350282736	0.9993877	0.0002857082
2460542.9364171615	0.9996523	0.00028569103
2460542.93780605	0.9994635	0.00028574158
2460542.9391949377	0.9992188	0.00028564487
2460542.940583826	0.99956954	0.00028569277
2460542.941972714	0.99919933	0.0002856677
2460542.9433616023	0.99975884	0.00028573498
2460542.9447504906	0.99997544	0.0002857773
2460542.9461393785	0.9993196	0.00028564956
2460542.9475282663	0.9996962	0.00028567488
2460542.9489171547	0.9996946	0.00028572057
2460542.9503060426	0.9991405	0.0002856746
2460542.951694931	0.99998355	0.00028576303
2460542.953083819	0.9995088	0.00028570514
2460542.954472707	0.99923587	0.000285665
2460542.955861595	0.9993515	0.00028566012
2460542.9572504833	1.0003012	0.0002857494
2460542.958639371	0.9994587	0.00028563573
2460542.960028259	0.99986404	0.00028570823
2460542.9614171474	0.9998601	0.00028575174
2460542.9628060358	0.99949354	0.00028569472
2460542.9641949236	1.0002625	0.00028573602
2460542.965583812	0.99920505	0.0002856224
2460542.9669727	0.99998957	0.0002857041
2460542.9683615877	0.99948674	0.00028563512
2460542.969750476	1.0000132	0.0002857371
2460542.9711393644	0.9995768	0.00028568617
2460542.9725282523	1.0000101	0.0002857062
2460542.97391714	1.0000972	0.00028574734
2460542.9753060285	1.0002635	0.0002857404
2460542.9766949164	0.99972713	0.0002856736
2460542.9780838047	1.0001429	0.00028575308
2460542.9794726926	0.99994004	0.00028568538
2460542.980861581	0.9997083	0.00028568658
2460542.982250469	1.0000459	0.000285685
2460542.9836393567	0.9998899	0.00028570555
2460542.985028245	0.9998839	0.00028573757
2460542.986417133	0.9998301	0.00028562828
2460542.9878060212	1.0002959	0.00028570692
2460542.989194909	1.0003239	0.00028574435
2460542.9905837975	0.9999528	0.00028571265
2460542.9919726853	0.9998836	0.00028567878
2460542.9933615737	0.99975944	0.00028565712
2460542.9947504615	0.999848	0.0002856928
2460542.99613935	1.000045	0.00028569988
2460542.9975282378	1.0001631	0.0002857154
2460542.9989171256	1.0001272	0.00028572022
2460543.000306014	1.0001101	0.00028573358
2460543.001694902	0.9994147	0.0002855804
2460543.00308379	0.99948967	0.00028566827
2460543.004472678	1.0000983	0.0002857521
2460543.005861566	0.9997427	0.00028568975
2460543.0072504543	1.0000548	0.0002856946
2460543.008639342	0.9998876	0.0002857132
2460543.0100282305	0.999754	0.00028564272
2460543.0114171184	0.99987435	0.00028566408
2460543.0128060062	1.0003743	0.00028572028
2460543.0141948946	1.0007397	0.0002857978
2460543.015583783	0.99983644	0.0002856761
2460543.016972671	0.99974984	0.0002857068
2460543.0183615587	0.99991095	0.00028569426
2460543.0197504465	0.99937457	0.00028563663
2460543.021139335	0.99950063	0.00028561754
2460543.022528223	1.0001472	0.00028574062
2460543.023917111	1.000053	0.0002857346
2460543.025305999	0.9992643	0.00028559144
2460543.0266948873	0.9999622	0.00028573594
2460543.028083775	0.9999706	0.0002856926
2460543.029472663	1.0002896	0.00028575154
2460543.0308615514	1.0000768	0.00028575558
2460543.0322504393	0.9998384	0.00028570264
2460543.0336393276	0.999794	0.00028568713
2460543.0350282155	0.99950194	0.00028567883
2460543.0364171034	0.999794	0.0002856985
2460543.0378059917	1.000068	0.00028573038
2460543.0391948796	0.999764	0.0002857204
2460543.040583768	0.999659	0.0002856515
2460543.041972656	0.99994725	0.0002857214
2460543.0433615437	0.9999596	0.0002857186
2460543.044750432	1.0000957	0.00028574443
2460543.04613932	0.9997789	0.00028572168
2460543.047528208	1.0002414	0.0002857206
2460543.048917096	0.999762	0.00028567592
2460543.050305984	0.99995524	0.00028576466
2460543.0516948723	0.9999412	0.0002857426
2460543.05308376	0.99920374	0.0002856362
2460543.054472648	0.99963343	0.00028566396
2460543.0558615364	0.999865	0.00028571376
2460543.0572504243	0.9995579	0.00028567432
2460543.058639312	0.998652	0.00028558125
2460543.0600282005	0.9996153	0.00028571283
2460543.0614170884	0.99987257	0.00028575739
2460543.0628059763	1.0001199	0.0002857799
2460543.0641948646	0.99995583	0.00028573704
2460543.0655837525	1.0000556	0.00028573946
2460543.066972641	1.0004597	0.00028584315
2460543.0683615287	1.0005137	0.00028579563
2460543.0697504166	1.0000858	0.00028575884
2460543.071139305	1.0004588	0.00028584054
2460543.072528193	1.0004562	0.0002858006
2460543.0739170806	1.0004487	0.00028579688
2460543.075305969	1.0008218	0.00028586376
2460543.076694857	1.0004748	0.00028581385
2460543.0780837447	0.9999253	0.0002857964
2460543.079472633	0.99985266	0.00028576484
2460543.080861521	1.0001485	0.00028578282
2460543.082250409	1.0006627	0.00028590095
2460543.0836392967	0.99982446	0.00028576975
2460543.085028185	0.99986386	0.00028572674
2460543.086417073	0.9999618	0.00028578768
2460543.087805961	0.9998956	0.00028579222
2460543.089194849	1.0003731	0.00028584432
2460543.0905837375	1.000185	0.0002858128
2460543.0919726253	1.0002005	0.0002858193
2460543.093361513	1.0003979	0.00028583346
2460543.094750401	1.0001888	0.00028584836
2460543.0961392894	1.0000219	0.00028582188
2460543.0975281773	1.0007252	0.00028588576
2460543.098917065	1.0005053	0.00028589307
2460543.1003059535	1.0001345	0.00028583925
2460543.1016948414	0.9998797	0.00028580666
2460543.1030837293	0.99972194	0.00028579094
2460543.1044726176	1.000175	0.00028586708
2460543.1058615055	0.9996503	0.00028577424
2460543.1072503934	0.9991074	0.00028568707
2460543.1086392817	0.99986994	0.00028582406
2460543.1100281696	1.0004233	0.00028589822
2460543.1114170575	1.0005358	0.00028589176
2460543.1128059453	1.0000796	0.00028581527
2460543.114194833	1.0000424	0.00028584249
2460543.1155837215	0.99996597	0.00028580465
2460543.1169726094	0.9998434	0.000285822
2460543.1183614973	1.0003227	0.00028586504
2460543.1197503856	1.000206	0.00028589857
2460543.1211392735	1.0001609	0.00028587287
2460543.1225281614	1.000251	0.0002858513
2460543.1239170497	1.0006741	0.00028592776
2460543.1253059376	1.0003325	0.0002858717
2460543.1266948255	0.9999269	0.000285798
2460543.1280837134	1.0000026	0.0002858323
2460543.1294726017	1.0002171	0.00028585334
2460543.1308614896	0.9999615	0.00028583818
2460543.1322503774	1.0004463	0.00028588332
2460543.133639266	1.0000725	0.00028583212
2460543.1350281537	0.99966204	0.00028580282
2460543.1364170415	0.9999882	0.00028579525
2460543.1378059294	0.9996477	0.00028577165
2460543.1391948173	1.0000216	0.00028584508
2460543.1405837056	0.99950534	0.00028576984
2460543.1419725935	1.0005115	0.00028591082
2460543.1433614814	0.9995839	0.0002857762
2460543.1447503697	1.0003697	0.00028591734
2460543.1461392576	0.9996978	0.00028581056
2460543.1475281455	1.0001441	0.00028584988
2460543.148917034	0.99992824	0.0002858479
2460543.1503059217	1.0002035	0.0002858717
2460543.1516948096	1.0003036	0.00028585194
2460543.1530836974	1.0000086	0.00028587063
2460543.1544725853	0.9996046	0.00028579947
2460543.1558614736	1.0008776	0.0002859416
2460543.1572503615	0.9999268	0.00028582718
2460543.1586392494	1.0002819	0.00028586996
2460543.1600281377	0.99989194	0.00028579592
2460543.1614170256	1.0004926	0.00028587267
2460543.1628059135	1.000404	0.00028589118
2460543.1641948014	1.0003775	0.0002858328
2460543.165583689	0.9994606	0.00028574848
2460543.1669725776	0.999963	0.00028577528
2460543.1683614654	1.0003806	0.00028583067
2460543.1697503533	1.0002338	0.00028580407
2460543.1711392417	0.99986565	0.0002857799
2460543.1725281295	1.0005714	0.00028589094
2460543.1739170174	1.0001556	0.00028581248
2460543.1753059053	0.999954	0.00028581874
2460543.176694793	1.0006962	0.0002859033
2460543.1780836815	0.99990207	0.00028580683
2460543.1794725694	1.0003105	0.00028585744
2460543.1808614573	1.0003129	0.0002858711
2460543.182250345	0.9989925	0.0002857108
2460543.1836392335	0.9998122	0.00028580788
2460543.1850281213	1.0000964	0.00028585418
2460543.186417009	1.0002141	0.0002858262
2460543.187805897	0.99954265	0.00028574723
2460543.189194785	1.0002855	0.00028588568
2460543.1905836733	1.0001458	0.00028577523
2460543.191972561	1.0000076	0.00028579246
2460543.193361449	0.9997998	0.00028579793
2460543.194750337	0.9999449	0.0002857912
2460543.196139225	1.0004593	0.00028586158
2460543.197528113	1.0001206	0.0002857957
2460543.198917001	1.0001848	0.000285796
2460543.200305889	1.0002441	0.00028584778
2460543.201694777	1.0009048	0.0002858817
2460543.2030836646	1.0000259	0.00028577962
2460543.204472553	1.0004162	0.00028584627
2460543.205861441	0.9995464	0.00028571405
2460543.2072503287	0.99941856	0.00028571338
2460543.2086392166	0.9996535	0.00028577403
2460543.210028105	1.0001115	0.00028575238
2460543.211416993	1.0001124	0.00028580741
2460543.2128058807	1.0001669	0.00028575884
2460543.2141947686	0.9995775	0.00028571868
2460543.2155836564	1.0002402	0.00028578285
2460543.216972545	1.0002015	0.00028577252
2460543.2183614327	0.9998877	0.00028577723
2460543.2197503205	0.9997575	0.0002857814
2460543.2211392084	1.000013	0.00028575223
2460543.2225280963	1.0005691	0.00028585168
2460543.223916984	1.0001043	0.00028576108
2460543.225305872	0.99991846	0.00028581315
2460543.2266947604	1.0011259	0.00028588428
2460543.2280836483	0.9998591	0.00028574173
2460543.229472536	1.0001483	0.00028579257
2460543.230861424	1.000308	0.00028585194
2460543.2322503123	0.9999438	0.00028578623
2460543.2336392	1.000719	0.0002858378
2460543.235028088	1.0000777	0.0002857849
2460543.236416976	1.0003612	0.00028579572
2460543.237805864	1.0007498	0.00028585593
2460543.2391947517	0.999871	0.0002857478
2460543.2405836396	0.9999805	0.00028573556
2460543.241972528	1.0005924	0.00028579662
2460543.243361416	1.0006844	0.00028585052
2460543.2447503037	1.000381	0.0002858097
2460543.2461391916	1.0004942	0.00028581888
2460543.2475280794	0.9999413	0.000285752
2460543.2489169673	1.0001955	0.0002857793
2460543.2503058556	1.0003792	0.0002857876
2460543.2516947435	1.000241	0.00028580998
2460543.2530836314	0.99994624	0.0002857413
2460543.2544725193	1.0002648	0.00028570727
2460543.255861407	1.0006433	0.00028582403
2460543.257250295	0.9999753	0.000285785
2460543.258639183	0.99958986	0.0002857221
2460543.2600280712	1.0001249	0.0002858301
2460543.261416959	1.0001987	0.00028574196
2460543.262805847	0.99990904	0.0002857603
2460543.264194735	1.0002273	0.0002858029
2460543.2655836227	1.0004665	0.0002858282
2460543.2669725106	1.0002062	0.00028577432
2460543.2683613985	1.0000508	0.00028577703
2460543.269750287	0.9996609	0.00028568908
2460543.2711391747	0.99998546	0.00028575462
2460543.2725280626	0.99954146	0.00028570188
2460543.2739169504	1.0005072	0.00028582322
2460543.2753058383	0.9999339	0.00028579962
2460543.276694726	1.0000868	0.0002858128
2460543.278083614	1.0002413	0.00028578143
2460543.279472502	0.9994433	0.00028569443
2460543.2808613903	1.0001618	0.0002857658
2460543.282250278	1.0006336	0.00028581155
2460543.283639166	1.0001409	0.00028575765
2460543.285028054	1.0003351	0.00028579214
2460543.286416942	1.000284	0.00028578175
2460543.2878058297	1.0002223	0.00028577278
2460543.2891947175	0.99982476	0.00028568457
2460543.2905836054	0.99968547	0.00028569877
2460543.2919724938	1.0005444	0.00028581396
2460543.293361381	0.9999917	0.00028573824
2460543.2947502695	1.0001272	0.00028580579
2460543.2961391574	0.9996468	0.00028571818
2460543.2975280453	1.0001993	0.00028574132
2460543.298916933	1.0004617	0.00028580084
2460543.300305821	0.99978125	0.00028572872
2460543.301694709	0.99999696	0.0002857391
2460543.3030835968	0.9996882	0.00028570788
2460543.3044724846	0.9998508	0.00028574548
2460543.305861373	1.0004789	0.00028581615
2460543.3072502604	0.999734	0.0002857384
2460543.3086391487	1.0000148	0.00028577598
2460543.3100280366	1.0007995	0.00028586396
2460543.3114169245	1.0012817	0.0002859197
2460543.3128058123	1.000152	0.00028577953
2460543.3141947	1.0000962	0.0002857826
2460543.315583588	1.0010815	0.00028585657
2460543.316972476	0.99934083	0.0002856208
2460543.318361364	1.0009804	0.00028588303
2460543.3197502517	0.99952143	0.0002857232
2460543.32113914	1.0003015	0.00028576172
2460543.3225280275	1.0003154	0.00028578352
2460543.323916916	1.0002944	0.0002857838
2460543.3253058037	1.0004587	0.00028583017
2460543.3266946916	1.0001174	0.00028573282
2460543.3280835794	0.9997543	0.00028571504
2460543.3294724673	1.0004532	0.00028577278
2460543.330861355	0.9999531	0.0002857506
2460543.332250243	1.0000163	0.000285753
2460543.333639131	0.9999624	0.00028576236
2460543.335028019	1.0000454	0.00028576655
2460543.3364169067	1.0003887	0.00028581906
2460543.3378057946	1.0003092	0.00028579522
2460543.3391946824	0.9998011	0.00028570104
2460543.340583571	1.0008613	0.0002858644
2460543.341972458	0.9997039	0.0002857102
2460543.3433613465	1.0002007	0.0002857748
2460543.344750234	1.0001918	0.00028579053
2460543.3461391223	1.0008645	0.0002858578
2460543.34752801	1.0004258	0.00028584333
2460543.348916898	1.0003233	0.00028581478
2460543.350305786	0.99996006	0.00028571984
2460543.3516946738	1.0003663	0.00028579927
2460543.3530835616	1.0006529	0.00028584106
2460543.3544724495	1.0003166	0.00028580576
2460543.3558613374	1.000197	0.00028577598
2460543.3572502253	0.99956316	0.00028567767
2460543.358639113	0.9997305	0.00028570986
2460543.360028001	1.0001824	0.00028574557
2460543.361416889	1.0003612	0.00028580052
2460543.3628057768	1.0002065	0.00028574915
2460543.3641946646	0.99997395	0.00028575334
2460543.3655835525	1.0001836	0.000285777
2460543.3669724404	1.0000695	0.00028575372
2460543.3683613283	0.9999351	0.00028576297
2460543.3697502166	1.0006317	0.00028582744
2460543.371139104	1.0000743	0.00028575625
2460543.372527992	0.99958783	0.0002856767
2460543.37391688	0.9993933	0.0002856735
2460543.3753057676	1.0008838	0.00028587543
2460543.376694656	0.9997247	0.0002857043
2460543.378083544	1.0002338	0.0002858232
2460543.3794724313	1.0003036	0.00028578565
2460543.3808613196	0.9995768	0.00028570823
2460543.382250207	1.000559	0.00028581283
2460543.3836390954	1.0001835	0.0002857833
2460543.385027983	0.9999621	0.0002857622
2460543.386416871	0.9995039	0.00028568332
2460543.387805759	0.99956185	0.00028566644
2460543.389194647	0.9999072	0.0002857658
2460543.3905835347	0.999776	0.00028576257
2460543.3919724226	0.99989194	0.0002857357
2460543.3933613105	0.99985224	0.00028575835
2460543.3947501983	0.9997879	0.00028573128
2460543.396139086	0.9991617	0.00028564464
2460543.397527974	0.9999307	0.00028580206
2460543.398916862	0.9998691	0.00028580124
2460543.40030575	0.9997789	0.0002857954
2460543.4016946377	0.99961877	0.00028573113
2460543.4030835256	0.9997439	0.00028573954
2460543.4044724135	0.9998879	0.00028579737
2460543.4058613013	0.9998607	0.0002857916
2460543.407250189	1.0002654	0.00028578984
2460543.408639077	0.9998117	0.00028581987
2460543.410027965	1.0001572	0.00028580593
2460543.411416853	1.0002089	0.00028582793
2460543.4128057407	0.9995727	0.00028573058
2460543.4141946286	1.000128	0.0002858103
2460543.415583516	1.0002027	0.00028580613
2460543.4169724043	0.99932927	0.00028571245
2460543.418361292	0.99952435	0.00028574435
2460543.4197501796	0.99998856	0.00028581786
2460543.421139068	0.9997635	0.0002857859
2460543.422527956	1.0004717	0.0002858224
2460543.4239168433	0.99991804	0.00028582686
2460543.4253057316	1.0003406	0.00028588218
2460543.426694619	1.0001096	0.00028583768
2460543.428083507	1.0000876	0.00028579193
2460543.429472395	1.0003456	0.00028584467
2460543.4308612826	1.0000774	0.00028584912
2460543.4322501705	0.99983805	0.00028581257
2460543.433639059	1.0001981	0.00028583195
2460543.4350279463	1.0009159	0.00028592674
2460543.436416834	1.0000846	0.00028583925
2460543.437805722	1.0003276	0.0002858884
2460543.43919461	0.99991965	0.0002857779
2460543.4405834978	0.99990845	0.0002857575
2460543.4419723856	0.99948263	0.00028577098
2460543.4433612735	1.000019	0.0002858222
2460543.4447501614	0.99951535	0.00028576527
2460543.4461390493	0.9997555	0.00028581067
2460543.447527937	0.9992245	0.00028575092
2460543.448916825	0.9999898	0.00028580715
2460543.450305713	0.99962485	0.000285818
2460543.4516946007	1.0000845	0.000285863
2460543.4530834886	1.0006793	0.00028591283
2460543.4544723765	1.0003061	0.00028591283
2460543.4558612644	0.9999551	0.00028583824
2460543.4572501522	0.99994874	0.0002858804
2460543.45863904	0.99933416	0.00028577636
2460543.460027928	0.99972284	0.00028581967
2460543.4614168154	0.9995617	0.0002858308
2460543.4628057037	1.0002284	0.00028589094
2460543.464194591	1.0003184	0.00028590776
2460543.465583479	1.0002583	0.00028592197
2460543.4669723674	0.999291	0.0002857697
2460543.468361255	0.9997998	0.00028585692
2460543.4697501427	0.99987406	0.00028590485
2460543.4711390305	1.0006624	0.0002859648
2460543.4725279184	1.0000387	0.00028586376
2460543.4739168063	0.9997286	0.00028586393
2460543.475305694	0.99931777	0.00028579246
2460543.476694582	0.9995384	0.0002858235
2460543.47808347	0.9999567	0.00028589243
2460543.479472358	1.0002743	0.00028594225
2460543.4808612457	0.9998178	0.00028585963
2460543.4822501335	0.99977714	0.00028590468
2460543.483639021	1.0000206	0.00028590907
2460543.4850279093	1.0000525	0.0002859272
2460543.4864167967	0.9998893	0.00028591108
2460543.4878056846	1.0001636	0.0002858939
2460543.4891945724	1.0002873	0.0002859382
2460543.4905834603	0.9997536	0.00028590742
2460543.491972348	0.9997529	0.00028590392
2460543.493361236	0.99982697	0.00028590378
2460543.494750124	0.9997846	0.0002858884
2460543.496139012	0.99998283	0.0002859551
2460543.4975278997	0.99959165	0.0002858871
2460543.4989167876	1.0003096	0.00028598553
2460543.5003056754	0.99984205	0.00028596685
2460543.501694563	0.9998255	0.00028587735
2460543.5030834507	1.0001954	0.00028596245
2460543.5044723386	0.999103	0.00028584755
2460543.5058612265	0.99925846	0.00028585314
2460543.5072501143	0.99953216	0.00028588178
2460543.508639002	0.9995607	0.00028589912
2460543.51002789	0.99964434	0.0002859016
2460543.511416778	1.0008135	0.00028606565
2460543.5128056654	1.0000381	0.00028598917
2460543.5141945537	0.99975085	0.00028590157
2460543.5155834416	0.9996641	0.00028592654
2460543.516972329	1.0001887	0.0002859954
2460543.518361217	0.99988943	0.00028596792
2460543.5197501048	0.9997542	0.00028589106
2460543.5211389926	1.0000249	0.00028597502
2460543.5225278805	0.9998783	0.00028592453
2460543.5239167684	0.9996896	0.00028594912
2460543.5253056563	0.9996598	0.00028592898
2460543.526694544	0.9993111	0.00028592243
2460543.5280834315	1.0000066	0.00028598987
2460543.5294723194	0.9991526	0.00028585727
2460543.5308612073	1.000549	0.00028607735
2460543.532250095	0.9992999	0.0002858835
2460543.533638983	0.9995431	0.00028592828
2460543.535027871	0.99972904	0.00028598506
2460543.536416759	0.9995126	0.00028595916
2460543.5378056467	1.0000561	0.0002860277
2460543.539194534	1.0001395	0.0002860101
2460543.540583422	1.0000606	0.00028595523
2460543.54197231	0.9998623	0.00028597395
2460543.5433611977	0.99972963	0.0002859753
2460543.5447500856	0.9999343	0.00028603934
2460543.5461389734	0.9998203	0.00028597665
2460543.5475278613	1.0004244	0.00028609205
2460543.548916749	0.99998736	0.0002860165
2460543.5503056366	0.99985373	0.0002859736
2460543.5516945245	1.0001459	0.00028607668
2460543.5530834123	0.99937326	0.00028592968
2460543.5544723	0.99971485	0.00028599447
2460543.555861188	1.0001314	0.00028605826
2460543.557250076	0.9999763	0.00028600066
2460543.558638964	0.99958956	0.00028597348
2460543.5600278517	1.0001132	0.00028604764
2460543.561416739	1.000278	0.00028606527
2460543.562805627	0.99988985	0.0002860402
2460543.564194515	1.0003767	0.00028611693
2460543.5655834028	1.0002779	0.00028606204
2460543.5669722906	0.99992603	0.0002860418
2460543.5683611785	0.9999945	0.0002860368
2460543.569750066	0.99943316	0.00028597258
2460543.571138954	0.9998069	0.0002860068
2460543.5725278417	0.99925065	0.0002859398
2460543.5739167295	0.99988824	0.00028607363
2460543.5753056174	1.000186	0.00028610163
2460543.5766945053	0.9997436	0.00028603934
2460543.578083393	1.0001162	0.00028607136
2460543.579472281	0.99977195	0.00028604388
2460543.5808611684	1.000528	0.0002861007
2460543.5822500563	0.9996605	0.00028602197
2460543.583638944	0.9998199	0.0002860582
2460543.585027832	0.9992396	0.00028595325
2460543.58641672	1.000134	0.00028610602
2460543.5878056074	1.000157	0.00028611263
2460543.589194495	1.0000494	0.00028608824
2460543.590583383	0.9992714	0.00028597016
2460543.591972271	1.0001305	0.00028610442
2460543.593361159	0.9998344	0.00028602168
2460543.5947500463	0.9994343	0.00028603873
2460543.596138934	0.9997719	0.00028606795
2460543.597527822	0.9999952	0.00028609697
2460543.59891671	0.9997648	0.0002860152
2460543.6003055978	0.99973345	0.0002860673
2460543.6016944856	0.9995576	0.00028607983
2460543.603083373	1.0004226	0.0002860929
2460543.604472261	0.9993762	0.00028602887
2460543.605861149	1.0000162	0.00028614042
2460543.6072500367	1.0004066	0.0002861846
2460543.6086389245	1.0001627	0.00028618623
2460543.610027812	1.0001913	0.00028614156
2460543.6114167	0.99951476	0.00028603565
2460543.6128055877	0.999992	0.0002862126
2460543.6141944756	0.9996797	0.00028611242
2460543.6155833635	0.9996442	0.00028608443
2460543.6169722513	1.0005549	0.00028621938
2460543.6183611387	0.99993825	0.00028611548
2460543.6197500266	0.9999432	0.00028614045
2460543.6211389145	1.0004766	0.00028621982
2460543.6225278024	0.9991688	0.0002860172
2460543.6239166902	0.9999792	0.00028614944
2460543.6253055776	1.0000497	0.00028616184
2460543.6266944655	0.99976206	0.0002861011
2460543.6280833534	0.9998835	0.00028613603
2460543.6294722413	0.99974054	0.00028613137
2460543.630861129	1.0000107	0.00028613035
2460543.6322500166	0.99932444	0.00028609802
2460543.6336389044	0.99988127	0.00028614723
2460543.6350277923	0.99970156	0.00028613582
2460543.63641668	0.99899	0.0002859951
2460543.637805568	0.9998774	0.000286097
2460543.639194456	0.99988014	0.00028614144
2460543.6405833433	1.0000442	0.0002861685
2460543.641972231	1.0004686	0.00028622107
2460543.643361119	1.0001848	0.00028616475
2460543.644750007	1.0002224	0.00028619764
2460543.646138895	1.0000879	0.0002860948
2460543.6475277822	1.0003065	0.00028621466
2460543.64891667	1.0003002	0.00028619156
2460543.650305558	0.99965537	0.00028617622
2460543.6516944454	0.9999416	0.00028618265
2460543.6530833333	0.9995621	0.00028611635
2460543.654472221	0.9992666	0.0002860579
2460543.655861109	0.9979616	0.00028590468
2460543.657249997	0.99737597	0.00028581193
2460543.6586388843	0.99651515	0.00028571012
2460543.660027772	0.99613774	0.00028566967
2460543.66141666	0.99575126	0.00028558707
2460543.662805548	0.99448633	0.0002854236
2460543.664194436	0.99392354	0.00028542915
2460543.665583323	0.9936391	0.00028533518
2460543.666972211	0.99362093	0.0002853889
2460543.668361099	0.99384975	0.0002853316
2460543.6697499864	0.99295235	0.00028527324
2460543.6711388743	0.9936767	0.00028537624
2460543.672527762	0.99366826	0.00028535028
2460543.67391665	0.9930077	0.00028524504
2460543.675305538	0.9935718	0.00028534868
2460543.6766944258	0.9925685	0.00028521166
2460543.678083313	0.9936529	0.0002852927
2460543.679472201	0.992641	0.00028521038
2460543.680861089	0.99277353	0.00028523692
2460543.6822499763	0.99314225	0.00028528622
2460543.683638864	0.9931364	0.00028529708
2460543.685027752	0.9925123	0.0002851928
2460543.68641664	0.99283725	0.00028524292
2460543.687805528	0.9923112	0.00028519542
2460543.689194415	0.9930875	0.00028523302
2460543.690583303	0.99229246	0.00028521486
2460543.691972191	0.9928977	0.00028522746
2460543.6933610784	0.9923301	0.0002851821
2460543.6947499663	0.9922637	0.00028518907
2460543.696138854	0.99283147	0.00028524443
2460543.697527742	0.9928659	0.00028524885
2460543.69891663	0.99214375	0.00028516757
2460543.7003055173	0.99296147	0.00028529117
2460543.701694405	0.993344	0.00028535776
2460543.7030832926	0.9929021	0.0002852405
2460543.7044721805	0.9929353	0.00028530517
2460543.7058610683	0.99297774	0.0002853178
2460543.707249956	0.99288595	0.00028530395
2460543.708638844	0.9926808	0.00028525168
2460543.710027732	0.99209094	0.00028522706
2460543.7114166194	0.99226487	0.00028520418
2460543.7128055072	0.99248713	0.00028522217
2460543.7141943946	0.9922685	0.00028519027
2460543.7155832825	0.9921806	0.00028519504
2460543.7169721704	0.99264973	0.00028527074
2460543.7183610583	0.99256724	0.00028527048
2460543.719749946	0.991672	0.0002851476
2460543.7211388336	0.992778	0.00028525118
2460543.7225277214	0.99206465	0.00028513913
2460543.7239166093	0.9919097	0.00028517962
2460543.7253054967	0.992427	0.0002851809
2460543.7266943846	0.9917525	0.0002851734
2460543.7280832725	0.9921357	0.00028520243
2460543.72947216	0.9925543	0.0002852421
2460543.7308610477	0.9922031	0.00028524248
2460543.7322499356	0.992359	0.00028521242
2460543.7336388235	0.99290717	0.00028533782
2460543.735027711	0.9925306	0.0002852786
2460543.736416599	0.9923716	0.00028521873
2460543.7378054867	0.9918052	0.0002851855
2460543.7391943745	0.992202	0.0002852329
2460543.740583262	0.992531	0.00028528005
2460543.74197215	0.9923413	0.0002852467
2460543.7433610377	0.99322355	0.00028537406
2460543.744749925	0.99253374	0.0002852556
2460543.746138813	0.9926557	0.0002852533
2460543.747527701	0.99263984	0.00028531754
2460543.7489165883	0.9927786	0.0002853699
2460543.750305476	0.99240816	0.0002852516
2460543.751694364	0.99277204	0.00028538934
2460543.753083252	0.9926154	0.00028529624
2460543.7544721398	0.99238414	0.00028526367
2460543.755861027	0.99242204	0.00028528657
2460543.757249915	0.993277	0.00028536707
2460543.758638803	0.9918597	0.00028519897
2460543.7600276903	0.992344	0.00028526463
2460543.761416578	0.9927241	0.00028530316
2460543.7628054656	0.99232876	0.00028528512
2460543.7641943535	0.9927972	0.00028535636
2460543.7655832414	0.9931293	0.00028536833
2460543.766972129	0.9927951	0.00028533698
2460543.7683610166	0.99319434	0.00028539315
2460543.7697499045	0.99321777	0.00028537447
2460543.7711387924	0.9928626	0.00028535628
2460543.77252768	0.99386626	0.00028552557
2460543.7739165677	0.993388	0.000285475
2460543.7753054556	0.9935387	0.00028540991
2460543.7766943434	0.9932991	0.00028540494
2460543.778083231	0.9931694	0.0002854175
2460543.7794721187	0.9939375	0.00028551708
2460543.7808610066	0.9935129	0.00028545212
2460543.782249894	0.9940417	0.00028557106
2460543.783638782	0.9941111	0.00028550922
2460543.7850276693	0.99397916	0.00028548366
2460543.786416557	0.9937075	0.00028546355
2460543.787805445	0.9942963	0.00028559283
2460543.7891943324	0.9938072	0.00028550057
2460543.7905832203	0.993907	0.0002855022
2460543.791972108	0.9935428	0.00028542744
2460543.7933609956	0.9936484	0.00028545572
2460543.7947498835	0.9933349	0.00028544402
2460543.7961387713	0.99394965	0.00028550514
2460543.797527659	0.9939163	0.0002854703
2460543.7989165466	0.9945186	0.00028556545
2460543.8003054345	0.9950962	0.00028568844
2460543.8016943224	0.99563503	0.00028574944
2460543.80308321	0.99618644	0.00028584
2460543.8044720977	0.99792993	0.0002860324
2460543.8058609855	0.9978157	0.0002860427
2460543.8072498734	0.9983117	0.0002860754
2460543.808638761	0.9993095	0.0002862299
2460543.8100276487	0.99885416	0.0002861904
2460543.811416536	0.9992623	0.00028621824
2460543.812805424	0.99922156	0.0002862043
2460543.814194312	0.9993018	0.00028626472
2460543.8155831993	0.9995944	0.0002862392
2460543.816972087	0.9989248	0.00028620355
2460543.818360975	0.99855405	0.00028611117
2460543.8197498624	0.9990085	0.000286187
2460543.8211387503	0.9990451	0.00028619845
2460543.8225276377	0.9991899	0.0002862048
2460543.8239165256	0.9987144	0.00028612788
2460543.8253054135	0.9993246	0.0002862254
2460543.826694301	0.99946207	0.0002862328
2460543.8280831887	0.99965394	0.00028628588
2460543.8294720766	0.99898046	0.00028618285
2460543.830860964	0.9997709	0.00028629074
2460543.832249852	0.9994471	0.00028623175
2460543.8336387393	1.0004544	0.00028638638
2460543.835027627	0.99923813	0.0002862365
2460543.836416515	0.9989352	0.00028619578
2460543.8378054025	0.9990243	0.00028619828
2460543.8391942903	0.9993871	0.00028627896
2460543.840583178	0.999878	0.00028632855
2460543.8419720656	0.9989442	0.00028618556
2460543.8433609535	0.99975103	0.00028627148
2460543.8447498414	0.9991109	0.00028621862
2460543.846138729	0.99997455	0.00028630745
2460543.8475276167	0.99938995	0.00028627506
2460543.8489165045	0.99960035	0.00028625975
2460543.850305392	0.99865764	0.00028616562
2460543.85169428	0.9999155	0.00028629458
2460543.8530831677	0.9997921	0.0002862736
2460543.854472055	0.99964637	0.0002863171
2460543.855860943	0.9993266	0.00028619947
2460543.8572498304	0.9997278	0.00028629246
2460543.8586387183	0.99905497	0.00028620384
2460543.860027606	0.9996134	0.00028632776
2460543.8614164935	0.99981	0.0002863255
2460543.8628053814	0.99923193	0.00028623448
2460543.8641942693	0.9996415	0.00028633818
2460543.8655831567	0.99991804	0.00028638003
2460543.8669720446	0.9994536	0.00028626987
2460543.868360932	0.99975175	0.0002863362
2460543.86974982	0.9995286	0.0002862756
2460543.8711387077	0.9997914	0.00028631598
2460543.872527595	1.0000242	0.00028630896
2460543.873916483	0.99968296	0.00028629767
2460543.8753053704	0.99955225	0.00028624895
2460543.8766942583	0.99991226	0.00028631804
2460543.878083146	1.0003461	0.00028638353
2460543.8794720336	1.0000004	0.00028628518
2460543.8808609215	0.9997559	0.00028627188
2460543.882249809	0.99978584	0.0002862754
2460543.8836386967	0.9994141	0.00028626667
2460543.8850275846	0.9992839	0.00028619522
2460543.886416472	0.9998781	0.0002862808
2460543.88780536	0.99914795	0.0002861883
2460543.889194248	0.9987649	0.00028615494
2460543.890583135	0.99967414	0.00028625593
2460543.891972023	0.9997463	0.0002862619
2460543.8933609105	1.0002077	0.000286341
2460543.8947497983	1.000367	0.0002863315
2460543.896138686	0.9998697	0.00028629697
2460543.8975275736	1.0008303	0.00028635646
2460543.8989164615	0.9994093	0.00028623547
2460543.9003053494	0.9991911	0.00028615052
2460543.901694237	0.9995849	0.00028621568
2460543.9030831247	0.9999025	0.0002862805
2460543.904472012	0.9998405	0.0002862781
2460543.9058609	0.99921465	0.00028617829
2460543.907249788	0.99975866	0.00028626333
2460543.908638675	0.9994531	0.00028617933
2460543.910027563	0.9995541	0.0002862003
2460543.911416451	0.9996326	0.00028623143
2460543.9128053384	1.0001602	0.00028628693
2460543.9141942263	0.9998608	0.00028618632
2460543.9155831137	0.99984324	0.00028623463
2460543.9169720015	1.0000232	0.00028625553
2460543.918360889	1.0001827	0.00028626443
2460543.919749777	1.0002795	0.00028624374
2460543.9211386642	0.99970436	0.00028623367
2460543.922527552	0.9994171	0.00028612255
2460543.9239164395	0.99997634	0.0002862308
2460543.9253053274	1.0002209	0.00028626548
2460543.9266942153	0.999658	0.00028616976
2460543.9280831027	0.9996346	0.00028617177
2460543.9294719906	1.0004394	0.0002862593
2460543.930860878	1.0003055	0.00028622866
2460543.932249766	0.99982846	0.00028617724
2460543.9336386537	1.0001622	0.00028621167
2460543.935027541	0.9998925	0.00028619074
2460543.936416429	1.0004092	0.0002862554
2460543.937805317	1.0008546	0.0002862942
2460543.9391942043	0.99994665	0.00028614173
2460543.940583092	0.99982	0.0002861644
2460543.9419719796	0.99999386	0.0002862074
2460543.9433608674	1.0001545	0.00028621894
2460543.944749755	1.0004215	0.0002862675
2460543.9461386427	0.9997789	0.0002861448
2460543.94752753	1.0004561	0.0002862627
2460543.948916418	0.999888	0.00028617115
2460543.9503053054	0.99979854	0.00028616955
2460543.9516941933	1.0000395	0.00028615104
2460543.9530830807	0.99996364	0.000286177
2460543.9544719686	0.9999346	0.00028620387
2460543.9558608565	0.99963605	0.0002861382
2460543.957249744	1.0000204	0.00028621123
2460543.9586386317	0.99968547	0.00028610774
2460543.9600275196	0.9994923	0.0002860694
2460543.961416407	1.0000293	0.00028616915
2460543.962805295	0.9995967	0.0002860996
2460543.9641941823	1.0004877	0.00028619467
2460543.96558307	1.0002224	0.0002861549
2460543.9669719576	0.9996906	0.0002861143
2460543.9683608455	1.0002534	0.0002862433
2460543.969749733	0.99952596	0.00028603844
2460543.9711386207	0.9993224	0.00028601818
2460543.972527508	0.9992741	0.00028601394
2460543.973916396	1.0006454	0.00028621286
2460543.975305284	1.0001214	0.0002861004
2460543.9766941713	0.9995348	0.00028606332
2460543.978083059	0.99982655	0.0002860814
2460543.9794719466	0.9996423	0.0002861148
2460543.9808608345	0.9995114	0.00028602255
2460543.9822497224	0.9996152	0.00028607133
2460543.9836386098	0.9990965	0.00028601833
2460543.9850274976	0.9998864	0.00028615096
2460543.986416385	0.999613	0.0002860919
2460543.987805273	1.0007521	0.0002862736
2460543.9891941603	0.999763	0.00028611053
2460543.9905830477	1.0003294	0.000286125
2460543.9919719356	1.0001363	0.00028613387
2460543.9933608235	0.99965394	0.0002860963
2460543.994749711	1.0005056	0.0002861556
2460543.996138599	0.9995296	0.0002860011
2460543.9975274866	0.9995563	0.00028606015
2460543.998916374	0.99949425	0.00028604153
2460544.000305262	1.0000074	0.0002860947
2460544.0016941493	0.999845	0.00028610803
2460544.003083037	1.0001029	0.0002861625
2460544.0044719246	1.0000614	0.00028606036
2460544.005860812	0.99988854	0.00028610183
2460544.0072497	0.99968415	0.00028608367
2460544.008638588	1.0002853	0.000286135
2460544.010027475	1.0002367	0.00028615544
2460544.011416363	1.0004102	0.00028617607
2460544.0128052505	0.9998507	0.0002860823
2460544.0141941383	0.99979025	0.00028609222
2460544.0155830258	0.9997349	0.00028606612
2460544.0169719136	0.9995859	0.00028603684
2460544.018360801	0.99990076	0.0002860595
2460544.019749689	0.99989843	0.0002860996
2460544.0211385763	0.9996121	0.00028606795
2460544.022527464	0.9999974	0.00028606766
2460544.0239163516	1.000333	0.00028615454
2460544.0253052395	1.0000203	0.00028614845
2460544.0266941274	0.9997976	0.00028613544
2460544.028083015	0.99936223	0.00028600282
2460544.0294719026	0.9999111	0.00028613684
2460544.03086079	1.0002708	0.00028612246
2460544.0322496775	0.9997651	0.0002860514
2460544.0336385653	0.9996259	0.00028608413
2460544.035027453	0.99995136	0.0002860835
2460544.0364163406	0.99982756	0.00028610782
2460544.0378052285	0.9997741	0.00028609787
2460544.039194116	1.0002588	0.0002861835
2460544.040583004	0.99944836	0.00028603763
2460544.041971891	0.99956274	0.0002860553
2460544.043360779	0.9993897	0.00028605165
2460544.0447496665	0.99946976	0.00028603972
2460544.0461385543	1.0000427	0.00028616496
2460544.0475274418	0.9993837	0.0002860736
2460544.0489163296	1.0000541	0.00028615154
2460544.050305217	0.9997461	0.0002861266
2460544.051694105	0.99949807	0.00028603952
2460544.0530829923	0.9997718	0.00028610407
2460544.05447188	1.0001252	0.0002861725
2460544.0558607676	1.0001577	0.00028618303
2460544.0572496555	0.9996604	0.00028615812
2460544.058638543	1.0005343	0.00028626143
2460544.0600274308	1.0001843	0.00028621074
2460544.061416318	1.0001594	0.00028623443
2460544.062805206	1.0004346	0.0002862527
2460544.0641940935	0.99991107	0.00028617223
2460544.0655829813	0.99981785	0.00028614167
2460544.0669718687	1.0001214	0.000286177
2460544.0683607566	1.000315	0.00028618093
2460544.069749644	1.0005498	0.00028628221
2460544.071138532	1.0003612	0.00028621254
2460544.0725274193	0.99972045	0.00028609074
2460544.073916307	1.0000817	0.00028616554
2460544.0753051946	1.000207	0.0002861586
2460544.0766940825	1.0000567	0.00028614808
2460544.07808297	0.99930805	0.00028601667
2460544.0794718578	0.9998872	0.00028606883
2460544.080860745	0.9996705	0.0002861053
2460544.082249633	0.9994046	0.00028602363
2460544.0836385204	0.99954003	0.00028606015
2460544.0850274083	1.0000243	0.00028614828
2460544.0864162957	0.9993496	0.0002860621
2460544.0878051836	0.99942786	0.00028605878
2460544.089194071	0.99997586	0.00028613763
2460544.090582959	0.9996833	0.00028611562
2460544.0919718463	1.0000833	0.00028619895
2460544.093360734	1.0004733	0.00028620643
2460544.0947496216	0.99994147	0.00028614138
2460544.0961385095	1.0004537	0.0002862327
2460544.097527397	0.99956924	0.0002861316
2460544.0989162843	1.0000955	0.00028616367
2460544.100305172	0.9999829	0.0002862117
2460544.10169406	0.99942845	0.0002861306
2460544.1030829474	1.0002652	0.00028622983
2460544.1044718353	0.9996398	0.00028612305
2460544.1058607227	0.9992007	0.00028606082
2460544.10724961	0.9991511	0.00028604054
2460544.108638498	0.9997276	0.0002861716
2460544.1100273854	0.9996529	0.00028617404
2460544.1114162733	1.0000943	0.000286172
2460544.112805161	0.99999243	0.00028620358
2460544.1141940486	0.9999182	0.00028617872
2460544.115582936	0.99966544	0.0002861448
2460544.116971824	0.99981344	0.00028617124
2460544.1183607113	0.9997742	0.00028620224
2460544.119749599	1.0001274	0.00028622104
2460544.1211384865	0.99972177	0.0002861759
2460544.1225273744	0.999933	0.00028618358
2460544.123916262	0.99911594	0.00028606877
2460544.1253051492	0.9998007	0.0002862007
2460544.126694037	1.0000812	0.0002862189
2460544.128082925	0.9996027	0.00028615797
2460544.1294718124	0.99983424	0.000286187
2460544.1308607003	0.9999914	0.00028626344
2460544.1322495877	0.9998884	0.0002862183
2460544.133638475	1.0002697	0.00028627744
2460544.135027363	1.00017	0.00028620317
2460544.1364162504	1.0004022	0.00028627782
2460544.1378051382	0.9997282	0.00028618594
2460544.1391940257	1.000493	0.00028630436
2460544.1405829135	1.00018	0.00028620692
2460544.141971801	1.0004575	0.00028631932
2460544.1433606884	0.99979097	0.0002862171
2460544.144749576	1.0001223	0.0002862846
2460544.146138464	0.9998922	0.00028623865
2460544.1475273515	0.99999535	0.00028625413
2460544.148916239	1.0005634	0.00028628274
2460544.150305127	1.0004187	0.00028625948
2460544.151694014	0.9996694	0.00028619898
2460544.153082902	1.0006175	0.00028631013
2460544.15447179	0.9997039	0.00028614348
2460544.1558606774	0.9999178	0.00028617325
2460544.157249565	0.9998857	0.00028620704
2460544.158638452	0.99911654	0.00028606746
2460544.16002734	0.9993503	0.0002860631
2460544.161416228	0.9995471	0.0002861431
2460544.1628051153	1.0002708	0.00028623792
2460544.1641940027	1.00039	0.00028625608
2460544.1655828906	1.0003681	0.00028622206
2460544.166971778	0.9999516	0.0002862277
2460544.168360666	0.9997905	0.00028617287
2460544.1697495533	0.9995444	0.00028613379
2460544.171138441	1.0000621	0.00028624161
2460544.1725273286	1.0000535	0.00028619802
2460544.173916216	1.0000578	0.00028620922
2460544.175305104	1.0003723	0.00028625104
2460544.1766939918	1.0005414	0.00028624764
2460544.178082879	0.99926907	0.00028616065
2460544.1794717666	0.99979854	0.00028618393
2460544.1808606545	1.0002683	0.00028623815
2460544.182249542	1.0001935	0.0002862372
2460544.1836384297	0.99963474	0.0002861551
2460544.185027317	1.0004727	0.00028622244
2460544.186416205	1.0011588	0.0002863206
2460544.1878050924	0.999916	0.0002861912
2460544.18919398	1.0000895	0.00028620864
2460544.1905828677	1.0004663	0.0002862876
2460544.191971755	1.0010998	0.0002863783
2460544.193360643	1.0004295	0.00028629095
2460544.1947495304	1.0002761	0.00028627887
2460544.196138418	1.000382	0.00028626338
2460544.1975273057	0.9998201	0.00028621362
2460544.1989161936	1.0000428	0.0002862066
2460544.200305081	1.0003749	0.0002862742
2460544.2016939684	1.0008293	0.00028633393
2460544.203082856	1.000204	0.00028623838
2460544.2044717437	0.99969405	0.00028613815
2460544.2058606315	1.0001065	0.00028622965
2460544.207249519	1.0000677	0.00028623728
2460544.2086384064	1.0001781	0.0002861714
2460544.2100272942	1.0005572	0.00028633524
2460544.2114161816	1.0005189	0.00028622628
2460544.2128050695	1.0006417	0.00028630698
2460544.214193957	1.0004855	0.0002862828
2460544.2155828443	1.0006826	0.00028627916
2460544.216971732	1.000146	0.00028623838
2460544.2183606196	0.9995039	0.00028611542
2460544.2197495075	1.0003198	0.0002862516
2460544.221138395	1.0004826	0.00028628722
2460544.2225272823	1.0004894	0.0002862417
2460544.22391617	1.0003532	0.00028629112
2460544.225305058	0.9997783	0.00028616868
2460544.2266939455	0.9998434	0.00028619
2460544.228082833	1.0005404	0.00028629534
2460544.2294717203	1.0004896	0.00028627302
2460544.230860608	1.0005978	0.00028629074
2460544.232249496	1.0002785	0.00028627022
2460544.2336383834	1.0001786	0.00028620195
2460544.235027271	1.0004313	0.0002862368
2460544.2364161587	1.0004786	0.00028625334
2460544.237805046	1.0002472	0.00028623597
2460544.239193934	0.999605	0.00028611076
2460544.2405828214	1.0003439	0.000286205
2460544.241971709	0.99971217	0.000286135
2460544.2433605967	0.9995366	0.0002861193
2460544.244749484	1.0008773	0.00028633446
2460544.246138372	1.0010401	0.00028633606
2460544.2475272594	1.0002998	0.00028623248
2460544.248916147	1.0002754	0.00028622462
2460544.2503050347	1.0004567	0.0002862412
2460544.251693922	1.0000001	0.0002862417
2460544.25308281	1.0006413	0.00028626953
2460544.2544716974	1.0009269	0.0002863126
2460544.255860585	1.0003192	0.00028621897
2460544.2572494727	1.0001119	0.00028618737
2460544.25863836	1.0002238	0.00028619912
2460544.260027248	0.9997578	0.00028618405
2460544.2614161354	1.0000196	0.00028618236
2460544.2628050228	1.0003743	0.00028622654
2460544.2641939106	0.9998008	0.0002861732
2460544.265582798	1.0004002	0.00028626775
2460544.2669716855	0.99971557	0.00028616705
2460544.2683605733	1.0006062	0.0002862883
2460544.269749461	1.0000536	0.00028618114
2460544.2711383486	1.0007237	0.00028629834
2460544.272527236	1.0009831	0.00028628318
2460544.273916124	0.99958926	0.0002861265
2460544.2753050113	1.0002179	0.0002862277
2460544.276693899	1.000016	0.00028613952
2460544.2780827866	1.0001045	0.00028621426
2460544.279471674	1.0002741	0.00028627305
2460544.280860562	1.0009394	0.00028627118
2460544.2822494493	1.0004553	0.0002862591
2460544.2836383367	1.0006986	0.00028629063
2460544.2850272246	1.0006421	0.0002862804
2460544.286416112	1.0006527	0.00028625404
2460544.287805	0.9998302	0.00028616367
2460544.2891938873	0.99955803	0.0002860901
2460544.2905827747	1.00046	0.00028624115
2460544.2919716625	1.000902	0.0002863158
2460544.29336055	1.0010607	0.00028630736
2460544.2947494374	1.0004767	0.00028627244
2460544.2961383252	1.0008432	0.00028627197
2460544.2975272126	1.0012779	0.00028632343
2460544.2989161005	1.0007429	0.00028628288
2460544.300304988	1.0004586	0.00028625358
2460544.3016938753	1.0006334	0.00028625532
2460544.303082763	1.0012566	0.0002863728
2460544.3044716506	1.0008401	0.0002862977
2460544.3058605385	1.0004859	0.00028621813
2460544.307249426	1.0001887	0.00028622683
2460544.3086383133	1.0009308	0.00028633417
2460544.310027201	1.0001777	0.00028620605
2460544.3114160886	1.0001647	0.00028622197
2460544.312804976	1.0003859	0.00028623664
2460544.314193864	1.0005355	0.0002862327
2460544.3155827513	1.0009217	0.0002863337
2460544.316971639	1.0009497	0.000286272
2460544.3183605266	1.000124	0.00028624263
2460544.319749414	0.9997555	0.00028614645
2460544.321138302	1.0006245	0.00028625943
2460544.3225271893	1.0007993	0.00028631842
2460544.3239160767	0.99982	0.00028618306
2460544.3253049646	1.0005443	0.0002862505
2460544.326693852	0.9998464	0.00028613608
2460544.3280827394	1.0001004	0.00028619668
2460544.3294716273	1.0003029	0.0002862155
2460544.3308605147	1.0001506	0.0002862232
2460544.3322494025	1.0000415	0.00028621076
2460544.33363829	1.0009443	0.00028629883
2460544.3350271774	0.9998404	0.0002862111
2460544.336416065	1.0004461	0.00028623515
2460544.3378049526	0.99992347	0.00028615948
2460544.33919384	1.0001717	0.00028620637
2460544.340582728	1.0003513	0.0002862973
2460544.3419716153	1.0000955	0.00028619965
2460544.343360503	1.0008267	0.00028627142
2460544.3447493906	1.0002208	0.0002862307
2460544.346138278	0.99973863	0.00028615198
2460544.347527166	1.0007274	0.000286296
2460544.3489160533	0.99992764	0.000286198
2460544.3503049407	0.99993753	0.00028617893
2460544.3516938286	0.99982816	0.0002861935
2460544.353082716	1.0003203	0.00028624633
2460544.3544716034	1.0009304	0.00028627407
2460544.3558604913	1.0005004	0.00028626015
2460544.3572493787	1.0007364	0.00028628137
2460544.3586382666	1.0000138	0.00028620454
2460544.360027154	1.0003693	0.00028627185
2460544.3614160414	1.0002348	0.0002862182
2460544.3628049293	1.0001495	0.00028623536
2460544.3641938167	1.0005723	0.0002862491
2460544.365582704	1.0008174	0.00028630497
2460544.366971592	1.0000768	0.00028616886
2460544.3683604794	1.0000507	0.00028624805
2460544.369749367	1.0004903	0.00028632404
2460544.371138254	1.0003749	0.00028616638
2460544.372527142	1.0001657	0.00028623262
2460544.3739160295	0.999839	0.00028619883
2460544.375304917	1.0003917	0.0002862388
2460544.3766938047	1.0002295	0.00028620797
2460544.3780826926	1.0004884	0.00028624598
2460544.37947158	0.9997257	0.000286172
2460544.3808604674	1.0008993	0.00028635372
2460544.382249355	0.99992067	0.00028623393
2460544.3836382427	1.0005813	0.00028626464
2460544.38502713	0.9996321	0.00028615835
2460544.3864160175	1.000621	0.00028627884
2460544.3878049054	1.0000634	0.00028620422
2460544.389193793	1.000331	0.0002862459
2460544.3905826802	1.0004252	0.00028627148
2460544.391971568	1.000709	0.00028633696
2460544.3933604555	1.0003837	0.0002862874
2460544.394749343	1.0012559	0.00028634415
2460544.396138231	1.0006497	0.00028632057
2460544.397527118	1.0005826	0.00028626175
2460544.3989160056	0.99976957	0.00028617494
2460544.4003048935	0.9999596	0.00028616685
2460544.401693781	0.9993385	0.000286092
2460544.403082669	0.99924684	0.0002860838
2460544.404471556	0.99917406	0.00028611202
2460544.4058604436	0.9988205	0.00028606155
2460544.4072493315	0.9998328	0.00028616856
2460544.408638219	0.99980736	0.0002861615
2460544.4100271063	1.0000865	0.0002862649
2460544.411415994	1.0000149	0.0002861977
2460544.4128048816	0.9999643	0.0002862097
2460544.414193769	0.99940306	0.00028612514
2460544.415582657	0.99953276	0.00028616525
2460544.4169715443	0.9997822	0.00028617494
2460544.4183604317	0.9996548	0.00028622893
2460544.419749319	0.99959785	0.00028616493
2460544.421138207	0.99965405	0.0002861943
2460544.4225270944	0.9997265	0.00028618393
2460544.423915982	0.998831	0.0002861208
2460544.4253048697	0.9997799	0.0002862045
2460544.426693757	0.99920154	0.0002860529
2460544.4280826445	0.99929035	0.0002861341
2460544.4294715323	0.99991965	0.00028625657
2460544.4308604198	0.99968314	0.0002862046
2460544.432249307	0.99996763	0.00028618748
2460544.433638195	1.0003998	0.00028629103
2460544.4350270825	0.9990891	0.0002860934
2460544.43641597	0.99956244	0.0002861642
2460544.4378048577	0.99950504	0.00028617808
2460544.439193745	1.0001559	0.00028628917
2460544.4405826326	1.0002835	0.00028629
2460544.44197152	0.9999173	0.00028623204
2460544.443360408	0.99925643	0.000286166
2460544.4447492952	0.99998695	0.0002862345
2460544.4461381827	0.9996162	0.0002861961
2460544.4475270705	1.000132	0.00028628818
2460544.448915958	0.99952084	0.00028615067
2460544.4503048453	0.99958813	0.00028623352
2460544.451693733	0.99978924	0.00028623716
2460544.4530826206	1.0001354	0.00028629618
2460544.454471508	0.9996234	0.00028621915
2460544.455860396	0.9990776	0.00028616103
2460544.4572492833	0.99952435	0.0002862305
2460544.4586381707	0.99959105	0.00028617424
2460544.4600270586	0.99980223	0.0002862624
2460544.461415946	0.99938256	0.00028623297
2460544.4628048334	0.99969727	0.00028623233
2460544.4641937213	0.9990266	0.000286132
2460544.4655826087	0.9997141	0.00028624895
2460544.466971496	0.9999608	0.00028623384
2460544.4683603835	0.99907196	0.00028614126
2460544.4697492714	0.99981767	0.00028629083
2460544.471138159	0.999564	0.00028618218
2460544.472527046	0.99960816	0.00028629648
2460544.473915934	0.9993125	0.0002862133
2460544.4753048215	0.9994033	0.00028622136
2460544.476693709	0.999338	0.00028621458
2460544.478082597	0.99951255	0.0002862478
2460544.479471484	1.0003245	0.00028634068
2460544.4808603716	0.999719	0.00028629755
2460544.4822492595	0.99966776	0.0002862921
2460544.483638147	0.9992353	0.0002862448
2460544.4850270343	0.99922407	0.0002861839
2460544.486415922	0.99916303	0.00028620442
2460544.4878048096	0.99902254	0.0002862031
2460544.489193697	0.999726	0.00028631394
2460544.4905825844	0.9996999	0.00028626903
2460544.4919714723	1.0002658	0.00028633847
2460544.4933603597	0.99927807	0.0002862533
2460544.494749247	0.99997324	0.0002863206
2460544.496138135	0.99931675	0.00028617732
2460544.4975270224	0.9995958	0.0002862971
2460544.49891591	0.9995887	0.0002862342
2460544.5003047977	0.9993063	0.00028624764
2460544.501693685	0.99961543	0.00028629057
2460544.5030825725	0.99944603	0.00028622377
2460544.5044714604	0.9996057	0.00028624435
2460544.5058603478	0.9999885	0.00028635468
2460544.507249235	0.9994969	0.00028624918
2460544.5086381226	0.9998055	0.00028632695
2460544.51002701	1.0002378	0.00028635567
2460544.511415898	0.9999272	0.0002863718
2460544.5128047853	0.9994375	0.0002862965
2460544.5141936727	0.9990381	0.00028622118
2460544.5155825606	0.99948806	0.00028626394
2460544.516971448	0.99947834	0.0002862696
2460544.5183603354	0.9998509	0.0002863417
2460544.5197492233	1.0001787	0.0002863618
2460544.5211381107	0.9997275	0.0002863128
2460544.522526998	0.9989704	0.0002862877
2460544.523915886	0.9994308	0.00028626955
2460544.5253047734	0.9998493	0.0002863503
2460544.5266936608	0.99965394	0.00028632875
2460544.528082548	1.0000294	0.00028635323
2460544.529471436	0.9997628	0.00028637183
2460544.5308603235	0.99980885	0.00028632992
2460544.532249211	0.9998181	0.0002863678
2460544.5336380983	0.9996433	0.00028633937
2460544.535026986	0.99976695	0.00028637232
2460544.5364158736	0.9999056	0.00028635724
2460544.537804761	0.99968463	0.00028633323
2460544.5391936484	0.99969333	0.0002863529
2460544.5405825363	0.9994623	0.00028638274
2460544.5419714237	1.0001329	0.00028643437
2460544.543360311	1.0002348	0.00028646484
2460544.544749199	0.99987894	0.00028635055
2460544.5461380864	1.000424	0.00028646342
2460544.5475269738	1.0006055	0.00028650893
2460544.5489158616	1.000757	0.00028653635
2460544.5503047486	1.0002073	0.00028641504
2460544.5516936365	1.0007466	0.00028649735
2460544.553082524	1.0004169	0.00028643658
2460544.5544714113	1.0008302	0.00028652488
2460544.555860299	0.99991447	0.00028638958
2460544.5572491866	1.0002382	0.00028647482
2460544.558638074	1.0004269	0.00028651403
2460544.560026962	1.000507	0.00028649822
2460544.5614158493	1.0003433	0.00028648425
2460544.5628047367	1.0002422	0.00028649232
2460544.5641936245	1.0002887	0.00028648853
2460544.5655825115	0.9999348	0.00028642084
2460544.5669713994	1.000505	0.00028647587
2460544.5683602868	1.0004572	0.00028650716
2460544.569749174	1.0006497	0.00028655754
2460544.571138062	1.0000882	0.0002864113
2460544.5725269495	1.0000362	0.0002864851
2460544.573915837	1.0010532	0.00028658452
2460544.5753047247	0.99996936	0.000286428
2460544.576693612	1.0005214	0.00028655346
2460544.5780824996	1.0005667	0.00028653882
2460544.579471387	1.0002023	0.00028648155
2460544.5808602744	1.0003986	0.00028650975
2460544.5822491623	1.000852	0.00028662014
2460544.5836380497	1.000419	0.000286501
2460544.585026937	1.000397	0.00028649785
2460544.586415825	1.0008008	0.00028652736
2460544.5878047124	0.9999563	0.0002865104
2460544.5891935998	1.0002968	0.00028649857
2460544.5905824876	1.0002472	0.00028649598
2460544.5919713746	1.0006796	0.00028652677
2460544.5933602625	1.0009158	0.00028656865
2460544.59474915	1.0002826	0.00028650943
2460544.5961380373	1.0004426	0.00028653065
2460544.597526925	1.000929	0.00028663382
2460544.5989158126	1.0002302	0.00028651895
2460544.6003047	0.99989015	0.00028648484
2460544.601693588	1.0003657	0.000286547
2460544.603082475	1.0003557	0.0002864921
2460544.6044713627	0.9999525	0.0002864407
2460544.60586025	1.0004761	0.00028656446
2460544.6072491375	1.0002922	0.00028649523
2460544.6086380254	0.9999701	0.00028646385
2460544.6100269128	1.000354	0.00028653868
2460544.6114158	1.0013103	0.00028660693
2460544.6128046876	1.00009	0.00028654202
2460544.614193575	1.0002037	0.00028653094
2460544.615582463	1.0002269	0.000286515
2460544.6169713503	0.999941	0.0002864767
2460544.6183602377	0.99995685	0.00028645134
2460544.6197491256	0.99960107	0.00028639476
2460544.621138013	1.0004674	0.00028655995
2460544.6225269004	0.999538	0.00028644342
2460544.623915788	0.9998081	0.0002864438
2460544.625304675	1.0000659	0.00028651673
2460544.626693563	1.0001982	0.00028652514
2460544.6280824505	1.00036	0.00028657384
2460544.629471338	1.0004997	0.00028653667
2460544.6308602253	1.0003859	0.00028655143
2460544.632249113	1.0010748	0.00028662413
2460544.6336380006	1.0006477	0.0002865893
2460544.635026888	0.99975866	0.00028643353
2460544.6364157754	1.0001351	0.00028651557
2460544.6378046633	1.00021	0.00028652727
2460544.6391935507	1.0001	0.00028657462
2460544.640582438	1.0007064	0.00028655046
2460544.6419713255	0.99994004	0.00028647995
2460544.6433602134	0.9998145	0.0002864349
2460544.644749101	1.0001589	0.00028650183
2460544.646137988	1.0003872	0.0002865551
2460544.6475268756	1.0001069	0.00028650812
2460544.648915763	1.0004985	0.00028652797
2460544.650304651	1.000163	0.0002865082
2460544.6516935383	1.0004945	0.00028665393
2460544.6530824257	1.0004426	0.00028656202
2460544.6544713136	1.0002543	0.00028656243
2460544.6558602005	0.9997463	0.00028647485
2460544.6572490884	1.0004365	0.00028650358
2460544.658637976	0.99938476	0.0002864453
2460544.660026863	1.0001976	0.00028652718
2460544.661415751	0.9996076	0.00028645172
2460544.662804638	1.0007714	0.0002865905
2460544.664193526	1.0006157	0.0002865577
2460544.6655824133	1.000452	0.0002865566
2460544.6669713007	0.9997261	0.00028648484
2460544.6683601886	1.000107	0.00028655346
2460544.669749076	1.0005294	0.0002866181
2460544.6711379634	1.0003299	0.0002865405
2460544.672526851	1.0003692	0.00028653024
2460544.6739157382	1.000554	0.00028658207
2460544.675304626	1.0002395	0.00028655326
2460544.6766935135	1.0002698	0.00028652317
2460544.678082401	1.0004957	0.00028658158
2460544.6794712883	0.9998963	0.00028649232
2460544.6808601758	0.9999278	0.00028652843
2460544.6822490636	1.000205	0.000286544
2460544.683637951	1.0000533	0.0002865064
2460544.6850268384	1.0001212	0.00028649467
2460544.686415726	1.0001059	0.00028653254
2460544.6878046137	1.000887	0.00028658047
2460544.689193501	0.9999656	0.00028654153
2460544.6905823885	0.9999431	0.00028649825
2460544.691971276	1.0005634	0.00028654805
2460544.6933601634	1.0003932	0.00028656944
2460544.6947490512	1.000298	0.00028655716
2460544.6961379386	1.000073	0.0002865375
2460544.697526826	0.9996406	0.00028642712
2460544.6989157135	0.9997584	0.00028649482
2460544.700304601	0.9996606	0.00028645253
2460544.7016934888	0.99977964	0.00028649688
2460544.703082376	1.0002934	0.00028655282
2460544.7044712636	0.9992948	0.00028636618
2460544.705860151	1.0004597	0.0002866052
2460544.7072490384	0.99955356	0.0002864649
2460544.708637926	1.0002296	0.00028652855
2460544.7100268137	1.0006748	0.0002866164
2460544.711415701	1.0002168	0.00028651257
2460544.7128045885	1.000742	0.00028657296
2460544.7141934764	1.0000671	0.00028643367
2460544.7155823633	1.0002908	0.00028655143
2460544.716971251	1.0005686	0.00028653018
2460544.7183601386	0.99964917	0.0002864207
2460544.719749026	1.0004109	0.00028657867
2460544.7211379134	1.0001508	0.00028652733
2460544.722526801	0.99946564	0.0002863791
2460544.7239156887	1.0004073	0.0002865247
2460544.725304576	0.9991119	0.00028638015
2460544.7266934635	1.0002922	0.00028648213
2460544.728082351	0.99988985	0.00028647797
2460544.7294712383	1.000804	0.00028661735
2460544.730860126	1.0002362	0.00028651624
2460544.7322490136	1.000031	0.00028650722
2460544.733637901	0.9996201	0.0002864875
2460544.7350267884	1.0000832	0.00028652907
2460544.736415676	1.0003995	0.00028654808
2460544.7378045633	1.0001142	0.0002865412
2460544.739193451	1.0004619	0.00028653836
2460544.7405823385	1.0005622	0.00028657514
2460544.741971226	0.9995197	0.0002864254
2460544.7433601134	1.0006671	0.0002865425
2460544.7447490008	1.0000701	0.00028646342
2460544.7461378886	0.9996868	0.0002864591
2460544.747526776	1.0010844	0.0002865696
2460544.7489156635	0.999671	0.00028649622
2460544.750304551	1.0002557	0.0002865039
2460544.7516934383	1.0003201	0.00028657287
2460544.7530823257	0.99975604	0.00028644272
2460544.7544712136	0.9996892	0.00028643126
2460544.755860101	0.9992544	0.00028636225
2460544.7572489884	1.0004491	0.00028660087
2460544.758637876	1.0002158	0.0002864971
2460544.760026763	1.0002136	0.000286547
2460544.7614156506	0.99975795	0.00028651048
2460544.7628045385	1.0003712	0.00028659136
2460544.764193426	0.9999278	0.00028650835
2460544.7655823133	0.9991909	0.00028633387
2460544.7669712007	1.0005319	0.00028659138
2460544.768360088	0.99980885	0.0002864122
2460544.769748976	0.9999991	0.00028643289
2460544.771137863	1.0001463	0.0002865326
2460544.772526751	1.0000718	0.0002865211
2460544.773915638	1.0001965	0.00028651094
2460544.7753045256	0.9999147	0.00028653516
2460544.776693413	0.9999872	0.000286478
2460544.7780823004	1.0005018	0.00028657477
2460544.779471188	1.0007454	0.0002866278
2460544.7808600757	1.0007011	0.00028654202
2460544.782248963	1.0007077	0.00028656138
2460544.7836378505	0.999633	0.00028648568
2460544.785026738	1.0002058	0.00028647782
2460544.7864156254	1.0004809	0.00028656633
2460544.787804513	1.0003355	0.00028655038
2460544.7891934	1.0002453	0.00028654106
2460544.790582288	0.9999839	0.0002864873
2460544.7919711755	1.0000303	0.00028645864
2460544.793360063	0.99982554	0.00028646813
2460544.7947489503	1.000474	0.00028651184
2460544.7961378377	1.0000548	0.00028646286
2460544.797526725	1.0007024	0.00028653844
2460544.798915613	1.0003351	0.00028658073
2460544.8003045004	0.9994814	0.0002863773
2460544.801693388	1.0001839	0.00028641341
2460544.803082275	1.0006061	0.00028650864
2460544.8044711626	1.0001467	0.00028640902
2460544.80586005	0.99962085	0.00028638286
2460544.807248938	1.0004195	0.00028648524
2460544.808637825	1.0008631	0.00028657337
2460544.8100267127	1.0002168	0.00028646772
2460544.8114156	0.99951273	0.00028643123
2460544.8128044875	0.9999185	0.0002863529
2460544.814193375	1.0000907	0.00028647634
2460544.8155822624	1.0010234	0.000286511
2460544.8169711498	1.0002123	0.0002864878
2460544.8183600376	0.99965644	0.00028643935
2460544.8197489246	1.0005504	0.00028654328
2460544.8211378125	0.99950343	0.00028638283
2460544.8225267	1.0006096	0.00028653405
2460544.8239155873	1.0006777	0.0002864881
2460544.8253044747	1.0000229	0.00028648815
2460544.826693362	1.0006406	0.00028650966
2460544.8280822495	1.0004439	0.00028654243
2460544.8294711374	1.0001352	0.00028642357
2460544.8308600243	1.0002583	0.00028654147
2460544.832248912	1.0002218	0.00028648338
2460544.8336377996	1.0001535	0.0002864734
2460544.835026687	1.0003691	0.00028646793
2460544.8364155744	1.000757	0.0002864877
2460544.837804462	1.0011262	0.00028654197
2460544.8391933492	1.0002654	0.00028644272
2460544.840582237	0.99998385	0.00028637075
2460544.841971124	1.0001982	0.00028641504
2460544.843360012	1.0003405	0.0002864502
2460544.8447488993	1.0000027	0.00028642005
2460544.8461377867	1.0005078	0.0002865524
2460544.847526674	0.99967563	0.00028635474
2460544.8489155616	0.999643	0.0002863858
2460544.850304449	1.0006826	0.00028647325
2460544.8516933364	1.000473	0.00028635355
2460544.853082224	1.0009131	0.0002864562
2460544.8544711117	1.000543	0.00028650142
2460544.855859999	1.000389	0.00028643588
2460544.8572488865	1.0003293	0.00028646886
2460544.858637774	1.0000376	0.00028639106
2460544.8600266613	1.0004827	0.00028642686
2460544.8614155487	1.0002245	0.0002864184
2460544.862804436	0.99992645	0.00028634758
2460544.8641933235	1.0002248	0.0002864479
2460544.865582211	1.0002946	0.0002863772
2460544.866971099	1.0005778	0.00028648178
2460544.8683599858	1.0006717	0.00028646324
2460544.8697488736	0.99968153	0.0002863127
2460544.871137761	0.9997665	0.00028627773
2460544.8725266485	1.0008031	0.00028643396
2460544.873915536	1.0002384	0.00028640334
2460544.8753044233	1.0001665	0.00028638908
2460544.8766933107	0.99995655	0.00028634095
2460544.878082198	1.000214	0.00028632383
2460544.8794710855	1.0001246	0.00028637634
2460544.880859973	1.0007577	0.00028647511
2460544.882248861	1.0002123	0.0002863158
2460544.8836377477	1.0012482	0.0002864259
2460544.8850266356	0.99941826	0.0002862192
2460544.886415523	1.0003716	0.00028632922
2460544.8878044104	1.0009269	0.0002864045
2460544.889193298	1.0004985	0.0002863723
2460544.8905821852	0.99978924	0.00028631245
2460544.8919710726	1.0004561	0.00028639552
2460544.89335996	1.0003184	0.00028634781
2460544.8947488475	1.0007447	0.00028635754
2460544.896137735	1.0006566	0.00028639522
2460544.8975266223	1.0003601	0.0002863566
2460544.8989155097	1.0003512	0.00028633114
2460544.9003043976	1.0008795	0.00028641708
2460544.9016932845	1.0000118	0.00028622462
2460544.9030821724	1.0000539	0.00028625023
2460544.90447106	1.0002382	0.0002863164
2460544.905859947	0.9998297	0.00028628667
2460544.9072488346	1.0003337	0.00028634115
2460544.908637722	1.000367	0.00028625235
2460544.9100266094	0.99957097	0.00028619476
2460544.911415497	1.000257	0.00028631432
2460544.9128043843	1.0003915	0.00028632142
2460544.9141932717	1.0009029	0.00028634738
2460544.915582159	1.000016	0.00028626327
2460544.9169710465	1.0002761	0.00028624813
2460544.918359934	0.9998868	0.00028623414
2460544.9197488218	1.0009865	0.00028634394
2460544.9211377087	1.0002846	0.00028624092
2460544.9225265966	1.0002055	0.00028628693
2460544.9239154835	1.000263	0.0002862698
2460544.9253043714	1.0004921	0.00028627468
2460544.926693259	1.0001472	0.00028622217
2460544.928082146	1.0002162	0.0002862896
2460544.9294710336	1.0006332	0.00028629432
2460544.930859921	1.0002906	0.00028621822
2460544.9322488084	1.0008075	0.00028631996
2460544.933637696	1.0005065	0.00028627872
2460544.9350265833	1.0007054	0.00028629592
2460544.9364154707	1.0001236	0.0002861915
2460544.937804358	1.0004722	0.00028628772
2460544.9391932455	1.000076	0.00028620558
2460544.940582133	1.0011128	0.0002863367
2460544.9419710203	1.0000101	0.0002861408
2460544.9433599077	1.000904	0.00028617406
2460544.944748795	1.0002681	0.00028617895
2460544.9461376825	1.0003663	0.00028615727
2460544.94752657	0.9998218	0.00028614837
2460544.9489154574	1.0004766	0.0002861795
2460544.9503043448	1.0003692	0.00028613515
2460544.951693232	1.0000339	0.00028616472
2460544.9530821196	0.9993134	0.0002860315
2460544.954471007	0.9998454	0.00028599772
2460544.9558598944	1.0001229	0.00028608943
2460544.957248782	1.0002024	0.0002860837
2460544.958637669	1.0011305	0.00028626496
2460544.960026557	0.9995068	0.00028599304
2460544.961415444	1.0002065	0.00028612508
2460544.9628043314	1.0001113	0.0002861143
2460544.9641932193	0.99926096	0.00028596292
2460544.9655821063	0.9995475	0.00028603274
2460544.966970994	1.0004275	0.00028613003
2460544.968359881	1.0001551	0.00028612046
2460544.9697487685	1.0005767	0.0002861492
2460544.9711376564	0.9997346	0.00028610986
2460544.9725265433	1.0007265	0.0002861611
2460544.9739154307	1.0001289	0.00028611967
2460544.9753043186	0.9998049	0.0002860074
2460544.9766932055	0.9996715	0.0002859108
2460544.9780820934	0.9997465	0.0002859969
2460544.979470981	1.0007874	0.00028613524
2460544.9808598678	0.99994004	0.0002860157
2460544.9822487556	1.0003718	0.00028609813
2460544.9836376426	0.99980694	0.0002860191
2460544.98502653	1.0009868	0.00028618955
2460544.986415418	0.99985474	0.00028603117
2460544.987804305	0.9996991	0.00028600308
2460544.989193192	1.0005522	0.00028603914
2460544.99058208	1.0008811	0.00028614217
2460544.991970967	1.0003318	0.000286046
2460544.9933598544	1.0004628	0.0002860604
2460544.994748742	1.000083	0.0002859953
2460544.9961376293	1.0003923	0.00028600072
2460544.9975265167	1.0006464	0.0002859653
2460544.998915404	0.99989116	0.00028599903
2460545.0003042915	0.99976236	0.0002859777
2460545.001693179	0.9992916	0.0002858413
2460545.0030820663	0.99999654	0.00028591664
2460545.0044709537	1.0000384	0.00028594647
2460545.005859841	1.0007018	0.00028601167
2460545.0072487285	1.000038	0.00028600259
2460545.008637616	1.0008773	0.0002861085
2460545.0100265034	1.0002654	0.00028597534
2460545.0114153908	1.0005637	0.00028603553
2460545.0141931656	1.000417	0.00028601303
2460545.015582053	1.0003916	0.0002860231
2460545.0169709404	1.0002031	0.00028599316
2460545.018359828	1.0000281	0.00028593425
2460545.019748715	1.0003146	0.00028599685
2460545.0211376026	0.99989784	0.00028583585
2460545.02252649	1.0000442	0.00028594825
2460545.0239153774	1.0009081	0.00028606242
2460545.0253042644	1.0007979	0.00028601428
2460545.0266931523	0.9998457	0.00028582165
2460545.028082039	1.0000252	0.00028590974
2460545.0294709266	0.9997766	0.0002858006
2460545.030859814	0.99991256	0.00028588637
2460545.033637589	1.0003786	0.0002860144
2460545.0350264763	1.0004895	0.00028597013
2460545.0364153637	1.0000399	0.00028589612
2460545.037804251	1.0001212	0.00028587756
2460545.0391931385	0.9988556	0.00028571405
2460545.040582026	1.0006034	0.0002859786
2460545.0419709133	1.0004138	0.00028587802
2460545.0433598007	1.0014648	0.00028605116
2460545.044748688	1.0004776	0.00028585052
2460545.0461375755	1.0000851	0.00028587188
2460545.0475264625	0.9996002	0.00028576233
2460545.04891535	1.0004375	0.00028583893
2460545.0503042378	1.0007144	0.00028598154
2460545.0516931247	1.0005374	0.00028581807
2460545.053082012	1.0008526	0.000285925
2460545.0544708995	0.99987316	0.00028582403
2460545.055859787	1.0001034	0.00028590215
2460545.0572486743	1.0005721	0.00028593387
2460545.0586375617	1.0008832	0.00028595977
2460545.060026449	1.0001563	0.0002857609
2460545.0614153366	1.0000627	0.00028576955
2460545.0628042235	0.99967235	0.00028574452
2460545.0641931114	1.0003632	0.00028588925
2460545.0655819983	1.0004199	0.00028581131
2460545.0669708857	0.9993201	0.0002856676
2460545.068359773	0.99989367	0.00028583696
2460545.0697486605	1.0002413	0.00028583233
2460545.071137548	1.000104	0.00028574895
2460545.0725264354	1.0008202	0.00028589505
2460545.073915323	1.0004641	0.00028591102
2460545.07530421	1.0006256	0.00028586728
2460545.076693097	1.0000592	0.00028587188
2460545.0780819845	1.0006527	0.0002859179
2460545.079470872	0.99992055	0.00028584333
2460545.0808597594	1.0002542	0.00028580453
2460545.0822486468	1.0000371	0.00028580407
2460545.083637534	0.9994571	0.00028566105
2460545.0850264216	1.0002156	0.00028584542
2460545.086415309	1.0006281	0.0002858556
2460545.087804196	1.0005696	0.00028583247
2460545.0891930833	0.99961585	0.00028576242
2460545.0905819708	1.0006354	0.00028593247
2460545.091970858	1.0000787	0.00028582866
2460545.094748633	0.99941075	0.000285657
2460545.09613752	1.0009997	0.00028585605
2460545.097526408	0.9995106	0.00028573076
2460545.098915295	1.0009516	0.0002857953
2460545.100304182	1.0003403	0.00028567595
2460545.1016930696	0.9990582	0.00028563666
2460545.103081957	1.000389	0.00028571094
2460545.1044708444	1.0004424	0.00028578096
2460545.105859732	1.0004203	0.0002857661
2460545.1072486187	0.99946916	0.00028560855
2460545.108637506	1.0007716	0.00028579752
2460545.1100263936	1.000206	0.0002857278
2460545.111415281	0.9999814	0.00028566367
2460545.1128041684	1.0002935	0.00028574374
2460545.1141930553	1.0002689	0.0002857758
2460545.1155819427	1.0005633	0.00028578276
2460545.11697083	1.0003443	0.0002857428
2460545.1183597175	1.0010132	0.0002857778
2460545.119748605	0.99966586	0.00028564245
2460545.1211374924	1.0004029	0.000285703
2460545.1225263793	0.9996906	0.00028564953
2460545.1239152667	0.99976724	0.0002856134
2460545.125304154	1.0005901	0.0002856965
2460545.1266930415	1.0002087	0.00028566105
2460545.128081929	1.0001812	0.0002856973
2460545.129470816	0.9995642	0.0002855595
2460545.1308597033	0.99952173	0.00028559208
2460545.1322485907	0.9995772	0.0002854674
2460545.133637478	1.0002121	0.00028566318
2460545.1350263655	0.9987252	0.0002854366
2460545.1364152525	0.9988196	0.00028545523
2460545.13780414	0.99820316	0.00028535433
2460545.1391930273	0.9980896	0.00028536245
2460545.1405819147	0.99628764	0.00028508456
2460545.141970802	0.99538565	0.00028498858
2460545.1433596895	0.9953073	0.0002848991
2460545.1447485765	0.9946422	0.00028487592
2460545.146137464	0.9947771	0.00028475432
2460545.1475263513	0.99396825	0.00028466957
2460545.1489152387	0.9932966	0.00028461634
2460545.150304126	0.99358636	0.0002846089
2460545.151693013	0.9932487	0.0002846381
2460545.154470788	0.9937587	0.00028469882
2460545.155859675	0.99317956	0.00028455807
2460545.157248562	0.9941705	0.00028474675
2460545.1586374496	0.99393356	0.00028466302
2460545.160026337	0.9930559	0.0002845898
2460545.1614152244	0.99229467	0.00028439902
2460545.1628041114	0.99279964	0.00028450723
2460545.164192999	0.9927369	0.00028448796
2460545.165581886	0.9940018	0.0002846661
2460545.166970773	0.9929564	0.00028455455
2460545.1683596605	0.99326456	0.00028462464
2460545.169748548	0.9934691	0.00028456692
2460545.1711374354	0.9924765	0.0002844032
2460545.172526323	0.9935176	0.00028460985
2460545.175304097	0.993206	0.00028442315
2460545.1766929845	0.99333876	0.00028451314
2460545.1780818715	0.99365926	0.00028452897
2460545.179470759	0.9929156	0.00028445633
2460545.1808596463	0.99234086	0.00028439163
2460545.1822485332	0.9933555	0.00028447347
2460545.1836374206	0.9926276	0.0002843749
2460545.185026308	0.99265033	0.00028436384
2460545.1864151955	0.99322474	0.00028448078
2460545.187804083	0.99360955	0.0002845023
2460545.18919297	0.9933475	0.0002844906
2460545.190581857	0.99315107	0.00028438817
2460545.1919707446	0.99316096	0.00028440694
2460545.1933596316	0.99319106	0.00028442193
2460545.194748519	0.9933911	0.00028448406
2460545.196137406	0.99326277	0.00028444023
2460545.1975262933	0.99304193	0.00028438936
2460545.1989151808	0.9937762	0.00028445714
2460545.2003040677	0.9936533	0.00028442714
2460545.201692955	0.9924354	0.00028424815
2460545.2030818425	0.99350363	0.00028439017
2460545.20447073	0.99371594	0.00028441517
2460545.205859617	0.9933807	0.00028437257
2460545.2072485043	0.993174	0.00028426887
2460545.2086373917	0.993135	0.0002843908
2460545.2100262786	0.9933914	0.00028438514
2460545.211415166	0.9935595	0.0002843762
2460545.2128040534	0.99368674	0.00028438846
2460545.214192941	0.99286836	0.00028423688
2460545.215581828	0.9928393	0.0002842867
2460545.216970715	0.9924861	0.00028417134
2460545.2183596026	0.99295104	0.00028429224
2460545.2197484896	0.9929471	0.00028427108
2460545.221137377	0.9928345	0.00028421127
2460545.222526264	0.9932687	0.00028431843
2460545.2239151513	0.99338335	0.00028425892
2460545.2253040387	0.99343973	0.00028430432
2460545.2266929257	0.9935967	0.00028433825
2460545.228081813	0.99333656	0.00028428104
2460545.2294707005	0.99338865	0.00028426302
2460545.2308595874	0.99336874	0.0002842479
2460545.232248475	0.9938441	0.00028438302
2460545.233637362	0.9931739	0.00028419736
2460545.235026249	0.993003	0.0002842119
2460545.2364151366	0.9933817	0.00028420408
2460545.2378040235	0.99410206	0.0002843767
2460545.239192911	0.9933247	0.00028419943
2460545.2405817984	0.9931839	0.00028423822
2460545.2419706853	0.9940604	0.00028432198
2460545.2433595727	0.99376065	0.00028419134
2460545.2447484597	0.9940357	0.00028434113
2460545.246137347	0.9939459	0.00028426727
2460545.247526234	0.9931203	0.00028409238
2460545.2489151214	0.99370867	0.0002842593
2460545.2503040084	0.9939619	0.00028416695
2460545.251692896	0.99396217	0.00028427338
2460545.2530817827	0.99386036	0.00028416875
2460545.25447067	0.99329346	0.00028413683
2460545.2558595575	0.9939017	0.00028421896
2460545.2572484445	0.9938998	0.0002842156
2460545.258637332	0.9939947	0.00028424917
2460545.260026219	0.99427044	0.0002841783
2460545.2614151062	0.9941028	0.00028414352
2460545.2628039937	0.9947028	0.0002843176
2460545.2641928806	0.9943036	0.00028418956
2460545.265581768	0.9948606	0.00028429975
2460545.266970655	0.99408436	0.0002841907
2460545.2683595424	0.99385136	0.00028416712
2460545.2697484293	0.99408853	0.00028424282
2460545.2711373167	0.9946364	0.00028430187
2460545.2725262037	0.9945334	0.00028423333
2460545.273915091	0.9943874	0.00028422693
2460545.275303978	0.99416125	0.0002841603
2460545.2766928654	0.9951447	0.00028430566
2460545.278081753	0.9950335	0.00028426354
2460545.27947064	0.99539363	0.00028436043
2460545.280859527	0.9962072	0.00028444568
2460545.282248414	0.99683636	0.00028454195
2460545.283637301	0.99713176	0.0002845689
2460545.2850261885	0.99769306	0.000284578
2460545.2864150754	0.9985764	0.00028473363
2460545.287803963	0.99933565	0.00028486465
2460545.2891928502	0.99926096	0.0002848105
2460545.290581737	1.0006394	0.00028504158
2460545.2919706246	1.0002224	0.00028496413
2460545.2933595115	1.0008245	0.0002851078
2460545.2947483985	1.0003268	0.0002849967
2460545.296137286	1.0002743	0.00028501533
2460545.297526173	1.0000668	0.0002849006
2460545.2989150602	1.000227	0.00028491582
2460545.300303947	0.99986154	0.0002849487
2460545.3016928346	0.99977773	0.0002848711
2460545.3030817215	1.001034	0.00028507435
2460545.3044706085	1.0004694	0.00028491922
2460545.305859496	1.0001857	0.0002849338
2460545.3072483833	1.0001566	0.00028493075
2460545.3086372702	1.000265	0.00028489338
2460545.310026157	1.0008152	0.00028506684
2460545.3114150446	1.0005664	0.0002849965
2460545.3128039315	1.0003431	0.00028492033
2460545.314192819	1.0007708	0.00028497967
2460545.315581706	0.999934	0.000284932
2460545.3169705933	0.9996694	0.00028481625
2460545.3183594802	1.0003564	0.0002849293
2460545.319748367	1.0004332	0.00028494035
2460545.3211372546	1.0001471	0.00028490022
2460545.3225261415	1.0003347	0.00028488593
2460545.3239150285	1.000967	0.00028500418
2460545.325303916	1.0001774	0.00028484428
2460545.3266928033	1.0002176	0.0002849185
2460545.3280816902	1.0010575	0.00028501105
2460545.329470577	0.99926996	0.00028474687
2460545.330859464	0.999941	0.0002848402
2460545.3322483515	1.0002873	0.00028485054
2460545.333637239	0.9997923	0.00028476233
2460545.335026126	1.0003235	0.00028496166
2460545.336415013	1.0005563	0.0002849846
2460545.3378039002	1.0004653	0.00028488733
2460545.339192787	1.0008132	0.000284923
2460545.340581674	1.0001801	0.00028490467
2460545.341970561	1.0001997	0.00028492766
2460545.3433594485	1.0009531	0.0002850449
2460545.3447483354	0.999837	0.00028481972
2460545.3461372224	0.9998614	0.00028488124
2460545.34752611	1.00041	0.00028488258
2460545.3489149967	1.0000461	0.0002848381
2460545.3503038837	1.000349	0.00028486445
2460545.351692771	1.0005639	0.00028500857
2460545.353081658	1.000238	0.00028487336
2460545.354470545	1.000507	0.00028498154
2460545.3558594324	1.0007701	0.00028496105
2460545.3572483193	1.0002258	0.000284834
2460545.3586372063	0.9997941	0.00028479396
2460545.3600260937	0.99993145	0.000284834
2460545.3614149806	1.0016447	0.0002850196
2460545.3628038676	0.9997267	0.0002848143
2460545.3641927545	1.0005887	0.0002849612
2460545.365581642	0.99992573	0.0002848664
2460545.366970529	0.99999595	0.00028488124
2460545.368359416	1.0010612	0.00028501137
2460545.369748303	0.9997559	0.0002848867
2460545.37113719	1.0000855	0.00028485488
2460545.372526077	0.9996733	0.00028484623
2460545.3739149645	1.00065	0.00028494222
2460545.3753038514	0.99999666	0.00028486122
2460545.3766927384	1.0000994	0.00028494658
2460545.3780816253	1.0000839	0.00028487627
2460545.3794705123	0.9994447	0.00028477167
2460545.3808593997	1.0006723	0.00028495863
2460545.3822482866	1.0007447	0.00028499737
2460545.3836371736	1.0002348	0.0002849368
2460545.385026061	1.0004525	0.00028490432
2460545.386414948	1.0001893	0.0002848723
2460545.387803835	1.0004015	0.00028486238
2460545.389192722	1.0012263	0.0002849867
2460545.3905816087	1.0005504	0.00028499187
2460545.391970496	1.0003009	0.00028491908
2460545.393359383	0.9997009	0.0002848772
2460545.39474827	0.9999653	0.0002849009
2460545.396137157	0.9997218	0.00028480406
2460545.3975260444	1.0002725	0.0002848746
2460545.398914931	0.9999891	0.00028487883
2460545.4003038183	1.0002578	0.00028488482
2460545.401692705	1.0007377	0.00028499844
2460545.403081592	1.0004839	0.0002848674
2460545.404470479	0.9996435	0.00028479172
2460545.405859366	1.0011301	0.00028502976
2460545.4072482535	1.0001001	0.00028487586
2460545.4086371404	1.0003904	0.00028494804
2460545.4100260274	1.0000368	0.00028490767
2460545.4114149143	1.0005053	0.00028483907
2460545.4128038012	1.0001552	0.00028485229
2460545.414192688	0.99946666	0.00028474547
2460545.4155815756	1.0002563	0.0002849281
2460545.416970462	0.99978065	0.00028479623
2460545.4183593495	1.0004016	0.00028494574
2460545.4197482364	1.0002477	0.00028494917
2460545.4211371234	1.0001118	0.00028483503
2460545.4225260103	0.9997106	0.0002848201
2460545.4239148973	0.99990684	0.00028494847
2460545.425303784	0.99999	0.0002848689
2460545.426692671	1.0003706	0.0002849026
2460545.428081558	0.9993837	0.00028484315
2460545.429470445	0.9996252	0.00028486238
2460545.4308593324	0.9995456	0.00028486655
2460545.432248219	0.99963695	0.00028485115
2460545.4336371063	1.0001744	0.00028486954
2460545.435025993	1.0002584	0.00028491573
2460545.43641488	1.0006372	0.00028495098
2460545.437803767	1.0002193	0.00028491617
2460545.439192654	0.9998303	0.00028485918
2460545.440581541	0.999831	0.00028481396
2460545.441970428	0.9992383	0.00028475284
2460545.443359315	1.000121	0.00028489617
2460545.444748202	0.9999111	0.00028490962
2460545.446137089	1.0003922	0.00028495197
2460545.4475259758	1.0015266	0.00028506358
2460545.4489148627	0.99946856	0.00028481416
2460545.4503037496	1.0000101	0.00028495272
2460545.4516926366	0.99991953	0.00028490377
2460545.4530815235	0.9996827	0.00028488302
2460545.4544704105	0.99968296	0.00028489338
2460545.4558592974	1.0003642	0.0002849826
2460545.4572481844	0.9993329	0.00028481032
2460545.4586370713	0.99964815	0.0002848454
2460545.4600259583	0.9996496	0.00028491256
2460545.461414845	0.99963796	0.00028488992
2460545.462803732	0.9996246	0.0002848684
2460545.464192619	1.0002865	0.00028495322
2460545.680858926	0.9998148	0.00028507074
2460545.682247812	0.99991214	0.0002850201
2460545.6836366984	0.99966455	0.0002850192
2460545.685025585	1.0002364	0.00028507944
2460545.6864144714	1.0002348	0.0002850566
2460545.687803358	0.9999365	0.0002850677
2460545.6891922443	0.99989885	0.00028498977
2460545.690581131	0.9995816	0.00028498875
2460545.6919700173	0.9999908	0.00028501602
2460545.6933589033	0.9997084	0.00028500985
2460545.6947477898	1.0005561	0.0002850879
2460545.6961366762	0.9998121	0.00028500264
2460545.6975255627	1.0002787	0.00028510756
2460545.6989144487	1.0003456	0.00028505307
2460545.700303335	1.0002501	0.00028500878
2460545.7016922217	0.9997349	0.0002849807
2460545.703081108	0.9996962	0.00028499123
2460545.7044699946	1.0002556	0.0002850751
2460545.7058588807	1.000014	0.0002849649
2460545.707247767	0.9996484	0.00028494775
2460545.7086366536	0.9999088	0.00028497208
2460545.71002554	1.001366	0.00028519842
2460545.711414426	1.000653	0.00028507767
2460545.7128033126	0.99997807	0.00028500272
2460545.714192199	1.0000024	0.00028501925
2460545.715581085	1.0003365	0.00028506923
2460545.7169699715	1.0003861	0.00028507775
2460545.718358858	1.0003419	0.00028505886
2460545.719747744	1.0001904	0.00028501992
2460545.7211366305	0.9999798	0.0002850089
2460545.722525517	1.0001713	0.0002850333
2460545.723914403	1.0006703	0.0002850572
2460545.7253032895	0.99987376	0.0002850037
2460545.726692176	1.0001243	0.00028500403
2460545.728081062	1.0004942	0.00028507382
2460545.7294699484	0.9996647	0.00028492179
2460545.730858835	1.00063	0.0002851049
2460545.732247721	1.0001713	0.00028504152
2460545.7336366074	1.000295	0.00028508177
2460545.7350254934	1.0000474	0.00028499612
2460545.73641438	1.0000392	0.0002850333
2460545.737803266	0.999669	0.00028497717
2460545.7391921524	0.99994504	0.00028499024
2460545.7405810384	0.99999243	0.00028502557
2460545.741969925	1.0001959	0.00028501393
2460545.743358811	1.0001253	0.00028495636
2460545.7447476974	1.0009788	0.00028508643
2460545.7461365834	0.9996994	0.000285015
2460545.74752547	1.0000916	0.00028497743
2460545.748914356	1.0006536	0.0002850974
2460545.7503032424	1.000365	0.00028507537
2460545.7516921284	1.0010104	0.000285097
2460545.753081015	1.0003419	0.0002850358
2460545.754469901	1.0005078	0.0002850498
2460545.7558587873	1.000058	0.0002850016
2460545.7572476733	1.0005496	0.00028509492
2460545.7586365594	1.0002488	0.00028502216
2460545.760025446	1.0001086	0.00028504
2460545.7614143323	1.0007572	0.00028507566
2460545.7628032183	1.000357	0.00028503017
2460545.7641921043	0.999975	0.00028500686
2460545.7655809904	1.0002978	0.0002850349
2460545.766969877	1.000472	0.00028503893
2460545.768358763	1.0008104	0.0002850593
2460545.7697476493	1.0005592	0.00028507182
2460545.7711365353	1.0005964	0.0002850746
2460545.7725254213	1.0003866	0.00028505686
2460545.773914308	1.0000336	0.0002850057
2460545.775303194	1.0005635	0.00028504795
2460545.77669208	1.0003972	0.00028500208
2460545.7780809663	1.0012199	0.00028515016
2460545.7794698523	1.0005993	0.0002850717
2460545.7808587383	1.0005046	0.0002850721
2460545.7822476244	1.0002574	0.00028502787
2460545.783636511	1.0001644	0.00028499507
2460545.785025397	1.0008028	0.00028507604
2460545.786414283	1.0000961	0.00028501172
2460545.7878031693	1.0005435	0.00028506553
2460545.789192055	1.000209	0.00028502016
2460545.7905809414	1.0002276	0.000285011
2460545.7919698274	1.000386	0.00028502545
2460545.7933587134	1.0002683	0.0002850308
2460545.7947475994	1.0003657	0.0002850326
2460545.7961364854	1.0001036	0.00028501634
2460545.797525372	1.0004793	0.00028503445
2460545.798914258	1.0002478	0.0002850321
2460545.800303144	0.9996786	0.00028496655
2460545.80169203	1.0003743	0.00028504062
2460545.803080916	1.0000893	0.000285011
2460545.8044698024	1.0006269	0.00028507746
2460545.805858688	1.0004671	0.000285051
2460545.8072475744	1.0007213	0.00028508206
2460545.80863646	0.9998967	0.0002849844
2460545.8100253465	1.0005656	0.00028507278
2460545.811414232	1.0006249	0.0002850971
2460545.8128031185	1.0014405	0.0002851623
2460545.8141920045	0.999709	0.00028494708
2460545.8155808905	1.0011501	0.00028511012
2460545.8169697765	0.999963	0.0002850003
2460545.8183586625	1.0008562	0.00028510287
2460545.8197475486	1.0005383	0.00028506696
2460545.8211364346	1.0003948	0.00028503014
2460545.8225253206	1.0001765	0.0002850337
2460545.8239142066	0.99999446	0.0002850258
2460545.8253030926	1.0008391	0.0002850972
2460545.8266919786	1.0002165	0.00028501044
2460545.8280808646	1.0006049	0.0002850842
2460545.8294697506	0.99992114	0.00028500232
2460545.8308586366	1.0004138	0.00028506637
2460545.832247522	1.0005889	0.00028508142
2460545.8336364087	1.0005902	0.00028506943
2460545.835025294	1.000365	0.00028504152
2460545.83641418	1.000397	0.0002850677
2460545.8378030662	1.0004432	0.00028511512
2460545.8391919523	0.9999168	0.00028497947
2460545.8405808383	1.0002218	0.0002850094
2460545.8419697243	1.0002006	0.000285022
2460545.8433586103	1.0005661	0.00028503017
2460545.844747496	0.99989426	0.00028500395
2460545.846136382	1.0005978	0.00028507833
2460545.847525268	1.0006433	0.00028512682
2460545.848914154	0.9999218	0.0002849964
2460545.85030304	1.0004624	0.00028505977
2460545.8516919254	1.0004753	0.0002850467
2460545.8530808114	1.0003237	0.00028502764
2460545.8544696975	1.0002533	0.0002850533
2460545.8558585835	1.000265	0.00028500502
2460545.857247469	1.0004376	0.00028506998
2460545.858636355	1.0005485	0.00028506716
2460545.860025241	1.0003989	0.0002850521
2460545.8614141266	1.0007159	0.00028506143
2460545.8628030126	1.0004412	0.0002850516
2460545.8641918986	1.0004108	0.0002850747
2460545.865580784	1.0001761	0.0002850196
2460545.86696967	1.0004572	0.0002850521
2460545.868358556	0.9995873	0.00028493744
2460545.869747442	1.0010122	0.00028512598
2460545.8711363277	1.0006199	0.00028507458
2460545.8725252138	1.0001364	0.0002850062
2460545.8739140993	1.0004286	0.0002850558
2460545.8753029853	1.0005736	0.00028508573
2460545.8766918713	1.0002269	0.00028497094
2460545.878080757	1.0000539	0.0002850123
2460545.879469643	1.0001317	0.00028503608
2460545.8808585284	1.0007176	0.00028506745
2460545.8822474144	1.0004017	0.00028503226
2460545.8836363	1.0000266	0.00028497798
2460545.885025186	1.0004673	0.00028502877
2460545.8864140715	0.9999496	0.00028498232
2460545.8878029576	0.9995001	0.0002849615
2460545.889191843	1.0000397	0.0002850024
2460545.890580729	1.0002071	0.0002849582
2460545.8919696147	0.9993874	0.00028489664
2460545.8933585007	0.9996079	0.00028494763
2460545.894747386	0.99949896	0.00028495118
2460545.8961362722	1.0002937	0.00028501713
2460545.897525158	0.9999365	0.00028497554
2460545.8989140433	0.99964523	0.0002849043
2460545.9003029293	0.9996686	0.00028498308
2460545.901691815	0.9995794	0.00028488695
2460545.903080701	0.99979657	0.00028498293
2460545.9044695864	0.9999018	0.00028495854
2460545.905858472	0.9999154	0.00028497825
2460545.907247358	0.99975216	0.00028496262
2460545.9086362435	0.99948233	0.00028492082
2460545.9100251296	1.0004747	0.0002850216
2460545.911414015	0.9996884	0.00028496678
2460545.9128029007	0.99950725	0.00028491742
2460545.914191786	0.9998032	0.00028495293
2460545.915580672	0.9995411	0.00028495284
2460545.9169695578	1.0000494	0.00028501786
2460545.9183584433	0.99985224	0.0002849622
2460545.9197473293	0.9999434	0.00028502106
2460545.921136215	0.9996531	0.0002849331
2460545.9225251004	0.99971044	0.00028495528
2460545.923913986	0.9999914	0.00028501338
2460545.9253028715	1.0001948	0.00028495165
2460545.9266917575	1.0001248	0.00028500496
2460545.928080643	0.9999718	0.00028495846
2460545.9294695286	1.0002935	0.00028498797
2460545.930858414	0.9996654	0.00028498072
2460545.9322472997	0.9996701	0.0002849179
2460545.9336361857	0.99935526	0.00028492126
2460545.9350250713	0.99999595	0.00028497944
2460545.936413957	0.99925995	0.00028491984
2460545.9378028424	0.9993548	0.00028490784
2460545.939191728	1.0005074	0.00028501506
2460545.9405806134	0.9999268	0.00028496422
2460545.941969499	0.99961096	0.00028492504
2460545.9433583845	0.9999907	0.00028495828
2460545.94474727	1.0002723	0.00028500598
2460545.9461361556	0.9996707	0.0002849146
2460545.947525041	1.000081	0.00028495814
2460545.9489139267	0.9998408	0.00028496882
2460545.9503028123	0.99974126	0.00028499574
2460545.951691698	0.99981755	0.00028492676
2460545.953080584	0.9997622	0.00028494548
2460545.954469469	0.9997141	0.0002849524
2460545.9558583545	0.9994927	0.00028493901
2460545.95724724	1.0001389	0.00028499775
2460545.9586361255	0.99994004	0.0002849807
2460545.960025011	1.0002917	0.00028500837
2460545.9614138966	0.9994835	0.00028494658
2460545.962802782	0.99988085	0.00028495528
2460545.9641916677	0.99990106	0.00028496585
2460545.9655805533	1.0001466	0.0002849857
2460545.966969439	0.9991696	0.00028488153
2460545.9683583244	1.0003216	0.00028499786
2460545.96974721	0.9999872	0.0002849627
2460545.971136095	0.99950355	0.00028491401
2460545.9725249805	0.9998703	0.00028495747
2460545.973913866	0.99994594	0.00028498253
2460545.9753027516	0.99925715	0.00028489492
2460545.976691637	0.9994219	0.00028490863
2460545.9780805223	0.99982244	0.00028496154
2460545.979469408	0.999565	0.00028491014
2460545.9808582934	0.9998404	0.00028493576
2460545.982247179	0.99992067	0.00028498424
2460545.983636064	0.999971	0.0002849627
2460545.9850249495	0.9997401	0.0002849535
2460545.986413835	0.9998415	0.00028494516
2460545.9878027206	1.000037	0.00028495005
2460545.9891916057	0.9996048	0.00028489713
2460545.9905804913	0.99959064	0.00028494166
2460545.991969377	0.9999137	0.00028491823
2460545.993358262	0.9995936	0.0002849327
2460545.9947471474	1.0000302	0.0002849664
2460545.996136033	0.9997661	0.00028492985
2460545.997524918	0.99949384	0.0002849457
2460545.9989138036	0.99950737	0.00028490776
2460546.0003026887	0.99961126	0.000284944
2460546.001691574	1.0001016	0.00028502036
2460546.00308046	0.9996066	0.0002849299
2460546.004469345	0.9990792	0.00028486157
2460546.0058582304	0.9999083	0.000284975
2460546.0072471155	0.9997631	0.00028491736
2460546.008636001	0.9991446	0.00028487507
2460546.010024886	0.9999173	0.0002849715
2460546.0114137717	1.0000453	0.00028502572
2460546.012802657	0.9998791	0.0002849732
2460546.0141915423	0.9999201	0.00028499428
2460546.015580428	0.9996378	0.00028491966
2460546.016969313	0.9993772	0.000284901
2460546.018358198	0.9996303	0.0002849424
2460546.0197470835	0.9993332	0.0002849233
2460546.0211359686	0.9997007	0.00028494533
2460546.022524854	0.99976903	0.00028496975
2460546.0239137392	0.9998088	0.00028493832
2460546.025302625	1.0000843	0.00028501375
2460546.02669151	1.0000143	0.0002849758
2460546.028080395	1.0001513	0.00028497368
2460546.0294692805	1.0003519	0.00028499987
2460546.0308581656	0.9998935	0.00028496442
2460546.0322470507	1.0003575	0.00028503768
2460546.0336359357	1.0000479	0.0002849673
2460546.0350248213	1.0003257	0.00028505325
2460546.0364137064	1.0002662	0.00028501262
2460546.0378025915	0.9997228	0.0002849505
2460546.039191477	0.9996256	0.00028494818
2460546.040580362	0.99952376	0.00028494754
2460546.041969247	0.99987113	0.00028495464
2460546.0433581322	1.0002866	0.00028501975
2460546.044747018	1.0002823	0.00028501375
2460546.046135903	0.99995005	0.0002849784
2460546.047524788	1.0006081	0.0002850168
2460546.0489136735	1.0001624	0.00028501305
2460546.050302558	0.9999893	0.00028496797
2460546.0516914437	1.0003002	0.0002849788
2460546.0530803287	1.0003061	0.0002850227
2460546.054469214	1.0005999	0.00028502158
2460546.055858099	1.0002813	0.00028503063
2460546.057246984	0.9999124	0.0002849303
2460546.0586358695	1.0001262	0.00028499332
2460546.060024754	1.0003608	0.00028504382
2460546.0614136397	0.99966466	0.00028497403
2460546.0628025243	1.0003406	0.00028500953
2460546.06419141	1.0002878	0.0002850258
2460546.065580295	0.9997481	0.0002849529
2460546.06696918	1.0000093	0.00028499792
2460546.068358065	1.0003697	0.00028504198
2460546.06974695	1.0001073	0.0002850249
2460546.0711358353	1.0004411	0.00028502024
2460546.0725247203	1.0005139	0.0002850443
2460546.0739136054	1.0006995	0.00028506317
2460546.0753024905	1.000033	0.00028497961
2460546.0766913756	1.000452	0.00028502475
2460546.0780802607	1.000429	0.0002850311
2460546.0794691457	1.0004686	0.0002850366
2460546.080858031	1.0001469	0.0002849582
2460546.082246916	0.9999441	0.00028501078
2460546.0836358005	1.0004544	0.0002850502
2460546.0850246856	1.0003239	0.00028503014
2460546.0864135707	1.0006417	0.00028507202
2460546.0878024558	1.0007032	0.000285075
2460546.089191341	1.0000755	0.00028501684
2460546.090580226	1.0006615	0.00028505106
2460546.091969111	1.0003463	0.00028504097
2460546.0933579956	1.0004002	0.0002850399
2460546.0947468807	1.0004703	0.0002850431
2460546.096135766	1.00057	0.00028504097
2460546.097524651	1.0004443	0.0002850122
2460546.098913536	0.9999493	0.0002849939
2460546.1003024206	1.0006653	0.000285071
2460546.1016913056	1.0008737	0.0002850694
2460546.1030801907	1.0006155	0.00028502883
2460546.104469076	1.0005326	0.0002850705
2460546.1058579604	0.99983263	0.00028498235
2460546.1072468455	1.000277	0.00028504492
2460546.1086357306	1.0002865	0.00028503226
2460546.110024615	1.0000796	0.0002850097
2460546.1114135003	1.0000721	0.0002849929
2460546.112802385	1.0003284	0.00028501396
2460546.11419127	0.9997902	0.00028496672
2460546.115580155	0.999762	0.00028495165
2460546.1169690397	1.0001439	0.0002849693
2460546.1183579247	1.0003861	0.00028501425
2460546.1197468094	0.99991125	0.0002849671
2460546.1211356944	1.0006523	0.00028505517
2460546.122524579	1.0000522	0.00028496768
2460546.123913464	0.9998974	0.0002849735
2460546.125302349	1.000332	0.00028502036
2460546.126691234	1.000052	0.00028498672
2460546.128080119	1.0003127	0.00028502734
2460546.1294690035	1.0004747	0.00028503165
2460546.1308578886	1.0004317	0.00028506163
2460546.132246773	1.0003054	0.00028503963
2460546.1336356583	0.9999908	0.00028496142
2460546.135024543	0.99984264	0.00028495022
2460546.1364134275	1.0001497	0.0002850108
2460546.1378023126	1.0002428	0.00028501713
2460546.139191197	1.0002751	0.00028500395
2460546.1405800823	1.0005045	0.00028503838
2460546.141968967	0.999692	0.00028493855
2460546.1433578515	1.0006487	0.0002850468
2460546.1447467366	0.9996962	0.00028493613
2460546.1461356212	1.0000461	0.0002849667
2460546.1475245063	0.9997009	0.00028496655
2460546.148913391	0.9997998	0.00028494856
2460546.1503022755	1.0002497	0.00028501972
2460546.1516911606	1.000583	0.00028508413
2460546.1530800452	1.0003816	0.00028503579
2460546.15446893	1.0000685	0.0002850162
2460546.1558578145	1.0004734	0.00028503506
2460546.1572466996	0.9996862	0.00028494073
2460546.158635584	1.0000974	0.00028499673
2460546.160024469	1.000428	0.00028500467
2460546.1614133534	0.99987537	0.00028500758
2460546.162802238	1.0002556	0.00028500485
2460546.164191123	1.0007892	0.0002850619
2460546.1655800077	1.000209	0.00028500363
2460546.1669688923	1.0006179	0.00028506614
2460546.168357777	0.9999633	0.00028497874
2460546.1697466616	0.99967426	0.00028494612
2460546.1711355466	1.0002153	0.00028497746
2460546.172524431	1.0002257	0.0002850358
2460546.173913316	1.0002502	0.00028508785
2460546.1753022005	1.0000788	0.00028495226
2460546.176691085	0.9999079	0.00028495328
2460546.1780799697	1.0001494	0.00028500264
2460546.1794688543	0.9998223	0.0002849499
2460546.180857739	1.0003444	0.00028502688
2460546.1822466236	1.0004524	0.0002850579
2460546.183635508	0.9998209	0.00028493383
2460546.185024393	1.0003704	0.000285028
2460546.1864132774	0.999657	0.00028494402
2460546.187802162	1.0002787	0.0002850089
2460546.1891910466	1.0006813	0.00028508235
2460546.1905799313	0.9998385	0.00028497385
2460546.191968816	1.0006002	0.0002850944
2460546.1933577005	0.9998958	0.00028497234
2460546.194746585	1.0004497	0.0002850593
2460546.1961354697	0.9998497	0.0002849453
2460546.1975243543	1.0002517	0.00028501084
2460546.1989132385	1.000429	0.00028501012
2460546.200302123	1.000097	0.00028501838
2460546.2016910077	0.9999814	0.00028496588
2460546.2030798923	1.000233	0.0002850226
2460546.204468777	1.0000734	0.00028499306
2460546.2058576616	0.9996682	0.0002849673
2460546.207246546	1.0002395	0.00028500965
2460546.2086354303	1.0000435	0.00028499163
2460546.210024315	0.99998516	0.00028500156
2460546.2114131995	1.0000087	0.00028499743
2460546.2128020837	1.0000856	0.00028503253
2460546.2141909683	1.0006584	0.00028509484
2460546.215579853	1.0000362	0.00028501393
2460546.2169687375	0.99951667	0.00028488552
2460546.2183576217	1.0000697	0.00028500913
2460546.2197465063	1.0002289	0.00028502475
2460546.221135391	1.0002313	0.00028503436
2460546.222524275	0.9998794	0.000284965
2460546.2239131597	1.0001843	0.00028502694
2460546.2253020443	1.0002375	0.00028501166
2460546.2266909285	1.0008368	0.00028509484
2460546.228079813	1.0002227	0.0002850303
2460546.2294686977	0.9999971	0.00028499297
2460546.230857582	1.0003321	0.00028502927
2460546.2322464664	1.0001875	0.00028502106
2460546.233635351	1.0000691	0.00028502266
2460546.235024235	0.9996404	0.00028491262
2460546.23641312	0.9999134	0.00028499294
2460546.237802004	0.99976885	0.00028494396
2460546.2391908886	1.0001398	0.0002849857
2460546.2405797727	0.9998794	0.000284956
2460546.241968657	1.0001438	0.00028501166
2460546.2433575415	1.0001535	0.0002850011
2460546.244746426	1.0000429	0.00028500726
2460546.2461353103	0.99991614	0.00028503218
2460546.247524195	0.9999736	0.00028496058
2460546.248913079	1.0001127	0.00028496582
2460546.250301963	1.0002282	0.00028500592
2460546.251690848	0.9997735	0.0002849431
2460546.253079732	1.0002034	0.0002850458
2460546.2544686166	0.9999028	0.00028495034
2460546.2558575007	1.000105	0.00028502845
2460546.257246385	0.9998341	0.00028492318
2460546.258635269	1.0003022	0.00028501425
2460546.2600241536	1.0001987	0.0002850152
2460546.261413038	1.0000383	0.00028497222
2460546.2628019224	1.000194	0.00028503704
2460546.2641908065	0.9999409	0.00028495293
2460546.2655796907	1.0005327	0.00028506728
2460546.2669685753	1.0002527	0.00028498552
2460546.2683574595	1.0001249	0.0002850359
2460546.2697463436	0.9998332	0.0002849227
2460546.2711352278	1.000603	0.00028503238
2460546.272524112	0.99949163	0.00028488494
2460546.2739129965	0.9997905	0.0002849789
2460546.2753018807	0.99956137	0.0002849252
2460546.276690765	1.0001885	0.00028502717
2460546.278079649	1.0003723	0.0002849946
2460546.279468533	0.9998591	0.0002849901
2460546.2808574177	0.9996794	0.00028493712
2460546.282246302	1.0002631	0.00028501556
2460546.283635186	1.0001781	0.00028500322
2460546.28502407	0.9997626	0.0002849411
2460546.2864129543	0.9995934	0.0002848818
2460546.2878018385	0.99996644	0.00028497598
2460546.2891907226	1.0003985	0.00028503564
2460546.290579607	0.9999724	0.000284947
2460546.291968491	0.99965876	0.00028494053
2460546.293357375	1.0002588	0.00028502534
2460546.294746259	1.0005313	0.00028504815
2460546.2961351434	0.9995438	0.00028492147
2460546.297524028	0.9996239	0.0002849272
2460546.2989129117	0.9993576	0.00028490642
2460546.300301796	1.0000631	0.0002849685
2460546.30169068	0.9995912	0.00028494996
2460546.303079564	1.0003415	0.00028504114
2460546.3044684483	0.99938893	0.0002848793
2460546.3058573324	0.9994441	0.00028488386
2460546.3072462166	0.9999124	0.00028498145
2460546.3086351007	1.0001047	0.00028497598
2460546.310023985	1.0000349	0.00028495977
2460546.311412869	1.000001	0.00028498404
2460546.312801753	1.000183	0.00028504035
2460546.3141906373	0.99987304	0.0002849806
2460546.315579521	1.000396	0.00028502676
2460546.316968405	0.99937034	0.0002849048
2460546.3183572893	0.9994882	0.00028495508
2460546.3197461735	0.99967295	0.0002849877
2460546.321135057	0.99989754	0.00028499652
2460546.3225239413	0.99939084	0.0002849153
2460546.3239128254	1.0000056	0.00028502345
2460546.3253017096	1.0000101	0.00028497755
2460546.3266905937	1.0004	0.00028500857
2460546.3280794774	0.9997879	0.00028494725
2460546.3294683616	0.999845	0.00028497152
2460546.3308572453	0.9996917	0.00028494798
2460546.3322461294	1.0000597	0.00028494227
2460546.3336350136	0.9996676	0.00028492702
2460546.3350238977	0.9995152	0.00028492662
2460546.336412782	0.9996715	0.00028493142
2460546.3378016655	0.9988761	0.000284824
2460546.3391905497	0.9999413	0.00028497615
2460546.340579434	0.999698	0.0002849676
2460546.3419683175	0.99973357	0.00028499303
2460546.3433572017	0.99998766	0.00028500234
2460546.3447460853	0.99992025	0.00028497964
2460546.3461349695	0.99988407	0.00028505025
2460546.347523853	0.9998766	0.00028500523
2460546.3489127373	0.9995663	0.00028490653
2460546.3503016215	0.9996727	0.00028496582
2460546.351690505	1.000086	0.00028496786
2460546.353079389	0.99929744	0.00028489347
2460546.354468273	0.99969256	0.00028497665
2460546.3558571567	1.0002054	0.000284978
2460546.357246041	0.9993093	0.00028490258
2460546.3586349245	1.0001622	0.00028498194
2460546.3600238087	0.9996073	0.00028493008
2460546.3614126923	0.9998599	0.00028494914
2460546.3628015765	0.99978995	0.00028495627
2460546.36419046	1.0000688	0.0002849828
2460546.365579344	0.99980587	0.00028494923
2460546.366968228	0.9999706	0.00028501972
2460546.3683571117	0.999972	0.00028499024
2460546.369745996	0.9997212	0.00028494207
2460546.3711348795	1.0000024	0.0002849558
2460546.372523763	0.99981606	0.0002849923
2460546.373912647	0.99954313	0.00028495098
2460546.375301531	0.99936384	0.00028494152
2460546.3766904147	1.0001677	0.00028502682
2460546.3780792984	1.0002862	0.000285002
2460546.3794681826	0.9992088	0.0002849032
2460546.3808570663	0.9997369	0.0002849294
2460546.38224595	0.99929434	0.0002848892
2460546.383634834	1.0002365	0.00028498098
2460546.385023718	0.99956536	0.00028495493
2460546.3864126015	0.999933	0.00028497478
2460546.387801485	0.9991702	0.00028491014
2460546.389190369	0.99989486	0.00028495066
2460546.3905792525	1.0002077	0.00028502793
2460546.3919681367	0.9996657	0.00028494824
2460546.3933570203	0.9993028	0.00028485604
2460546.394745904	0.999846	0.0002849685
2460546.3961347877	0.9996967	0.0002849968
2460546.3975236714	0.99962765	0.00028491553
2460546.3989125555	1.0001824	0.00028501832
2460546.400301439	0.9988703	0.00028486227
2460546.401690323	0.99963	0.00028494853
2460546.4030792066	0.9994462	0.00028491387
2460546.4044680903	1.0000346	0.00028501262
2460546.405856974	1.0000172	0.00028496672
2460546.4072458576	0.99982816	0.00028500435
2460546.4086347413	0.9999977	0.00028501547
2460546.410023625	1.0002544	0.00028500764
2460546.4114125087	1.0003569	0.00028499615
2460546.4128013924	1.000132	0.00028499562
2460546.414190276	0.9995181	0.0002849279
2460546.4155791597	0.99971753	0.00028497158
2460546.4169680434	1.0000249	0.00028495892
2460546.418356927	0.99964523	0.00028494335
2460546.419745811	1.0004232	0.00028504667
2460546.4211346945	0.99992114	0.0002849753
2460546.422523578	1.000162	0.00028498052
2460546.4239124614	0.9998065	0.00028493328
2460546.425301345	0.9994863	0.00028491
2460546.4266902287	0.9997215	0.00028492798
2460546.4280791124	1.0001463	0.00028499193
2460546.429467996	1.0000781	0.0002850148
2460546.43085688	0.9999061	0.0002849469
2460546.4322457635	1.0000484	0.00028499946
2460546.4336346467	0.99988526	0.0002849711
2460546.4350235304	1.0007017	0.00028503465
2460546.436412414	0.99968344	0.00028497228
2460546.4378012978	0.999878	0.0002849622
2460546.4391901814	0.9997962	0.00028493372
2460546.4405790647	0.99997824	0.00028496777
2460546.4419679483	0.9998191	0.0002849813
2460546.443356832	0.9996699	0.0002849532
2460546.4447457152	1.0004882	0.00028504498
2460546.446134599	1.0001785	0.0002850003
2460546.4475234826	1.0000111	0.00028500677
2460546.4489123663	1.0006026	0.00028503418
2460546.4503012495	1.0000614	0.00028495432
2460546.451690133	0.9993038	0.00028488273
2460546.453079017	1.0000057	0.00028499687
2460546.4544679	1.0002515	0.00028500517
2460546.455856784	1.0000348	0.00028499687
2460546.457245667	0.9997367	0.00028495633
2460546.4586345507	0.9998617	0.00028498008
2460546.460023434	0.99974257	0.00028495214
2460546.4614123176	0.9995328	0.0002849031
2460546.4628012013	0.999709	0.00028493608
2460546.4641900845	1.0001943	0.0002849857
2460546.465578968	0.9997192	0.00028491142
2460546.4669678514	1.0004746	0.00028501943
2460546.468356735	0.9993669	0.00028488346
2460546.4697456188	1.0004002	0.00028503302
2460546.471134502	1.0001918	0.00028502653
2460546.472523385	1.0000992	0.0002849533
2460546.473912269	1.0000973	0.00028497676
2460546.475301152	1.0001278	0.00028499487
2460546.4766900353	0.9997843	0.00028493936
2460546.478078919	1.0001696	0.00028493706
2460546.4794678027	1.0001292	0.00028501643
2460546.480856686	1.0001773	0.00028498357
2460546.482245569	1.0003161	0.0002850324
2460546.483634453	0.9998268	0.00028497362
2460546.485023336	1.0002255	0.00028499315
2460546.4864122197	1.0002395	0.00028500156
2460546.487801103	0.99978125	0.00028495703
2460546.489189986	1.0001098	0.00028499257
2460546.4905788694	0.99957955	0.00028491867
2460546.491967753	1.0000684	0.0002849376
2460546.4933566363	0.9998505	0.00028493672
2460546.4947455195	1.000004	0.00028499257
2460546.496134403	0.9996993	0.00028493768
2460546.4975232864	1.0002542	0.00028500042
2460546.4989121696	1.0004894	0.00028503386
2460546.500301053	1.0002676	0.00028499417
2460546.5016899365	1.0003192	0.00028503084
2460546.5030788197	0.99996495	0.00028498756
2460546.504467703	1.0000436	0.00028498657
2460546.5058565866	0.99987143	0.0002849663
2460546.5072454694	1.0001289	0.00028498087
2460546.508634353	1.0000505	0.00028498293
2460546.5100232363	0.9998922	0.00028497254
2460546.5114121195	0.99968636	0.00028497132
2460546.5128010027	1.0000641	0.0002849826
2460546.514189886	1.0000063	0.0002849766
2460546.5155787696	0.99968183	0.00028491064
2460546.5169676524	0.9995004	0.00028490328
2460546.518356536	1.0003455	0.00028503043
2460546.5197454193	0.9999131	0.00028497458
2460546.5211343025	0.9997235	0.0002849702
2460546.5225231857	0.9995364	0.0002849422
2460546.523912069	0.99985605	0.0002849645
2460546.525300952	0.99982584	0.0002849623
2460546.5266898354	0.999288	0.0002848843
2460546.5280787186	0.99997485	0.00028496652
2460546.529467602	1.0001309	0.000284987
2460546.530856485	0.9999726	0.00028498017
2460546.532245368	1.0000734	0.0002849911
2460546.5336342514	0.9995844	0.00028490162
2460546.5350231347	0.999857	0.00028496629
2460546.536412018	1.0004683	0.00028506533
2460546.537800901	1.0000079	0.00028493055
2460546.5391897843	1.0002879	0.0002850053
2460546.5405786675	0.9995964	0.0002849286
2460546.5419675508	1.0002006	0.0002850063
2460546.5433564335	0.99975634	0.00028495654
2460546.5447453167	1.0000722	0.0002849985
2460546.5461342	1.0001068	0.0002849995
2460546.547523083	0.99994683	0.00028499655
2460546.5489119664	0.9994825	0.00028489763
2460546.5503008496	0.999922	0.0002849429
2460546.551689733	0.9992748	0.0002849002
2460546.5530786156	0.999845	0.0002849149
2460546.554467499	0.9999716	0.00028501867
2460546.555856382	0.99927765	0.00028487938
2460546.557245265	0.9997064	0.00028492216
2460546.5586341484	1.0000048	0.00028495732
2460546.560023031	0.9993083	0.0002848814
2460546.5614119144	0.99968225	0.00028493916
2460546.5628007976	1.000005	0.00028497985
2460546.564189681	0.9999968	0.00028495747
2460546.5655785636	0.9992566	0.0002849034
2460546.566967447	0.99983615	0.00028495397
2460546.56835633	1.0001587	0.00028499364
2460546.569745213	0.9989267	0.00028485304
2460546.571134096	0.9992939	0.00028489044
2460546.5725229788	0.99955183	0.00028495092
2460546.573911862	0.9995581	0.00028491454
2460546.575300745	1.00004	0.00028499024
2460546.576689628	0.9998114	0.00028498386
2460546.578078511	0.99940884	0.00028490607
2460546.5794673944	1.0001258	0.000284973
2460546.580856277	0.9999605	0.0002849778
2460546.5822451604	1.0001575	0.00028502027
2460546.583634043	0.99990135	0.00028494705
2460546.5850229263	0.9998313	0.00028497246
2460546.586411809	0.9996896	0.0002849557
2460546.5878006923	1.0001311	0.00028498858
2460546.589189575	0.9997834	0.0002849584
2460546.5905784583	0.9996567	0.0002849642
2460546.5919673415	1.0001019	0.00028498154
2460546.5933562242	0.9992477	0.00028489745
2460546.5947451075	0.9998947	0.0002849724
2460546.59613399	0.9996519	0.00028495083
2460546.5975228734	1.0000588	0.0002849579
2460546.598911756	0.9997151	0.00028495298
2460546.600300639	0.9998687	0.00028501268
2460546.601689522	0.9992893	0.00028485307
2460546.603078405	0.9997524	0.00028493739
2460546.604467288	0.9993199	0.00028490426
2460546.605856171	0.9999069	0.00028492932
2460546.6072450536	0.9990907	0.00028488564
2460546.608633937	0.99944746	0.00028488602
2460546.6100228196	0.99938804	0.00028491445
2460546.611411703	0.9996817	0.00028489952
2460546.6128005856	1.0001377	0.00028496957
2460546.6141894683	0.9993624	0.00028491698
2460546.615578351	0.9996427	0.00028489376
2460546.6169672343	0.9988777	0.0002848481
2460546.618356117	0.9977184	0.00028467042
2460546.619745	0.9972523	0.0002845973
2460546.621133883	0.9971341	0.00028456261
2460546.622522766	0.9960956	0.00028442984
2460546.6239116485	0.9949296	0.00028430455
2460546.6253005317	0.9948617	0.00028424183
2460546.6266894145	0.9943893	0.0002841923
2460546.6280782972	0.99343294	0.00028409786
2460546.62946718	0.99403	0.00028415932
2460546.6308560628	0.9934142	0.000284075
2460546.6322449455	0.993757	0.00028412475
2460546.6336338287	0.9934966	0.0002840838
2460546.6350227115	0.9927543	0.00028398292
2460546.636411594	0.9925138	0.0002839745
2460546.637800477	0.9929808	0.0002840421
2460546.6391893597	0.9931078	0.0002840204
2460546.6405782425	0.9925524	0.00028396744
2460546.6419671252	0.9931332	0.00028400513
2460546.643356008	0.9929369	0.00028403345
2460546.644744891	0.9928489	0.00028397495
2460546.646133774	0.9927068	0.00028397335
2460546.6475226567	0.99282277	0.0002840134
2460546.6489115395	0.9927209	0.00028397163
2460546.650300422	0.9926921	0.00028399733
2460546.651689305	0.99290395	0.00028398924
2460546.6530781877	0.9922775	0.00028392396
2460546.6544670705	0.99252594	0.0002839519
2460546.655855953	0.99257886	0.00028396596
2460546.657244836	0.99271405	0.0002839911
2460546.6586337187	0.9919037	0.00028385778
2460546.6600226015	0.99260163	0.00028396508
2460546.6614114842	0.99247015	0.0002839707
2460546.662800367	0.9928989	0.00028399556
2460546.6641892497	0.99263763	0.0002839545
2460546.665578132	0.99246913	0.00028396683
2460546.6669670152	0.9927636	0.00028399186
2460546.668355898	0.9919832	0.00028390507
2460546.6697447803	0.9926167	0.0002839386
2460546.671133663	0.99256516	0.00028396086
2460546.672522546	0.99332976	0.0002840362
2460546.6739114285	0.9919688	0.00028387932
2460546.6753003113	0.99271464	0.0002839743
2460546.676689194	0.9928715	0.00028399075
2460546.678078077	0.99260485	0.000283955
2460546.679466959	0.99267256	0.00028395947
2460546.680855842	0.9924895	0.0002839262
2460546.6822447246	0.9925227	0.00028393674
2460546.6836336073	0.99257374	0.00028398255
2460546.6850224896	0.9924757	0.00028390897
2460546.6864113724	0.99263704	0.00028395545
2460546.687800255	0.9921174	0.00028389532
2460546.689189138	0.9927151	0.0002839628
2460546.6905780206	0.9919857	0.0002838666
2460546.691966903	0.9925862	0.0002839937
2460546.6933557857	0.99304724	0.00028401907
2460546.6947446684	0.99247986	0.00028393473
2460546.6961335507	0.99238646	0.00028394643
2460546.6975224335	0.9923218	0.00028392582
2460546.698911316	0.99292636	0.00028400344
2460546.7003001985	0.99282753	0.0002840119
2460546.7016890813	0.99276507	0.0002839795
2460546.703077964	0.9926156	0.0002839514
2460546.704466847	0.9929295	0.00028399704
2460546.705855729	0.9929314	0.00028398857
2460546.707244612	0.99360955	0.0002841
2460546.708633494	0.9927556	0.00028397236
2460546.710022377	0.99306554	0.00028400487
2460546.7114112596	0.993102	0.00028403584
2460546.712800142	0.99292403	0.00028396296
2460546.7141890246	0.99288493	0.00028398822
2460546.715577907	0.9927125	0.00028397428
2460546.7169667897	0.9928828	0.00028402556
2460546.718355672	0.9932079	0.00028405787
2460546.7197445547	0.9928926	0.00028398546
2460546.721133437	0.992834	0.00028400394
2460546.7225223198	0.99251246	0.00028399058
2460546.723911202	0.9930684	0.0002840064
2460546.7253000843	0.9928902	0.00028397652
2460546.726688967	0.9935786	0.00028406622
2460546.7280778494	0.9933139	0.00028407222
2460546.729466732	0.9934102	0.00028410004
2460546.730855615	0.99353623	0.00028407754
2460546.732244497	0.99339634	0.00028406316
2460546.7336333795	0.99367595	0.0002841028
2460546.7350222617	0.99290466	0.0002840064
2460546.7364111445	0.9933617	0.0002840846
2460546.7378000272	0.9934296	0.00028403336
2460546.7391889095	0.99354243	0.00028404224
2460546.740577792	0.9934476	0.00028406974
2460546.741966674	0.9931573	0.00028402449
2460546.743355557	0.99315095	0.0002840291
2460546.744744439	0.9939719	0.00028412574
2460546.746133322	0.99443	0.00028418077
2460546.747522204	0.9937771	0.00028408098
2460546.7489110865	0.99341327	0.00028408194
2460546.750299969	0.9940309	0.00028415455
2460546.7516888515	0.9938701	0.00028413127
2460546.753077734	0.9938285	0.00028409914
2460546.7544666165	0.9939542	0.00028414567
2460546.7558554984	0.99451786	0.000284213
2460546.757244381	0.99405134	0.00028416805
2460546.7586332634	0.99466956	0.00028422923
2460546.7600221457	0.9944634	0.0002842024
2460546.761411028	0.99504536	0.00028428505
2460546.7627999107	0.99579346	0.00028434832
2460546.764188793	0.9965795	0.0002845001
2460546.7655776753	0.997943	0.00028469082
2460546.7669665576	0.9976841	0.00028463927
2460546.76835544	0.99903274	0.00028476748
2460546.7697443226	0.9989705	0.00028481858
2460546.7711332045	0.99985194	0.00028490834
2460546.772522087	0.9997171	0.0002849075
2460546.7739109695	0.9998746	0.00028494486
2460546.775299852	1.0000485	0.00028497825
2460546.776688734	0.9998472	0.00028492857
2460546.7780776164	0.9993884	0.00028492193
2460546.7794664986	0.9997838	0.00028493322
2460546.7808553814	0.9997826	0.00028493413
2460546.782244263	1.0002713	0.00028499353
2460546.783633146	0.9996235	0.00028491643
2460546.785022028	0.9999201	0.00028495444
2460546.7864109105	0.99985194	0.0002849258
2460546.7877997924	0.99970025	0.00028491332
2460546.789188675	0.9998846	0.0002849446
2460546.7905775574	0.9996368	0.00028491218
2460546.7919664397	1.0003603	0.00028501314
2460546.793355322	1.0001899	0.0002849825
2460546.794744204	0.99958724	0.00028487702
2460546.7961330866	1.0005059	0.0002850077
2460546.797521969	1.0002209	0.0002850054
2460546.7989108507	0.999792	0.00028490814
2460546.8002997334	0.9998784	0.00028492135
2460546.801688615	1.0002081	0.00028496364
2460546.8030774975	1.0003965	0.00028500287
2460546.80446638	1.000344	0.00028496314
2460546.805855262	1.0004048	0.0002849672
2460546.8072441444	1.0000656	0.00028496078
2460546.8086330267	1.0001587	0.0002849693
2460546.810021909	1.0001316	0.0002849627
2460546.811410791	1.0000894	0.00028497877
2460546.8127996735	1.0002929	0.00028503992
2460546.8141885553	1.0003964	0.00028500397
2460546.8155774376	1.0004497	0.00028499184
2460546.81696632	1.0004747	0.00028499984
2460546.818355202	0.99985504	0.00028491215
2460546.8197440845	0.9999637	0.00028495418
2460546.8211329663	0.9998042	0.00028494495
2460546.8225218486	1.0004877	0.0002850162
2460546.823910731	1.0000166	0.00028493718
2460546.825299613	0.9998319	0.00028493212
2460546.8266884955	0.999775	0.00028491928
2460546.8280773773	1.0006008	0.0002849849
2460546.8294662596	1.0003717	0.00028496768
2460546.8308551414	1.0002071	0.00028495412
2460546.8322440237	0.9998767	0.00028491922
2460546.833632906	0.99977887	0.00028488992
2460546.8350217883	1.0000737	0.00028490828
2460546.8364106705	1.0000825	0.00028495604
2460546.8377995524	1.0000833	0.00028498826
2460546.8391884346	1.0004474	0.00028500851
2460546.8405773165	1.0002503	0.00028496468
2460546.8419661988	1.0004431	0.00028497228
2460546.843355081	1.000563	0.00028498893
2460546.844743963	1.0002854	0.00028499073
2460546.846132845	1.0000558	0.00028495063
2460546.847521727	0.99961096	0.00028488715
2460546.8489106093	1.0001171	0.00028493942
2460546.8502994915	0.99985296	0.0002849441
2460546.8516883734	1.000627	0.00028501512
2460546.8530772557	1.0001618	0.00028494332
2460546.8544661375	0.99961954	0.00028489865
2460546.8558550198	1.0002567	0.00028499906
2460546.8572439016	1.0001764	0.0002849593
2460546.858632784	0.9997805	0.00028488578
2460546.860021666	1.0001161	0.00028491433
2460546.861410548	1.0004482	0.00028497752
2460546.8627994303	0.9995829	0.00028490488
2460546.864188312	1.000104	0.00028493875
2460546.8655771944	1.0002077	0.00028494466
2460546.866966076	0.9997298	0.000284893
2460546.8683549585	1.0001531	0.0002850007
2460546.8697438403	1.0000026	0.00028494454
2460546.8711327226	1.0000376	0.00028492787
2460546.8725216044	1.0004336	0.00028495697
2460546.873910486	0.99971426	0.00028489454
2460546.8752993685	1.0006552	0.00028501626
2460546.876688251	1.0007044	0.00028501096
2460546.8780771326	0.99934304	0.0002848589
2460546.8794660144	1.0000876	0.00028497755
2460546.8808548963	1.000278	0.00028499393
2460546.8822437786	1.0001184	0.00028495135
2460546.8836326604	0.9998387	0.00028488977
2460546.8850215427	1.000114	0.00028491733
2460546.8864104245	1.0001085	0.00028495444
2460546.8877993063	0.9999839	0.00028490755
2460546.8891881886	0.9995929	0.00028485563
2460546.8905770704	1.0000907	0.00028494792
2460546.8919659522	1.0000665	0.00028494274
2460546.8933548345	0.99948657	0.00028484347
2460546.8947437163	1.0000609	0.00028496655
2460546.896132598	0.99972296	0.00028491506
2460546.89752148	1.0004597	0.00028500063
2460546.8989103623	1.0003039	0.00028499038
2460546.900299244	0.99996614	0.00028492903
2460546.901688126	1.0003233	0.0002849651
2460546.903077008	1.0002431	0.00028496422
2460546.90446589	0.9997452	0.00028488794
2460546.905854772	0.99963754	0.00028490584
2460546.9072436537	1.0001811	0.00028499114
2460546.9086325355	1.0003185	0.00028499376
2460546.910021418	0.9997455	0.00028490165
2460546.9114102996	1.0001609	0.00028497694
2460546.9127991814	0.9999253	0.0002849213
2460546.9141880632	0.99986434	0.0002849227
2460546.915576945	0.999831	0.00028490525
2460546.916965827	0.999671	0.00028488625
2460546.918354709	1.0000092	0.00028491317
2460546.919743591	0.9995409	0.00028489868
2460546.921132473	1.0004507	0.0002849806
2460546.9225213546	1.0001379	0.00028496207
2460546.9239102365	0.9993504	0.00028485063
2460546.9252991183	1.0001019	0.0002849544
2460546.926688	1.0001755	0.00028493576
2460546.928076882	0.99969155	0.00028490007
2460546.929465764	0.9999157	0.0002848913
2460546.9308546456	1.0001566	0.00028496067
2460546.932243528	0.9999622	0.00028497895
2460546.933632409	0.99980795	0.00028490508
2460546.9350212915	0.9997184	0.00028486399
2460546.9364101733	0.9996321	0.0002849047
2460546.937799055	0.9999541	0.00028493526
2460546.939187937	1.000279	0.00028495933
2460546.9405768183	1.0000948	0.00028491966
2460546.9419657006	0.99953556	0.000284861
2460546.943354582	1.000401	0.00028500255
2460546.9447434642	1.0000753	0.00028493113
2460546.946132346	0.99980605	0.00028487516
2460546.9475212274	0.99996	0.00028493852
2460546.9489101097	0.99953264	0.00028486917
2460546.950298991	1.0003959	0.00028497295
2460546.951687873	1.0000741	0.00028493308
2460546.9530767547	0.9998813	0.000284944
2460546.9544656365	0.99984324	0.00028494868
2460546.9558545183	1.0003812	0.00028497956
2460546.9572434	0.9995092	0.0002848747
2460546.958632282	1.0003166	0.00028503567
2460546.9600211633	1.0000136	0.00028495173
2460546.9614100456	1.0000585	0.0002849666
2460546.9627989274	0.9998108	0.0002849115
2460546.964187809	0.99967325	0.00028488028
2460546.9655766906	0.9999105	0.0002849204
2460546.9669655724	0.9998871	0.00028494495
2460546.9683544543	0.99927217	0.0002848485
2460546.9697433356	1.0001714	0.0002849495
2460546.9711322174	1.0001447	0.0002849702
2460546.9725210993	1.0000083	0.00028492033
2460546.973909981	1.0000736	0.000284953
2460546.975298863	0.9998136	0.0002849347
2460546.9766877443	1.0001935	0.00028494105
2460546.978076626	0.9999955	0.00028493564
2460546.979465508	0.9998633	0.0002849359
2460546.9808543897	0.9995258	0.0002848655
2460546.9822432715	1.0000017	0.0002849703
2460546.983632153	1.0000393	0.000284956
2460546.9850210347	0.99992037	0.00028494466
2460546.986409916	0.99948543	0.00028488418
2460546.987798798	0.99964017	0.00028491628
2460546.9891876797	0.99977756	0.00028495234
2460546.9905765615	0.9997956	0.00028494847
2460546.991965443	0.9994645	0.00028485726
2460546.9933543247	1.0002419	0.00028499798
2460546.9947432065	1.0001415	0.00028494536
2460546.9961320884	1.000209	0.0002849625
2460546.9975209697	0.9999962	0.0002849347
2460546.9989098515	1.0001231	0.00028497208
2460547.000298733	0.9995508	0.00028489807
2460547.0016876147	0.9994189	0.00028485988
2460547.003076496	0.9995742	0.00028490528
2460547.004465378	0.9994734	0.0002848935
2460547.0058542597	0.9999637	0.00028493584
2460547.007243141	1.0003203	0.0002849482
2460547.008632023	1.000251	0.0002849677
2460547.0100209042	1.0001253	0.000284987
2460547.011409786	1.0000358	0.00028492158
2460547.0127986674	0.99945575	0.00028488223
2460547.0141875492	1.0001858	0.00028495502
2460547.015576431	0.9999653	0.00028492487
2460547.0169653124	0.9994933	0.0002848951
2460547.0183541942	1.0003285	0.00028497312
2460547.0197430756	1.0001796	0.00028495645
2460547.0211319574	0.9995845	0.00028487682
2460547.022520839	1.0005265	0.00028501952
2460547.02390972	0.9998778	0.0002849844
2460547.025298602	1.0003344	0.00028497382
2460547.0266874833	1.0001235	0.00028498235
2460547.028076365	1.0000467	0.00028494827
2460547.0294652465	0.9997106	0.0002849475
2460547.0308541283	1.0002713	0.000285005
2460547.0322430097	1.0005411	0.00028502336
2460547.0336318915	1.0002927	0.00028500726
2460547.035020773	0.9995306	0.0002848977
2460547.036409654	1.0003191	0.0002849711
2460547.037798536	0.99916697	0.0002848016
2460547.0391874174	0.9998023	0.0002849367
2460547.040576299	1.0001394	0.0002849807
2460547.0419651805	1.000002	0.00028495406
2460547.043354062	0.9998315	0.00028493218
2460547.0447429437	0.9995175	0.00028487833
2460547.046131825	1.000312	0.00028496227
2460547.0475207064	0.9999676	0.0002849588
2460547.0489095883	1.0003763	0.00028498343
2460547.0502984696	0.99996555	0.00028492106
2460547.0516873514	1.0002701	0.0002849307
2460547.053076233	1.0004224	0.00028500007
2460547.054465114	0.99972165	0.0002849106
2460547.0558539955	1.000555	0.00028496562
2460547.0572428773	0.99989325	0.0002849213
2460547.0586317587	1.0002216	0.00028494772
2460547.06002064	1.0004272	0.00028500007
2460547.0614095214	1.0003717	0.00028499428
2460547.0627984027	1.0002126	0.00028498337
2460547.0641872846	1.0001986	0.00028497324
2460547.065576166	0.9991998	0.00028481684
2460547.0669650473	0.999993	0.0002849318
2460547.068353929	0.99992037	0.00028495147
2460547.0697428104	0.9998386	0.00028493328
2460547.071131692	0.99988246	0.00028496337
2460547.072520573	1.0001357	0.0002849444
2460547.0739094545	0.99996096	0.0002848979
2460547.0752983363	1.0001001	0.0002849388
2460547.076687217	1.0001591	0.00028493442
2460547.078076099	1.0006008	0.00028501454
2460547.0794649804	0.9999038	0.0002849195
2460547.0808538618	0.99936074	0.0002848405
2460547.082242743	0.9996721	0.00028486722
2460547.0836316245	0.9999865	0.0002849223
2460547.0850205063	0.99989855	0.00028492627
2460547.086409387	0.999971	0.00028494792
2460547.087798269	0.99991447	0.0002849299
2460547.0891871504	1.000434	0.0002849784
2460547.0905760317	0.9999444	0.00028494408
2460547.091964913	0.9998024	0.00028493276
2460547.0933537944	1.0004357	0.00028494315
2460547.094742676	1.0004984	0.00028501422
2460547.096131557	1.0004128	0.0002849544
2460547.0975204385	1.0000058	0.00028496602
2460547.09890932	1.0008154	0.00028504184
2460547.100298201	1.0004683	0.00028498817
2460547.1016870826	1.0003046	0.00028498232
2460547.103075964	1.000201	0.00028495886
2460547.1044648453	1.0005443	0.00028498148
2460547.1058537266	0.9999262	0.00028491428
2460547.107242608	0.99988467	0.00028490365
2460547.1086314893	1.0015659	0.00028510706
2460547.1100203707	0.9999812	0.0002849328
2460547.111409252	1.0006201	0.0002849788
2460547.1127981334	1.0000404	0.00028491992
2460547.1141870148	1.0010048	0.00028505255
2460547.115575896	0.9998929	0.00028492868
2460547.1169647775	1.0001234	0.0002849524
2460547.118353659	1.0009692	0.00028507717
2460547.11974254	1.0002246	0.00028497336
2460547.1211314215	1.0003394	0.0002849784
2460547.1225203024	1.0002856	0.00028496835
2460547.123909184	1.0005537	0.0002849965
2460547.125298065	1.0004684	0.00028497697
2460547.1266869465	1.0001857	0.0002849966
2460547.128075828	1.0000157	0.00028493072
2460547.129464709	1.0005742	0.0002849939
2460547.1308535906	1.0003312	0.00028500566
2460547.1322424714	1.0010855	0.00028506515
2460547.133631353	1.0004972	0.0002850045
2460547.1350202346	1.0000807	0.0002849659
2460547.1364091155	1.0004568	0.00028501815
2460547.137797997	1.0002517	0.0002849656
2460547.139186878	1.0004228	0.00028498797
2460547.1405757596	1.000363	0.00028500077
2460547.1419646405	1.0001471	0.0002849567
2460547.143353522	1.0006908	0.00028502237
2460547.144742403	1.0003005	0.0002849586
2460547.1461312845	0.9999053	0.00028495092
2460547.147520166	1.0003896	0.00028503244
2460547.148909047	0.99987304	0.0002849322
2460547.150297928	0.9999807	0.00028490706
2460547.1516868095	1.0005121	0.0002850089
2460547.1530756904	0.99982816	0.00028488526
2460547.1544645717	1.0002954	0.00028498913
2460547.155853453	1.0000694	0.00028495936
2460547.1572423344	1.0008019	0.00028508223
2460547.1586312153	1.0000461	0.00028492167
2460547.1600200967	0.9999676	0.00028494364
2460547.161408978	0.99973136	0.00028488686
2460547.162797859	1.0006406	0.0002850394
2460547.1641867403	1.0003513	0.00028498913
2460547.165575621	1.0003184	0.000284998
2460547.1669645025	1.0008425	0.00028506224
2460547.168353384	1.0006739	0.0002850074
2460547.169742265	1.0006906	0.0002850454
2460547.171131146	1.0003169	0.00028499248
2460547.1725200275	1.0002588	0.0002849502
2460547.1739089084	1.0002244	0.0002849735
2460547.1752977897	0.99962443	0.00028488156
2460547.176686671	1.0000882	0.00028491946
2460547.178075552	0.9999884	0.00028491075
2460547.1794644333	1.0000573	0.00028494597
2460547.180853314	1.0002183	0.00028500168
2460547.1822421956	1.0006883	0.00028499882
2460547.183631077	0.9996133	0.00028494216
2460547.185019958	1.0008237	0.0002850283
2460547.186408839	1.0001771	0.00028496495
2460547.18779772	1.0001956	0.00028495147
2460547.1891866014	0.9998623	0.00028490103
2460547.1905754823	1.0007533	0.00028506955
2460547.191964363	1.0006725	0.00028502836
2460547.1933532446	1.0001762	0.00028499382
2460547.1947421255	1.000181	0.00028497438
2460547.196131007	1.0005233	0.00028499245
2460547.197519888	1.0002425	0.00028495747
2460547.198908769	1.0001869	0.00028495456
2460547.2002976504	1.0006194	0.00028500444
2460547.2016865313	1.0007935	0.0002850232
2460547.203075412	1.0007449	0.00028504862
2460547.2044642936	1.0004048	0.00028497144
2460547.2058531744	1.0005666	0.00028497688
2460547.207242056	1.0002674	0.00028497656
2460547.2086309367	0.9999897	0.00028491943
2460547.210019818	1.000721	0.00028499236
2460547.211408699	1.000003	0.00028494297
2460547.21279758	0.9999229	0.00028495747
2460547.214186461	0.9999722	0.0002849226
2460547.215575342	1.0003064	0.0002849591
2460547.2169642234	1.000064	0.0002849275
2460547.2183531043	1.0005006	0.0002850389
2460547.219741985	1.0006514	0.00028500872
2460547.2211308666	1.0002779	0.000284953
2460547.2225197474	1.0003908	0.0002849843
2460547.223908629	1.0006036	0.0002850077
2460547.2252975097	1.0005292	0.0002850284
2460547.2266863906	0.9998527	0.00028490866
2460547.2280752715	1.0005606	0.00028499906
2460547.229464153	1.0000168	0.00028494492
2460547.2308530337	1.0007373	0.00028504472
2460547.2322419146	1.0009243	0.00028505415
2460547.233630796	1.0002999	0.00028498596
2460547.235019677	1.0002635	0.000284971
2460547.2364085577	1.0006106	0.00028501643
2460547.2377974386	1.0003182	0.00028496684
2460547.23918632	1.0006999	0.00028502973
2460547.240575201	1.0003891	0.0002849843
2460547.241964082	0.9999859	0.000284902
2460547.243352963	0.9998592	0.000284948
2460547.2447418435	1.0004052	0.0002849666
2460547.246130725	1.0003093	0.00028496087
2460547.247519606	1.0006036	0.00028503293
2460547.2489084867	1.000788	0.00028501166
2460547.250297368	1.0001384	0.00028493672
2460547.251686249	0.9999743	0.00028493747
2460547.25307513	1.000096	0.00028490904
2460547.2544640107	1.0003499	0.0002849832
2460547.2558528916	1.0003301	0.00028494507
2460547.257241773	1.0004916	0.00028499728
2460547.2586306534	1.0005406	0.00028502953
2460547.2600195347	1.0004848	0.0002850111
2460547.2614084156	1.0000567	0.00028493797
2460547.2627972965	1.0003405	0.0002850061
2460547.2641861774	1.0004065	0.0002849712
2460547.2655750583	1.0004079	0.0002849601
2460547.2669639396	1.0007231	0.00028501826
2460547.26835282	1.0003266	0.00028497682
2460547.2697417014	1.0005426	0.00028501748
2460547.271130582	1.000632	0.000285023
2460547.272519463	0.9999105	0.00028491372
2460547.273908344	1.0004921	0.00028500016
2460547.275297225	1.0004255	0.0002849642
2460547.276686106	0.9998739	0.00028491675
2460547.2780749868	1.0001477	0.00028500005
2460547.2794638677	1.0004344	0.00028497016
2460547.2808527485	0.9999433	0.00028496495
2460547.2822416294	1.0003673	0.0002849574
2460547.2836305103	1.0001513	0.0002849659
2460547.285019391	1.0003756	0.00028495432
2460547.286408272	1.0005188	0.00028496495
2460547.287797153	1.0008298	0.00028503465
2460547.289186034	1.0002441	0.00028495595
2460547.2905749152	1.00079	0.00028501882
2460547.2919637957	1.0004096	0.0002849307
2460547.2933526766	0.9998749	0.00028491276
2460547.2947415574	1.0003266	0.00028497344
2460547.2961304383	1.0003676	0.00028497167
2460547.297519319	1.0001683	0.00028492868
2460547.2989082	0.999863	0.0002849132
2460547.300297081	1.0002449	0.00028499006
2460547.301685962	1.0004781	0.00028498063
2460547.303074843	1.0005877	0.00028501815
2460547.3044637237	1.0005893	0.00028503704
2460547.3058526046	1.0009843	0.00028506413
2460547.3072414855	1.0005174	0.00028499254
2460547.3086303663	1.000506	0.0002850186
2460547.3100192472	1.0002637	0.00028494405
2460547.3114081277	1.0007694	0.000285002
2460547.3127970085	1.0001087	0.00028494015
2460547.3141858894	1.000692	0.0002850181
2460547.3155747703	0.99979806	0.0002848965
2460547.316963651	1.0009282	0.00028506469
2460547.318352532	1.0000898	0.00028495892
2460547.319741413	1.0005987	0.00028501192
2460547.3211302934	1.0007553	0.00028498875
2460547.3225191743	1.0006337	0.0002849982
2460547.323908055	1.0004302	0.00028496305
2460547.325296936	1.0000949	0.0002849236
2460547.326685817	1.0000132	0.000284932
2460547.3280746974	1.0005331	0.00028501128
2460547.3294635783	1.0005184	0.000284979
2460547.330852459	1.0009476	0.0002850493
2460547.33224134	1.0004169	0.0002849544
2460547.333630221	1.0001308	0.00028496073
2460547.3350191014	0.9998418	0.00028491262
2460547.3364079823	1.0004386	0.000284961
2460547.337796863	1.000108	0.00028496727
2460547.339185744	1.0004296	0.0002849767
2460547.3405746245	1.0004013	0.00028496486
2460547.3419635054	1.0014539	0.00028512077
2460547.3433523863	1.000839	0.00028502723
2460547.344741267	1.0009499	0.00028505365
2460547.3461301476	1.0006313	0.00028499245
2460547.3475190285	1.0002642	0.0002849373
2460547.3489079094	1.0008076	0.00028502938
2460547.3502967902	1.0004022	0.00028497225
2460547.3516856707	1.0003452	0.0002849526
2460547.3530745516	1.0006349	0.0002850201
2460547.354463432	1.0006821	0.00028501838
2460547.355852313	0.99993306	0.00028494128
2460547.3572411938	1.000425	0.00028498308
2460547.358630074	1.0001105	0.0002849456
2460547.360018955	1.0002792	0.00028493526
2460547.361407836	1.000014	0.000284905
2460547.3627967164	0.99972516	0.00028489082
2460547.3641855973	1.0003724	0.00028492985
2460547.365574478	1.0001113	0.00028496727
2460547.3669633586	0.9996352	0.00028489414
2460547.3683522395	0.99980533	0.00028489126
2460547.3697411204	1.0000694	0.000284937
2460547.371130001	1.0001527	0.0002849671
2460547.3725188817	1.0001065	0.0002849209
2460547.373907762	1.0000416	0.00028490621
2460547.375296643	1.0002426	0.00028496116
2460547.376685524	1.0003312	0.00028498424
2460547.3780744043	0.99945724	0.00028486428
2460547.379463285	1.0000266	0.00028495796
2460547.3808521656	1.0000751	0.00028493913
2460547.3822410465	0.99993014	0.00028493017
2460547.383629927	0.99974346	0.00028491928
2460547.385018808	0.99996907	0.00028492208
2460547.3864076883	0.99940497	0.00028489163
2460547.387796569	0.99998456	0.00028492513
2460547.3891854496	0.9998297	0.00028491433
2460547.39057433	0.9998382	0.00028490144
2460547.391963211	1.0000834	0.00028496096
2460547.3933520913	1.0001906	0.00028492068
2460547.394740972	0.99957913	0.00028487097
2460547.396129853	0.99973243	0.0002848746
2460547.3975187335	0.9998122	0.000284907
2460547.3989076144	0.9993824	0.00028483427
2460547.400296495	0.9997184	0.00028484952
2460547.4016853753	0.9995289	0.0002848581
2460547.403074256	1.0003932	0.00028495633
2460547.4044631366	1.0000032	0.00028495194
2460547.4058520175	1.0004879	0.00028501853
2460547.407240898	0.9998414	0.0002848821
2460547.408629779	0.9994636	0.00028488573
2460547.410018659	0.9997703	0.00028486256
2460547.4114075396	0.9995502	0.00028485042
2460547.4127964205	1.0001504	0.00028494446
2460547.414185301	0.99985296	0.0002848793
2460547.415574182	0.9996255	0.00028486337
2460547.4169630622	0.99986213	0.0002849187
2460547.4183519427	0.9995903	0.0002849074
2460547.4197408236	0.999868	0.0002848772
2460547.421129704	0.9995341	0.0002848996
2460547.4225185844	0.99979734	0.0002849123
2460547.423907465	1.0001671	0.0002849238
2460547.4252963457	0.99957377	0.0002848678
2460547.426685226	0.99979156	0.0002848998
2460547.428074107	0.9998103	0.00028490834
2460547.4294629875	1.0000845	0.0002849577
2460547.430851868	0.99934286	0.0002848609
2460547.432240749	0.99971485	0.0002848724
2460547.433629629	1.000517	0.0002849964
2460547.4350185096	0.9997742	0.0002848398
2460547.43640739	0.99990994	0.000284902
2460547.437796271	0.9998752	0.0002849204
2460547.4391851514	0.99987084	0.0002849235
2460547.440574032	0.9995261	0.00028491148
2460547.441962912	0.9997367	0.00028486727
2460547.4433517926	0.99948746	0.0002848502
2460547.4447406735	1.0001848	0.00028495167
2460547.446129554	1.0000086	0.00028493672
2460547.4475184344	1.0003732	0.00028497688
2460547.4489073153	1.0000701	0.00028490866
2460547.4502961957	0.99952585	0.00028486087
2460547.451685076	1.0002792	0.00028498098
2460547.4530739565	0.99988526	0.00028492085
2460547.454462837	0.9998557	0.0002849312
2460547.455851718	0.9996303	0.0002848856
2460547.4572405983	0.99983656	0.00028492772
2460547.4586294787	1.0003451	0.0002849797
2460547.460018359	0.99975896	0.0002848958
2460547.4614072395	0.99946856	0.00028489114
2460547.4627961204	0.9995518	0.00028487414
2460547.464185001	1.0004985	0.00028500197
2460547.4655738813	0.99968445	0.00028485496
2460547.4669627617	1.0002154	0.00028494583
2460547.468351642	0.9999606	0.00028492734
2460547.4697405226	0.99937576	0.0002848394
2460547.471129403	0.9998703	0.00028494507
2460547.472518284	0.9996115	0.0002848682
2460547.473907164	1.0003166	0.00028499687
2460547.4752960447	0.99951357	0.00028488954
2460547.4766849247	0.99980736	0.00028491448
2460547.4780738056	0.9994918	0.00028484248
2460547.479462686	0.9999086	0.00028487598
2460547.4808515664	0.99955064	0.0002848711
2460547.482240447	0.99997556	0.00028491774
2460547.4836293273	0.99965876	0.00028483217
2460547.4850182077	0.9992915	0.00028485514
2460547.486407088	1.0000083	0.00028491716
2460547.4877959685	1.0000901	0.00028492973
2460547.489184849	0.9994023	0.00028483558
2460547.4905737294	0.99983245	0.0002849038
2460547.49196261	0.9992194	0.0002848344
2460547.4933514902	0.9999075	0.00028492772
2460547.4947403707	1.0002285	0.00028495447
2460547.496129251	0.9997838	0.0002849235
2460547.4975181315	1.0000559	0.00028496562
2460547.498907012	0.99997735	0.0002849501
2460547.5002958924	0.99941146	0.00028483878
2460547.501684773	0.99979615	0.00028490825
2460547.503073653	0.99981636	0.00028484652
2460547.5044625336	0.9999483	0.00028490543
2460547.505851414	0.9999102	0.0002848853
2460547.5072402945	1.0000415	0.00028492569
2460547.508629175	1.0001636	0.00028492443
2460547.5100180553	1.0006613	0.0002849848
2460547.5114069358	1.0003053	0.000284947
2460547.512795816	1.0006069	0.00028495633
2460547.5141846966	0.99986994	0.00028486634
2460547.515573577	0.9997613	0.00028486553
2460547.516962457	1.0002207	0.0002849548
2460547.518351338	1.0007614	0.00028501672
2460547.519740218	0.99955225	0.00028484827
2460547.5211290983	1.000848	0.0002850202
2460547.5225179787	1.0006762	0.0002849923
2460547.523906859	1.0001754	0.000284925
2460547.5252957395	1.0006846	0.00028500514
2460547.52668462	1.0006236	0.00028499658
2460547.5280735004	0.9998148	0.0002849052
2460547.5294623803	1.0007198	0.00028501966
2460547.5308512608	1.0003169	0.00028498695
2460547.532240141	1.0002816	0.0002849552
2460547.5336290216	1.0004827	0.00028499524
2460547.535017902	1.0004094	0.00028496867
2460547.536406782	0.9996823	0.00028489588
2460547.537795663	1.0005292	0.00028499294
2460547.539184543	1.000149	0.00028490231
2460547.5405734233	0.9999592	0.00028493372
2460547.5419623037	1.0002514	0.00028497435
2460547.543351184	0.9999812	0.00028492368
2460547.5447400645	1.000246	0.00028493282
2460547.5461289445	1.0006413	0.00028497516
2460547.547517825	1.0003791	0.0002849831
2460547.5489067053	1.0005612	0.0002850012
2460547.5502955853	1.0003735	0.00028496154
2460547.5516844657	1.0002501	0.00028496434
2460547.553073346	1.0005972	0.00028496268
2460547.5544622266	1.0006042	0.00028498893
2460547.5558511065	1.000193	0.00028491303
2460547.557239987	1.0000476	0.00028491815
2460547.5586288674	1.0005265	0.00028498485
2460547.560017748	1.0002745	0.0002849559
2460547.561406628	1.0003308	0.0002849666
2460547.562795508	1.0000203	0.00028492408
2460547.5641843886	1.0003668	0.00028498453
2460547.5655732686	0.99975944	0.0002848691
2460547.566962149	0.9997461	0.00028485787
2460547.5683510294	1.0002654	0.00028494064
2460547.5697399094	1.0004567	0.00028494862
2460547.57112879	1.0008006	0.00028503776
2460547.57251767	1.0003519	0.00028493046
2460547.5739065506	1.000129	0.00028491535
2460547.5752954306	1.000556	0.00028500272
2460547.576684311	1.0005587	0.0002850041
2460547.5780731915	1.0001779	0.00028492155
2460547.5794620714	1.0004992	0.00028492222
2460547.580850952	1.000375	0.0002849485
2460547.582239832	1.0000657	0.00028491582
2460547.583628712	1.0000277	0.00028492554
2460547.5850175926	1.0004462	0.00028496882
2460547.5864064726	1.000697	0.00028499696
2460547.587795353	1.0006467	0.00028497408
2460547.589184233	1.000367	0.00028496663
2460547.5905731134	1.0006834	0.0002849331
2460547.5919619934	1.0001268	0.00028492705
2460547.593350874	0.9999397	0.00028490304
2460547.594739754	0.9997472	0.00028490834
2460547.596128634	1.0006493	0.00028499105
2460547.5975175146	1.0000713	0.0002849007
2460547.5989063946	0.9999893	0.00028492845
2460547.600295275	1.000158	0.0002849396
2460547.6016841554	1.0000232	0.00028492877
2460547.6030730354	1.0005538	0.00028497647
2460547.604461916	0.9998397	0.0002848749
2460547.6058507957	1.0003515	0.0002849638
2460547.607239676	0.9997635	0.00028488334
2460547.608628556	0.99967253	0.00028483564
2460547.610017436	1.0000066	0.00028491043
2460547.6114063165	1.000263	0.0002849475
2460547.6127951965	1.0006307	0.00028498558
2460547.614184077	1.00005	0.00028492746
2460547.615572957	0.999742	0.0002848881
2460547.6169618373	0.9996876	0.00028489993
2460547.6183507177	1.0003451	0.00028497213
2460547.6197395977	0.99994916	0.00028491564
2460547.6211284776	1.0011992	0.00028505726
2460547.622517358	1.0002699	0.0002849505
2460547.623906238	1.0003154	0.00028497272
2460547.625295118	1.0000979	0.00028493316
2460547.6266839984	1.0000242	0.00028491902
2460547.628072879	1.0002375	0.00028490988
2460547.629461759	1.000416	0.0002849896
2460547.6308506387	1.0003921	0.00028499818
2460547.632239519	1.0002291	0.0002849524
2460547.633628399	1.0003371	0.0002849577
2460547.635017279	1.0006715	0.000285002
2460547.6364061595	1.0004301	0.00028496585
2460547.6377950395	1.0000409	0.0002849007
2460547.6391839194	1.0009843	0.0002850343
2460547.6405728	0.9997626	0.0002848731
2460547.64196168	1.0007008	0.00028498835
2460547.64335056	1.0004481	0.00028498878
2460547.64473944	0.9999908	0.0002848914
2460547.64612832	1.0006169	0.0002849902
2460547.6475172006	1.0012454	0.00028505296
2460547.6489060805	1.0002332	0.00028494126
2460547.6502949605	0.99983424	0.00028490333
2460547.651683841	1.0000317	0.00028492662
2460547.653072721	0.99987304	0.00028491154
2460547.6544616013	0.9999326	0.00028490988
2460547.6558504812	1.0006522	0.00028494044
2460547.657239361	1.0005404	0.0002850194
2460547.658628241	1.000446	0.00028496655
2460547.6600171216	0.9999502	0.00028493066
2460547.6614060015	1.0002395	0.00028497013
2460547.6627948815	1.0003042	0.00028494935
2460547.664183762	1.0007933	0.0002850281
2460547.665572642	1.0004699	0.0002849558
2460547.666961522	1.0001239	0.0002849573
2460547.668350402	1.0003211	0.00028493055
2460547.6697392818	1.0002258	0.00028496044
2460547.671128162	1.00001	0.00028492467
2460547.672517042	1.0003392	0.0002849762
2460547.673905922	1.0005567	0.0002849752
2460547.675294802	1.0001527	0.00028494975
2460547.6766836825	1.0002328	0.0002849699
2460547.6780725624	1.000243	0.00028495106
2460547.6794614424	1.0006243	0.00028497417
2460547.6808503224	0.9997184	0.00028485132
2460547.6822392023	1.0009475	0.00028502688
2460547.6836280827	1.0008334	0.00028503285
2460547.6850169627	1.0004505	0.00028493337
2460547.6864058427	1.0001788	0.00028492935
2460547.6877947226	0.99960786	0.00028484158
2460547.6891836026	1.0005157	0.0002849997
2460547.690572483	1.0005199	0.00028499853
2460547.6919613625	1.0000833	0.000284955
2460547.693350243	1.0007577	0.0002850062
2460547.694739123	1.000452	0.0002849939
2460547.696128003	1.00041	0.00028495357
2460547.697516883	0.99993795	0.00028491282
2460547.6989057628	1.0000706	0.00028494175
2460547.700294643	1.0003692	0.00028494868
2460547.7016835227	1.0003889	0.00028493046
2460547.703072403	1.0005603	0.0002849703
2460547.704461283	1.0000542	0.00028489495
2460547.705850163	1.0005221	0.0002849881
2460547.707239043	1.0000418	0.0002849152
2460547.708627923	1.0003824	0.00028497874
2460547.710016803	1.0004002	0.00028497176
2460547.711405683	1.0003834	0.00028499844
2460547.712794563	0.9997848	0.0002848909
2460547.714183443	1.0004593	0.0002849701
2460547.7155723227	1.0003378	0.00028495057
2460547.716961203	1.0002189	0.0002849648
2460547.7183500826	1.0002881	0.00028496477
2460547.719738963	1.0006394	0.00028497158
2460547.7211278426	1.0002986	0.00028494504
2460547.722516723	1.0005344	0.00028501396
2460547.723905603	1.0003045	0.00028498584
2460547.725294483	1.0002874	0.00028495857
2460547.726683363	1.0008894	0.00028500898
2460547.7280722423	1.0003804	0.00028498375
2460547.729461123	1.0003278	0.00028494856
2460547.7308500027	1.0002446	0.0002849118
2460547.7322388827	1.0008289	0.00028508695
2460547.7336277626	1.0001135	0.000284909
2460547.735016642	0.9997755	0.00028487394
2460547.7364055226	1.0003248	0.000284975
2460547.737794402	0.999948	0.00028492764
2460547.7391832825	1.0003589	0.00028497184
2460547.7405721624	1.0001166	0.00028494475
2460547.741961042	0.9998755	0.00028489812
2460547.743349922	1.0009409	0.00028505776
2460547.744738802	1.000494	0.00028493267
2460547.746127682	1.0005537	0.00028496957
2460547.7475165618	1.0003102	0.0002849459
2460547.7489054417	1.0000546	0.00028491547
2460547.7502943217	0.9999888	0.00028494227
2460547.7516832016	0.9996324	0.00028488712
2460547.7530720816	1.0001864	0.00028497257
2460547.7544609616	0.9999446	0.0002849072
2460547.7558498415	1.0005238	0.0002849536
2460547.7572387215	1.0003272	0.0002849442
2460547.758627601	1.0002387	0.00028493349
2460547.760016481	1.0002491	0.0002849284
2460547.761405361	1.0004504	0.00028496087
2460547.762794241	0.9999057	0.00028488287
2460547.764183121	1.0006673	0.00028500668
2460547.7655720008	1.0003284	0.0002849482
2460547.7669608807	1.000196	0.00028490383
2460547.76834976	1.0005672	0.00028499245
2460547.76973864	1.0008744	0.0002850062
2460547.77112752	1.0005285	0.00028496145
2460547.7725164	1.0005419	0.00028498546
2460547.77390528	1.0001477	0.00028492312
2460547.77529416	1.0001291	0.00028491838
2460547.77668304	1.000306	0.00028497234
2460547.7780719195	1.0000048	0.00028489679
2460547.7794607994	1.0005939	0.00028498436
2460547.7808496794	1.000472	0.00028499833
2460547.7822385593	1.0002502	0.00028493835
2460547.7836274393	1.00047	0.00028498058
2460547.785016319	0.99990076	0.00028488482
2460547.7864051987	1.0008106	0.00028500857
2460547.7877940787	1.0007842	0.00028500063
2460547.7891829587	1.0000935	0.0002849162
2460547.790571838	1.000438	0.00028496538
2460547.791960718	1.000245	0.00028494478
2460547.793349598	1.000605	0.00028501375
2460547.7947384776	1.0007008	0.00028498058
2460547.7961273575	0.9997517	0.0002849333
2460547.7975162375	0.9994135	0.00028483567
2460547.7989051174	1.0001202	0.00028493334
2460547.8002939974	1.0001704	0.0002849523
2460547.801682877	0.9999229	0.0002849221
2460547.803071757	1.0000626	0.00028490645
2460547.8044606363	0.99987406	0.00028489908
2460547.8058495163	1.0003908	0.0002849325
2460547.8072383963	1.000193	0.00028495528
2460547.808627276	1.0001069	0.00028492732
2460547.8100161557	0.9998955	0.00028488247
2460547.8114050357	1.0000093	0.00028489772
2460547.8127939156	0.9997729	0.00028488206
2460547.814182795	1.0002238	0.00028495246
2460547.815571675	1.0005885	0.0002849549
2460547.816960555	1.000506	0.00028497874
2460547.8183494345	0.9994827	0.00028484242
2460547.8197383145	1.0003531	0.00028497216
2460547.821127194	0.9998405	0.00028489067
2460547.822516074	0.9995979	0.0002848665
2460547.823904954	1.0006964	0.00028499353
2460547.8252938334	0.99995494	0.0002848866
2460547.8266827133	1.0001234	0.00028492196
2460547.8280715933	1.0001103	0.0002849671
2460547.829460473	0.99960744	0.00028485648
2460547.8308493528	0.999764	0.00028487865
2460547.8322382327	0.99993217	0.00028490942
2460547.833627112	1.000164	0.00028493605
2460547.835015992	0.99960977	0.0002849164
2460547.8364048717	1.0001569	0.00028491262
2460547.8377937516	0.99988365	0.00028490988
2460547.839182631	1.0002556	0.00028493622
2460547.840571511	0.99996495	0.00028490683
2460547.841960391	1.000081	0.00028492187
2460547.8433492705	1.000122	0.00028490284
2460547.8447381505	1.0000936	0.0002849061
2460547.84612703	1.0002533	0.00028497612
2460547.84751591	1.000195	0.00028490784
2460547.8489047894	0.9999266	0.00028490747
2460547.850293669	0.99950325	0.00028483357
2460547.851682549	0.99961764	0.00028486789
2460547.853071429	1.0002859	0.00028492464
2460547.8544603083	1.0007709	0.00028501241
2460547.8558491883	0.99995595	0.00028495715
2460547.857238068	0.9997908	0.00028492455
2460547.8586269477	1.0002073	0.0002849384
2460547.860015827	1.000009	0.00028489064
2460547.861404707	0.99983436	0.0002848944
2460547.8627935867	0.99977773	0.0002848574
2460547.8641824666	0.999753	0.0002848559
2460547.865571346	1.0004617	0.00028495773
2460547.8669602256	0.9997286	0.00028492897
2460547.8683491056	0.9993429	0.00028485735
2460547.8697379855	0.9995368	0.00028485546
2460547.871126865	0.99984473	0.00028493113
2460547.872515745	0.9999147	0.00028492196
2460547.8739046245	0.9998489	0.0002848944
2460547.875293504	0.99992824	0.0002848815
2460547.8766823835	0.9994266	0.00028483532
2460547.8780712634	1.0000081	0.0002849325
2460547.8794601434	0.99972355	0.00028487333
2460547.880849023	1.0000572	0.00028493218
2460547.8822379024	0.99951565	0.00028484405
2460547.8836267823	1.0001148	0.00028491905
2460547.885015662	0.99988925	0.0002849004
2460547.886404542	1.0001266	0.00028492004
2460547.8877934213	1.0000353	0.00028492758
2460547.889182301	1.0001462	0.00028496448
2460547.8905711807	0.999953	0.0002848994
2460547.89196006	0.9995114	0.00028485412
2460547.8933489397	0.99988174	0.00028488823
2460547.8947378197	0.9998684	0.00028488302
2460547.896126699	1.0000575	0.00028489923
2460547.8975155787	0.9990711	0.0002847698
2460547.8989044586	1.0000329	0.0002849234
2460547.900293338	0.9999455	0.00028487507
2460547.9016822176	1.0004022	0.00028496364
2460547.9030710976	0.9999849	0.0002849316
2460547.904459977	0.9998989	0.00028491713
2460547.905848857	0.9992374	0.00028480843
2460547.9072377365	1.0000818	0.00028490947
2460547.908626616	1.0001528	0.0002849486
2460547.9100154955	0.9998402	0.00028487568
2460547.9114043755	0.99981564	0.00028487435
2460547.912793255	1.0001283	0.0002849393
2460547.9141821344	0.9999438	0.00028489955
2460547.9155710144	0.9998199	0.00028488896
2460547.916959894	1.0002881	0.00028496835
2460547.9183487734	0.99944055	0.00028482595
2460547.919737653	0.9997352	0.00028487615
2460547.921126533	0.99910766	0.00028481695
2460547.9225154123	1.0000454	0.0002848991
2460547.923904292	0.99985284	0.00028485068
2460547.9252931713	0.9998505	0.00028489827
2460547.926682051	0.9998371	0.00028482967
2460547.9280709308	0.9999311	0.00028488986
2460547.9294598103	0.9999201	0.0002848837
2460547.9308486897	0.99969053	0.00028487237
2460547.9322375697	0.99983776	0.0002848768
2460547.9336264487	0.9992069	0.0002848686
2460547.9350153287	0.99945706	0.0002848419
2460547.936404208	1.0005332	0.00028495814
2460547.9377930877	1.0000136	0.000284902
2460547.9391819676	1.000305	0.00028491847
2460547.940570847	0.999845	0.0002848719
2460547.9419597266	1.0001458	0.00028491643
2460547.943348606	0.99946606	0.00028483238
2460547.9447374856	0.999951	0.00028492053
2460547.9461263656	1.0005802	0.00028497062
2460547.9475152446	1.0000647	0.00028490237
2460547.9489041246	0.99942684	0.0002848245
2460547.950293004	1.0004485	0.00028494044
2460547.9516818835	0.9994357	0.0002848229
2460547.953070763	0.9995999	0.00028484946
2460547.9544596425	0.99986565	0.0002849119
2460547.9558485225	0.9998676	0.00028489548
2460547.9572374015	0.9997481	0.00028484702
2460547.9586262815	0.9996989	0.00028488509
2460547.9600151605	0.99973124	0.00028488203
2460547.9614040405	0.9997465	0.00028487435
2460547.96279292	0.9994356	0.00028480886
2460547.9641817994	1.0000756	0.00028489964
2460547.965570679	0.9999512	0.000284901
2460547.9669595584	1.0000316	0.00028487775
2460547.968348438	1.0000336	0.00028490578
2460547.9697373174	1.000556	0.00028497103
2460547.971126197	1.000138	0.00028493718
2460547.972515077	0.99997747	0.0002849076
2460547.973903956	1.0002148	0.00028494472
2460547.975292836	0.99963015	0.00028487327
2460547.976681715	0.99990094	0.00028489385
2460547.978070595	0.99990773	0.00028487708
2460547.979459474	0.99966073	0.0002848933
2460547.980848354	1.0001864	0.00028493995
2460547.9822372333	1.0000303	0.00028489815
2460547.983626113	0.9999717	0.00028487842
2460547.9850149923	1.0000854	0.00028493186
2460547.986403872	0.99968314	0.00028485054
2460547.9877927513	0.999847	0.00028486177
2460547.989181631	0.99971586	0.00028485604
2460547.9905705103	1.000262	0.0002849284
2460547.9919593898	0.99986607	0.00028489882
2460547.9933482693	0.9999683	0.00028490546
2460547.9947371488	1.0000932	0.0002849068
2460547.9961260282	0.999962	0.00028489772
2460547.9975149077	0.99983495	0.00028489387
2460547.998903787	0.9998287	0.0002848711
2460548.0002926667	1.0001003	0.0002849251
2460548.001681546	1.0003419	0.00028490424
2460548.0030704252	1.0004784	0.00028499408
2460548.004459305	1.0004926	0.00028496096
2460548.005848184	1.0002998	0.00028497385
2460548.0072370637	0.99981797	0.00028488477
2460548.0086259437	0.99969256	0.00028488316
2460548.0100148227	1.0000697	0.00028489347
2460548.011403702	1.000159	0.00028496882
2460548.0127925817	0.99954003	0.00028482047
2460548.014181461	0.999706	0.0002848549
2460548.0155703407	1.000109	0.00028491043
2460548.01695922	0.9997338	0.0002848367
2460548.0183480997	1.0002075	0.00028495683
2460548.019736979	0.9992209	0.0002848084
2460548.0211258586	0.9996142	0.00028485237
2460548.0225147377	0.9999714	0.0002849032
2460548.023903617	0.99991155	0.00028486
2460548.0252924967	1.000146	0.00028492423
2460548.026681376	0.9999563	0.0002848773
2460548.0280702556	1.0003529	0.00028494353
2460548.029459135	1.0000894	0.00028493127
2460548.0308480146	1.000012	0.0002849232
2460548.0322368937	0.9999533	0.0002849103
2460548.033625773	1.000668	0.00028500616
2460548.0350146526	0.99995166	0.00028492714
2460548.036403532	0.9997029	0.0002848311
2460548.0377924116	1.0001843	0.00028491148
2460548.039181291	1.0003113	0.00028492624
2460548.0405701706	0.99960166	0.00028482682
2460548.04195905	1.0000712	0.00028487566
2460548.043347929	0.99998665	0.00028488287
2460548.0447368086	0.99981797	0.00028487062
2460548.046125688	1.0000488	0.00028490904
2460548.0475145676	1.000193	0.0002849376
2460548.0489034466	0.99961126	0.00028485936
2460548.050292326	0.99979746	0.00028489897
2460548.0516812056	0.9999901	0.00028486515
2460548.053070085	1.0000758	0.00028490394
2460548.0544589646	1.0004797	0.00028496125
2460548.0558478436	1.0001086	0.00028491172
2460548.057236723	0.9998611	0.0002848846
2460548.0586256026	0.99987316	0.00028486998
2460548.0600144817	0.9999983	0.00028490127
2460548.061403361	0.9999439	0.000284925
2460548.0627922406	0.99989355	0.00028489108
2460548.06418112	0.99992156	0.000284888
2460548.065569999	0.9999627	0.00028489597
2460548.0669588787	0.9998794	0.0002848566
2460548.068347758	0.99991703	0.00028490816
2460548.0697366376	1.0000054	0.00028486026
2460548.071125517	1.0003803	0.00028497196
2460548.072514396	1.0000643	0.0002848999
2460548.0739032757	1.0001208	0.00028491643
2460548.0752921547	0.9998845	0.00028485362
2460548.076681034	0.99961644	0.0002848866
2460548.0780699137	0.99999416	0.0002849197
2460548.0794587927	0.9996619	0.000284837
2460548.080847672	1.0003505	0.00028493514
2460548.0822365517	1.0003971	0.0002849685
2460548.083625431	0.99992025	0.0002849042
2460548.08501431	1.0004953	0.00028496113
2460548.0864031897	1.0010338	0.00028505255
2460548.087792069	0.99960715	0.00028480525
2460548.089180948	1.0007795	0.00028496602
2460548.0905698277	1.0001386	0.00028496064
2460548.0919587067	1.0004009	0.00028494906
2460548.093347586	1.000611	0.00028495165
2460548.0947364657	0.99917555	0.0002847661
2460548.0961253447	0.9996205	0.0002848553
2460548.0975142242	0.99951273	0.00028483238
2460548.0989031033	0.99927634	0.0002848198
2460548.1002919828	0.9981162	0.00028464862
2460548.1016808623	0.99659115	0.0002844334
2460548.1030697413	0.9965787	0.00028445476
2460548.104458621	0.99596846	0.00028432667
2460548.1058475	0.994887	0.0002842242
2460548.1072363793	0.9946173	0.00028416942
2460548.108625259	0.99407417	0.0002840828
2460548.110014138	0.9935131	0.00028402815
2460548.1114030173	0.9938905	0.0002840608
2460548.1127918963	0.99327517	0.00028401607
2460548.114180776	0.9938012	0.00028402655
2460548.115569655	0.99376935	0.00028404087
2460548.1169585343	0.99366695	0.0002840542
2460548.1183474134	0.99333197	0.00028398444
2460548.119736293	0.9939293	0.0002840715
2460548.1211251724	0.9933792	0.0002840043
2460548.1225140514	0.9927219	0.00028392684
2460548.123902931	0.9933992	0.0002840092
2460548.12529181	0.99279743	0.00028396002
2460548.1266806894	0.99312335	0.000283986
2460548.128069569	0.9931095	0.00028397227
2460548.129458448	0.99325454	0.00028397792
2460548.1308473274	0.9925447	0.0002839096
2460548.1322362064	0.9926175	0.00028388583
2460548.1336250855	0.99318	0.0002839718
2460548.135013965	0.99252737	0.000283887
2460548.136402844	0.99278	0.0002839294
2460548.1377917235	0.99264765	0.00028385723
2460548.1391806025	0.99343276	0.00028399617
2460548.140569482	0.9935976	0.00028405944
2460548.141958361	0.9931329	0.0002839658
2460548.1433472405	0.99274963	0.00028393368
2460548.1447361195	0.99308306	0.00028393348
2460548.146124999	0.9923308	0.00028384637
2460548.147513878	0.99314064	0.00028398295
2460548.148902757	0.99272	0.00028394302
2460548.1502916366	0.9929519	0.0002839286
2460548.1516805156	0.99303585	0.00028396735
2460548.153069395	0.9927058	0.00028388607
2460548.154458274	0.99320555	0.00028395362
2460548.1558471536	0.9927773	0.00028389285
2460548.1572360327	0.9927305	0.0002839166
2460548.1586249117	0.9929343	0.00028391994
2460548.160013791	0.9924437	0.00028388822
2460548.16140267	0.99296045	0.00028395726
2460548.1627915497	0.9924353	0.00028386925
2460548.1641804287	0.99209094	0.0002838261
2460548.1655693077	0.9928081	0.0002839074
2460548.1669581872	0.9931066	0.00028398688
2460548.1683470663	0.99267745	0.0002839287
2460548.1697359458	0.99318767	0.00028397862
2460548.171124825	0.992888	0.00028395938
2460548.172513704	0.993676	0.00028405339
2460548.1739025833	0.99317706	0.00028396875
2460548.1752914623	0.99237907	0.00028383144
2460548.1766803414	0.9921825	0.00028385816
2460548.1780692204	0.9928493	0.0002839543
2460548.1794581	0.99272364	0.00028392265
2460548.1808469794	0.99315804	0.00028394716
2460548.1822358584	0.9923802	0.00028385187
2460548.1836247374	0.9932083	0.00028395955
2460548.1850136165	0.99309194	0.0002839591
2460548.186402496	0.992993	0.00028391668
2460548.187791375	0.99292266	0.00028398013
2460548.189180254	0.9929573	0.00028394748
2460548.1905691335	0.9927003	0.00028393042
2460548.1919580125	0.99295	0.00028394576
2460548.1933468916	0.99300724	0.0002839563
2460548.1947357706	0.99330974	0.00028398383
2460548.19612465	0.9930731	0.00028396744
2460548.197513529	0.9929947	0.0002839631
2460548.198902408	0.9931377	0.00028397582
2460548.2002912876	0.9930247	0.00028392542
2460548.2016801666	0.99255645	0.00028390178
2460548.2030690457	0.99357367	0.00028401954
2460548.2044579247	0.993438	0.00028404305
2460548.205846804	0.99371517	0.00028404396
2460548.207235683	0.9930924	0.00028396412
2460548.2086245622	0.99299085	0.00028396846
2460548.2100134413	0.99310124	0.0002839453
2460548.2114023203	0.9939148	0.00028408316
2460548.2127912	0.9933295	0.00028397766
2460548.214180079	0.99349964	0.00028404625
2460548.215568958	0.9937743	0.00028403295
2460548.2169578373	0.9938613	0.00028405164
2460548.218346716	0.99377245	0.00028402574
2460548.2197355954	0.9941165	0.0002841096
2460548.2211244744	0.99382377	0.00028402475
2460548.2225133535	0.9930459	0.0002839768
2460548.223902233	0.9933565	0.00028398534
2460548.2252911115	0.9936147	0.0002840112
2460548.226679991	0.9931827	0.00028397818
2460548.22806887	0.99385595	0.00028407865
2460548.229457749	0.9938987	0.00028408284
2460548.230846628	0.99370444	0.0002840362
2460548.232235507	0.9936641	0.00028403633
2460548.2336243866	0.99420583	0.00028408354
2460548.2350132656	0.9939536	0.00028408208
2460548.2364021447	0.9939293	0.00028406712
2460548.2377910237	0.99404734	0.0002841311
2460548.2391799027	0.9943903	0.00028410924
2460548.2405687817	0.9946354	0.0002841979
2460548.2419576608	0.9949332	0.00028419748
2460548.2433465403	0.9957863	0.0002843214
2460548.244735419	0.9961001	0.00028440863
2460548.2461242983	0.99722314	0.0002845168
2460548.2475131773	0.9982962	0.0002846991
2460548.2489020564	0.9985293	0.00028469224
2460548.2502909354	0.99886817	0.0002847411
2460548.2516798144	0.9998796	0.00028488648
2460548.2530686934	0.9998774	0.0002848502
2460548.2544575725	0.999605	0.0002848574
2460548.2558464515	0.9999958	0.0002848656
2460548.257235331	0.9999726	0.00028491343
2460548.2586242096	0.99963987	0.0002848687
2460548.260013089	1.0000929	0.00028490834
2460548.261401968	0.9993605	0.00028483453
2460548.262790847	0.99985445	0.00028484545
2460548.264179726	0.99969524	0.00028484626
2460548.265568605	1.0002043	0.0002848914
2460548.266957484	0.999595	0.000284855
2460548.268346363	0.99980927	0.00028482717
2460548.2697352422	0.9992223	0.00028483837
2460548.2711241213	0.999478	0.00028484414
2460548.2725130003	1.000463	0.0002850225
2460548.2739018793	1.0000855	0.0002848514
2460548.2752907583	1.0002898	0.00028493383
2460548.2766796374	1.0002435	0.00028489763
2460548.2780685164	1.0005941	0.00028503803
2460548.2794573954	0.99964345	0.0002848469
2460548.2808462745	0.9998972	0.00028486963
2460548.2822351535	0.9997032	0.00028484492
2460548.2836240325	0.9999443	0.00028486195
2460548.2850129115	1.0000609	0.000284909
2460548.2864017906	1.0001969	0.00028494178
2460548.2877906696	0.9997273	0.00028486416
2460548.2891795486	0.9995088	0.00028483607
2460548.2905684276	0.99941367	0.0002848684
2460548.2919573067	0.9998959	0.00028484123
2460548.2933461857	0.99995905	0.00028491984
2460548.2947350647	1.0002085	0.00028492365
2460548.2961239438	1.0001272	0.00028493037
2460548.2975128223	0.999848	0.0002848861
2460548.298901702	0.9998196	0.00028486588
2460548.300290581	1.0002679	0.00028493078
2460548.3016794594	1.0003272	0.00028492647
2460548.303068339	0.9999261	0.00028486256
2460548.3044572175	1.0000806	0.0002849154
2460548.3058460965	1.0001907	0.0002849299
2460548.3072349755	0.9994827	0.00028481768
2460548.3086238545	0.9994378	0.00028481914
2460548.3100127336	1.0005231	0.00028492522
2460548.3114016126	0.9995192	0.00028483904
2460548.3127904916	1.0001587	0.00028491838
2460548.31417937	1.0001997	0.00028489827
2460548.3155682497	0.99997693	0.00028493127
2460548.3169571282	0.9999903	0.00028484355
2460548.3183460073	1.000175	0.00028490147
2460548.3197348863	1.000018	0.00028486585
2460548.3211237653	1.0004252	0.0002849574
2460548.3225126443	1.0003359	0.00028493296
2460548.323901523	0.99996936	0.0002848945
2460548.3252904024	0.9999882	0.00028488805
2460548.3266792814	1.000269	0.00028490144
2460548.32806816	0.9999916	0.00028492423
2460548.329457039	0.9995909	0.00028483156
2460548.330845918	1.0002661	0.0002849434
2460548.332234797	1.0000559	0.00028486046
2460548.3336236756	0.9993615	0.0002848169
2460548.3350125547	0.9995466	0.000284819
2460548.3364014337	0.9998344	0.00028489798
2460548.3377903127	1.0006424	0.0002849878
2460548.3391791917	1.0002311	0.00028492726
2460548.3405680703	1.0002277	0.00028491
2460548.3419569493	1.0005163	0.00028495255
2460548.3433458284	0.9998607	0.00028487595
2460548.3447347074	0.99976844	0.00028484288
2460548.3461235864	1.0002846	0.00028492845
2460548.347512465	1.000751	0.00028502
2460548.348901344	0.99969596	0.0002848545
2460548.350290223	1.0001849	0.00028489373
2460548.351679102	0.9998973	0.00028489486
2460548.353067981	1.0004859	0.0002849424
2460548.3544568596	0.99968314	0.0002848513
2460548.3558457387	1.0005897	0.00028498846
2460548.3572346177	1.0002549	0.00028493613
2460548.3586234967	1.0002756	0.00028493893
2460548.3600123753	1.0000764	0.00028494786
2460548.3614012543	0.9997902	0.00028487298
2460548.3627901333	1.0000757	0.0002848929
2460548.364179012	1.0005059	0.00028493637
2460548.365567891	1.0001205	0.00028491855
2460548.36695677	1.0002139	0.00028487865
2460548.368345649	0.99982566	0.0002848647
2460548.369734528	1.000151	0.00028493212
2460548.3711234066	1.0001992	0.00028494996
2460548.3725122856	1.000148	0.00028489772
2460548.373901164	0.99990994	0.00028488284
2460548.375290043	0.9999048	0.00028486256
2460548.376678922	1.000772	0.00028500188
2460548.3780678012	1.0001618	0.00028491754
2460548.37945668	1.0002931	0.00028493928
2460548.380845559	1.0003823	0.00028493907
2460548.382234438	0.99965626	0.00028490968
2460548.3836233164	0.99977833	0.00028483887
2460548.3850121954	0.99999636	0.00028489003
2460548.386401074	1.0005931	0.0002849688
2460548.387789953	1.0001085	0.00028491288
2460548.389178832	1.0005949	0.00028495796
2460548.3905677106	1.0001447	0.00028492342
2460548.3919565897	1.0004771	0.000284972
2460548.3933454687	1.000003	0.00028493768
2460548.3947343472	1.0005984	0.00028493852
2460548.3961232263	1.0004257	0.0002849536
2460548.3975121053	1.0004301	0.00028490758
2460548.398900984	1.0004017	0.00028494655
2460548.400289863	1.0003085	0.00028496402
2460548.401678742	1.0002289	0.00028491823
2460548.4030676205	1.0004889	0.00028499946
2460548.4044564995	0.9997901	0.00028485822
2460548.405845378	1.0005335	0.00028494062
2460548.407234257	1.0001913	0.00028494548
2460548.408623136	1.0001034	0.00028487755
2460548.4100120147	0.9996776	0.00028485284
2460548.4114008937	1.0006427	0.00028497123
2460548.4127897723	1.0001276	0.00028489064
2460548.4141786513	0.99976695	0.00028483552
2460548.41556753	1.0000069	0.0002849022
2460548.416956409	0.99995553	0.00028489897
2460548.4183452874	1.0003037	0.00028491707
2460548.4197341665	1.0001591	0.00028489245
2460548.421123045	1.0004957	0.00028494565
2460548.422511924	1.0002735	0.00028492388
2460548.4239008026	1.0004004	0.00028495636
2460548.4252896816	1.0003088	0.0002849358
2460548.42667856	1.000424	0.00028494248
2460548.4280674392	0.99958044	0.00028480915
2460548.429456318	1.0000014	0.00028488552
2460548.430845197	1.0001353	0.00028489533
2460548.432234076	1.0014664	0.00028506905
2460548.4336229544	1.0004326	0.00028496803
2460548.4350118334	1.0005546	0.00028495493
2460548.436400712	1.0003028	0.0002849359
2460548.437789591	1.0001769	0.00028488183
2460548.4391784696	1.0000463	0.0002848815
2460548.4405673486	1.0005382	0.00028498037
2460548.441956227	0.9998845	0.0002848861
2460548.4433451057	1.000484	0.00028495365
2460548.444733985	0.9998764	0.0002848823
2460548.4461228633	1.0003507	0.00028493785
2460548.4475117424	1.0001193	0.00028491748
2460548.4489006214	0.99988157	0.00028490525
2460548.4502895	1.0005012	0.00028494475
2460548.4516783785	1.0002687	0.00028491693
2460548.4530672575	0.99991196	0.00028494227
2460548.454456136	1.0003786	0.00028491556
2460548.455845015	0.99977297	0.00028483578
2460548.4572338937	0.9998704	0.0002849001
2460548.4586227727	0.9999441	0.00028488514
2460548.4600116513	1.0004104	0.00028495936
2460548.46140053	0.9998653	0.00028486233
2460548.462789409	0.99982405	0.00028486017
2460548.4641782874	1.0004721	0.00028497833
2460548.4655671665	1.0003948	0.0002849392
2460548.466956045	1.0006998	0.000285029
2460548.4683449236	0.9996833	0.00028486107
2460548.4697338026	0.9998065	0.00028487755
2460548.471122681	1.0001872	0.00028490787
2460548.4725115597	0.9995075	0.00028483782
2460548.4739004388	0.99994594	0.0002848585
2460548.4752893173	1.0002298	0.000284908
2460548.4766781963	0.99996763	0.0002848637
2460548.478067075	1.0005876	0.00028494812
2460548.4794559535	1.0007353	0.00028498375
2460548.4808448325	1.0002279	0.00028491023
2460548.482233711	0.99995136	0.0002848752
2460548.4836225896	1.0004481	0.00028494466
2460548.4850114686	0.9999706	0.00028486302
2460548.486400347	1.0002052	0.0002849093
2460548.4877892258	1.0001204	0.00028489134
2460548.489178105	0.99973327	0.0002848668
2460548.4905669834	1.0000229	0.0002849064
2460548.4919558624	1.0002536	0.00028493584
2460548.493344741	1.000181	0.00028489862
2460548.4947336195	1.0001332	0.00028491984
2460548.496122498	1.0004205	0.00028495732
2460548.497511377	1.000131	0.00028489137
2460548.4989002557	1.0001689	0.00028490793
2460548.500289134	0.9997042	0.00028486905
2460548.5016780132	1.0001484	0.0002849118
2460548.503066892	1.000265	0.0002849186
2460548.5044557704	0.9999772	0.0002848859
2460548.505844649	1.0001209	0.00028489012
2460548.507233528	1.0008345	0.00028497435
2460548.5086224065	1.0002939	0.00028494495
2460548.510011285	1.0006522	0.00028499775
2460548.511400164	1.000892	0.00028498942
2460548.5127890427	1.0000601	0.00028490968
2460548.514177921	1.0002819	0.00028489943
2460548.5155668	0.9999535	0.00028488899
2460548.5169556784	1.0000974	0.0002849209
2460548.5183445574	1.0000024	0.00028494472
2460548.519733436	1.0000128	0.00028488642
2460548.5211223145	1.000075	0.0002849212
2460548.522511193	1.0010281	0.0002850508
2460548.523900072	1.0002233	0.00028491352
2460548.5252889507	0.9999541	0.00028491358
2460548.526677829	1.0005294	0.00028493343
2460548.528066708	1.0003315	0.00028493392
2460548.5294555863	0.9993489	0.00028482595
2460548.5308444654	1.0000701	0.0002849119
2460548.532233344	1.0000132	0.0002848628
2460548.5336222225	1.0004115	0.00028491742
2460548.535011101	0.9999708	0.00028487894
2460548.5363999796	1.0008829	0.0002849716
2460548.5377888586	0.99967617	0.00028486198
2460548.539177737	0.9999541	0.0002848832
2460548.5405666158	1.0000405	0.0002848619
2460548.5419554943	1.0003364	0.00028494693
2460548.543344373	0.999324	0.00028483005
2460548.544733252	1.0004667	0.00028494818
2460548.54612213	1.0002196	0.00028491908
2460548.547511009	0.9997142	0.0002848605
2460548.5488998876	1.000472	0.0002849939
2460548.550288766	1.0000368	0.0002849149
2460548.5516776447	0.9999533	0.00028488057
2460548.5530665233	0.9997933	0.00028487074
2460548.5544554023	0.9998042	0.00028486006
2460548.5558442804	0.9995585	0.0002848389
2460548.5572331594	1.0000118	0.00028489926
2460548.5586220375	1.0003625	0.00028497187
2460548.5600109166	1.0000627	0.00028488258
2460548.561399795	1.00002	0.00028490537
2460548.5627886737	1.0000699	0.00028490592
2460548.5641775522	1.0001936	0.00028493418
2460548.565566431	0.9997535	0.0002848644
2460548.5669553094	0.99954456	0.0002848706
2460548.5683441884	0.9999617	0.00028490537
2460548.5697330665	1.0003704	0.00028492263
2460548.5711219455	1.0001861	0.00028492825
2460548.572510824	0.9998778	0.0002848704
2460548.5738997026	0.99964815	0.0002848155
2460548.575288581	0.99983627	0.00028487257
2460548.5766774598	0.99987596	0.00028487592
2460548.5780663383	1.0002126	0.00028489184
2460548.579455217	0.9999439	0.00028486864
2460548.5808440954	1.0007133	0.0002849917
2460548.582232974	1.0005908	0.00028496634
2460548.5836218526	0.9995839	0.00028487487
2460548.585010731	0.99991846	0.0002849179
2460548.5863996097	0.9998649	0.00028489224
2460548.5877884883	1.0001575	0.00028491236
2460548.589177367	0.9999919	0.00028490444
2460548.5905662454	1.0003544	0.00028494274
2460548.591955124	1.0004134	0.00028495493
2460548.5933440025	1.0002004	0.0002849343
2460548.594732881	0.99981374	0.00028485816
2460548.5961217596	1.0003804	0.00028492275
2460548.597510638	1.0005747	0.00028493392
2460548.5988995167	1.0004263	0.00028496468
2460548.6002883953	1.0002435	0.00028489897
2460548.601677274	1.0002152	0.0002848907
2460548.6030661524	1.0002819	0.00028496882
2460548.604455031	1.000531	0.0002849504
2460548.6058439096	1.0003227	0.00028492126
2460548.607232788	0.99984735	0.00028489387
2460548.6086216667	1.0002056	0.0002849103
2460548.6100105452	1.0002398	0.00028491285
2460548.611399424	1.0006573	0.0002849446
2460548.6127883024	1.00035	0.00028493835
2460548.614177181	0.99984527	0.00028489245
2460548.6155660595	1.0002893	0.0002849499
2460548.616954938	1.0002486	0.00028490883
2460548.618343816	0.9999294	0.00028489597
2460548.619732695	1.000276	0.0002849197
2460548.6211215737	1.0004972	0.0002849758
2460548.622510452	1.0005556	0.00028500706
2460548.6238993304	1.0007793	0.0002850083
2460548.625288209	1.0002942	0.00028491602
2460548.6266770875	1.00036	0.0002849822
2460548.628065966	1.0009394	0.0002850022
2460548.6294548446	1.000223	0.00028492356
2460548.630843723	1.0000556	0.00028487737
2460548.6322326018	1.0004797	0.00028496046
2460548.6336214803	1.0003178	0.00028493567
2460548.6350103584	1.000456	0.00028499874
2460548.636399237	1.000106	0.00028490816
2460548.637788116	1.0004236	0.00028497312
2460548.639176994	0.99991614	0.00028486954
2460548.6405658727	1.000073	0.00028488153
2460548.641954751	1.0001724	0.00028491498
2460548.64334363	1.0007882	0.00028496364
2460548.644732508	1.0004734	0.00028498826
2460548.6461213864	1.0003161	0.00028492205
2460548.6475102655	1.0001618	0.00028491803
2460548.6488991436	1.0004654	0.0002849528
2460548.650288022	1.0002313	0.00028492848
2460548.6516769007	1.0007089	0.00028492045
2460548.6530657792	1.000646	0.0002850071
2460548.654454658	1.0001532	0.00028490863
2460548.655843536	0.9998081	0.00028486713
2460548.6572324145	1.000411	0.00028493354
2460548.658621293	1.0007018	0.0002849693
2460548.6600101716	0.999698	0.00028485968
2460548.6613990497	1.0003399	0.0002849617
2460548.6627879282	1.0004853	0.00028493948
2460548.664176807	1.0001624	0.00028494428
2460548.6655656854	1.0000701	0.00028489265
2460548.666954564	1.0007551	0.00028499254
2460548.668343442	1.0004452	0.00028495456
2460548.6697323206	1.0007306	0.00028499772
2460548.671121199	0.99937737	0.0002847896
2460548.6725100777	1.000731	0.00028499853
2460548.6738989563	0.9999725	0.0002848796
2460548.6752878344	1.0001216	0.00028494906
2460548.676676713	1.0004	0.00028497953
2460548.6780655915	1.0004126	0.00028493488
2460548.67945447	1.0007743	0.00028497638
2460548.6808433486	1.0003033	0.00028495173
2460548.6822322267	1.0001742	0.00028490074
2460548.6836211053	1.0008016	0.00028501646
2460548.6850099834	1.000537	0.00028493736
2460548.686398862	1.0009015	0.00028505607
2460548.6877877405	1.0005608	0.00028494108
2460548.689176619	1.0005318	0.00028495403
2460548.6905654976	1.000448	0.00028494294
2460548.6919543757	1.0003989	0.00028492438
2460548.6933432543	1.0011042	0.00028504527
2460548.6947321324	1.0005211	0.00028496515
2460548.696121011	1.0001818	0.0002849212
2460548.6975098895	1.0004082	0.0002849429
2460548.698898768	1.0002267	0.00028490997
2460548.7002876466	1.0007794	0.0002850151
2460548.7016765247	1.0000067	0.0002849246
2460548.7030654033	1.000746	0.00028502158
2460548.7044542814	1.0004007	0.00028495348
2460548.70584316	1.0003767	0.00028494108
2460548.7072320385	1.0009258	0.00028499143
2460548.7086209166	1.0007526	0.00028501533
2460548.710009795	1.0006943	0.00028497167
2460548.7113986737	1.0008951	0.0002850464
2460548.712787552	1.0001849	0.00028490118
2460548.7141764304	1.0003662	0.0002849652
2460548.715565309	1.0005842	0.0002849881
2460548.716954187	1.0013163	0.0002850534
2460548.7183430656	1.0008128	0.00028496917
2460548.719731944	1.0009142	0.00028503675
2460548.7211208222	1.0006015	0.00028496017
2460548.722509701	1.0006835	0.00028499198
2460548.7238985794	1.0001899	0.0002849131
2460548.7252874575	1.0002328	0.00028490837
2460548.726676336	1.0004277	0.00028497408
2460548.728065214	1.0000787	0.00028491652
2460548.7294540927	1.0002183	0.0002849044
2460548.730842971	1.0002674	0.0002849693
2460548.7322318493	1.000053	0.00028490895
2460548.733620728	1.0007198	0.0002850224
2460548.735009606	1.0008577	0.0002849997
2460548.7363984846	1.0011864	0.0002850436
2460548.7377873627	1.0007842	0.00028500237
2460548.739176241	1.0009065	0.0002850194
2460548.74056512	1.0004686	0.00028497598
2460548.741953998	1.0004566	0.00028496995
2460548.7433428764	1.0007104	0.00028498704
2460548.7447317545	1.0009394	0.00028497798
2460548.746120633	1.0003332	0.00028500322
2460548.747509511	1.0000956	0.00028487516
2460548.7488983897	1.0003827	0.0002849278
2460548.7502872683	1.0003694	0.00028497668
2460548.7516761464	1.0007849	0.00028500473
2460548.753065025	1.0005355	0.00028497618
2460548.754453903	1.0003827	0.00028496006
2460548.7558427816	1.0006695	0.00028497455
2460548.7572316597	1.0004734	0.00028494172
2460548.7586205383	1.0009766	0.00028498346
2460548.7600094164	1.00099	0.0002850449
2460548.7613982945	1.0005429	0.00028497426
2460548.762787173	1.0004152	0.00028494198
2460548.764176051	1.0006286	0.0002849828
2460548.7655649297	1.0007241	0.0002849962
2460548.7669538083	1.000299	0.0002849656
2460548.7683426864	1.0004853	0.00028496986
2460548.769731565	1.0004398	0.0002849711
2460548.771120443	1.0006664	0.00028496794
2460548.7725093216	1.0008972	0.00028498765
2460548.7738981997	0.999763	0.00028485237
2460548.7752870778	1.0003678	0.0002849346
2460548.7766759563	1.0005705	0.00028501137
2460548.7780648344	1.0002927	0.00028496623
2460548.779453713	1.0008279	0.00028502694
2460548.780842591	1.0000389	0.00028488945
2460548.7822314696	1.0004413	0.00028496698
2460548.7836203477	1.0014379	0.00028507505
2460548.7850092263	1.000799	0.00028502083
2460548.7863981044	1.0004096	0.00028495042
2460548.7877869825	1.0007591	0.00028501666
2460548.789175861	1.000206	0.00028488314
2460548.790564739	1.0002834	0.00028493957
2460548.7919536177	1.0002441	0.0002849553
2460548.793342496	1.0000547	0.00028490598
2460548.794731374	1.000484	0.0002849579
2460548.7961202525	1.0009563	0.0002850202
2460548.7975091306	1.0003756	0.00028495153
2460548.798898009	1.0009879	0.00028498672
2460548.800286887	1.0003281	0.00028494527
2460548.801675766	1.0004829	0.00028493901
2460548.803064644	1.0005915	0.0002849523
2460548.804453522	1.0001391	0.00028491742
2460548.8058424005	0.9999821	0.00028490688
2460548.8072312786	1.0000923	0.00028492484
2460548.8086201567	1.000556	0.00028499574
2460548.8100090353	1.0014131	0.00028506518
2460548.8113979134	1.000722	0.00028506137
2460548.812786792	1.0005893	0.00028497612
2460548.81417567	1.0008652	0.00028502417
2460548.815564548	1.0000249	0.0002848716
2460548.816953426	1.0001675	0.00028491273
2460548.818342305	1.0005634	0.0002849475
2460548.819731183	1.0006685	0.00028496457
2460548.821120061	1.0003263	0.00028494338
2460548.8225089395	1.000436	0.00028497004
2460548.8238978176	1.0010296	0.0002850383
2460548.825286696	1.0004603	0.0002849181
2460548.8266755743	1.0002664	0.00028494842
2460548.8280644524	1.0007046	0.00028496544
2460548.829453331	1.0001408	0.0002849437
2460548.830842209	1.0008022	0.0002849934
2460548.832231087	1.0007579	0.0002849993
2460548.8336199652	1.0005934	0.00028497714
2460548.835008844	0.9995396	0.0002848349
2460548.836397722	1.0009518	0.00028500622
2460548.8377866	1.0004056	0.00028498052
2460548.8391754786	1.0005163	0.00028497705
2460548.8405643567	1.0001471	0.00028492653
2460548.8419532347	1.0000815	0.0002849252
2460548.843342113	0.99998575	0.0002848665
2460548.8447309914	0.999775	0.00028488727
2460548.8461198695	0.99999565	0.00028492033
2460548.8475087476	0.9997132	0.00028486387
2460548.848897626	0.9998419	0.0002848955
2460548.850286504	0.9990153	0.00028475877
2460548.8516753823	0.99972415	0.0002848265
2460548.8530642604	0.9997834	0.00028487333
2460548.8544531385	1.0001345	0.00028489513
2460548.855842017	1.0002278	0.0002848995
2460548.857230895	0.99927574	0.0002847942
2460548.8586197733	1.0000755	0.00028490816
2460548.8600086514	1.000202	0.00028490412
2460548.86139753	1.0000721	0.00028490095
2460548.862786408	0.99915534	0.00028479862
2460548.864175286	1.0002497	0.00028490156
2460548.8655641642	0.9998341	0.00028489387
2460548.8669530423	0.9996796	0.0002848767
2460548.868341921	0.9995844	0.00028485648
2460548.8697307985	0.99973613	0.0002848194
2460548.871119677	0.99954236	0.00028483794
2460548.872508555	0.9993291	0.0002848303
2460548.8738974333	0.9999208	0.00028487708
2460548.875286312	0.99966776	0.00028483916
2460548.8766751895	0.9993554	0.00028480485
2460548.878064068	0.9999909	0.00028489763
2460548.879452946	0.9996968	0.00028486075
2460548.880841824	0.9999553	0.00028488092
2460548.8822307023	1.0000118	0.00028485977
2460548.8836195804	1.0000924	0.0002848798
2460548.885008459	1.0000342	0.00028490776
2460548.886397337	0.9996631	0.00028487126
2460548.887786215	0.9998441	0.00028482045
2460548.8891750933	0.9999882	0.00028488104
2460548.8905639714	0.9998289	0.0002848613
2460548.8919528495	1.0001183	0.000284866
2460548.8933417276	0.9994157	0.0002848071
2460548.894730606	0.9996849	0.0002848264
2460548.896119484	0.9998302	0.00028482094
2460548.8975083623	1.0001062	0.0002849181
2460548.8988972404	0.99977195	0.00028483724
2460548.9002861185	0.99979794	0.00028488543
2460548.9016749966	0.99944836	0.0002848178
2460548.9030638747	0.99982756	0.00028489195
2460548.904452753	0.9997809	0.0002848298
2460548.9058416313	1.0000077	0.00028490336
2460548.907230509	1.0000291	0.00028488092
2460548.9086193875	1.0000285	0.00028488692
2460548.910008265	0.9990914	0.00028478293
2460548.9113971437	1.0000403	0.00028487912
2460548.912786022	1.0001943	0.0002849119
2460548.9141749	0.99963653	0.00028481643
2460548.915563778	0.9988398	0.00028477583
2460548.916952656	0.99979067	0.00028480357
2460548.918341534	0.9999554	0.0002849009
2460548.9197304123	0.9998562	0.00028483995
2460548.9211192904	1.0002955	0.00028493517
2460548.9225081685	1.0000807	0.0002848678
2460548.9238970466	1.0001591	0.00028490185
2460548.9252859247	1.0001211	0.0002848471
2460548.926674803	0.9997922	0.00028483325
2460548.928063681	0.99991965	0.00028485074
2460548.929452559	0.9997181	0.000284855
2460548.930841437	1.0004182	0.00028496468
2460548.9322303156	1.000116	0.0002849075
2460548.9336191933	0.99968386	0.00028480473
2460548.9350080714	0.99990195	0.00028488916
2460548.9363969495	0.99974316	0.0002848537
2460548.9377858276	0.9996512	0.00028483008
2460548.939174706	1.0005437	0.00028497973
2460548.9405635837	1.0004015	0.0002849203
2460548.9419524623	1.000138	0.00028491035
2460548.94334134	1.0000886	0.00028486576
2460548.944730218	1.0001892	0.00028490566
2460548.946119096	0.99979866	0.00028482897
2460548.947507974	1.000036	0.0002849069
2460548.9488968523	1.0000489	0.0002848682
2460548.9502857304	0.9997838	0.00028487272
2460548.9516746085	0.9999108	0.00028486713
2460548.9530634866	0.99995744	0.00028490135
2460548.9544523647	1.0002806	0.00028491436
2460548.955841243	1.0001109	0.0002848886
2460548.957230121	0.99991894	0.00028486026
2460548.958618999	0.9997446	0.00028485767
2460548.960007877	0.999625	0.0002848396
2460548.961396755	0.99947494	0.00028480924
2460548.9627856333	1.0001924	0.00028493497
2460548.9641745114	1.000384	0.00028490517
2460548.9655633895	1.0000186	0.0002848538
2460548.966952267	1.0000436	0.00028487225
2460548.9683411457	1.0008204	0.0002849733
2460548.9697300233	1.0009236	0.00028499545
2460548.9711189014	0.99991184	0.00028491206
2460548.9725077795	0.9997045	0.0002849302
2460548.9738966576	0.99972135	0.00028483395
2460548.9752855357	1.0008131	0.00028495528
2460548.976674414	0.99960047	0.00028480953
2460548.978063292	0.9999054	0.0002848855
2460548.9794521695	0.99970406	0.00028488043
2460548.9808410476	1.0002557	0.00028491628
2460548.982229926	0.9996032	0.0002848286
2460548.983618804	1.0002618	0.00028492272
2460548.985007682	1.0001985	0.00028493442
2460548.98639656	0.99982566	0.00028492184
2460548.987785438	1.0003179	0.00028494035
2460548.9891743157	1.0007942	0.00028497458
2460548.990563194	1.0005604	0.0002849649
2460548.9919520724	1.0003624	0.00028491512
2460548.99334095	1.0001491	0.00028490357
2460548.994729828	1.0003988	0.000284946
2460548.996118706	1.000553	0.00028494786
2460548.9975075843	1.0006131	0.0002849666
2460548.998896462	1.0010188	0.00028501806
2460549.00028534	1.000775	0.00028499786
2460549.001674218	1.0005401	0.0002849578
2460549.003063096	1.0004627	0.0002849729
2460549.0044519743	1.0004799	0.00028491658
2460549.005840852	1.0003252	0.00028492033
2460549.00722973	1.0003875	0.0002849049
2460549.008618608	1.0004163	0.00028495752
2460549.010007486	1.0004169	0.00028489242
2460549.0113963643	1.0003399	0.00028493028
2460549.012785242	1.0001532	0.00028490985
2460549.01417412	1.0008523	0.00028497408
2460549.015562998	1.0003296	0.0002849282
2460549.016951876	1.0004673	0.00028495924
2460549.0183407543	1.0005984	0.00028493576
2460549.019729632	1.0007861	0.00028499798
2460549.02111851	1.0006516	0.00028494766
2460549.022507388	1.0006534	0.0002849557
2460549.0238962662	1.000425	0.00028495817
2460549.0252851443	1.0000182	0.00028492865
2460549.026674022	1.0006673	0.00028501233
2460549.0280629	1.0001469	0.00028492554
2460549.029451778	1.0007039	0.00028501105
2460549.0308406563	1.0005343	0.00028493494
2460549.032229534	1.0005404	0.0002849544
2460549.033618412	1.0006993	0.00028497505
2460549.03500729	1.0003933	0.0002849419
2460549.0363961677	1.0003835	0.00028495083
2460549.037785046	1.0008022	0.00028499478
2460549.039173924	1.0005363	0.0002849797
2460549.040562802	1.0006883	0.00028495933
2460549.0419516796	1.0005157	0.00028498453
2460549.0433405577	1.0007598	0.0002849817
2460549.044729436	1.0007415	0.00028500616
2460549.0461183134	1.0008386	0.00028498043
2460549.0475071915	1.0008559	0.00028498232
2460549.0488960696	1.0002525	0.00028491323
2460549.0502849473	1.0009289	0.00028496937
2460549.0516738254	1.0003527	0.0002849253
2460549.0530627035	1.000664	0.00028493957
2460549.0544515816	1.0004513	0.00028494935
2460549.055840459	1.0008137	0.0002850086
2460549.0572293373	0.9999772	0.00028488447
2460549.058618215	1.0004063	0.0002849359
2460549.060007093	1.0006053	0.0002849919
2460549.061395971	1.000254	0.00028491806
2460549.0627848487	1.0000589	0.00028489175
2460549.064173727	0.99999547	0.00028489178
2460549.0655626045	1.0004326	0.0002849554
2460549.0669514826	1.0008183	0.00028497828
2460549.0683403607	1.0002284	0.00028492665
2460549.0697292387	1.0003322	0.00028491052
2460549.0711181164	1.0002431	0.0002849246
2460549.0725069945	1.0004493	0.00028492964
2460549.0738958726	0.99997956	0.0002848564
2460549.07528475	1.0003252	0.0002848986
2460549.0766736283	1.0002804	0.00028492234
2460549.078062506	1.0001799	0.0002849221
2460549.079451384	1.0003599	0.00028491067
2460549.080840262	1.000514	0.00028492417
2460549.0822291397	1.0004894	0.00028489326
2460549.083618018	1.0005672	0.00028495982
2460549.0850068955	1.0005739	0.00028495747
2460549.0863957736	1.0008019	0.0002849872
2460549.0877846517	1.000697	0.00028493803
2460549.0891735293	1.000221	0.00028492132
2460549.0905624074	1.0008081	0.00028498954
2460549.091951285	1.0008436	0.00028499603
2460549.093340163	1.000822	0.00028498413
2460549.0947290407	1.0004843	0.000284933
2460549.096117919	1.0005902	0.00028492484
2460549.0975067965	1.0005752	0.00028496553
2460549.0988956746	1.0003579	0.00028492342
2460549.1002845527	1.0001824	0.0002848685
2460549.1016734303	1.0004025	0.00028492595
2460549.1030623084	1.0003763	0.00028494818
2460549.104451186	1.0004143	0.00028492557
2460549.1058400637	1.0006865	0.0002849761
2460549.1072289417	1.0001917	0.00028489585
2460549.1086178194	1.0005956	0.00028494358
2460549.1100066975	1.0002854	0.0002849372
2460549.111395575	1.0000533	0.0002848764
2460549.112784453	1.0006275	0.00028497312
2460549.1141733313	0.9999726	0.00028486064
2460549.115562209	0.99972177	0.00028482295
2460549.116951087	1.0005482	0.00028494667
2460549.1183399647	1.0002999	0.00028490758
2460549.1197288428	1.0002542	0.00028491474
2460549.1211177204	1.000199	0.00028489524
2460549.1225065985	1.0004967	0.0002849483
2460549.123895476	1.0006746	0.00028494562
2460549.1252843537	0.9998475	0.00028487243
2460549.126673232	1.0007629	0.00028497435
2460549.1280621095	1.0004028	0.00028493995
2460549.1294509876	1.0005641	0.00028492927
2460549.1308398657	1.0000775	0.00028489224
2460549.1322287433	1.0007914	0.00028494286
2460549.133617621	1.0005761	0.00028498683
2460549.135006499	1.0006218	0.00028495758
2460549.1363953766	1.00006	0.0002848694
2460549.1377842547	1.0006095	0.00028497944
2460549.1391731324	1.0007864	0.00028494565
2460549.1405620105	1.0000173	0.00028491416
2460549.141950888	1.00034	0.000284921
2460549.143339766	1.0002947	0.0002849209
2460549.144728644	1.000074	0.000284874
2460549.1461175214	0.99992114	0.00028485336
2460549.1475063995	1.0004152	0.000284902
2460549.148895277	1.0007452	0.0002849848
2460549.1502841553	0.99982405	0.0002848275
2460549.151673033	1.0002866	0.0002848791
2460549.1530619105	1.0002173	0.00028489408
2460549.154450788	1.0005355	0.00028490726
2460549.1558396663	1.0003695	0.00028490493
2460549.1572285444	0.99985546	0.0002848811
2460549.158617422	1.0004393	0.0002849203
2460549.1600062996	1.0005759	0.00028499094
2460549.1613951772	1.0005252	0.00028492964
2460549.1627840553	1.0007765	0.00028500424
2460549.1641729334	1.0003657	0.0002849179
2460549.165561811	1.0002953	0.0002849164
2460549.1669506887	1.0000658	0.00028489257
2460549.1683395663	1.000374	0.00028493194
2460549.1697284444	1.0003825	0.00028490854
2460549.171117322	1.0004627	0.00028495243
2460549.1725062	1.0001466	0.00028488372
2460549.173895078	1.0003492	0.0002848747
2460549.1752839554	1.0001748	0.00028486337
2460549.1766728335	1.000571	0.0002849669
2460549.178061711	0.9999743	0.00028488872
2460549.1794505888	1.0005796	0.00028496218
2460549.180839467	1.0005543	0.00028491285
2460549.1822283445	1.0004823	0.00028491323
2460549.183617222	1.0006232	0.00028492112
2460549.1850060998	1.0003033	0.00028494478
2460549.186394978	0.99979925	0.00028484443
2460549.1877838555	1.0004277	0.00028494574
2460549.189172733	1.000291	0.0002848983
2460549.190561611	1.0004698	0.00028492368
2460549.191950489	1.000265	0.000284893
2460549.1933393665	1.0002793	0.00028492554
2460549.194728244	0.9999381	0.00028483628
2460549.196117122	0.9999037	0.000284842
2460549.197506	1.0001074	0.00028488485
2460549.1988948775	1.0002854	0.00028490386
2460549.2002837555	1.0005225	0.00028495063
2460549.201672633	0.99965686	0.00028481238
2460549.203061511	1.0002226	0.0002849034
2460549.2044503884	1.0000639	0.00028491206
2460549.2058392665	1.0005658	0.0002849316
2460549.207228144	0.9999843	0.0002848619
2460549.208617022	1.000158	0.00028491157
2460549.2100059	1.0001963	0.00028488142
2460549.2113947775	0.99958915	0.00028482327
2460549.212783655	1.0000117	0.000284909
2460549.214172533	1.000056	0.000284866
2460549.2155614104	1.0000894	0.00028490784
2460549.2169502885	1.0009662	0.00028496797
2460549.218339166	1.0005683	0.0002849996
2460549.219728044	1.0005249	0.00028495656
2460549.2211169214	1.0006046	0.00028495444
2460549.2225057995	1.0002087	0.0002849238
2460549.223894677	1.000249	0.00028491238
2460549.2252835548	1.0000466	0.00028490834
2460549.2266724324	0.9999474	0.00028485132
2460549.22806131	1.0003082	0.00028493232
2460549.229450188	1.0003865	0.00028496695
2460549.2308390657	1.0001428	0.00028489326
2460549.2322279434	1.0003786	0.0002849385
2460549.233616821	1.00017	0.00028487775
2460549.2350056986	1.0003937	0.00028497484
2460549.2363945767	0.99969345	0.00028486433
2460549.237783454	1.0000421	0.00028489847
2460549.239172332	1.0005969	0.00028495071
2460549.2405612096	1.0000174	0.0002849134
2460549.2419500872	0.9999862	0.00028491073
2460549.243338965	1.0001076	0.00028490194
2460549.2447278425	1.0000861	0.00028488372
2460549.2461167206	1.0002884	0.00028491905
2460549.2475055982	0.99959826	0.00028483168
2460549.248894476	1.0005865	0.00028495418
2460549.2502833535	0.9998688	0.00028486713
2460549.251672231	1.0002314	0.00028491428
2460549.2530611088	1.0006483	0.00028495397
2460549.2544499864	1.0000962	0.00028489405
2460549.2558388645	1.0001962	0.0002849252
2460549.2572277416	1.0001459	0.0002849127
2460549.2586166197	1.0006078	0.00028496172
2460549.2600054974	1.0009233	0.00028499268
2460549.261394375	1.0002925	0.00028490787
2460549.2627832526	1.000026	0.00028488107
2460549.2641721303	1.0001119	0.00028486864
2460549.265561008	1.0004095	0.0002849143
2460549.266949886	1.0000901	0.00028485677
2460549.268338763	0.9997811	0.00028484676
2460549.2697276413	1.0003804	0.00028493893
2460549.2711165184	1.0001942	0.00028489524
2460549.2725053965	1.0002162	0.0002848661
2460549.273894274	1.0006493	0.0002849832
2460549.275283152	1.000125	0.00028491413
2460549.2766720294	1.0002742	0.00028491297
2460549.278060907	0.9995752	0.00028482717
2460549.2794497847	1.0001125	0.00028489492
2460549.2808386623	1.0004361	0.00028494984
2460549.28222754	1.0003078	0.000284902
2460549.2836164176	1.0005265	0.00028495974
2460549.285005295	0.9997632	0.0002848379
2460549.286394173	1.0003132	0.0002849183
2460549.2877830504	1.0003715	0.00028495115
2460549.289171928	1.0000252	0.00028491046
2460549.2905608057	1.0003138	0.0002849067
2460549.2919496833	1.0005295	0.0002849598
2460549.2933385614	0.9999596	0.000284859
2460549.2947274386	0.99987227	0.0002848537
2460549.2961163167	1.0002817	0.00028490776
2460549.297505194	0.99984306	0.00028487618
2460549.298894072	1.0004517	0.00028493526
2460549.300282949	0.9997331	0.00028485688
2460549.3016718267	1.0005276	0.00028493145
2460549.303060705	1.0011067	0.00028503247
2460549.304449582	1.0005873	0.0002849098
2460549.30583846	0.9999426	0.00028487638
2460549.3072273373	1.0005468	0.00028494754
2460549.308616215	1.0001026	0.00028487202
2460549.3100050925	1.0001572	0.0002849088
2460549.31139397	0.9996772	0.00028481454
2460549.312782848	0.999863	0.00028490645
2460549.3141717254	1.000606	0.00028493928
2460549.315560603	0.99999315	0.0002848042
2460549.3169494807	1.000548	0.0002849694
2460549.3183383583	0.9990754	0.00028476914
2460549.319727236	0.9996333	0.00028484422
2460549.3211161136	1.0002712	0.00028489844
2460549.322504991	1.0002447	0.0002848827
2460549.323893869	1.0000362	0.000284819
2460549.3252827465	1.0000827	0.0002849005
2460549.326671624	0.99992764	0.00028485653
2460549.3280605017	0.9999439	0.00028484318
2460549.3294493794	1.000276	0.00028490473
2460549.3308382565	1.0011128	0.0002849707
2460549.3322271346	1.0002122	0.00028487545
2460549.333616012	0.99973094	0.00028485968
2460549.3350048894	1.0008979	0.0002849758
2460549.336393767	1.000121	0.00028487344
2460549.3377826447	1.0003558	0.00028493526
2460549.3391715223	1.0000912	0.0002849182
2460549.3405604	1.000495	0.00028490834
2460549.3419492776	0.99975055	0.00028484297
2460549.3433381547	1.0002021	0.00028490098
2460549.344727033	1.0004122	0.0002849026
2460549.3461159104	1.0000838	0.00028487883
2460549.3475047876	1.0000784	0.00028488977
2460549.3488936652	0.9999679	0.00028488622
2460549.350282543	0.99978805	0.00028485266
2460549.3516714205	0.999699	0.00028484096
2460549.353060298	1.0004343	0.00028492327
2460549.3544491758	0.9999909	0.00028489713
2460549.3558380534	0.99989843	0.00028482906
2460549.3572269306	1.0005198	0.0002849513
2460549.358615808	1.0003237	0.00028486043
2460549.360004686	1.000421	0.00028496567
2460549.3613935634	1.0002239	0.0002849093
2460549.362782441	0.9996308	0.00028484606
2460549.3641713182	0.9996599	0.00028482918
2460549.3655601963	1.0008892	0.00028500005
2460549.3669490735	1.0001118	0.00028491087
2460549.368337951	1.0004128	0.00028489612
2460549.3697268288	1.0005072	0.0002849051
2460549.3711157064	1.0003294	0.0002849125
2460549.372504584	1.0002316	0.00028489222
2460549.373893461	1.0002683	0.00028489827
2460549.375282339	1.00025	0.00028488037
2460549.3766712165	1.0003446	0.00028493462
2460549.378060094	1.0004416	0.00028496402
2460549.3794489717	0.9996702	0.00028482758
2460549.380837849	1.000096	0.0002848689
2460549.3822267265	0.9997334	0.00028482865
2460549.383615604	1.0005943	0.0002849701
2460549.3850044818	1.000632	0.00028494763
2460549.386393359	0.9997753	0.0002848762
2460549.3877822366	0.99970466	0.00028481192
2460549.389171114	0.9996411	0.00028483034
2460549.390559992	1.0003194	0.00028492953
2460549.3919488695	1.0003319	0.00028493404
2460549.3933377466	0.99985474	0.00028484958
2460549.3947266242	0.9999233	0.00028487117
2460549.3961155014	1.0005119	0.00028494364
2460549.397504379	0.9999089	0.00028484434
2460549.3988932567	0.99986273	0.00028483703
2460549.4002821343	0.9999258	0.00028483427
2460549.401671012	1.0000964	0.00028490287
2460549.403059889	0.9999435	0.00028486107
2460549.4044487667	1.0002295	0.0002848879
2460549.4058376444	1.0000309	0.00028485034
2460549.4072265215	1.0003192	0.0002849075
2460549.408615399	1.0003296	0.0002848839
2460549.410004277	1.000218	0.00028488407
2460549.4113931544	1.0002285	0.00028492147
2460549.4127820316	0.99966866	0.00028485677
2460549.414170909	1.0003213	0.00028489178
2460549.415559787	1.0003854	0.00028491515
2460549.416948664	1.0002946	0.00028490045
2460549.4183375416	1.0003604	0.0002849181
2460549.4197264193	0.9995212	0.00028482007
2460549.421115297	1.0001453	0.00028489775
2460549.422504174	1.0003338	0.00028495264
2460549.4238930517	1.0002912	0.00028492854
2460549.4252819293	1.0000273	0.00028486733
2460549.4266708065	1.0001695	0.00028492673
2460549.428059684	1.0001777	0.00028489894
2460549.4294485613	0.9998992	0.00028488875
2460549.430837439	1.0003392	0.00028491113
2460549.4322263165	1.0005652	0.00028498107
2460549.4336151937	0.9997535	0.0002848478
2460549.4350040713	0.99966	0.0002848357
2460549.436392949	1.0000519	0.00028483945
2460549.437781826	1.0000231	0.0002848944
2460549.4391707038	0.9998604	0.00028486014
2460549.4405595814	1.0005252	0.0002849742
2460549.4419484586	0.9997805	0.00028487583
2460549.443337336	1.0006627	0.00028495715
2460549.444726214	0.9997208	0.00028486628
2460549.446115091	0.9999253	0.00028494035
2460549.4475039686	1.0000573	0.0002848716
2460549.4488928462	1.0001017	0.00028481407
2460549.4502817234	0.99962604	0.00028482638
2460549.451670601	0.9998387	0.0002848308
2460549.453059478	0.9995196	0.0002848169
2460549.454448356	0.99977815	0.00028485342
2460549.455837233	1.0005134	0.00028493392
2460549.4572261106	0.9998779	0.00028485275
2460549.4586149883	1.0000814	0.0002849064
2460549.4600038654	1.0000845	0.00028491925
2460549.461392743	1.0000135	0.00028485619
2460549.46278162	1.0000368	0.00028486198
2460549.464170498	1.0001272	0.0002849437
2460549.4655593755	0.99992216	0.00028486454
2460549.4669482526	0.99978864	0.00028490165
2460549.4683371303	0.9994134	0.00028479478
2460549.4697260074	0.9998306	0.00028483535
2460549.471114885	1.000468	0.00028491512
2460549.472503762	1.0004979	0.000284921
2460549.47389264	0.9990596	0.00028471436
2460549.475281517	0.99983305	0.00028485077
2460549.4766703947	0.99972135	0.00028481663
2460549.478059272	0.9994649	0.00028480974
2460549.4794481494	1.0001857	0.00028489807
2460549.4808370266	0.9995562	0.00028484478
2460549.4822259042	1.0001637	0.00028489245
2460549.4836147814	0.99947494	0.00028478692
2460549.485003659	0.9998562	0.00028483017
2460549.486392536	1.0005344	0.00028496585
2460549.487781414	0.9996029	0.0002848362
2460549.489170291	1.000201	0.0002849043
2460549.4905591686	0.99978125	0.0002848634
2460549.4919480463	0.99927926	0.00028480688
2460549.4933369234	0.9993807	0.00028482862
2460549.494725801	1.0001316	0.0002849162
2460549.496114678	0.99982727	0.00028485
2460549.4975035554	0.9999063	0.0002848524
2460549.498892433	0.9995285	0.00028481538
2460549.50028131	0.99964714	0.00028480226
2460549.501670188	0.99942833	0.0002848059
2460549.503059065	1.0002363	0.00028490977
2460549.5044479426	0.9999972	0.0002848798
2460549.5058368198	0.99954224	0.00028485843
2460549.5072256974	1.0007812	0.00028498913
2460549.5086145746	0.9994351	0.00028476203
2460549.510003452	0.99945873	0.00028482903
2460549.5113923294	1.0006441	0.0002849205
2460549.5127812065	1.000079	0.00028491154
2460549.514170084	0.9998677	0.000284787
2460549.5155589613	0.999848	0.00028488936
2460549.516947839	0.999868	0.00028484358
2460549.518336716	0.9998636	0.0002848333
2460549.5197255937	0.9996394	0.00028485755
2460549.521114471	0.99961585	0.00028480304
2460549.522503348	0.9994273	0.00028477696
2460549.5238922257	0.999745	0.0002848057
2460549.525281103	1.0002588	0.00028489844
2460549.5266699805	0.9987087	0.00028468086
2460549.5280588577	1.0006057	0.0002849239
2460549.529447735	1.000248	0.0002849117
2460549.5308366125	1.0000165	0.00028486535
2460549.5322254896	1.0003815	0.0002849396
2460549.5336143672	0.99934447	0.0002847841
2460549.5350032444	1.0002258	0.0002848863
2460549.5363921216	0.9994099	0.00028485
2460549.537780999	0.9997936	0.0002848387
2460549.5391698764	1.0000168	0.000284841
2460549.540558754	0.99944544	0.0002847905
2460549.541947631	0.99987394	0.00028489163
2460549.5433365083	0.9999798	0.0002848514
2460549.544725386	1.0000123	0.00028487394
2460549.546114263	0.999745	0.0002848084
2460549.5475031403	1.000069	0.0002848685
2460549.5488920175	1.0001465	0.0002848949
2460549.550280895	0.9995204	0.00028483043
2460549.5516697722	0.9997375	0.0002848298
2460549.55305865	0.9997144	0.0002848422
2460549.554447527	0.99977934	0.00028487353
2460549.555836404	0.9998015	0.00028486896
2460549.557225282	0.999838	0.00028479498
2460549.558614159	0.9994392	0.00028478826
2460549.560003036	0.9998964	0.000284866
2460549.561391914	1.0000043	0.0002848514
2460549.562780791	1.0003842	0.00028490298
2460549.564169668	0.99979657	0.00028487606
2460549.5655585453	0.99977714	0.00028485604
2460549.566947423	0.99996364	0.00028492388
2460549.5683363	0.9999085	0.00028484804
2460549.5697251773	1.0001944	0.00028492
2460549.571114055	0.99977463	0.00028483628
2460549.572502932	0.9992001	0.00028475936
2460549.573891809	1.000108	0.000284907
2460549.5752806864	1.000215	0.0002848893
2460549.576669564	1.0005305	0.00028496515
2460549.578058441	0.9997773	0.00028483963
2460549.5794473183	0.9990756	0.0002847639
2460549.580836196	0.9973719	0.00028454384
2460549.582225073	0.99774075	0.0002846041
2460549.5836139503	0.9959323	0.00028433127
2460549.5850028275	0.9955338	0.00028431424
2460549.586391705	0.99526	0.00028423883
2460549.5877805823	0.99408376	0.00028407425
2460549.5891694594	0.99384737	0.00028402786
2460549.590558337	0.9942174	0.00028409352
2460549.5919472137	0.99381447	0.00028403584
2460549.5933360914	0.9939546	0.0002840568
2460549.5947249685	0.9938731	0.00028409553
2460549.5961138457	0.99339384	0.00028400248
2460549.5975027233	0.9934288	0.00028406066
2460549.5988916005	0.9934155	0.00028396858
2460549.6002804777	0.9936362	0.00028404433
2460549.601669355	0.9929393	0.00028390597
2460549.603058232	0.99262804	0.00028391008
2460549.6044471096	0.99326414	0.0002839933
2460549.605835987	0.9931601	0.00028392274
2460549.607224864	0.99334776	0.00028403316
2460549.608613741	0.9931993	0.00028395213
2460549.6100026183	0.99273545	0.00028396104
2460549.6113914954	0.9926246	0.00028387492
2460549.612780373	0.9928145	0.0002839384
2460549.6141692502	0.99314326	0.00028397256
2460549.6155581274	0.99364215	0.00028400985
2460549.6169470046	0.9926815	0.00028393412
2460549.6183358817	0.9926555	0.00028392219
2460549.6197247594	0.9928034	0.00028389206
2460549.6211136365	0.9930412	0.0002839312
2460549.6225025137	0.9929423	0.00028394192
2460549.623891391	0.99249977	0.0002839076
2460549.625280268	0.9931556	0.00028394183
2460549.626669145	0.9929371	0.00028392152
2460549.6280580224	0.9932737	0.00028398467
2460549.6294469	0.99317914	0.0002839182
2460549.630835777	0.9921957	0.00028386276
2460549.6322246543	0.9927389	0.00028389276
2460549.6336135315	0.99303263	0.00028390568
2460549.6350024086	0.99298865	0.0002839603
2460549.636391286	0.9933807	0.0002839983
2460549.637780163	0.9923785	0.00028387475
2460549.63916904	0.9926243	0.00028385894
2460549.6405579178	0.992521	0.00028388656
2460549.641946795	0.9926762	0.00028386744
2460549.643335672	0.99258626	0.00028390522
2460549.6447245493	0.99303937	0.00028396005
2460549.6461134264	0.99271625	0.00028389398
2460549.6475023036	0.9926265	0.00028389928
2460549.6488911808	0.9927103	0.00028392658
2460549.650280058	0.9924703	0.0002838548
2460549.651668935	0.99297446	0.00028395973
2460549.6530578127	0.9924344	0.00028389727
2460549.6544466894	0.9921947	0.00028383016
2460549.655835567	0.99316955	0.00028398147
2460549.657224444	0.9924005	0.00028391214
2460549.6586133214	0.99317783	0.0002839903
2460549.6600021985	0.991732	0.00028381115
2460549.6613910757	0.9936347	0.00028398714
2460549.662779953	0.9930783	0.00028397777
2460549.66416883	0.99332947	0.000283986
2460549.665557707	0.99340355	0.0002839975
2460549.6669465844	0.99251145	0.00028385548
2460549.6683354615	0.99310344	0.00028396994
2460549.6697243387	0.9931419	0.00028398453
2460549.671113216	0.99209434	0.00028383726
2460549.672502093	0.9935009	0.00028405173
2460549.67389097	0.99332297	0.000283965
2460549.6752798473	0.9933507	0.00028404794
2460549.6766687245	0.9930033	0.00028392466
2460549.6780576017	0.99294925	0.0002839565
2460549.679446479	0.99358463	0.00028406686
2460549.680835356	0.9930336	0.00028397026
2460549.682224233	0.9926263	0.0002839122
2460549.6836131103	0.9929951	0.00028396308
2460549.6850019875	0.9931482	0.0002839259
2460549.6863908647	0.9937501	0.00028409087
2460549.687779742	0.9934675	0.00028404148
2460549.689168619	0.99260163	0.0002839155
2460549.690557496	0.9933417	0.00028397675
2460549.6919463733	0.99334925	0.00028400077
2460549.6933352505	0.9932355	0.0002839993
2460549.6947241277	0.9938452	0.00028407536
2460549.696113005	0.99356365	0.0002840688
2460549.697501882	0.9939477	0.00028405632
2460549.698890759	0.99341524	0.00028398793
2460549.7002796363	0.9929214	0.000283976
2460549.7016685135	0.99292296	0.00028395033
2460549.7030573906	0.99310964	0.00028396168
2460549.704446268	0.9935795	0.00028402233
2460549.705835145	0.993599	0.00028402748
2460549.707224022	0.9936232	0.00028403467
2460549.7086128993	0.9938182	0.00028407696
2460549.7100017765	0.9941239	0.000284112
2460549.711390653	0.99368733	0.00028402204
2460549.712779531	0.9933429	0.00028403554
2460549.7141684075	0.9944609	0.000284136
2460549.7155572847	0.9939151	0.00028411343
2460549.716946162	0.9940591	0.00028408764
2460549.718335039	0.9944572	0.00028419803
2460549.719723916	0.99407595	0.00028407326
2460549.7211127933	0.99442536	0.000284128
2460549.7225016705	0.99530035	0.00028430697
2460549.7238905476	0.9956393	0.00028432457
2460549.725279425	0.9963968	0.00028442012
2460549.726668302	0.9970472	0.00028453078
2460549.7280571787	0.99769133	0.00028462106
2460549.729446056	0.99826026	0.00028465965
2460549.730834933	0.998673	0.00028472792
2460549.73222381	0.9992419	0.0002847857
2460549.7336126873	0.99976814	0.00028491401
2460549.7350015645	0.9991632	0.00028478043
2460549.7363904417	0.99995524	0.00028493768
2460549.7377793184	1.0003749	0.0002849388
2460549.739168196	0.999877	0.0002849338
2460549.7405570727	0.9997344	0.00028487944
2460549.74194595	1.0003637	0.00028496122
2460549.743334827	0.9999065	0.00028488433
2460549.744723704	0.9991042	0.0002848547
2460549.7461125813	1.0004016	0.00028495866
2460549.747501458	0.99968517	0.00028487496
2460549.748890335	0.9997524	0.0002848629
2460549.7502792124	0.9997375	0.00028493497
2460549.7516680895	1.0000886	0.00028497275
2460549.7530569667	1.0001688	0.00028490403
2460549.754445844	0.9999259	0.00028489204
2460549.755834721	1.0002499	0.0002849403
2460549.7572235977	1.000028	0.00028494233
2460549.758612475	0.9999743	0.00028491573
2460549.760001352	0.99943835	0.0002848729
2460549.761390229	0.9995454	0.0002848545
2460549.7627791064	1.0003157	0.00028492472
2460549.764167983	1.0001041	0.00028496672
2460549.7655568602	0.9996955	0.00028487443
2460549.7669457374	0.9994504	0.00028485275
2460549.7683346146	1.0002367	0.00028495066
2460549.7697234917	0.99928075	0.00028482007
2460549.7711123684	1.000282	0.00028495767
2460549.7725012456	0.99997777	0.0002849493
2460549.773890123	0.9997613	0.0002848573
2460549.775279	1.0001051	0.0002849573
2460549.776667877	0.9996714	0.00028488273
2460549.778056754	1.0002598	0.00028491652
2460549.779445631	1.0001196	0.0002849555
2460549.7808345077	0.9992473	0.00028482184
2460549.782223385	1.000547	0.00028497254
2460549.783612262	1.0000489	0.00028490621
2460549.785001139	1.000005	0.00028493936
2460549.7863900163	0.99974173	0.00028487027
2460549.787778893	1.0003183	0.00028499527
2460549.78916777	1.0001551	0.00028488747
2460549.7905566473	0.9996195	0.00028490348
2460549.7919455245	0.99998325	0.00028492502
2460549.793334401	0.9999779	0.00028493095
2460549.7947232784	0.99937105	0.00028484128
2460549.7961121555	0.9998701	0.0002849078
2460549.7975010322	0.99982494	0.00028491943
2460549.7988899094	0.9996627	0.00028487932
2460549.8002787866	1.0000788	0.0002849483
2460549.8016676633	1.0000995	0.00028494754
2460549.8030565404	0.99974906	0.00028490287
2460549.8044454176	0.9996614	0.00028485653
2460549.8058342948	1.000739	0.0002850279
2460549.8072231715	0.9995932	0.00028486387
2460549.8086120486	1.0001106	0.00028493066
2460549.8100009253	1.0003667	0.00028497266
2460549.8113898025	0.9998672	0.00028486163
2460549.8127786797	0.99914616	0.00028483634
2460549.814167557	0.9994392	0.00028490566
2460549.8155564335	0.9998197	0.00028485528
2460549.8169453107	1.000121	0.00028494265
2460549.818334188	0.99984443	0.00028488532
2460549.8197230645	0.99969023	0.00028490106
2460549.8211119417	1.000222	0.00028499155
2460549.822500819	0.99966604	0.0002848467
2460549.8238896956	0.9994735	0.00028484233
2460549.8252785727	1.00032	0.0002849804
2460549.8266674494	0.99977887	0.00028492184
2460549.8280563266	0.9997716	0.00028490362
2460549.8294452038	0.9997613	0.00028489166
2460549.8308340805	1.0000119	0.00028491093
2460549.8322229576	0.99987304	0.0002849367
2460549.8336118343	1.0000974	0.00028499894
2460549.8350007115	0.9999573	0.0002849693
2460549.8363895887	1.0001378	0.0002849622
2460549.8377784654	0.9996029	0.00028485252
2460549.8391673425	1.0000235	0.0002849338
2460549.8405562197	0.99982446	0.00028493363
2460549.8419450964	0.99977815	0.00028486707
2460549.8433339735	0.99980026	0.0002849031
2460549.8447228502	1.0000565	0.00028491937
2460549.8461117274	0.99995947	0.00028492714
2460549.8475006046	1.0002153	0.00028497636
2460549.8488894813	0.9995841	0.00028488628
2460549.8502783584	1.0000452	0.00028491946
2460549.851667235	1.00027	0.00028495395
2460549.8530561123	0.99906236	0.00028479417
2460549.854444989	0.9993847	0.00028489242
2460549.855833866	0.99974316	0.00028494405
2460549.8572227433	1.0001227	0.00028496754
2460549.85861162	0.9996611	0.00028491707
2460549.860000497	0.99987155	0.00028493832
2460549.861389374	1.0001938	0.00028494737
2460549.862778251	0.9999693	0.0002849293
2460549.8641671278	0.9994435	0.00028487595
2460549.865556005	0.99956894	0.00028487388
2460549.8669448816	0.99957085	0.00028488188
2460549.868333759	1.0004666	0.00028505726
2460549.8697226355	0.9997946	0.00028491288
2460549.8711115126	0.9996618	0.00028489408
2460549.87250039	1.0005398	0.00028497408
2460549.8738892665	1.0002781	0.00028495927
2460549.8752781437	0.99998313	0.0002849649
2460549.8766670204	0.9999977	0.00028496602
2460549.8780558975	1.0002962	0.00028499914
2460549.8794447742	0.999888	0.00028491163
2460549.8808336514	0.9996644	0.00028490223
2460549.882222528	0.9996321	0.00028494996
2460549.883611405	1.0003635	0.0002849913
2460549.885000282	1.0001621	0.0002849331
2460549.8863891587	1.0003494	0.00028498683
2460549.887778036	0.9995196	0.00028483503
2460549.889166913	0.99991965	0.00028490645
2460549.8905557897	0.9999692	0.0002849427
2460549.891944667	1.0006257	0.00028503587
2460549.8933335436	1.0003557	0.00028498375
2460549.8947224207	0.999555	0.00028490298
2460549.8961112974	1.0000305	0.0002849576
2460549.897500174	1.0000933	0.00028495424
2460549.8988890513	1.0006195	0.0002850183
2460549.900277928	1.0004562	0.00028501326
2460549.901666805	1.0002745	0.0002849666
2460549.903055682	1.0007997	0.00028503707
2460549.904444559	1.0003245	0.00028502496
2460549.9058334357	0.9996919	0.00028488247
2460549.9072223124	1.0000528	0.00028497563
2460549.9086111896	0.999668	0.00028490674
2460549.9100000663	0.9999521	0.00028498675
2460549.9113889434	1.0004328	0.00028501058
2460549.91277782	0.99967426	0.00028491928
2460549.9141666973	1.0003703	0.00028500197
2460549.915555574	0.9997234	0.00028488677
2460549.9169444507	1.0001767	0.00028495197
2460549.918333328	1.0005217	0.00028504778
2460549.9197222046	1.0005679	0.00028504356
2460549.9211110817	0.9999576	0.00028494734
2460549.9224999584	1.0002638	0.00028499967
2460549.923888835	0.99977595	0.00028492935
2460549.9252777123	1.0008659	0.0002850563
2460549.926666589	1.0001915	0.0002849763
2460549.928055466	0.9999908	0.0002849733
2460549.929444343	0.99982655	0.00028493893
2460549.9308332196	0.99991447	0.0002849571
2460549.9322220967	1.000464	0.0002850167
2460549.9336109734	0.9999245	0.00028490415
2460549.9349998506	1.0000275	0.0002849661
2460549.9363887273	0.9999624	0.00028493977
2460549.937777604	1.0004143	0.00028503386
2460549.9391664807	1.0005951	0.00028501512
2460549.940555358	1.0003703	0.00028499533
2460549.9419442345	1.0005118	0.0002850293
2460549.9433331117	1.000199	0.00028495488
2460549.9447219884	1.0001634	0.00028499507
2460549.946110865	1.0004002	0.00028502737
2460549.9474997423	1.0004735	0.0002850155
2460549.948888619	1.0001967	0.0002849628
2460549.9502774957	1.0001347	0.00028498968
2460549.951666373	1.0002735	0.0002849705
2460549.9530552495	1.0007856	0.00028506183
2460549.954444126	1.0001035	0.0002849687
2460549.955833003	1.0001761	0.00028501925
2460549.95722188	0.9999345	0.00028495598
2460549.958610757	1.0003482	0.00028500284
2460549.9599996335	0.9998886	0.00028497216
2460549.9613885107	1.0003213	0.0002849924
2460549.9627773874	1.00049	0.00028504833
2460549.964166264	1.0006405	0.00028505462
2460549.9655551407	1.000341	0.0002850194
2460549.966944018	1.0004343	0.00028503194
2460549.9683328946	1.0000938	0.00028500493
2460549.9697217713	1.0001785	0.00028503573
2460549.9711106485	1.0009284	0.00028511937
2460549.972499525	1.0004494	0.00028500688
2460549.973888402	1.0000831	0.0002849942
2460549.975277279	1.0005184	0.00028501567
2460549.9766661557	1.0001405	0.00028499038
2460549.9780550324	1.0006129	0.00028506923
2460549.979443909	1.0003582	0.0002850188
2460549.9808327863	0.9999247	0.00028501177
2460549.982221663	1.0006573	0.00028503712
2460549.9836105397	1.0007355	0.00028506128
2460549.984999417	1.0010103	0.00028507924
2460549.9863882936	1.0000126	0.00028495328
2460549.9877771703	1.0000312	0.00028500028
2460549.989166047	1.0004171	0.0002850217
2460549.9905549237	1.0002944	0.00028505578
2460549.991943801	1.0000468	0.00028498954
2460549.9933326775	1.0001931	0.00028502947
2460549.994721554	0.99980503	0.0002849098
2460549.996110431	1.0003577	0.00028504516
2460549.9974993076	1.0006497	0.00028504277
2460549.9988881843	1.0008608	0.00028504615
2460550.0002770615	0.9998832	0.00028494804
2460550.001665938	0.999853	0.0002849261
2460550.003054815	1.0003506	0.00028498968
2460550.004443692	1.0006418	0.0002850567
2460550.0058325683	1.0005374	0.00028505598
2460550.0072214454	1.0002441	0.00028499824
2460550.008610322	1.0005715	0.0002850587
2460550.009999199	1.0010438	0.0002850754
2460550.0113880755	0.9999983	0.00028498968
2460550.0127769522	0.9999882	0.00028495412
2460550.0141658294	1.0001311	0.0002849718
2460550.015554706	1.000336	0.0002850195
2460550.016943583	1.0001594	0.00028503136
2460550.0183324595	0.9996464	0.0002849252
2460550.019721336	0.9996823	0.00028493247
2460550.0211102134	1.0005469	0.00028503223
2460550.0224990896	1.0002273	0.00028501105
2460550.0238879668	0.99966705	0.00028494417
2460550.0252768435	0.9995681	0.00028495677
2460550.02666572	1.0006436	0.00028507854
2460550.028054597	0.99984527	0.0002849529
2460550.0294434736	0.9999005	0.00028494955
2460550.0308323507	0.9998268	0.00028492225
2460550.032221227	1.0003021	0.00028505505
2460550.033610104	1.0005418	0.0002850444
2460550.034998981	1.0000495	0.00028498747
2460550.0363878575	0.9998393	0.0002849742
2460550.037776734	1.0000619	0.00028499274
2460550.039165611	1.0001596	0.00028500546
2460550.0405544876	1.000465	0.00028503095
2460550.0419433643	1.0007166	0.0002851135
2460550.043332241	0.99985427	0.00028498194
2460550.044721118	1.0003023	0.00028504516
2460550.046109995	1.000324	0.00028502877
2460550.0474988716	1.0003265	0.0002849937
2460550.0488877483	1.0002322	0.00028499056
2460550.050276625	1.0002742	0.0002849778
2460550.0516655017	1.0000948	0.00028496538
2460550.0530543784	1.0004299	0.0002850421
2460550.054443255	1.000288	0.00028505037
2460550.0558321318	1.0001272	0.00028497283
2460550.0572210085	1.0001657	0.00028500802
2460550.058609885	0.9998733	0.00028502668
2460550.059998762	1.0000972	0.00028500563
2460550.061387639	0.9997665	0.00028495386
2460550.0627765153	1.0003703	0.0002850281
2460550.0641653924	0.99996734	0.0002849717
2460550.0655542687	1.0003283	0.00028502542
2460550.066943146	0.99993867	0.00028494725
2460550.068332022	1.0005747	0.00028502496
2460550.069720899	1.0003223	0.00028500485
2460550.071109776	1.0003669	0.00028507088
2460550.0724986526	0.9999055	0.00028495392
2460550.0738875293	1.000519	0.0002850754
2460550.075276406	0.9997959	0.00028493768
2460550.0766652827	1.0003567	0.00028506553
2460550.078054159	1.0000852	0.00028498663
2460550.079443036	1.0005953	0.0002850628
2460550.080831913	1.0001683	0.00028496556
2460550.0822207895	1.000204	0.00028503608
2460550.083609666	0.9999634	0.0002849743
2460550.084998543	0.9998899	0.00028497723
2460550.0863874196	1.0004213	0.0002850432
2460550.0877762963	1.0000458	0.00028502083
2460550.089165173	1.0002886	0.0002850366
2460550.0905540497	1.0001146	0.00028500616
2460550.0919429264	0.99988335	0.00028495493
2460550.093331803	0.999643	0.0002849146
2460550.0947206793	0.9997494	0.0002849661
2460550.0961095565	0.99998826	0.00028498846
2460550.097498433	1.0003916	0.00028502723
2460550.0988873094	0.9999583	0.00028503028
2460550.1002761866	0.999993	0.00028496567
2460550.101665063	1.0001025	0.0002849763
2460550.1030539395	1.0000235	0.00028495892
2460550.1044428167	1.000203	0.0002850175
2460550.105831693	1.0001457	0.00028502545
2460550.1072205696	1.0002968	0.0002850408
2460550.1086094463	1.0006138	0.00028507653
2460550.109998323	1.0002301	0.00028500127
2460550.1113871997	1.0000956	0.000284998
2460550.1127760764	1.0001948	0.00028504536
2460550.114164953	1.0004604	0.0002850358
2460550.11555383	1.00045	0.00028503628
2460550.1169427065	1.0003152	0.00028502266
2460550.1183315828	1.0003024	0.00028504134
2460550.11972046	1.0000123	0.00028500168
2460550.121109336	1.0003045	0.0002850887
2460550.122498213	1.0005956	0.00028506308
2460550.1238870895	1.0002013	0.0002850591
2460550.1252759662	1.000083	0.00028501693
2460550.126664843	1.0003811	0.00028502315
2460550.1280537196	1.000419	0.0002850247
2460550.1294425963	1.000611	0.00028509987
2460550.130831473	0.99977297	0.0002849757
2460550.1322203493	1.000269	0.000285034
2460550.1336092264	1.0001305	0.00028503942
2460550.1349981027	1.000024	0.000285027
2460550.1363869794	1.0005549	0.00028503838
2460550.137775856	1.0006491	0.00028510508
2460550.139164733	1.0009396	0.0002851567
2460550.1405536095	1.0002744	0.00028503253
2460550.141942486	0.99977654	0.00028497167
2460550.143331363	1.0005889	0.00028508043
2460550.144720239	0.99985576	0.00028497438
2460550.146109116	1.0006692	0.00028507784
2460550.1474979925	1.0004919	0.00028508494
2460550.148886869	0.9997848	0.00028494516
2460550.150275746	1.0007201	0.00028512953
2460550.151664622	0.9998515	0.00028500878
2460550.153053499	0.9997966	0.0002849483
2460550.1544423755	1.0007371	0.00028512356
2460550.155831252	1.0009073	0.00028509749
2460550.157220129	1.0003428	0.00028508616
2460550.1586090056	1.000415	0.00028507618
2460550.1599978823	1.0000007	0.0002850045
2460550.1613867586	1.0007637	0.00028514027
2460550.1627756353	1.0002971	0.00028506224
2460550.164164512	0.9999515	0.00028499443
2460550.1655533887	1.0003425	0.0002850492
2460550.1669422654	1.0003413	0.00028501172
2460550.1683311416	0.9999987	0.00028498785
2460550.1697200183	1.0003942	0.0002850611
2460550.171108895	1.0001942	0.0002850452
2460550.1724977717	1.0002748	0.0002850122
2460550.1738866484	0.9998178	0.00028497542
2460550.1752755246	1.0005876	0.00028508555
2460550.1766644013	1.0001013	0.00028497848
2460550.178053278	1.0002815	0.00028503506
2460550.1794421542	1.0002654	0.00028500886
2460550.180831031	1.000209	0.0002850628
2460550.1822199076	0.99998415	0.0002850012
2460550.1836087843	1.000156	0.0002850496
2460550.1849976606	1.0004343	0.0002850399
2460550.1863865373	1.0002521	0.00028502793
2460550.187775414	1.0001223	0.00028504978
2460550.1891642907	1.000531	0.00028508058
2460550.1905531674	1.000987	0.00028511565
2460550.1919420436	1.0000266	0.00028498974
2460550.1933309203	1.0008827	0.00028509868
2460550.1947197965	0.99995583	0.00028500552
2460550.1961086732	1.0007204	0.0002851017
2460550.19749755	1.0002315	0.0002850219
2460550.1988864266	1.0003703	0.00028506469
2460550.2002753033	1.0002118	0.0002850512
2460550.2016641796	1.0002741	0.00028506725
2460550.2030530563	1.0005276	0.00028507732
2460550.2044419325	1.0006316	0.00028509743
2460550.205830809	1.0001383	0.00028505252
2460550.207219686	1.0001477	0.00028502737
2460550.2086085626	1.0006108	0.0002850848
2460550.2099974393	1.0004503	0.00028509597
2460550.2113863155	1.0010688	0.000285144
2460550.212775192	1.0007627	0.00028516466
2460550.2141640685	0.9996458	0.0002849616
2460550.215552945	1.000542	0.00028506224
2460550.216941822	1.0006258	0.00028503817
2460550.218330698	1.0006078	0.000285081
2460550.219719575	1.0003408	0.0002850524
2460550.2211084515	1.0005867	0.000285088
2460550.2224973277	1.0006367	0.00028510374
2460550.2238862044	1.0004568	0.00028503608
2460550.225275081	1.000678	0.00028508084
2460550.226663958	1.0004386	0.00028503878
2460550.228052834	1.0000448	0.00028501768
2460550.2294417107	1.0006461	0.0002851026
2460550.230830587	1.0001497	0.00028504428
2460550.2322194637	1.0002643	0.00028503756
2460550.2336083404	1.0002191	0.00028503127
2460550.2349972166	1.000531	0.0002850946
2460550.2363860933	1.0006326	0.0002850981
2460550.2377749695	1.0000582	0.00028504344
2460550.2391638462	1.0001355	0.00028503512
2460550.2405527225	1.0004374	0.0002850721
2460550.241941599	1.0005676	0.00028508226
2460550.243330476	1.0008318	0.00028513218
2460550.244719352	1.0007825	0.00028513238
2460550.246108229	1.0003213	0.0002850585
2460550.2474971055	1.00034	0.00028509562
2460550.2488859817	1.000153	0.0002850538
2460550.2502748584	0.9997991	0.00028496736
2460550.2516637347	1.0004034	0.00028507665
2460550.2530526114	1.0004195	0.00028505333
2460550.254441488	1.0004339	0.00028509425
2460550.2558303643	1.000332	0.00028506955
2460550.257219241	1.0006304	0.00028514396
2460550.2586081172	1.000568	0.00028510782
2460550.259996994	1.000223	0.00028503305
2460550.26138587	1.0005231	0.000285102
2460550.262774747	1.0000757	0.0002850359
2460550.264163623	1.0006963	0.00028510985
2460550.2655525	1.000183	0.00028505287
2460550.266941376	1.000216	0.00028505074
2460550.2683302527	1.0002649	0.00028502833
2460550.2697191294	1.0003088	0.0002850874
2460550.2711080057	1.0007881	0.00028514542
2460550.2724968824	1.0002768	0.00028507653
2460550.2738857586	1.0005174	0.00028509743
2460550.2752746353	1.0004112	0.00028509615
2460550.276663512	1.0005542	0.0002851096
2460550.278052388	1.0003816	0.00028508474
2460550.279441265	1.00082	0.00028513107
2460550.280830141	1.000723	0.00028511306
2460550.282219018	1.0003843	0.00028507883
2460550.283607894	1.0003725	0.00028505354
2460550.284996771	1.0005894	0.0002850688
2460550.286385647	1.0006154	0.00028511108
2460550.2877745233	1.0008428	0.00028512802
2460550.2891634	1.0002798	0.00028505552
2460550.290552276	1.0007291	0.00028511128
2460550.291941153	1.0003306	0.00028511253
2460550.293330029	1.0007317	0.00028515016
2460550.294718906	1.0007472	0.00028513203
2460550.2961077825	1.0003964	0.0002850267
2460550.2974966587	1.0005627	0.00028515808
2460550.2988855354	1.0005776	0.00028510194
2460550.3002744117	1.0008285	0.00028516064
2460550.301663288	1.0006177	0.00028509452
2460550.3030521646	1.0000627	0.00028504193
2460550.304441041	1.00032	0.00028507863
2460550.3058299175	1.0003728	0.00028509856
2460550.307218794	1.0004982	0.0002850907
2460550.3086076705	1.0011649	0.00028513744
2460550.3099965467	1.0005538	0.0002850676
2460550.3113854234	1.000552	0.00028511108
2460550.3127742996	0.9999051	0.00028497985
2460550.314163176	1.0008318	0.00028516623
2460550.3155520526	1.0007432	0.00028511454
2460550.316940929	0.9996889	0.0002849966
2460550.3183298055	0.9996135	0.00028494486
2460550.3197186817	1.0004758	0.00028508544
2460550.3211075584	1.000231	0.00028505028
2460550.3224964347	1.0003614	0.00028505584
2460550.323885311	1.0008702	0.00028516937
2460550.3252741876	1.0012146	0.00028517484
2460550.326663064	0.9998916	0.000284986
2460550.3280519405	0.9993628	0.00028494233
2460550.329440817	0.9998225	0.0002849959
2460550.330829693	0.9998405	0.0002850056
2460550.3322185697	0.99986154	0.00028498375
2460550.333607446	1.0000188	0.0002850113
2460550.3349963226	0.99966425	0.00028498948
2460550.336385199	1.0004395	0.0002850837
2460550.337774075	0.99973416	0.00028498212
2460550.339162952	0.999133	0.00028493154
2460550.340551828	0.9994737	0.0002849181
2460550.3419407047	0.9994106	0.00028492828
2460550.343329581	1.000359	0.00028506905
2460550.344718457	0.9995781	0.00028495272
2460550.346107334	0.99961996	0.00028498156
2460550.34749621	1.0001948	0.00028505083
2460550.3488850864	0.99934506	0.00028492158
2460550.3502739626	0.9997	0.00028494807
2460550.3516628393	0.9998175	0.00028498948
2460550.3530517155	1.0002829	0.00028507007
2460550.354440592	0.99963546	0.00028492673
2460550.3558294685	0.99989295	0.00028498567
2460550.3572183447	0.99955773	0.00028494344
2460550.3586072214	1.0000579	0.00028502487
2460550.3599960976	0.99957	0.00028497676
2460550.361384974	0.9997648	0.00028496212
2460550.36277385	0.9999974	0.00028501058
2460550.364162727	1.0003606	0.00028506285
2460550.365551603	1.0001127	0.000285024
2460550.3669404793	0.9995951	0.00028494938
2460550.368329356	0.99961776	0.00028497275
2460550.369718232	1.0000876	0.00028502327
2460550.3711071084	0.9999381	0.00028498616
2460550.372495985	0.99938005	0.00028493805
2460550.3738848614	1.0006213	0.00028510252
2460550.3752737376	0.99993247	0.0002849968
2460550.376662614	1.0001473	0.00028501527
2460550.3780514905	0.9994348	0.00028492894
2460550.3794403668	0.9997138	0.00028500654
2460550.380829243	1.0003679	0.00028512094
2460550.3822181197	0.9995252	0.00028496413
2460550.383606996	0.9998693	0.00028493826
2460550.384995872	0.99995434	0.00028502767
2460550.3863847484	0.9998887	0.00028503654
2460550.387773625	0.9983413	0.00028479725
2460550.3891625013	0.99953115	0.0002850112
2460550.3905513776	0.9993028	0.00028493413
2460550.3919402543	0.9996403	0.00028495197
2460550.3933291305	0.99959975	0.00028497216
2460550.3947180067	0.9994847	0.00028497062
2460550.396106883	0.99949664	0.00028494847
2460550.397495759	0.99968463	0.0002849253
2460550.398884636	0.99958056	0.0002849574
2460550.400273512	0.9998401	0.0002849526
2460550.4016623884	0.9996247	0.0002849668
2460550.4030512646	1.0004108	0.00028504906
2460550.4044401413	0.99940264	0.0002849077
2460550.4058290175	0.99972135	0.0002849901
2460550.4072178937	1.0000753	0.00028505642
2460550.40860677	0.99978614	0.0002849969
2460550.409995646	0.99889296	0.0002848716
2460550.411384523	0.99980354	0.0002849989
2460550.412773399	0.99962753	0.00028499487
2460550.4141622754	0.9996487	0.0002849753
2460550.4155511516	0.9999512	0.00028499172
2460550.416940028	0.9997803	0.00028504402
2460550.4183289045	1.0000057	0.00028503127
2460550.419717781	1.0000256	0.0002850123
2460550.421106657	0.9992924	0.0002849388
2460550.4224955332	0.9997394	0.00028501137
2460550.4238844095	1.0002528	0.00028508104
2460550.425273286	0.9998315	0.00028498212
2460550.4266621624	0.99987346	0.00028501422
2460550.4280510386	0.9997274	0.00028496093
2460550.429439915	0.9998876	0.0002850213
2460550.430828791	0.9991642	0.00028488113
2460550.432217668	0.99933666	0.00028487766
2460550.4336065436	0.99940264	0.0002849369
2460550.4349954203	0.9991176	0.00028492865
2460550.4363842965	0.99945766	0.00028492368
2460550.4377731727	0.99978834	0.00028499504
2460550.439162049	1.0001402	0.00028504603
2460550.440550925	0.99988306	0.0002850097
2460550.441939802	0.99977994	0.0002850128
2460550.4433286777	0.9992617	0.0002849599
2460550.4447175544	0.9994439	0.00028493677
2460550.4461064306	0.9989999	0.00028486128
2460550.447495307	0.9996339	0.00028501067
2460550.448884183	0.9997836	0.0002849554
2460550.4502730593	0.9995556	0.00028500453
2460550.4516619355	0.9995318	0.00028500755
2460550.453050812	1.0000824	0.00028506955
2460550.454439688	0.9996711	0.00028497688
2460550.4558285642	0.99931824	0.0002849617
2460550.457217441	0.999648	0.0002849719
2460550.458606317	0.99985546	0.00028496492
2460550.4599951934	0.99960834	0.00028497737
2460550.4613840696	0.99957913	0.00028496314
2460550.462772946	0.9995546	0.0002849736
2460550.464161822	0.9998139	0.0002849926
2460550.4655506983	1.0000316	0.00028501893
2460550.4669395746	1.0000601	0.00028504213
2460550.468328451	1.0000308	0.00028504612
2460550.469717327	0.99960005	0.00028495837
2460550.4711062033	0.99963623	0.00028495854
2460550.4724950795	0.99980634	0.00028501297
2460550.4738839557	1.0003444	0.00028504003
2460550.4752728324	1.0007347	0.0002851404
2460550.476661708	1.0001	0.00028500942
2460550.478050585	1.0004237	0.00028509117
2460550.4794394607	1.0010287	0.00028513116
2460550.4808283374	1.0003535	0.0002851036
2460550.482217213	1.000377	0.00028508782
2460550.48360609	1.0002148	0.00028506896
2460550.484994966	1.0002726	0.0002850723
2460550.4863838423	1.0000567	0.000285027
2460550.4877727185	1.0015666	0.00028524926
2460550.489161595	0.9998953	0.0002850089
2460550.490550471	1.0003147	0.00028508264
2460550.4919393472	1.0000292	0.0002850181
2460550.4933282235	1.0005388	0.00028506972
2460550.4947170997	0.9994441	0.00028496966
2460550.496105976	1.0001637	0.0002850617
2460550.497494852	1.0004567	0.00028511224
2460550.4988837284	0.9999968	0.00028504626
2460550.5002726046	1.000514	0.0002851244
2460550.501661481	1.0009123	0.00028515377
2460550.503050357	0.9997292	0.000285043
2460550.5044392333	1.0004647	0.00028510558
2460550.5058281096	1.0001142	0.0002850378
2460550.507216986	1.0006806	0.0002851321
2460550.5086058616	1.0008689	0.00028515808
2460550.5099947383	1.0004593	0.0002851148
2460550.5113836145	1.0002388	0.000285083
2460550.5127724903	1.0000027	0.00028500013
2460550.514161367	1.0001678	0.00028506047
2460550.5155502427	1.0002227	0.00028505884
2460550.516939119	1.0001123	0.00028505176
2460550.5183279957	1.000638	0.00028512752
2460550.5197168714	1.0003974	0.00028507735
2460550.5211057477	1.0002131	0.00028507118
2460550.522494624	1.0001204	0.00028506588
2460550.5238835	1.0002084	0.00028507604
2460550.5252723764	0.99998665	0.00028502868
2460550.5266612526	1.0004255	0.00028512048
2460550.528050129	1.0004433	0.0002850866
2460550.529439005	1.0005242	0.0002851131
2460550.5308278813	1.000314	0.00028510636
2460550.532216757	1.0005643	0.00028511512
2460550.533605634	1.0002897	0.0002851017
2460550.5349945095	1.000946	0.0002851961
2460550.536383386	1.0003072	0.00028510182
2460550.537772262	1.0007328	0.00028511573
2460550.5391611382	1.0005543	0.00028512022
2460550.5405500145	1.0009145	0.00028516687
2460550.5419388907	1.0001588	0.00028512618
2460550.543327767	1.0003645	0.00028511474
2460550.544716643	1.0007753	0.00028516247
2460550.5461055194	1.000263	0.00028509324
2460550.5474943956	1.0003666	0.0002851506
2460550.5488832714	1.0001627	0.00028507807
2460550.5502721476	1.0011263	0.00028517845
2460550.551661024	1.0004717	0.00028511722
2460550.5530499	1.0006503	0.0002851577
2460550.5544387763	1.000594	0.00028513547
2460550.5558276526	1.0003983	0.0002851114
2460550.557216529	1.000929	0.000285142
2460550.5586054046	1.0003237	0.00028512115
2460550.559994281	1.0002447	0.00028506722
2460550.561383157	1.0007004	0.00028515403
2460550.5627720333	1.0002875	0.00028510785
2460550.5641609095	1.0008554	0.00028517478
2460550.5655497853	0.99991673	0.0002850311
2460550.5669386615	1.0000347	0.0002850859
2460550.5683275377	1.000249	0.00028512417
2460550.569716414	1.0002395	0.0002851394
2460550.57110529	1.000411	0.0002851096
2460550.5724941664	1.0012261	0.00028521067
2460550.5738830427	1.0003942	0.00028510156
2460550.5752719184	1.0001053	0.0002850689
2460550.5766607947	1.0007603	0.00028515546
2460550.578049671	1.0000733	0.00028508206
2460550.579438547	1.0003378	0.00028509647
2460550.5808274234	1.0007012	0.00028510386
2460550.582216299	1.0002686	0.00028508418
2460550.5836051754	1.0005153	0.0002851169
2460550.5849940516	1.0007925	0.0002851739
2460550.586382928	1.000221	0.00028512595
2460550.587771804	1.0005257	0.00028515692
2460550.58916068	1.0004619	0.00028514303
2460550.590549556	1.0002409	0.00028510124
2460550.5919384323	1.0002441	0.00028513168
2460550.5933273085	0.99994594	0.00028509932
2460550.5947161843	1.0006435	0.00028512377
2460550.5961050605	1.0002242	0.00028511402
2460550.597493937	1.0009191	0.00028520328
2460550.598882813	1.000387	0.00028510482
2460550.600271689	1.0000614	0.00028507967
2460550.601660565	1.0000522	0.00028504958
2460550.6030494412	1.0000973	0.00028507813
2460550.604438317	0.9996131	0.00028501893
2460550.6058271932	1.0001898	0.0002850913
2460550.6072160695	1.0001926	0.00028511972
2460550.6086049457	1.0009755	0.00028517187
2460550.609993822	1.0004475	0.0002850929
2460550.6113826977	1.0002486	0.0002850808
2460550.612771574	0.9999683	0.0002850449
2460550.61416045	0.99963623	0.00028500665
2460550.615549326	1.0007766	0.00028514172
2460550.616938202	1.000728	0.0002851453
2460550.6183270784	1.0003424	0.00028509597
2460550.6197159546	1.0007741	0.0002851624
2460550.6211048304	1.0002867	0.00028508637
2460550.6224937066	1.0005504	0.00028511876
2460550.623882583	1.0005655	0.0002851172
2460550.6252714586	1.0005517	0.00028512665
2460550.626660335	1.0006468	0.00028513095
2460550.628049211	1.0000148	0.00028505764
2460550.629438087	1.0005201	0.00028513765
2460550.630826963	1.0001785	0.00028503904
2460550.6322158393	1.0003597	0.00028510788
2460550.6336047156	1.000627	0.00028512135
2460550.6349935913	0.9993907	0.000284955
2460550.6363824676	1.0008386	0.00028519536
2460550.6377713433	0.99999595	0.00028502542
2460550.6391602196	1.0002745	0.00028510086
2460550.640549096	1.0006093	0.00028516084
2460550.6419379716	1.0004212	0.00028512705
2460550.643326848	1.000094	0.00028508465
2460550.644715724	1.0006008	0.00028512388
2460550.6461046	1.0009749	0.00028518072
2460550.647493476	1.0007933	0.00028520226
2460550.6488823523	0.99985224	0.0002850219
2460550.650271228	1.0002648	0.00028508564
2460550.6516601043	1.0005198	0.00028511393
2460550.6530489805	1.0003889	0.0002851061
2460550.6544378563	1.0003104	0.00028511544
2460550.6558267325	1.000717	0.0002851352
2460550.6572156087	1.000973	0.00028519612
2460550.6586044845	1.0007485	0.00028513835
2460550.6599933608	1.0001711	0.00028508704
2460550.6613822365	1.0002842	0.00028506198
2460550.6627711128	1.0005356	0.00028511023
2460550.6641599885	0.99997765	0.0002850682
2460550.6655488648	0.9998617	0.0002850428
2460550.666937741	0.9997051	0.00028499737
2460550.6683266168	1.0008003	0.0002851498
2460550.669715493	1.0000318	0.00028503075
2460550.6711043688	1.0002377	0.0002850602
2460550.672493245	1.0000558	0.0002850754
2460550.673882121	1.000759	0.00028517406
2460550.675270997	1.0001831	0.0002850682
2460550.676659873	1.0000892	0.00028503014
2460550.678048749	1.000726	0.00028512356
2460550.679437625	1.0004677	0.0002851184
2460550.680826501	1.0002618	0.00028512
2460550.682215377	0.999941	0.00028503386
2460550.6836042535	1.0001781	0.00028508564
2460550.684993129	0.99965703	0.00028497857
2460550.6863820055	1.000042	0.00028508875
2460550.687770881	1.0002514	0.00028509463
2460550.6891597575	1.0001997	0.00028508352
2460550.690548633	1.0003679	0.00028515435
2460550.6919375095	0.9998849	0.00028501957
2460550.6933263857	0.999752	0.0002850647
2460550.6947152615	1.0002463	0.0002850454
2460550.6961041377	1.0001998	0.00028511236
2460550.6974930135	0.99947876	0.0002849911
2460550.698881889	0.9998207	0.00028497376
2460550.7002707655	1.0001389	0.00028509824
2460550.701659641	1.0003586	0.00028509236
2460550.7030485175	1.0006886	0.0002851644
2460550.704437393	1.0006839	0.00028512077
2460550.7058262695	1.0003618	0.0002851046
2460550.707215145	1.0000517	0.0002850296
2460550.7086040215	1.0000385	0.0002850614
2460550.7099928977	1.0000898	0.00028503063
2460550.7113817735	1.0005974	0.00028510788
2460550.7127706497	1.0004945	0.0002851046
2460550.7141595255	1.0003232	0.00028503494
2460550.7155484017	0.99975604	0.0002849839
2460550.7169372775	1.0003476	0.00028511658
2460550.7183261532	1.0000608	0.0002850612
2460550.7197150295	0.99988014	0.0002850224
2460550.7211039052	1.0002193	0.00028508317
2460550.7224927815	1.0005997	0.000285118
2460550.7238816572	0.99955934	0.00028495945
2460550.7252705335	1.0006282	0.00028516815
2460550.7266594092	1.0007308	0.00028510814
2460550.7280482855	0.99965674	0.00028499906
2460550.7294371612	1.0005144	0.00028514647
2460550.730826037	0.9999261	0.0002850337
2460550.7322149132	0.9998951	0.00028504097
2460550.733603789	1.0002016	0.0002850401
2460550.7349926652	0.9995936	0.00028500264
2460550.736381541	1.0004299	0.00028510948
2460550.7377704172	0.9998383	0.00028502458
2460550.739159293	1.0002187	0.0002851146
2460550.740548169	1.0001545	0.00028508413
2460550.741937045	0.99905086	0.0002849424
2460550.7433259212	1.000051	0.00028507411
2460550.744714797	1.0000964	0.0002850599
2460550.746103673	0.99994624	0.00028503197
2460550.747492549	0.9995187	0.0002850049
2460550.748881425	0.9996561	0.00028501832
2460550.7502703005	0.9997543	0.00028503148
2460550.751659177	1.0001622	0.00028507278
2460550.7530480525	0.99995816	0.00028502374
2460550.754436929	1.0004472	0.00028508162
2460550.7558258045	1.0003544	0.00028508896
2460550.7572146803	1.0003958	0.00028509542
2460550.7586035565	1.0004399	0.00028514807
2460550.7599924323	1.0001724	0.00028507508
2460550.761381308	1.0009642	0.00028516058
2460550.7627701843	1.0003567	0.00028509024
2460550.76415906	1.0003743	0.00028507767
2460550.7655479363	1.0000668	0.0002850577
2460550.766936812	0.9999612	0.00028504911
2460550.768325688	1.0002083	0.00028506733
2460550.769714564	1.0003313	0.0002851042
2460550.77110344	1.0002892	0.00028508616
2460550.772492316	0.999529	0.00028498124
2460550.773881192	1.0004463	0.0002851121
2460550.7752700676	0.9999188	0.00028501684
2460550.7766589434	1.0002648	0.00028508995
2460550.7780478196	1.0003407	0.00028507703
2460550.7794366954	0.99958163	0.0002849642
2460550.780825571	1.0000697	0.00028505115
2460550.7822144474	0.99985576	0.0002850264
2460550.783603323	1.0001531	0.00028505534
2460550.784992199	1.000082	0.00028504775
2460550.786381075	1.000108	0.00028505083
2460550.787769951	0.9996907	0.00028498226
2460550.7891588267	0.99990964	0.00028504443
2460550.790547703	1.000884	0.00028521635
2460550.7919365787	1.0002536	0.0002850907
2460550.7933254545	0.99950767	0.00028500578
2460550.7947143307	1.0004294	0.00028514463
2460550.7961032065	0.999939	0.00028510566
2460550.797492082	0.9993095	0.00028493316
2460550.7988809585	0.99967486	0.0002850022
2460550.800269834	0.9994342	0.0002849828
2460550.80165871	0.9999974	0.00028508322
2460550.803047586	1.0003781	0.0002851075
2460550.8044364615	1.0003636	0.0002851182
2460550.805825338	1.0005828	0.00028512502
2460550.8072142135	1.0008745	0.0002851856
2460550.8086030893	0.99958265	0.00028499926
2460550.809991965	1.0001694	0.00028507147
2460550.8113808413	1.0001299	0.00028510127
2460550.812769717	0.9995302	0.0002850188
2460550.814158593	0.9998803	0.00028504265
2460550.815547469	1.0004648	0.00028514588
2460550.816936345	0.9998125	0.00028503832
2460550.8183252206	0.9991029	0.0002849789
2460550.8197140964	1.0003867	0.000285116
2460550.8211029726	0.9999483	0.00028511294
2460550.8224918484	0.9998469	0.0002850903
2460550.823880724	1.0000207	0.0002850844
2460550.8252696	0.99940753	0.0002849911
2460550.8266584757	1.0007747	0.00028517225
2460550.828047352	0.9998845	0.00028508526
2460550.8294362277	0.99998474	0.0002850702
2460550.8308251034	1.0000056	0.0002851075
2460550.832213979	1.0004792	0.00028514361
2460550.833602855	1.0001767	0.000285077
2460550.834991731	1.0002294	0.00028511795
2460550.836380607	1.0000451	0.00028506012
2460550.8377694828	0.99972105	0.0002850275
2460550.839158359	1.0002573	0.00028514082
2460550.8405472343	1.0000664	0.00028509094
2460550.8419361105	1.0003011	0.00028509184
2460550.8433249863	1.0005816	0.00028514417
2460550.844713862	1.0005585	0.0002851585
2460550.846102738	1.0001878	0.00028510264
2460550.8474916136	0.99992186	0.00028504233
2460550.84888049	1.000128	0.0002851328
2460550.8502693656	1.0002079	0.00028508878
2460550.8516582414	0.9997388	0.00028506533
2460550.853047117	1.0000685	0.00028511527
2460550.854435993	1.0002878	0.0002851317
2460550.855824869	1.0002246	0.0002851177
2460550.8572137444	1.0002095	0.00028511952
2460550.8586026207	1.0004109	0.0002851448
2460550.8599914964	1.0004002	0.0002851271
2460550.861380372	0.9994431	0.00028499172
2460550.862769248	1.0004084	0.000285109
2460550.8641581237	1.00026	0.0002851263
2460550.865547	1.0002317	0.0002851249
2460550.8669358753	1.0004904	0.00028511704
2460550.8683247515	0.999665	0.00028502496
2460550.8697136273	1.000474	0.00028513264
2460550.871102503	1.0000743	0.00028505723
2460550.872491379	1.0003182	0.00028509143
2460550.8738802546	1.0002868	0.0002851596
2460550.8752691303	0.9997526	0.00028503168
2460550.876658006	0.9998005	0.00028501722
2460550.878046882	0.9999545	0.00028509175
2460550.8794357576	0.9999789	0.00028507813
2460550.880824634	0.9997696	0.00028508026
2460550.8822135096	0.9997667	0.00028503808
2460550.8836023854	0.99999243	0.00028508206
2460550.884991261	0.99998325	0.0002850688
2460550.886380137	1.0000042	0.00028507801
2460550.8877690127	0.9997644	0.00028503523
2460550.8891578885	0.9999144	0.00028509423
2460550.8905467642	0.9996509	0.00028501547
2460550.89193564	1.0003037	0.00028514516
2460550.893324516	0.99971133	0.00028502053
2460550.8947133915	1.0001714	0.00028507432
2460550.8961022673	0.99995863	0.00028506826
2460550.8974911436	0.99980634	0.0002850685
2460550.8988800193	0.9998598	0.000285071
2460550.900268895	1.0004773	0.00028513372
2460550.901657771	0.9999734	0.00028503628
2460550.9030466466	1.0001034	0.00028507435
2460550.9044355224	0.9996458	0.0002850209
2460550.905824398	0.99983543	0.00028507857
2460550.907213274	1.0005589	0.00028512874
2460550.9086021497	1.0003791	0.0002851404
2460550.9099910255	1.0001794	0.00028511064
2460550.911379901	1.000255	0.0002850912
2460550.912768777	0.9998874	0.0002850859
2460550.9141576528	1.0001255	0.00028508602
2460550.9155465285	0.9996731	0.00028507938
2460550.9169354043	1.0002395	0.0002851443
2460550.91832428	1.0004755	0.00028512013
2460550.919713156	0.9995485	0.00028502973
2460550.9211020316	0.9999712	0.0002850673
2460550.9224909074	1.0001757	0.0002850897
2460550.923879783	0.9996584	0.00028504612
2460550.925268659	1.0002508	0.00028507452
2460550.9266575347	0.99984235	0.00028507292
2460550.9280464104	1.0007368	0.00028517668
2460550.929435286	0.99965775	0.0002850173
2460550.930824162	0.9999339	0.0002850791
2460550.9322130377	1.0000342	0.0002850626
2460550.9336019135	1.0000602	0.0002851002
2460550.9349907893	0.99990076	0.00028502286
2460550.936379665	0.9994549	0.0002850343
2460550.937768541	1.000607	0.00028510334
2460550.9391574166	0.9993266	0.00028499812
2460550.9405462923	1.0000172	0.00028505267
2460550.941935168	0.9998072	0.00028505287
2460550.943324044	1.0005615	0.0002851394
2460550.9447129196	1.0001767	0.00028511588
2460550.946101795	0.99961036	0.0002850124
2460550.9474906707	1.000055	0.00028507478
2460550.9488795465	1.0000485	0.00028508154
2460550.9502684223	1.0000845	0.00028509385
2460550.951657298	1.0001712	0.00028507173
2460550.953046174	0.99945974	0.00028496044
2460550.9544350496	0.9999542	0.00028507662
2460550.9558239253	1.0000823	0.00028511003
2460550.957212801	0.99979573	0.00028504996
2460550.958601677	0.9993907	0.0002849705
2460550.9599905526	1.0002252	0.00028508305
2460550.9613794284	0.9999801	0.00028505153
2460550.9627683037	0.99955416	0.0002850035
2460550.96415718	1.0000565	0.00028509216
2460550.965546055	1.0000703	0.00028504783
2460550.966934931	1.000196	0.0002850655
2460550.9683238068	1.0007861	0.00028519265
2460550.9697126825	0.9997853	0.00028501454
2460550.9711015583	0.999563	0.00028504248
2460550.972490434	0.99975246	0.00028506154
2460550.97387931	1.0000633	0.0002850638
2460550.975268185	0.99990094	0.00028503593
2460550.976657061	1.0003557	0.0002850942
2460550.9780459367	0.99944955	0.0002850215
2460550.9794348124	0.9991529	0.00028497606
2460550.980823688	1.000061	0.0002851043
2460550.982212564	0.999879	0.0002850715
2460550.9836014397	0.9999355	0.00028503238
2460550.9849903155	0.9997102	0.0002850358
2460550.986379191	1.0002222	0.00028505918
2460550.9877680666	0.99968606	0.00028502592
2460550.9891569423	0.9998979	0.0002850602
2460550.990545818	0.9996884	0.00028504047
2460550.991934694	0.9996939	0.00028501617
2460550.9933235697	0.9998794	0.00028507126
2460550.9947124454	0.9999683	0.00028508253
2460550.9961013207	0.99997866	0.0002850919
2460550.9974901965	0.9998646	0.00028508372
2460550.9988790723	0.9995096	0.00028496652
2460551.000267948	0.999483	0.00028503427
2460551.001656824	1.0000787	0.00028509897
2460551.003045699	0.9998348	0.00028505514
2460551.004434575	1.0002106	0.00028508264
2460551.0058234506	1.0004174	0.00028513372
2460551.0072123264	0.9999337	0.0002850649
2460551.0086012017	0.9999063	0.00028505956
2460551.0099900775	1.0002105	0.0002851007
2460551.0113789532	0.99992275	0.00028504865
2460551.012767829	0.9997308	0.00028507214
2460551.014156705	0.9994258	0.00028499906
2460551.01554558	0.9996657	0.0002850311
2460551.016934456	0.9989729	0.00028491887
2460551.0183233316	1.0000688	0.00028505048
2460551.0197122074	0.9995813	0.00028497045
2460551.021101083	0.99994564	0.00028506285
2460551.0224899584	0.99953294	0.00028500083
2460551.023878834	1.0001296	0.00028507406
2460551.02526771	1.0003858	0.0002851462
2460551.0266565857	0.9998999	0.00028504647
2460551.0280454615	1.000263	0.0002851302
2460551.029434337	1.0002078	0.00028508686
2460551.0308232126	0.9990176	0.00028490773
2460551.0322120884	0.9998318	0.00028499766
2460551.033600964	1.00033	0.0002851345
2460551.0349898394	1.0001019	0.00028508046
2460551.036378715	0.99968797	0.00028506943
2460551.037767591	0.99949735	0.00028503226
2460551.0391564663	0.99989074	0.00028503768
2460551.040545342	0.99991983	0.0002850647
2460551.041934218	0.9995403	0.00028500287
2460551.0433230936	0.99923325	0.00028496343
2460551.0447119693	0.9999341	0.00028506434
2460551.0461008446	0.9996747	0.00028502964
2460551.0474897204	0.99979556	0.00028506972
2460551.0488785957	0.99963635	0.0002849987
2460551.0502674715	0.99988204	0.00028508034
2460551.0516563472	1.0004338	0.00028514204
2460551.053045223	0.99913764	0.00028499332
2460551.054434099	0.9998364	0.00028507033
2460551.055822974	0.9995958	0.0002850303
2460551.05721185	1.0002531	0.00028508838
2460551.058600725	0.9991226	0.00028494623
2460551.059989601	0.998709	0.0002849134
2460551.061378476	0.9981623	0.00028488212
2460551.062767352	0.9969098	0.00028463258
2460551.0641562277	0.9968862	0.00028464178
2460551.0655451035	0.99613935	0.00028456587
2460551.0669339793	0.9955311	0.00028445566
2460551.0683228546	0.99445176	0.0002843389
2460551.0697117303	0.9938904	0.00028421867
2460551.071100606	0.993201	0.0002841626
2460551.0724894814	0.993257	0.0002842129
2460551.073878357	0.9928476	0.00028413106
2460551.0752672325	0.993643	0.00028421954
2460551.0766561083	0.99305516	0.00028419442
2460551.0780449836	0.99350065	0.0002842035
2460551.0794338593	0.9926943	0.00028407533
2460551.080822735	0.99244994	0.00028407865
2460551.0822116104	0.9929274	0.00028411817
2460551.083600486	0.9927048	0.00028410373
2460551.084989362	0.9931861	0.00028417428
2460551.086378237	0.992804	0.00028410554
2460551.087767113	0.99252075	0.0002840873
2460551.089155989	0.99319464	0.0002841333
2460551.090544864	0.99298745	0.00028413092
2460551.09193374	0.99254537	0.0002840485
2460551.0933226156	0.9930904	0.00028413942
2460551.094711491	0.99236333	0.0002840852
2460551.0961003667	0.9929038	0.00028414093
2460551.097489242	0.9921834	0.0002840421
2460551.0988781177	0.99244094	0.00028409399
2460551.1002669935	0.9927489	0.0002840995
2460551.101655869	0.9923227	0.00028405877
2460551.1030447446	0.99235976	0.00028402184
2460551.10443362	0.992768	0.00028408194
2460551.1058224957	0.9923068	0.00028403272
2460551.1072113714	0.9930276	0.00028412943
2460551.1086002467	0.9924219	0.00028405612
2460551.1099891225	0.9928421	0.00028410996
2460551.111377998	0.99269736	0.00028406733
2460551.1127668736	0.9926542	0.00028408153
2460551.114155749	0.99248886	0.00028406494
2460551.1155446246	0.9928631	0.00028412693
2460551.1169335	0.9923361	0.00028405047
2460551.1183223757	0.9919289	0.0002840044
2460551.119711251	0.99279064	0.0002841096
2460551.1211001268	0.99196106	0.00028399777
2460551.122489002	0.993095	0.00028414105
2460551.123877878	0.9923926	0.00028409206
2460551.125266753	0.992128	0.00028404174
2460551.126655629	0.9924254	0.00028402914
2460551.128044504	0.9927516	0.00028408575
2460551.12943338	0.99191487	0.0002840201
2460551.1308222557	0.99207604	0.00028397015
2460551.132211131	0.9920045	0.0002840246
2460551.133600007	0.9922894	0.00028406028
2460551.134988882	0.99278295	0.00028411724
2460551.136377758	0.9924023	0.00028408386
2460551.137766633	0.9928613	0.0002841124
2460551.139155509	0.9929303	0.00028413077
2460551.1405443843	0.99257725	0.00028407865
2460551.14193326	0.99307	0.00028413016
2460551.1433221353	0.99280953	0.0002840711
2460551.1447110106	0.99301624	0.0002841588
2460551.1460998864	0.99225473	0.0002841023
2460551.1474887617	0.9927709	0.0002841303
2460551.1488776375	0.9932423	0.00028411223
2460551.150266513	0.9931656	0.0002841785
2460551.1516553885	0.9926827	0.000284108
2460551.1530442643	0.99259365	0.00028404404
2460551.1544331396	0.99319977	0.00028418636
2460551.155822015	0.99298096	0.0002841211
2460551.1572108907	0.9928377	0.00028413077
2460551.158599766	0.9922053	0.00028398132
2460551.1599886417	0.9930947	0.00028417417
2460551.161377517	0.9929926	0.00028409302
2460551.162766393	0.9928563	0.00028410237
2460551.164155268	0.9925719	0.0002840729
2460551.165544144	0.99308306	0.0002841454
2460551.166933019	0.9929067	0.0002841257
2460551.1683218945	0.9934846	0.0002841798
2460551.1697107702	0.9933943	0.00028418947
2460551.1710996456	0.9929951	0.0002841007
2460551.1724885213	0.99311984	0.0002841668
2460551.1738773966	0.9932108	0.0002841619
2460551.1752662724	0.993756	0.00028421183
2460551.1766551477	0.9933928	0.0002841859
2460551.178044023	0.9930526	0.00028410568
2460551.1794328988	0.9935669	0.00028421046
2460551.180821774	0.99315953	0.0002841582
2460551.18221065	0.9934283	0.00028418103
2460551.183599525	0.9932573	0.00028416212
2460551.1849884004	0.9930914	0.00028409908
2460551.186377276	0.9937656	0.00028421616
2460551.1877661515	0.9936567	0.00028423642
2460551.1891550273	0.99276423	0.00028413738
2460551.1905439026	0.99421525	0.00028425857
2460551.191932778	0.99418217	0.00028428892
2460551.1933216536	0.9939732	0.00028420068
2460551.194710529	0.9932779	0.00028415158
2460551.1960994047	0.99406564	0.00028428246
2460551.19748828	0.9937293	0.00028419748
2460551.1988771553	0.99401915	0.0002842938
2460551.200266031	0.994524	0.00028428854
2460551.2016549064	0.99405557	0.00028429966
2460551.2030437817	0.9953541	0.00028442853
2460551.2044326575	0.9956021	0.000284491
2460551.2058215328	0.9960981	0.00028454667
2460551.207210408	0.99652433	0.0002846283
2460551.208599284	0.9973686	0.0002847215
2460551.209988159	0.99766445	0.00028474495
2460551.2113770344	0.9984435	0.00028486358
2460551.21276591	0.99879783	0.00028488509
2460551.2141547855	0.9998623	0.00028506274
2460551.215543661	0.99989265	0.00028503014
2460551.216932536	0.99921995	0.0002850127
2460551.218321412	0.999332	0.0002849292
2460551.219710287	0.99950856	0.00028504457
2460551.221099163	0.9999038	0.0002850539
2460551.2224880382	0.99960107	0.00028499882
2460551.2238769135	0.99986196	0.00028507403
2460551.2252657893	0.9993797	0.00028496576
2460551.2266546646	1.0002421	0.00028512086
2460551.22804354	1.0003468	0.00028507964
2460551.2294324157	1.0003053	0.00028510057
2460551.230821291	0.9998467	0.0002850152
2460551.2322101663	0.9995957	0.00028499487
2460551.2335990416	1.0001969	0.00028510756
2460551.2349879174	1.0004354	0.00028517673
2460551.2363767927	1.0000054	0.00028505278
2460551.237765668	1.000063	0.00028504862
2460551.2391545437	0.99971306	0.00028507115
2460551.240543419	0.99969214	0.00028500694
2460551.2419322943	1.0000539	0.00028508168
2460551.2433211696	0.99995035	0.00028507228
2460551.244710045	0.9993814	0.00028494647
2460551.2460989207	1.0000774	0.0002850691
2460551.247487796	0.999614	0.00028503148
2460551.2488766713	1.0001246	0.0002851115
2460551.2502655466	0.9999632	0.000285129
2460551.2516544224	1.0002196	0.0002850771
2460551.2530432977	1.0000442	0.00028507266
2460551.254432173	0.999623	0.00028499422
2460551.2558210487	0.9999606	0.0002850931
2460551.257209924	1.0002387	0.00028512502
2460551.2585987994	1.0000678	0.00028504455
2460551.2599876747	0.9999061	0.0002850456
2460551.26137655	1.0005255	0.00028514696
2460551.2627654257	0.9992852	0.00028495846
2460551.264154301	0.9995428	0.00028501777
2460551.2655431763	1.0005463	0.0002851611
2460551.2669320516	1.0002177	0.0002850511
2460551.268320927	1.0005376	0.0002851213
2460551.2697098027	0.9998149	0.00028502592
2460551.271098678	1.0000453	0.0002850762
2460551.2724875533	1.0013894	0.00028524583
2460551.2738764286	1.000252	0.0002851164
2460551.2752653044	0.9999887	0.0002850823
2460551.276654179	1.000103	0.0002850976
2460551.278043055	0.99975103	0.00028503855
2460551.2794319303	1.0002409	0.0002850974
2460551.2808208056	1.0001638	0.00028510814
2460551.282209681	0.99971426	0.0002850337
2460551.283598556	0.99980736	0.00028508992
2460551.284987432	0.99944097	0.00028493875
2460551.2863763073	0.99976104	0.00028504425
2460551.2877651826	1.000426	0.0002851509
2460551.289154058	1.0000774	0.00028506407
2460551.290542933	0.9997843	0.0002850492
2460551.291931809	0.9995235	0.00028503695
2460551.2933206838	0.9999785	0.0002850239
2460551.2947095595	0.9999447	0.00028506183
2460551.296098435	1.0003473	0.00028511803
2460551.29748731	0.9999606	0.00028507377
2460551.2988761854	1.000426	0.0002851329
2460551.3002650607	0.99971	0.00028501876
2460551.3016539365	0.99995	0.00028507007
2460551.3030428113	1.0001161	0.00028509015
2460551.304431687	0.999849	0.00028501413
2460551.3058205624	1.0001767	0.0002850959
2460551.3072094377	0.99945444	0.00028499748
2460551.308598313	1.000091	0.00028511722
2460551.3099871883	1.0005411	0.0002851523
2460551.3113760636	0.99993986	0.00028503695
2460551.3127649394	0.9996682	0.00028501183
2460551.314153814	0.99979424	0.0002849839
2460551.31554269	1.0003039	0.0002851626
2460551.3169315653	0.9999243	0.00028506754
2460551.3183204406	0.99984396	0.00028506844
2460551.319709316	0.9998755	0.00028505974
2460551.321098191	0.9997767	0.00028503995
2460551.3224870665	1.0001498	0.0002850957
2460551.323875942	0.9998964	0.0002850509
2460551.325264817	1.0001771	0.00028511058
2460551.3266536924	0.999478	0.00028501084
2460551.3280425677	0.9998791	0.00028506544
2460551.3294314435	0.9997208	0.00028506014
2460551.3308203183	0.99981695	0.0002850424
2460551.332209194	0.99968463	0.00028498776
2460551.3335980694	0.9995496	0.00028504172
2460551.3349869447	1.0001266	0.00028509606
2460551.33637582	0.99962795	0.0002850313
2460551.3377646953	1.0007591	0.0002851708
2460551.3391535706	0.9998351	0.00028505997
2460551.340542446	0.9995983	0.00028500898
2460551.341931321	0.999848	0.00028508483
2460551.3433201965	0.99965936	0.0002849929
2460551.344709072	0.9994671	0.0002849778
2460551.346097947	1.0001307	0.00028509818
2460551.3474868224	1.000062	0.00028510415
2460551.3488756977	1.0001514	0.0002851268
2460551.350264573	1.0005199	0.0002851607
2460551.3516534483	1.0001721	0.0002851437
2460551.3530423236	0.999616	0.0002849834
2460551.354431199	0.99999857	0.00028506716
2460551.355820074	0.99987924	0.00028505322
2460551.3572089495	1.0002033	0.00028512656
2460551.358597825	0.9997995	0.0002850329
2460551.3599867	1.0002015	0.00028509376
2460551.3613755754	0.9994264	0.0002849911
2460551.3627644507	1.0002695	0.00028510622
2460551.364153326	0.99952585	0.00028502688
2460551.3655422013	0.9998139	0.00028499757
2460551.3669310766	0.99940103	0.00028502592
2460551.368319952	0.9999772	0.0002850791
2460551.369708827	0.9995165	0.00028497062
2460551.3710977025	0.9993214	0.00028500313
2460551.372486578	1.0000284	0.00028504498
2460551.373875453	0.9996156	0.0002850375
2460551.3752643284	0.9997371	0.0002850445
2460551.3766532037	0.9988655	0.00028493803
2460551.378042079	0.9998464	0.00028504938
2460551.3794309543	0.9997546	0.00028507406
2460551.3808198296	0.9998399	0.00028506658
2460551.382208705	1.0002859	0.00028507313
2460551.3835975803	0.99969256	0.00028504775
2460551.3849864556	0.99980885	0.0002850722
2460551.3863753304	0.9996281	0.00028502973
2460551.387764206	1.0000783	0.00028510613
2460551.389153081	0.99950707	0.00028497408
2460551.3905419563	1.000132	0.00028510604
2460551.3919308316	0.99988556	0.00028507554
2460551.393319707	0.9999483	0.00028507688
2460551.394708582	0.9997748	0.0002850743
2460551.3960974575	0.999571	0.00028500636
2460551.397486333	0.999899	0.00028506154
2460551.398875208	0.99953747	0.00028496704
2460551.4002640834	0.99998456	0.0002850456
2460551.4016529587	0.9997173	0.0002849783
2460551.4030418335	0.9997375	0.00028504847
2460551.4044307093	1.0004063	0.00028506533
2460551.405819584	1.0000794	0.0002850916
2460551.4072084595	0.9994767	0.00028501914
2460551.4085973348	0.9995068	0.0002850086
2460551.40998621	1.000041	0.00028507292
2460551.4113750854	1.0002167	0.00028508954
2460551.4127639607	0.9997087	0.00028507307
2460551.414152836	0.9997461	0.00028503072
2460551.4155417113	0.9993495	0.0002849855
2460551.416930586	0.9995016	0.0002850128
2460551.418319462	0.9998778	0.00028507708
2460551.4197083367	0.9999997	0.00028511017
2460551.421097212	1.0002458	0.00028508747
2460551.4224860873	1.0001191	0.00028511052
2460551.4238749626	1.0002394	0.00028510325
2460551.425263838	1.0001118	0.00028506923
2460551.4266527127	1.0001547	0.00028509795
2460551.428041588	1.0007969	0.0002852081
2460551.4294304634	1.000026	0.0002850906
2460551.4308193387	0.9999801	0.00028504853
2460551.432208214	0.9997199	0.00028507505
2460551.4335970893	1.0004421	0.0002851178
2460551.4349859646	1.0003735	0.00028512912
2460551.4363748394	0.99974704	0.00028504108
2460551.4377637147	0.99975604	0.0002850723
2460551.43915259	0.99991125	0.00028507598
2460551.4405414653	1.0002064	0.000285059
2460551.4419303406	0.9997447	0.00028506582
2460551.4433192154	1.0001224	0.00028507874
2460551.4447080907	1.0000316	0.00028508293
2460551.446096966	1.0001874	0.00028508477
2460551.4474858413	0.9999284	0.0002850574
2460551.448874716	0.9996474	0.00028499018
2460551.4502635915	1.0005803	0.00028519766
2460551.451652467	1.0001214	0.0002850915
2460551.453041342	1.000081	0.0002851043
2460551.4544302174	0.9999044	0.00028507406
2460551.455819092	0.99992025	0.00028510988
2460551.4572079675	1.0000063	0.0002851007
2460551.458596843	1.000108	0.0002850662
2460551.459985718	0.99997026	0.00028508954
2460551.4613745934	1.0001676	0.00028510345
2460551.4627634683	0.9992074	0.00028494833
2460551.4641523436	0.9994729	0.00028502085
2460551.465541219	0.9996295	0.0002850246
2460551.466930094	0.99997514	0.00028507123
2460551.4683189695	1.0000862	0.0002851214
2460551.4697078443	1.0002953	0.00028509283
2460551.4710967196	1.0002086	0.00028511902
2460551.472485595	1.00015	0.00028509696
2460551.47387447	1.0000608	0.00028511736
2460551.475263345	1.0004224	0.0002851501
2460551.4766522204	1.0003427	0.0002851392
2460551.4780410957	1.0006124	0.0002851647
2460551.4794299705	1.0000565	0.0002851109
2460551.480818846	0.9997979	0.00028502988
2460551.482207721	0.9997433	0.0002851004
2460551.4835965964	1.0000522	0.00028507673
2460551.4849854717	1.0000508	0.00028506544
2460551.4863743465	0.999784	0.00028505927
2460551.487763222	1.0000366	0.00028510176
2460551.4891520967	1.0003127	0.00028511957
2460551.490540972	0.9997106	0.00028503608
2460551.4919298473	1.0004946	0.00028514248
2460551.4933187226	1.0005845	0.00028517336
2460551.494707598	0.9998682	0.00028510106
2460551.4960964727	1.0001385	0.00028510025
2460551.497485348	1.0001806	0.00028512647
2460551.498874223	1.000828	0.00028518925
2460551.500263098	1.0008578	0.00028521603
2460551.5016519735	1.0001502	0.00028512694
2460551.5030408483	1.0002079	0.00028512164
2460551.5044297236	1.0003619	0.00028512566
2460551.505818599	1.0000337	0.0002851297
2460551.507207474	1.0005457	0.0002851581
2460551.508596349	1.0005331	0.0002851582
2460551.5099852243	0.99983877	0.00028506466
2460551.5113740996	1.0003989	0.00028516055
2460551.5127629745	1.0006177	0.00028518972
2460551.51415185	1.0001374	0.00028510098
2460551.5155407246	1.0005428	0.00028518616
2460551.5169296	1.0006194	0.00028518357
2460551.5183184748	1.0008371	0.00028520485
2460551.51970735	1.0003221	0.00028516035
2460551.5210962254	1.0003723	0.0002851205
2460551.5224851007	1.0003664	0.00028520063
2460551.5238739755	1.0000936	0.0002851384
2460551.525262851	0.99963576	0.00028505508
2460551.526651726	1.0003798	0.00028514967
2460551.528040601	1.0008274	0.0002852153
2460551.5294294762	1.0002364	0.0002851043
2460551.5308183515	1.0002462	0.00028513346
2460551.5322072264	0.9996756	0.0002850916
2460551.5335961017	1.0012168	0.00028526163
2460551.5349849765	1.0001553	0.00028507508
2460551.536373852	1.0006454	0.00028519842
2460551.537762727	1.0004705	0.00028514775
2460551.539151602	1.0000654	0.0002851087
2460551.5405404773	1.0003122	0.0002851877
2460551.541929352	1.0005145	0.00028514382
2460551.5433182274	1.0005273	0.0002852074
2460551.5447071022	1.0005398	0.00028516632
2460551.5460959775	1.0003908	0.00028519312
2460551.547484853	1.0009217	0.00028520497
2460551.5488737277	1.0004565	0.00028519315
2460551.550262603	0.9995376	0.00028504702
2460551.551651478	1.000806	0.00028519283
2460551.553040353	1.0004736	0.00028517627
2460551.5544292284	1.0005678	0.00028517575
2460551.5558181033	1.0003852	0.00028516783
2460551.5572069786	1.0006214	0.00028517214
2460551.5585958534	1.0004483	0.00028522382
2460551.5599847287	1.0004148	0.00028516553
2460551.5613736035	1.0007131	0.00028516824
2460551.562762479	1.000647	0.00028521306
2460551.5641513537	1.00066	0.00028519589
2460551.565540229	1.0008948	0.00028525467
2460551.566929104	1.0003397	0.00028512187
2460551.568317979	1.0002385	0.0002851343
2460551.569706854	0.9999387	0.00028506186
2460551.5710957292	1.0003808	0.00028517054
2460551.572484604	1.000487	0.00028517784
2460551.5738734794	1.0005134	0.0002851734
2460551.575262354	1.0009469	0.00028522714
2460551.5766512295	1.0005002	0.00028520307
2460551.5780401044	1.0004977	0.00028517333
2460551.5794289797	1.0003828	0.00028520208
2460551.580817855	1.0003932	0.000285147
2460551.58220673	1.0000638	0.00028513474
2460551.583595605	1.0002946	0.00028515863
2460551.58498448	1.0003691	0.00028516428
2460551.5863733552	1.0002594	0.0002851238
2460551.58776223	1.0005451	0.0002851848
2460551.589151105	1.0006462	0.0002852497
2460551.59053998	1.0004197	0.00028517086
2460551.591928855	1.0007945	0.00028523573
2460551.5933177304	1.0002073	0.00028515427
2460551.594706605	1.0008367	0.0002852372
2460551.5960954805	1.0004339	0.00028518162
2460551.597484356	1.0007756	0.0002852143
2460551.5988732306	1.0004375	0.00028522257
2460551.6002621055	1.0001346	0.00028517458
2460551.6016509808	1.0003595	0.00028518675
2460551.6030398556	1.0006917	0.00028516172
2460551.6044287304	1.0008141	0.00028527746
2460551.6058176057	0.9999241	0.00028513692
2460551.607206481	1.0004507	0.00028517618
2460551.608595356	0.9998382	0.00028510176
2460551.609984231	1.0011675	0.00028524574
2460551.611373106	0.99996454	0.0002851213
2460551.612761981	1.0005249	0.00028519158
2460551.614150856	1.0005898	0.00028517912
2460551.615539731	0.99994975	0.0002851198
2460551.6169286063	1.0007843	0.00028524804
2460551.618317481	1.0000433	0.0002851559
2460551.619706356	1.0005349	0.0002852007
2460551.6210952313	1.0008891	0.00028521375
2460551.622484106	1.0001653	0.00028514807
2460551.6238729814	1.0006088	0.0002852134
2460551.6252618562	1.0002085	0.0002851942
2460551.6266507315	1.0002818	0.00028513643
2460551.6280396064	0.99975723	0.00028512368
2460551.629428481	0.99989223	0.00028512857
2460551.630817356	1.0006235	0.00028523878
2460551.6322062314	1.0004231	0.00028518258
2460551.6335951067	1.0006267	0.0002852429
2460551.6349839815	1.0003288	0.0002851988
2460551.6363728563	1.0002631	0.00028517505
2460551.637761731	1.0003204	0.00028519207
2460551.6391506065	0.9998983	0.0002850928
2460551.640539482	1.0004213	0.00028516384
2460551.6419283566	0.999743	0.0002850609
2460551.6433172314	1.0002438	0.0002851601
2460551.6447061063	1.0005878	0.000285216
2460551.6460949816	1.0006019	0.0002852417
2460551.6474838564	1.0002253	0.00028519277
2460551.6488727313	0.9999356	0.00028515825
2460551.6502616066	1.0006518	0.0002852262
2460551.6516504814	0.99999493	0.0002851339
2460551.6530393567	1.0008254	0.00028523387
2460551.6544282315	0.9995395	0.00028513485
2460551.6558171064	0.99989253	0.00028514746
2460551.6572059817	0.99979895	0.00028513657
2460551.6585948565	1.0002548	0.0002851442
2460551.6599837313	1.0004102	0.0002851527
2460551.661372606	1.0008986	0.00028519038
2460551.6627614815	1.0005368	0.0002852035
2460551.6641503563	1.0001743	0.00028519268
2460551.665539231	0.9997729	0.00028508346
2460551.6669281065	1.000179	0.0002851696
2460551.6683169813	1.0000458	0.00028515048
2460551.6697058566	1.0005517	0.00028521518
2460551.6710947314	0.9995479	0.00028501867
2460551.6724836063	0.999861	0.00028514207
2460551.673872481	0.9997177	0.000285142
2460551.6752613564	1.0001684	0.00028519315
2460551.6766502312	1.00046	0.00028521795
2460551.678039106	1.0002962	0.00028518162
2460551.6794279814	1.0001438	0.00028519097
2460551.680816856	1.0007023	0.0002852133
2460551.682205731	1.0006001	0.00028523165
2460551.6835946064	1.0002837	0.00028516544
2460551.684983481	1.0004171	0.00028517042
2460551.686372356	1.0000714	0.00028515302
2460551.687761231	1.0005305	0.0002852313
2460551.6891501057	1.0006247	0.00028520176
2460551.6905389805	1.0003358	0.00028520773
2460551.691927856	1.0006927	0.00028523093
2460551.6933167307	1.0002661	0.00028517476
2460551.6947056055	0.9997834	0.00028510718
2460551.696094481	1.0000254	0.00028509495
2460551.6974833556	1.000433	0.00028521538
2460551.6988722305	1.0001013	0.0002852165
2460551.700261106	1.0000392	0.00028513142
2460551.7016499806	1.000193	0.000285144
2460551.7030388555	0.9999945	0.00028515473
2460551.7044277303	0.9998658	0.0002851506
2460551.705816605	1.0005616	0.0002852032
2460551.70720548	1.00038	0.00028519667
2460551.7085943553	1.0002366	0.0002851434
2460551.70998323	1.0001312	0.000285173
2460551.711372105	1.0004001	0.000285185
2460551.7127609802	0.9999509	0.00028511282
2460551.7141498546	1.0004672	0.00028518154
2460551.71553873	1.0010251	0.0002853232
2460551.7169276047	1.0003449	0.00028519885
2460551.7183164796	1.000581	0.0002852194
2460551.719705355	1.0006615	0.00028522857
2460551.7210942297	0.999857	0.000285112
2460551.7224831046	1.0003138	0.0002852022
2460551.7238719794	0.9999576	0.0002851227
2460551.7252608542	1.0002477	0.00028518104
2460551.7266497295	1.0000558	0.00028514216
2460551.7280386044	1.0008043	0.00028518177
2460551.729427479	1.0006697	0.00028522205
2460551.730816354	1.0005344	0.00028525418
2460551.732205229	1.0005497	0.00028523494
2460551.7335941037	1.0004009	0.0002851993
2460551.7349829786	1.0004947	0.0002852289
2460551.736371854	1.0010266	0.00028529364
2460551.7377607287	1.0000374	0.00028515758
2460551.7391496035	1.0001776	0.0002851549
2460551.7405384784	1.0004597	0.0002852082
2460551.741927353	1.0009472	0.00028527572
2460551.7433162285	1.000929	0.0002852228
2460551.744705103	0.99969447	0.0002851181
2460551.746093978	1.0002931	0.0002851962
2460551.747482853	1.0008179	0.00028528445
2460551.748871728	1.000859	0.00028529877
2460551.7502606027	1.000799	0.0002852537
2460551.7516494775	1.0000566	0.00028512694
2460551.7530383524	1.0007211	0.00028526408
2460551.754427227	1.0002414	0.00028516806
2460551.7558161025	1.0010433	0.0002852938
2460551.757204977	1.0000905	0.00028516274
2460551.758593852	1.0007243	0.00028522863
2460551.759982727	1.0000143	0.0002851618
2460551.761371602	1.0005301	0.00028519117
2460551.7627604767	1.0004177	0.00028524172
2460551.7641493515	1.0007879	0.00028527595
2460551.7655382263	1.0012269	0.0002853175
2460551.766927101	0.9997922	0.00028512982
2460551.768315976	0.999829	0.0002851118
2460551.7697048513	1.0005083	0.00028526384
2460551.771093726	1.0003345	0.00028523157
2460551.772482601	1.0003521	0.00028521175
2460551.773871476	1.0010431	0.00028530974
2460551.7752603507	1.0008577	0.00028529367
2460551.7766492255	1.0003127	0.0002852332
2460551.7780381003	1.0000308	0.0002851558
2460551.779426975	1.0009402	0.00028528296
2460551.78081585	1.0003506	0.00028519312
2460551.782204725	1.0005765	0.00028521186
2460551.7835935997	1.0007257	0.00028528195
2460551.7849824745	1.001005	0.00028527435
2460551.78637135	1.0000741	0.0002852143
2460551.787760224	1.0004282	0.0002852387
2460551.7891490995	1.0006374	0.00028525607
2460551.790537974	1.00086	0.000285312
2460551.791926849	1.0002993	0.00028521626
2460551.7933157235	1.0008149	0.00028524591
2460551.794704599	1.0009694	0.00028532895
2460551.7960934737	1.0008464	0.00028531044
2460551.7974823485	1.0008287	0.00028529155
2460551.7988712233	1.0006421	0.0002852581
2460551.8002600977	1.0001138	0.00028523608
2460551.801648973	0.99971753	0.0002851574
2460551.8030378474	0.9998319	0.0002851919
2460551.8044267227	0.9999056	0.00028518157
2460551.8058155975	0.9999241	0.00028513453
2460551.8072044724	1.0007204	0.00028531093
2460551.808593347	1.0005778	0.0002852392
2460551.809982222	0.99996907	0.00028515427
2460551.811371097	1.0000194	0.00028520188
2460551.8127599717	0.9998374	0.00028517912
2460551.8141488465	0.99989146	0.0002851935
2460551.8155377214	0.9996461	0.0002851558
2460551.816926596	0.9994471	0.00028512414
2460551.818315471	0.99997526	0.00028521294
2460551.8197043454	0.99975175	0.00028516012
2460551.8210932207	0.999521	0.0002851438
2460551.8224820956	1.0006772	0.00028528474
2460551.82387097	0.99993885	0.00028515578
2460551.8252598452	1.0002477	0.00028526326
2460551.8266487196	0.99942267	0.00028510077
2460551.8280375944	0.99994534	0.0002852022
2460551.8294264697	1.0001056	0.00028516786
2460551.830815344	1.0001327	0.0002852055
2460551.832204219	0.9992572	0.00028511047
2460551.833593094	0.99988556	0.00028515662
2460551.8349819686	0.9990366	0.00028506183
2460551.8363708435	0.9997443	0.00028512586
2460551.8377597183	1.0001792	0.00028521463
2460551.839148593	1.0010606	0.00028532665
2460551.840537468	0.99978906	0.00028517618
2460551.841926343	1.000193	0.00028517778
2460551.8433152176	0.9996682	0.00028517697
2460551.8447040925	0.99990124	0.00028519615
2460551.846092967	0.9999449	0.00028519283
2460551.8474818417	0.999752	0.00028513756
2460551.848870717	0.999871	0.00028519594
2460551.8502595914	0.99979895	0.00028516853
2460551.851648466	0.9998493	0.00028517254
2460551.853037341	0.9999201	0.0002851847
2460551.854426216	1.000017	0.00028524306
2460551.8558150907	0.9997559	0.00028518157
2460551.8572039655	1.00012	0.00028520904
2460551.8585928404	1.0001924	0.00028521844
2460551.8599817147	0.9999075	0.0002851928
2460551.86137059	1.0002015	0.00028524172
2460551.8627594644	0.9999593	0.00028517237
2460551.8641483393	0.9998906	0.00028516422
2460551.865537214	0.99960166	0.00028512473
2460551.866926089	0.9998851	0.00028515825
2460551.8683149638	1.0001153	0.00028520875
2460551.8697038386	1.0001075	0.00028521422
2460551.8710927134	0.9998524	0.0002852014
2460551.8724815883	1.0004973	0.00028525785
2460551.8738704626	0.999718	0.00028515607
2460551.8752593375	1.0002056	0.0002852469
2460551.8766482123	1.0002638	0.00028520206
2460551.878037087	1.0002464	0.00028518433
2460551.879425962	1.0003877	0.00028522438
2460551.880814837	0.99961126	0.00028517254
2460551.8822037117	1.0000787	0.00028515907
2460551.883592586	1.0000023	0.00028518672
2460551.884981461	0.9995565	0.0002850838
2460551.8863703357	1.000078	0.00028516926
2460551.8877592105	1.0001677	0.0002852147
2460551.889148085	1.0003953	0.00028518683
2460551.8905369597	0.9997077	0.0002851147
2460551.8919258346	0.99931824	0.0002850796
2460551.8933147094	0.9994354	0.0002851205
2460551.8947035843	0.99978006	0.0002851664
2460551.8960924586	0.99990904	0.000285178
2460551.8974813335	0.9993672	0.0002850427
2460551.8988702088	1.0002502	0.00028518995
2460551.900259083	1.0001783	0.00028520744
2460551.901647958	1.0000494	0.00028520438
2460551.903036833	0.9999356	0.0002851729
2460551.9044257076	0.99976027	0.00028511314
2460551.905814582	0.9996127	0.0002851409
2460551.907203457	0.9997257	0.0002851004
2460551.9085923317	0.99955165	0.00028511658
2460551.909981206	0.99949837	0.0002851422
2460551.911370081	1.0003326	0.00028524396
2460551.9127589557	0.99939245	0.00028512278
2460551.9141478306	0.99995697	0.00028520336
2460551.9155367054	1.0005249	0.00028526154
2460551.91692558	1.0005019	0.0002852047
2460551.9183144546	0.99940306	0.0002850683
2460551.9197033294	1.0001464	0.00028520887
2460551.9210922043	0.9994411	0.00028511148
2460551.9224810787	0.99933404	0.00028510057
2460551.9238699535	0.9990671	0.00028506637
2460551.9252588283	0.9998017	0.00028517272
2460551.926647703	1.0000696	0.00028518957
2460551.928036578	1.0005289	0.00028523282
2460551.9294254524	0.99957764	0.00028510546
2460551.930814327	1.0003084	0.0002852376
2460551.9322032016	0.9995309	0.00028512732
2460551.9335920764	0.99997395	0.00028517336
2460551.9349809512	1.0000843	0.0002852622
2460551.936369826	0.9995089	0.00028513843
2460551.937758701	1.0000372	0.00028518433
2460551.9391475753	0.9993095	0.00028508686
2460551.94053645	1.0000086	0.00028521745
2460551.941925325	1.0005013	0.0002852945
2460551.9433141993	1.0000218	0.00028519004
2460551.944703074	0.9997832	0.00028519786
2460551.946091949	0.9997834	0.00028512802
2460551.947480824	1.0000672	0.00028523762
2460551.948869698	1.0001396	0.00028522054
2460551.950258573	0.9996627	0.00028515924
2460551.951647448	1.0000863	0.00028519615
2460551.9530363223	1.0005673	0.00028528177
2460551.954425197	1.0005118	0.00028524626
2460551.9558140715	0.999676	0.00028519038
2460551.9572029463	1.0011538	0.000285367
2460551.958591821	1.0000851	0.00028525578
2460551.959980696	1.0004778	0.00028523384
2460551.9613695703	1.0001506	0.00028521966
2460551.962758445	0.99997705	0.00028517525
2460551.96414732	1.0000604	0.00028522225
2460551.9655361944	1.0008918	0.00028533494
2460551.966925069	1.0000768	0.00028517778
2460551.968313944	1.0006806	0.0002853368
2460551.9697028184	1.0007064	0.00028532746
2460551.9710916933	1.0008084	0.00028529903
2460551.9724805676	0.9994821	0.0002851686
2460551.9738694425	1.0000987	0.0002852113
2460551.9752583173	0.99986404	0.00028519446
2460551.9766471917	0.99973255	0.00028514123
2460551.9780360665	1.0002367	0.00028524795
2460551.9794249414	1.0005164	0.0002852166
2460551.9808138157	1.0002408	0.00028523323
2460551.9822026906	0.9999965	0.00028518852
2460551.9835915654	1.0000204	0.00028529158
2460551.98498044	0.99996006	0.0002852253
2460551.9863693146	1.0002851	0.00028524833
2460551.9877581894	1.000091	0.0002852345
2460551.989147064	1.0001082	0.00028521154
2460551.9905359386	1.000603	0.0002852975
2460551.991924813	1.0006392	0.00028530313
2460551.993313688	0.9999072	0.0002851949
2460551.9947025627	1.0004817	0.0002852777
2460551.996091437	1.0002797	0.00028532933
2460551.997480312	1.0004939	0.00028531783
2460551.9988691863	1.0004144	0.00028525555
2460552.000258061	1.0005851	0.00028531588
2460552.0016469355	1.0001649	0.0002852864
2460552.0030358103	1.0000677	0.00028522994
2460552.004424685	1.0007012	0.0002852973
2460552.0058135595	1.0003035	0.00028524193
2460552.0072024344	1.0003159	0.00028527196
2460552.0085913087	1.0007808	0.0002853271
2460552.0099801836	0.99996066	0.00028522935
2460552.0113690584	0.9999368	0.00028523346
2460552.012757933	1.00097	0.00028533684
2460552.0141468076	1.0003096	0.0002852304
2460552.015535682	0.999454	0.0002851253
2460552.016924557	1.0004854	0.00028527933
2460552.018313431	1.0000513	0.0002852603
2460552.019702306	1.0004512	0.00028529388
2460552.0210911804	1.0005922	0.00028533672
2460552.022480055	1.0003992	0.0002852836
2460552.0238689296	0.9996441	0.00028516783
2460552.0252578044	1.0001013	0.00028526463
2460552.026646679	1.0005692	0.00028531605
2460552.0280355536	1.0001107	0.00028526253
2460552.029424428	1.0008891	0.00028533122
2460552.030813303	1.0004079	0.00028529935
2460552.032202177	1.0005225	0.00028534184
2460552.033591052	1.0000144	0.00028521285
2460552.0349799264	1.0004677	0.0002852719
2460552.0363688013	0.9999997	0.00028527807
2460552.037757676	0.99991775	0.00028524757
2460552.0391465505	1.0007304	0.00028530505
2460552.040535425	1.0001711	0.00028532627
2460552.0419242997	0.99961007	0.0002851762
2460552.043313174	1.0002646	0.0002853026
2460552.044702049	0.9998313	0.00028519487
2460552.0460909232	1.0002309	0.00028529012
2460552.047479798	1.0003483	0.0002852918
2460552.0488686725	1.0004605	0.0002853211
2460552.0502575473	1.0002884	0.0002853582
2460552.0516464217	0.99999344	0.00028525037
2460552.0530352965	1.000295	0.000285319
2460552.054424171	1.0006166	0.00028532874
2460552.0558130457	1.0000145	0.00028529027
2460552.05720192	1.0002167	0.00028529385
2460552.0585907944	1.0012447	0.00028540482
2460552.0599796693	1.0007443	0.0002853399
2460552.0613685437	1.0007064	0.00028532904
2460552.0627574185	1.000328	0.000285276
2460552.064146293	0.99976915	0.0002852255
2460552.0655351677	1.0003511	0.00028533099
2460552.066924042	0.99967897	0.00028520662
2460552.0683129164	0.9999053	0.0002852122
2460552.0697017913	1.0004328	0.0002852953
2460552.071090666	1.0002023	0.00028528532
2460552.0724795405	1.0003014	0.00028528023
2460552.073868415	1.0004259	0.00028533017
2460552.0752572897	1.0002948	0.00028528468
2460552.076646164	1.000581	0.00028533052
2460552.0780350384	0.9997755	0.00028527796
2460552.0794239133	1.0002671	0.0002852856
2460552.080812788	1.0003769	0.00028530802
2460552.0822016625	1.0005789	0.00028528055
2460552.083590537	0.9999336	0.0002852194
2460552.084979411	1.0002543	0.00028529222
2460552.086368286	1.000802	0.00028535113
2460552.0877571604	0.9991841	0.00028512997
2460552.0891460353	1.0005922	0.000285306
2460552.0905349096	1.000278	0.00028528608
2460552.091923784	1.0002373	0.00028530048
2460552.093312659	1.0005816	0.0002853272
2460552.094701533	1.0003986	0.00028525956
2460552.096090408	0.99976134	0.00028527735
2460552.0974792824	1.0006906	0.00028530817
2460552.098868157	1.0002023	0.0002853331
2460552.1002570316	0.99986386	0.00028526763
2460552.101645906	1.0009239	0.00028540235
2460552.103034781	1.000306	0.00028529
2460552.104423655	1.00004	0.0002852513
2460552.1058125296	1.0002984	0.00028533017
2460552.1072014044	1.0003932	0.00028529903
2460552.108590279	1.0005138	0.000285321
2460552.109979153	1.0002029	0.0002852832
2460552.1113680275	1.000197	0.00028530057
2460552.1127569024	1.0001808	0.00028527566
2460552.114145777	1.0004617	0.00028529068
2460552.1155346516	0.9998295	0.00028524172
2460552.116923526	1.000175	0.00028531105
2460552.1183124003	1.0000949	0.000285318
2460552.119701275	0.9999731	0.00028527336
2460552.1210901495	1.000583	0.00028537025
2460552.122479024	1.0005796	0.00028533634
2460552.1238678987	1.0005088	0.00028533794
2460552.125256773	1.0001667	0.00028528506
2460552.1266456475	1.0002692	0.00028529172
2460552.128034522	1.0000505	0.00028524027
2460552.1294233967	0.99991065	0.00028525022
2460552.130812271	1.0003121	0.0002853246
2460552.1322011454	1.0004234	0.0002853545
2460552.1335900202	0.9998704	0.0002852655
2460552.1349788946	0.9998537	0.00028527688
2460552.136367769	1.0000154	0.0002852532
2460552.1377566434	1.0002477	0.00028528358
2460552.139145518	0.99956375	0.00028522004
2460552.1405343926	0.9998329	0.00028527196
2460552.141923267	1.000327	0.0002853081
2460552.1433121418	1.0003995	0.00028532717
2460552.144701016	0.9996019	0.00028520226
2460552.1460898905	1.0002707	0.00028529632
2460552.147478765	1.0001041	0.0002853246
2460552.1488676397	1.0002614	0.0002853282
2460552.150256514	1.000456	0.00028533995
2460552.1516453885	0.9998679	0.00028527222
2460552.1530342633	1.0000963	0.0002853314
2460552.1544231377	1.0001217	0.00028534725
2460552.155812012	0.9994813	0.0002852286
2460552.1572008864	1.0005933	0.0002854168
2460552.158589761	0.99966335	0.00028528343
2460552.1599786356	0.9995846	0.00028525654
2460552.16136751	0.99970686	0.0002852549
2460552.1627563844	0.9989442	0.0002851471
2460552.1641452587	1.0001329	0.00028528957
2460552.1655341336	0.99925417	0.00028519015
2460552.382198533	1.0001276	0.0002853331
2460552.383587407	1.0001982	0.00028534626
2460552.3849762813	1.0003381	0.00028537694
2460552.3863651557	0.9999603	0.00028534973
2460552.38775403	1.0000135	0.00028532982
2460552.389142904	1.0003146	0.0002853732
2460552.3905317783	0.99960226	0.00028527965
2460552.3919206527	1.0006758	0.0002853231
2460552.393309527	0.9997909	0.0002852225
2460552.394698401	1.0001097	0.00028528468
2460552.3960872754	0.99979824	0.00028521547
2460552.3974761493	1.0003443	0.00028535124
2460552.3988650236	1.0002308	0.00028530526
2460552.400253898	1.0004159	0.00028529516
2460552.4016427724	0.99929553	0.00028515488
2460552.4030316463	1.0002781	0.0002852585
2460552.4044205206	0.9998278	0.0002852562
2460552.405809395	0.9997421	0.00028515328
2460552.407198269	0.99959624	0.00028521338
2460552.4085871433	0.99968505	0.00028518817
2460552.4099760177	0.9999134	0.0002853069
2460552.4113648916	1.0004697	0.00028532077
2460552.412753766	1.0002893	0.0002853732
2460552.4141426403	0.99964017	0.00028518663
2460552.415531514	1.0002495	0.0002852892
2460552.4169203886	1.001599	0.0002854743
2460552.418309263	1.0000968	0.0002853303
2460552.419698137	1.0001734	0.0002853141
2460552.421087011	1.0001099	0.00028533928
2460552.422475885	0.9997167	0.00028526274
2460552.4238647595	1.000199	0.00028529196
2460552.425253634	0.9998578	0.0002852944
2460552.4266425082	0.999554	0.0002852359
2460552.428031382	1.0003518	0.00028529196
2460552.4294202565	0.99971974	0.00028524033
2460552.4308091304	1.0002177	0.0002853344
2460552.432198005	1.0001932	0.00028532173
2460552.4335868787	1.0004109	0.00028533774
2460552.434975753	0.99962956	0.0002852189
2460552.4363646274	1.0000395	0.00028525572
2460552.4377535013	0.99959785	0.00028523756
2460552.4391423757	0.9997026	0.00028524632
2460552.44053125	1.0003895	0.00028529626
2460552.441920124	0.99930847	0.00028517764
2460552.4433089984	1.000025	0.000285288
2460552.4446978723	1.0000297	0.00028527106
2460552.4460867466	0.9995447	0.00028519396
2460552.4474756205	0.9998386	0.00028527842
2460552.448864495	0.9995954	0.00028524338
2460552.4502533693	0.99988145	0.00028528422
2460552.451642243	1.0001596	0.00028528422
2460552.4530311176	1.0007981	0.0002853706
2460552.4544199915	1.0002893	0.00028529868
2460552.455808866	1.0002128	0.00028530805
2460552.45719774	1.00014	0.00028526367
2460552.458586614	0.99968356	0.0002852571
2460552.4599754885	1.0002029	0.00028531053
2460552.4613643624	0.9999908	0.00028530505
2460552.4627532368	0.9999434	0.00028528282
2460552.4641421107	0.99970317	0.000285254
2460552.465530985	0.9999149	0.0002852785
2460552.466919859	0.9996846	0.0002852247
2460552.4683087333	1.0003798	0.00028533317
2460552.469697607	0.9995938	0.00028527185
2460552.4710864816	0.9996448	0.00028522802
2460552.4724753555	0.99983305	0.00028530162
2460552.47386423	1.0003132	0.0002853219
2460552.4752531038	1.0008068	0.00028539187
2460552.476641978	0.9997234	0.0002852426
2460552.478030852	1.0007604	0.0002853728
2460552.4794197264	0.9996595	0.00028528672
2460552.4808086003	1.0005394	0.00028538768
2460552.4821974747	1.0004139	0.0002853039
2460552.4835863486	0.9999072	0.00028527997
2460552.484975223	1.000855	0.000285387
2460552.486364097	0.9999695	0.00028527665
2460552.4877529712	0.99970394	0.00028525427
2460552.489141845	0.99997663	0.0002853114
2460552.4905307195	1.0001053	0.0002853132
2460552.4919195934	0.9999695	0.00028529836
2460552.493308468	0.9998687	0.00028529944
2460552.4946973417	1.0007524	0.0002853794
2460552.496086216	0.99994564	0.0002852877
2460552.49747509	0.99981827	0.00028530386
2460552.4988639643	0.99975693	0.0002852996
2460552.5002528382	1.0003285	0.00028533893
2460552.5016417126	0.9995551	0.00028524047
2460552.5030305865	1.0000415	0.00028529434
2460552.504419461	0.99999434	0.00028531803
2460552.505808335	0.99965394	0.0002852361
2460552.507197209	0.9998114	0.00028530363
2460552.508586083	1.0000186	0.00028529987
2460552.5099749574	1.0002211	0.0002853383
2460552.5113638313	1.0005873	0.00028537752
2460552.5127527057	0.99928886	0.00028522822
2460552.5141415796	0.9999313	0.00028530316
2460552.515530454	0.99944746	0.0002852399
2460552.516919328	1.0001796	0.00028531736
2460552.518308202	0.9995957	0.0002852857
2460552.519697076	1.0002509	0.000285383
2460552.52108595	0.99952453	0.00028524615
2460552.522474824	0.9997457	0.0002852856
2460552.5238636984	0.9999912	0.00028533046
2460552.5252525723	0.9998477	0.00028524408
2460552.5266414466	1.0001768	0.00028538564
2460552.5280303205	0.9998582	0.00028532415
2460552.529419195	0.99968725	0.00028531827
2460552.530808069	0.99953943	0.00028526675
2460552.532196943	0.99969095	0.00028528832
2460552.533585817	0.99995726	0.00028533442
2460552.534974691	0.999294	0.00028526838
2460552.5363635654	0.9998397	0.00028533404
2460552.5377524393	1.0005996	0.0002854371
2460552.539141313	0.99971366	0.00028535002
2460552.5405301875	0.99894834	0.00028522118
2460552.5419190614	0.9982736	0.00028511975
2460552.543307936	0.9981707	0.000285084
2460552.5446968097	0.9974813	0.00028503803
2460552.546085684	0.9963259	0.00028484393
2460552.547474558	0.9957166	0.00028477894
2460552.548863432	0.9949903	0.0002847002
2460552.550252306	0.9950878	0.00028470583
2460552.55164118	0.9938722	0.00028452364
2460552.553030054	0.9937524	0.000284499
2460552.5544189285	0.9935978	0.00028452696
2460552.5558078024	0.99368787	0.000284498
2460552.5571966763	0.9932308	0.00028446584
2460552.5585855506	0.9934736	0.00028449643
2460552.5599744245	0.9936069	0.00028448048
2460552.5613632984	0.9936684	0.00028452137
2460552.562752173	0.99348104	0.0002844662
2460552.5641410467	0.99253565	0.00028438546
2460552.5655299206	0.9932226	0.00028441922
2460552.566918795	0.9936099	0.0002844677
2460552.568307669	0.9934316	0.00028447318
2460552.569696543	0.99328244	0.00028446675
2460552.571085417	0.99293166	0.00028442795
2460552.572474291	0.9926566	0.00028439288
2460552.573863165	0.9929193	0.0002844286
2460552.575252039	0.9931127	0.00028445083
2460552.5766409133	0.9924272	0.00028431957
2460552.578029787	0.9926496	0.00028436212
2460552.5794186615	0.99263316	0.00028440103
2460552.5808075354	0.99262244	0.00028431774
2460552.5821964093	0.9929472	0.00028436855
2460552.5835852833	0.9929067	0.00028439832
2460552.5849741576	0.9928865	0.00028441285
2460552.5863630315	0.9926542	0.00028436998
2460552.5877519054	0.9926643	0.00028438773
2460552.5891407793	0.99240476	0.00028436483
2460552.5905296537	0.9924819	0.00028439684
2460552.5919185276	0.9923321	0.00028436043
2460552.593307402	0.99229974	0.00028431782
2460552.594696276	0.99232835	0.00028434733
2460552.59608515	0.99252504	0.00028439693
2460552.5974740237	0.9927661	0.000284392
2460552.598862898	0.9922964	0.00028435755
2460552.600251772	0.99279416	0.00028440394
2460552.601640646	0.9929368	0.00028445615
2460552.60302952	0.9923534	0.00028434492
2460552.604418394	0.99294305	0.0002844815
2460552.605807268	0.99265957	0.00028437912
2460552.607196142	0.9930912	0.00028443133
2460552.608585016	0.992383	0.0002843474
2460552.6099738902	0.99256027	0.00028439471
2460552.611362764	0.9924197	0.00028434093
2460552.612751638	0.9931708	0.0002844649
2460552.614140512	0.9922521	0.00028430586
2460552.6155293863	0.99277043	0.00028436462
2460552.61691826	0.9924479	0.00028438505
2460552.618307134	0.99263126	0.00028439684
2460552.619696008	0.9931351	0.00028442626
2460552.621084882	0.99220055	0.00028433636
2460552.622473756	0.9923651	0.00028433048
2460552.62386263	0.99319404	0.00028444783
2460552.625251504	0.99296385	0.00028442807
2460552.626640378	0.9938147	0.00028454102
2460552.628029252	0.9926089	0.00028440074
2460552.6294181263	0.9929945	0.00028445202
2460552.630807	0.9921837	0.00028435193
2460552.632195874	0.9933533	0.0002844932
2460552.633584748	0.99295247	0.0002844259
2460552.634973622	0.9925236	0.00028437062
2460552.636362496	0.9931576	0.0002844709
2460552.63775137	0.99328107	0.00028446756
2460552.639140244	0.99315935	0.00028447376
2460552.640529118	0.9932583	0.00028448208
2460552.641917992	0.993316	0.0002844754
2460552.6433068663	0.9935943	0.0002844979
2460552.6446957397	0.99253565	0.00028438037
2460552.646084614	0.99266106	0.0002843805
2460552.647473488	0.9934993	0.00028453412
2460552.648862362	0.9930434	0.000284437
2460552.650251236	0.99321896	0.00028445487
2460552.6516401097	0.9934313	0.00028449684
2460552.6530289836	0.9928493	0.00028441206
2460552.654417858	0.9930385	0.00028443182
2460552.655806732	0.9935086	0.00028452923
2460552.657195606	0.9930614	0.00028443578
2460552.6585844797	0.9933831	0.00028445994
2460552.6599733536	0.9931177	0.0002844229
2460552.6613622275	0.9931828	0.00028443447
2460552.662751102	0.99332225	0.00028445784
2460552.664139976	0.99286693	0.00028439827
2460552.6655288497	0.9932211	0.0002844843
2460552.6669177236	0.9935307	0.00028448575
2460552.6683065975	0.99320936	0.0002844522
2460552.6696954714	0.9930623	0.00028446427
2460552.6710843453	0.99394345	0.00028453872
2460552.672473219	0.9940778	0.00028450694
2460552.6738620936	0.9933658	0.00028449387
2460552.675250967	0.9943243	0.00028460228
2460552.6766398414	0.9938978	0.00028458607
2460552.6780287153	0.9945337	0.00028464088
2460552.679417589	0.9941573	0.00028457263
2460552.680806463	0.99431217	0.00028460368
2460552.682195337	0.9936558	0.00028453494
2460552.683584211	0.9947496	0.00028469262
2460552.684973085	0.9948819	0.00028465554
2460552.6863619587	0.9955681	0.00028476786
2460552.6877508326	0.99613935	0.00028483005
2460552.6891397065	0.99649596	0.00028489213
2460552.690528581	0.9977296	0.00028501943
2460552.6919174544	0.9981448	0.0002851164
2460552.6933063287	0.9988033	0.00028519833
2460552.6946952026	0.99920195	0.0002852515
2460552.6960840765	1.0002933	0.0002854241
2460552.6974729504	1.0000576	0.0002853548
2460552.6988618243	0.9996707	0.00028531684
2460552.7002506983	0.9998463	0.00028534216
2460552.701639572	0.9998871	0.00028540866
2460552.703028446	0.99994636	0.00028538433
2460552.70441732	1.0001734	0.0002854047
2460552.705806194	0.9995938	0.00028529158
2460552.707195068	0.9994152	0.0002853106
2460552.7085839417	1.0000156	0.00028538145
2460552.7099728156	0.9991635	0.00028529105
2460552.7113616895	0.9998472	0.000285316
2460552.7127505634	1.000179	0.00028538192
2460552.7141394373	0.9997071	0.00028530482
2460552.715528311	0.99978006	0.00028532758
2460552.716917185	0.99955374	0.0002853347
2460552.718306059	0.9998859	0.0002853439
2460552.719694933	0.9996888	0.00028530718
2460552.7210838073	0.99923885	0.0002852654
2460552.7224726807	0.99991417	0.000285364
2460552.723861555	1.0000038	0.00028540316
2460552.7252504285	0.9999354	0.0002853641
2460552.726639303	0.99943054	0.00028529234
2460552.7280281764	0.9994641	0.00028529472
2460552.7294170503	0.99995804	0.00028536795
2460552.730805924	0.9999978	0.00028536379
2460552.732194798	1.0000837	0.00028538486
2460552.733583672	1.0002606	0.00028543395
2460552.734972546	0.9998872	0.00028537447
2460552.73636142	0.9997982	0.00028536035
2460552.7377502937	0.9998947	0.0002853446
2460552.7391391676	0.99980575	0.00028533032
2460552.7405280415	1.0001965	0.0002853848
2460552.7419169154	0.99949574	0.00028529967
2460552.7433057893	1.0004612	0.00028542656
2460552.744694663	1.0004361	0.00028543262
2460552.746083537	1.0002038	0.00028537092
2460552.747472411	0.9997433	0.00028534548
2460552.748861285	0.99982476	0.00028533535
2460552.750250159	0.9998223	0.00028535337
2460552.7516390327	0.9991645	0.00028527362
2460552.7530279066	1.0006487	0.00028544126
2460552.7544167805	0.9999345	0.00028534606
2460552.7558056545	0.9996236	0.0002853505
2460552.7571945284	0.9997122	0.00028532607
2460552.758583402	1.0001658	0.00028540532
2460552.759972276	0.99939203	0.0002853069
2460552.7613611496	0.9998613	0.0002853682
2460552.7627500235	0.99951243	0.0002853151
2460552.7641388974	0.9997344	0.00028533163
2460552.7655277713	1.0002935	0.0002853852
2460552.766916645	1.0001034	0.00028543087
2460552.768305519	1.0000397	0.00028538614
2460552.769694393	1.0001005	0.00028540357
2460552.771083267	0.9997247	0.0002853378
2460552.772472141	1.0001076	0.00028538745
2460552.7738610147	0.9998026	0.00028535604
2460552.775249888	0.99994206	0.00028538608
2460552.7766387626	1.0002525	0.00028540104
2460552.778027636	1.0002707	0.00028540145
2460552.77941651	0.9997404	0.000285325
2460552.780805384	1.000078	0.00028541274
2460552.7821942577	1.0001972	0.0002854422
2460552.7835831316	0.9999139	0.0002853712
2460552.7849720055	1.0000205	0.00028539888
2460552.786360879	0.9999785	0.0002853805
2460552.7877497533	1.0001274	0.00028538614
2460552.789138627	1.0002548	0.0002854126
2460552.7905275007	1.0001775	0.00028540724
2460552.7919163746	1.0001612	0.00028539213
2460552.7933052485	0.999869	0.0002853873
2460552.7946941224	0.9997901	0.00028537118
2460552.7960829963	1.0005366	0.00028544804
2460552.7974718697	1.000006	0.0002854335
2460552.7988607436	1.0000694	0.00028539947
2460552.8002496175	1.0003359	0.00028547662
2460552.8016384915	1.0003816	0.00028544563
2460552.8030273654	1.000216	0.00028545523
2460552.804416239	1.0002594	0.00028542607
2460552.8058051127	1.000122	0.00028541757
2460552.8071939866	1.000027	0.00028538462
2460552.8085828605	1.0000775	0.00028543553
2460552.8099717344	0.99987566	0.00028540124
2460552.8113606083	1.00057	0.00028544207
2460552.8127494818	1.0004737	0.00028547624
2460552.8141383557	0.9997096	0.00028536707
2460552.8155272296	0.99968183	0.00028531998
2460552.8169161035	0.999993	0.0002854168
2460552.818304977	1.0001354	0.00028544193
2460552.8196938513	0.9999635	0.00028541448
2460552.8210827247	1.0003831	0.00028544318
2460552.8224715986	1.000006	0.00028539854
2460552.8238604725	1.0001602	0.00028539132
2460552.8252493464	0.99982315	0.00028541268
2460552.82663822	1.0002557	0.00028544595
2460552.828027094	1.0002216	0.00028544888
2460552.8294159677	0.9999999	0.00028545075
2460552.8308048416	1.0002819	0.00028543395
2460552.832193715	1.0005218	0.00028546609
2460552.833582589	0.99995005	0.00028544123
2460552.834971463	1.0002427	0.00028543797
2460552.8363603367	1.0001112	0.00028539906
2460552.83774921	1.0006407	0.00028548215
2460552.8391380846	0.99996	0.00028542388
2460552.840526958	1.0000285	0.0002854164
2460552.841915832	1.0002105	0.00028539004
2460552.843304706	1.000209	0.00028541047
2460552.8446935797	0.9999747	0.00028541152
2460552.846082453	1.0000752	0.00028540852
2460552.847471327	1.0003191	0.00028543346
2460552.848860201	0.99941087	0.00028534685
2460552.850249075	0.9999689	0.0002853863
2460552.8516379483	0.99980617	0.00028540994
2460552.853026822	1.0004268	0.00028547028
2460552.8544156956	0.9997879	0.00028536987
2460552.8558045696	1.0002811	0.00028547324
2460552.8571934435	1.0000548	0.00028543625
2460552.8585823174	0.99961483	0.000285378
2460552.859971191	1.0002346	0.0002854521
2460552.8613600647	1.000295	0.00028544947
2460552.8627489386	1.0006826	0.0002854973
2460552.8641378125	1.0003415	0.00028544661
2460552.865526686	0.99971175	0.00028535275
2460552.86691556	0.999923	0.00028539312
2460552.8683044338	1.0000839	0.00028541702
2460552.8696933077	1.0003074	0.0002854095
2460552.871082181	1.0003309	0.00028544068
2460552.872471055	0.9996711	0.00028535357
2460552.8738599285	1.000317	0.0002854348
2460552.8752488024	1.0003895	0.00028546204
2460552.8766376763	1.0000134	0.00028541966
2460552.87802655	1.000366	0.00028542656
2460552.8794154236	1.0004641	0.0002854528
2460552.8808042975	0.99980485	0.0002853944
2460552.8821931714	0.9997527	0.00028537997
2460552.883582045	1.0004263	0.00028547875
2460552.8849709188	0.99974984	0.00028537924
2460552.8863597927	0.99985343	0.00028538748
2460552.887748666	1.000627	0.00028550188
2460552.88913754	1.0001704	0.00028542435
2460552.890526414	1.0001842	0.0002854453
2460552.8919152874	1.0001065	0.00028541547
2460552.8933041613	0.9997664	0.00028539015
2460552.894693035	0.9998662	0.00028536172
2460552.8960819086	1.0004747	0.00028544432
2460552.8974707825	1.0005821	0.00028544897
2460552.898859656	0.99970216	0.00028535904
2460552.90024853	1.0002625	0.0002854378
2460552.9016374038	0.99967426	0.00028534618
2460552.9030262777	1.0001464	0.00028539592
2460552.904415151	0.9997773	0.00028538163
2460552.905804025	0.9999229	0.00028540316
2460552.9071928984	1.0000913	0.00028542257
2460552.9085817724	0.9999995	0.00028538785
2460552.909970646	1.0002463	0.0002854095
2460552.9113595197	0.99995077	0.00028539685
2460552.9127483936	1.0000339	0.00028540607
2460552.9141372675	0.99988365	0.0002853991
2460552.915526141	0.9995569	0.00028533372
2460552.916915015	0.999846	0.00028539766
2460552.9183038883	1.0003998	0.0002854179
2460552.919692762	1.0000321	0.00028539659
2460552.9210816356	0.9998723	0.00028533814
2460552.9224705095	1.0002046	0.00028540916
2460552.9238593834	1.000464	0.0002854452
2460552.925248257	1.0001322	0.00028541998
2460552.926637131	1.0004922	0.0002854337
2460552.9280260047	0.9999537	0.00028539132
2460552.929414878	0.99945116	0.0002852814
2460552.930803752	0.9999722	0.00028534283
2460552.9321926255	0.9998287	0.00028531603
2460552.9335814994	0.99982816	0.00028537415
2460552.934970373	0.99984413	0.00028532522
2460552.9363592467	0.99966615	0.00028534883
2460552.93774812	0.99988055	0.00028534947
2460552.939136994	0.99989885	0.0002854171
2460552.9405258675	0.9997538	0.00028531297
2460552.9419147414	1.000074	0.00028539583
2460552.943303615	1.0001671	0.00028540098
2460552.9446924888	1.0001783	0.00028540834
2460552.9460813627	1.0003778	0.00028539202
2460552.947470236	0.9997261	0.0002853279
2460552.94885911	1.000538	0.00028549752
2460552.9502479834	1.0000671	0.00028537284
2460552.9516368574	1.0002893	0.00028541585
2460552.953025731	1.0000427	0.00028536294
2460552.9544146047	1.0007185	0.00028548433
2460552.9558034786	0.9998613	0.00028534065
2460552.957192352	1.0005304	0.00028539234
2460552.958581226	0.9997651	0.00028533337
2460552.9599700994	0.9997546	0.00028531233
2460552.9613589733	1.0003916	0.00028543145
2460552.9627478467	1.0001425	0.00028538497
2460552.9641367206	0.9997398	0.00028530197
2460552.965525594	1.0005667	0.0002854253
2460552.966914468	1.0002123	0.00028534446
2460552.9683033414	0.9999467	0.00028536754
2460552.9696922153	1.0003365	0.0002854163
2460552.9710810888	0.99994904	0.0002853433
2460552.9724699627	0.9997709	0.0002853339
2460552.973858836	1.0001616	0.00028537773
2460552.97524771	1.0004317	0.0002854075
2460552.9766365835	1.0000364	0.00028538142
2460552.9780254574	0.9996243	0.00028529664
2460552.979414331	1.0000893	0.00028538128
2460552.9808032047	1.000173	0.00028538366
2460552.982192078	0.9998181	0.00028533596
2460552.9835809516	0.99976724	0.0002853344
2460552.9849698255	0.9999028	0.00028532904
2460552.986358699	0.9996702	0.0002853391
2460552.987747573	1.0004357	0.0002854331
2460552.9891364463	0.99981755	0.000285342
2460552.9905253197	0.9992999	0.00028528055
2460552.9919141936	0.99998415	0.00028535127
2460552.993303067	0.99997747	0.0002853748
2460552.994691941	1.0000207	0.00028535703
2460552.9960808144	1.0000439	0.00028535718
2460552.9974696883	1.0001745	0.00028538622
2460552.9988585617	0.9997363	0.0002852953
2460553.0002474356	0.9996956	0.00028534807
2460553.001636309	1.0002382	0.0002854082
2460553.003025183	0.9998515	0.00028536987
2460553.0044140564	1.000119	0.0002854106
2460553.0058029303	1.0002091	0.00028541268
2460553.007191804	0.9997623	0.0002853729
2460553.008580677	0.99982464	0.00028532583
2460553.009969551	1.0002427	0.00028540503
2460553.0113584246	0.9999512	0.00028534964
2460553.012747298	1.0003383	0.00028541544
2460553.014136172	1.0000306	0.00028538203
2460553.0155250453	1.000351	0.0002854026
2460553.0169139192	0.99957794	0.00028536379
2460553.0183027927	1.0001333	0.00028540083
2460553.0196916666	0.9993212	0.0002852825
2460553.02108054	1.0003891	0.00028543032
2460553.0224694135	1.0006924	0.0002854564
2460553.0238582874	1.0009372	0.00028551513
2460553.025247161	1.0002754	0.00028542886
2460553.0266360343	1.0004913	0.00028543538
2460553.028024908	1.0000604	0.00028539737
2460553.0294137816	1.0005949	0.00028544044
2460553.0308026555	1.0003719	0.00028540235
2460553.032191529	1.0005332	0.0002854462
2460553.0335804024	1.0000253	0.00028538512
2460553.0349692763	0.99981445	0.00028535488
2460553.0363581497	0.99972105	0.0002853596
2460553.037747023	1.0002805	0.00028544126
2460553.039135897	1.000026	0.0002854366
2460553.0405247705	0.99988556	0.00028537665
2460553.0419136444	1.0002748	0.00028546638
2460553.043302518	0.9999153	0.0002854004
2460553.0446913913	1.0000343	0.00028542575
2460553.0460802647	0.99994683	0.0002854352
2460553.0474691386	1.000487	0.00028544132
2460553.048858012	1.000142	0.00028543235
2460553.050246886	0.9997773	0.00028540427
2460553.0516357594	1.000176	0.00028542228
2460553.053024633	1.0004447	0.00028547662
2460553.0544135063	0.9998839	0.00028541093
2460553.05580238	1.0005428	0.00028544484
2460553.0571912536	1.0007265	0.00028549385
2460553.0585801275	1.0001355	0.000285464
2460553.059969001	1.0005492	0.00028548535
2460553.0613578744	1.001059	0.0002855379
2460553.062746748	1.0002689	0.0002854729
2460553.064135622	1.000844	0.00028553006
2460553.065524495	1.0003949	0.00028547036
2460553.0669133686	1.0003139	0.00028546542
2460553.068302242	1.0004634	0.00028549894
2460553.069691116	0.9999782	0.00028543244
2460553.0710799894	1.000367	0.00028542895
2460553.0724688633	1.0001758	0.00028544577
2460553.073857737	1.0005592	0.0002854781
2460553.07524661	1.0009313	0.00028555605
2460553.0766354837	1.0003058	0.00028544472
2460553.0780243576	1.0001817	0.000285481
2460553.079413231	1.0005373	0.00028545165
2460553.0808021044	1.0000353	0.00028544897
2460553.082190978	1.000625	0.00028553486
2460553.083579852	1.0005391	0.00028549382
2460553.084968725	1.0007617	0.00028552196
2460553.0863575987	1.0001895	0.00028545008
2460553.087746472	1.0011125	0.00028558716
2460553.089135346	0.9999622	0.0002854377
2460553.0905242194	1.000872	0.00028552386
2460553.091913093	1.0004166	0.00028545223
2460553.0933019663	1.0002954	0.0002854708
2460553.09469084	1.0005404	0.00028553657
2460553.0960797137	1.0003597	0.00028548768
2460553.097468587	1.0001571	0.00028542333
2460553.0988574605	1.0008018	0.00028555
2460553.1002463344	1.000787	0.00028552426
2460553.101635208	1.0005883	0.0002854952
2460553.1030240813	1.0004784	0.00028544126
2460553.1044129548	1.0012438	0.00028559737
2460553.1058018287	1.0008781	0.00028554126
2460553.107190702	0.9999939	0.00028539772
2460553.1085795755	1.0009807	0.00028553812
2460553.109968449	1.0008167	0.00028550928
2460553.1113573224	1.000365	0.00028548585
2460553.112746196	1.0010375	0.00028553858
2460553.11413507	1.0008556	0.0002855402
2460553.115523943	1.0004338	0.00028546326
2460553.1169128167	1.0004271	0.00028547738
2460553.11830169	1.0007917	0.00028549987
2460553.119690564	1.0003867	0.000285489
2460553.1210794374	1.0012076	0.00028553882
2460553.122468311	1.0009865	0.0002855361
2460553.1238571843	1.00047	0.00028548733
2460553.1252460578	1.0003684	0.00028543864
2460553.126634931	1.000462	0.0002854904
2460553.128023805	1.0003519	0.00028546478
2460553.1294126785	1.0003241	0.00028544717
2460553.130801552	1.0007187	0.00028549365
2460553.1321904254	1.0009685	0.00028553954
2460553.133579299	0.9999086	0.000285422
2460553.1349681723	1.0007557	0.00028548605
2460553.136357046	1.0002222	0.000285421
2460553.1377459196	1.0009904	0.00028554554
2460553.139134793	1.0006114	0.00028549886
2460553.1405236665	1.0002127	0.00028543657
2460553.14191254	1.0006385	0.0002854676
2460553.1433014134	1.0000155	0.00028540648
2460553.1446902873	1.0007418	0.0002855004
2460553.1460791603	1.0003443	0.0002854582
2460553.147468034	1.0006272	0.0002855036
2460553.1488569076	1.0010202	0.0002855716
2460553.150245781	1.0003037	0.0002854697
2460553.1516346545	1.0006268	0.00028551204
2460553.153023528	1.0005147	0.0002854508
2460553.1544124014	1.000569	0.00028546035
2460553.1558012753	1.0008613	0.00028553745
2460553.1571901483	1.0002905	0.00028542467
2460553.158579022	1.0006567	0.0002854878
2460553.1599678956	1.0004895	0.0002855191
2460553.161356769	1.0012308	0.00028557994
2460553.1627456425	1.0003215	0.00028547613
2460553.164134516	1.000392	0.00028549344
2460553.1655233894	1.0009457	0.0002855242
2460553.166912263	1.0002689	0.00028542057
2460553.1683011362	1.0007486	0.00028548832
2460553.16969001	1.0011582	0.00028555494
2460553.171078883	0.9999995	0.00028538943
2460553.172467757	1.0011444	0.00028552933
2460553.1738566305	1.0005813	0.00028544225
2460553.175245504	1.0007634	0.00028550826
2460553.1766343773	1.0003743	0.00028543943
2460553.178023251	0.99999183	0.00028538483
2460553.179412124	1.0005265	0.0002854545
2460553.1808009977	1.0012741	0.00028555968
2460553.182189871	1.0005457	0.0002854844
2460553.1835787445	0.99985355	0.0002853647
2460553.184967618	1.0000612	0.00028538486
2460553.186356492	1.0004092	0.00028538698
2460553.187745365	1.0003276	0.00028545072
2460553.1891342388	1.0003208	0.0002854393
2460553.1905231117	1.0005556	0.00028544103
2460553.1919119856	1.0004013	0.000285447
2460553.1933008586	1.0009639	0.00028549528
2460553.1946897325	1.0007741	0.0002855019
2460553.196078606	1.0002209	0.0002854116
2460553.1974674794	1.0003475	0.0002854788
2460553.198856353	1.0004069	0.00028544563
2460553.2002452263	1.0008426	0.00028551373
2460553.2016340997	1.0004872	0.00028547307
2460553.203022973	1.0001559	0.00028539094
2460553.2044118466	1.0008106	0.0002854622
2460553.20580072	1.0005544	0.0002854828
2460553.2071895935	1.0006471	0.00028545829
2460553.208578467	1.0005773	0.00028544402
2460553.2099673403	1.000001	0.00028536926
2460553.211356214	1.0005372	0.00028547453
2460553.212745087	1.0009001	0.00028548675
2460553.2141339607	1.0006771	0.00028543128
2460553.215522834	1.0009364	0.00028550669
2460553.2169117075	1.0007162	0.00028545765
2460553.218300581	1.0003457	0.0002854119
2460553.2196894544	1.0008756	0.0002854849
2460553.221078328	1.0001417	0.0002853822
2460553.2224672013	1.0005516	0.00028544813
2460553.2238560747	1.0005435	0.00028543896
2460553.225244948	1.000626	0.00028545829
2460553.2266338216	1.0002785	0.00028537208
2460553.228022695	1.0009058	0.00028548142
2460553.2294115685	1.0000468	0.000285375
2460553.230800442	1.0003203	0.0002854125
2460553.2321893154	1.0006611	0.00028543317
2460553.233578189	1.0003265	0.000285398
2460553.234967062	1.0001298	0.00028540383
2460553.2363559357	1.0002414	0.00028540916
2460553.2377448087	1.0003061	0.00028538454
2460553.2391336826	1.000507	0.00028542546
2460553.2405225555	1.0011114	0.00028551405
2460553.241911429	1.0005316	0.0002854402
2460553.2433003024	0.999785	0.0002853287
2460553.244689176	0.9998966	0.00028539228
2460553.2460780493	1.0005884	0.00028543064
2460553.2474669227	1.0004126	0.00028538986
2460553.248855796	1.0004599	0.00028543748
2460553.2502446696	1.0007089	0.0002854471
2460553.251633543	1.0005857	0.00028545683
2460553.2530224165	1.0001748	0.00028537703
2460553.25441129	1.0002537	0.0002854185
2460553.2558001634	1.0000478	0.000285346
2460553.2571890363	1.0007551	0.00028550698
2460553.2585779103	1.0003074	0.00028540398
2460553.259966783	1.0003763	0.0002853894
2460553.2613556567	1.0008326	0.00028546966
2460553.26274453	1.0002334	0.00028540916
2460553.2641334035	1.000756	0.00028544432
2460553.265522277	1.0004922	0.00028540575
2460553.2669111504	1.0007274	0.00028546492
2460553.268300024	0.99999374	0.0002853457
2460553.269688897	1.0002508	0.00028537377
2460553.2710777703	1.0004541	0.00028541565
2460553.2724666437	1.0003196	0.00028541865
2460553.273855517	1.000467	0.00028545724
2460553.2752443906	1.000751	0.00028543203
2460553.276633264	1.0011494	0.00028551134
2460553.2780221375	1.0006039	0.0002854687
2460553.279411011	1.0006497	0.00028545485
2460553.280799884	1.0000117	0.00028535086
2460553.2821887573	1.0000721	0.00028536617
2460553.2835776308	1.0000485	0.00028535957
2460553.284966504	1.0004572	0.00028540712
2460553.2863553776	0.9998213	0.00028538532
2460553.287744251	0.9997334	0.00028532796
2460553.289133124	0.9995521	0.00028531122
2460553.290521998	0.99997896	0.0002853465
2460553.291910871	0.9992159	0.00028525252
2460553.2932997444	0.9995278	0.0002852997
2460553.294688618	0.9994997	0.00028529548
2460553.2960774912	0.99981946	0.00028531416
2460553.2974663647	0.9995934	0.0002853233
2460553.298855238	0.9996234	0.00028530313
2460553.300244111	0.9999336	0.0002853733
2460553.3016329845	1.0002643	0.00028541253
2460553.303021858	0.9995348	0.0002853179
2460553.3044107314	1.0000262	0.00028538142
2460553.3057996044	0.999415	0.0002853004
2460553.3071884783	0.9996701	0.00028531175
2460553.3085773513	0.99979836	0.00028531553
2460553.3099662247	0.99960136	0.00028524507
2460553.311355098	0.99941033	0.00028533113
2460553.3127439716	1.0000105	0.0002853825
2460553.3141328446	0.99948233	0.00028528736
2460553.315521718	1.0003405	0.00028542412
2460553.3169105914	1.0000621	0.00028534266
2460553.318299465	0.9998311	0.00028532222
2460553.3196883383	0.9994183	0.0002852777
2460553.3210772118	0.9995842	0.00028530616
2460553.3224660847	0.9993594	0.00028527324
2460553.323854958	1.0001243	0.00028539376
2460553.3252438316	0.99970317	0.00028530357
2460553.326632705	0.9999433	0.0002853608
2460553.328021578	1.0000051	0.00028539082
2460553.3294104515	0.9996505	0.00028533986
2460553.330799325	0.99938303	0.00028528858
2460553.3321881983	0.99960935	0.00028530508
2460553.3335770713	0.9994366	0.00028531833
2460553.3349659448	1.0001053	0.0002853669
2460553.336354818	1.0000042	0.00028538678
2460553.3377436916	0.9998092	0.0002853229
2460553.3391325646	1.0001605	0.00028536422
2460553.340521438	0.9999134	0.00028537845
2460553.3419103115	0.9995275	0.00028527546
2460553.343299185	0.9995202	0.00028532656
2460553.344688058	0.99991995	0.0002853419
2460553.3460769313	1.0000534	0.0002853871
2460553.347465805	0.99988467	0.00028536585
2460553.348854678	1.0000937	0.00028536553
2460553.350243551	0.9999962	0.00028535182
2460553.3516324246	0.99985933	0.00028538628
2460553.353021298	0.9998723	0.00028537543
2460553.3544101715	0.99950457	0.00028531963
2460553.3557990445	0.99924153	0.0002852636
2460553.357187918	0.9992299	0.0002852973
2460553.358576791	0.99969476	0.00028535764
2460553.3599656643	0.9996235	0.00028537327
2460553.361354538	0.99964684	0.000285293
2460553.362743411	0.99927825	0.00028528334
2460553.364132284	0.9996709	0.00028534664
2460553.3655211576	0.9995013	0.0002852668
2460553.366910031	0.99979657	0.0002853491
2460553.3682989045	0.99974155	0.0002853425
2460553.3696877775	1.0000044	0.0002853478
2460553.371076651	0.9996294	0.0002853691
2460553.372465524	0.9995288	0.00028530002
2460553.3738543973	0.9997212	0.0002853271
2460553.375243271	0.9999144	0.0002853751
2460553.376632144	0.9998764	0.00028539432
2460553.378021017	0.9998334	0.00028539362
2460553.3794098906	0.9995762	0.00028535223
2460553.380798764	0.9997051	0.00028532624
2460553.382187637	0.99976635	0.00028535904
2460553.3835765105	0.9999615	0.0002853615
2460553.384965384	1.000081	0.0002854118
2460553.386354257	1.0002145	0.00028540668
2460553.3877431303	0.9996391	0.0002853386
2460553.3891320033	1.000249	0.00028540866
2460553.3905208767	0.9999437	0.00028538075
2460553.39190975	0.99958956	0.00028531763
2460553.3932986236	1.000098	0.00028540808
2460553.3946874966	1.0000876	0.00028539123
2460553.39607637	1.0008179	0.0002854876
2460553.397465243	1.0001886	0.00028542813
2460553.3988541164	0.99978995	0.00028536798
2460553.40024299	0.9998716	0.00028535104
2460553.401631863	0.9996803	0.0002853302
2460553.4030207363	1.000307	0.00028539094
2460553.4044096097	0.9994995	0.0002853125
2460553.4057984827	1.0001357	0.00028538736
2460553.407187356	1.0000594	0.00028539295
2460553.408576229	0.99956137	0.0002853761
2460553.4099651026	0.99967235	0.00028534333
2460553.411353976	0.9998573	0.00028540293
2460553.412742849	0.9999524	0.00028534493
2460553.4141317224	0.99989486	0.0002853826
2460553.415520596	0.9994138	0.0002852786
2460553.416909469	0.999376	0.00028528395
2460553.4182983423	1.0001408	0.00028542685
2460553.4196872152	0.9996348	0.000285311
2460553.4210760887	1.0001571	0.00028535433
2460553.4224649617	1.0000954	0.00028539845
2460553.423853835	0.9994392	0.00028533148
2460553.425242708	0.9996229	0.00028531346
2460553.4266315815	0.9997567	0.00028535028
2460553.428020455	0.9997355	0.00028537243
2460553.429409328	1.0005034	0.00028542674
2460553.4307982014	1.0006351	0.0002854592
2460553.432187075	0.9999025	0.00028537418
2460553.433575948	1.0001491	0.00028541643
2460553.434964821	0.99944603	0.00028524146
2460553.436353694	1.0002096	0.00028540494
2460553.4377425676	1.0007665	0.00028542575
2460553.4391314406	1.0007873	0.0002854815
2460553.440520314	1.0003064	0.00028539894
2460553.441909187	1.0004973	0.00028539437
2460553.4432980604	1.0000589	0.00028536245
2460553.4446869334	1.0004859	0.0002854408
2460553.446075807	1.0009456	0.0002854674
2460553.44746468	1.0001004	0.0002854037
2460553.4488535533	1.0009552	0.00028548922
2460553.4502424262	0.9999647	0.00028537176
2460553.4516312997	1.0001777	0.00028538093
2460553.453020173	1.0005682	0.00028541678
2460553.454409046	1.0003644	0.00028541914
2460553.4557979195	1.0001836	0.00028533814
2460553.4571867925	1.0002556	0.00028540293
2460553.458575666	1.0006593	0.00028541806
2460553.459964539	1.0002517	0.0002854202
2460553.4613534124	1.000406	0.0002853801
2460553.4627422853	1.0002115	0.00028535587
2460553.464131159	1.0004506	0.00028540348
2460553.4655200318	1.0000522	0.0002853175
2460553.466908905	1.00051	0.00028538564
2460553.468297778	1.0002247	0.00028537007
2460553.4696866516	1.0002246	0.00028538515
2460553.4710755246	1.000797	0.00028542939
2460553.472464398	1.0003477	0.0002853689
2460553.473853271	1.0007213	0.00028541556
2460553.4752421444	1.0013298	0.00028550794
2460553.4766310174	1.000148	0.0002853234
2460553.4780198904	1.0005541	0.00028538486
2460553.479408764	1.0000702	0.00028537732
2460553.480797637	1.0006804	0.00028543617
2460553.48218651	1.0004394	0.00028538276
2460553.483575383	1.0002328	0.00028536853
2460553.4849642566	1.0006021	0.0002854275
2460553.4863531296	1.0005816	0.00028541184
2460553.487742003	1.0007981	0.00028544382
2460553.489130876	1.0001062	0.0002853472
2460553.4905197495	1.0002667	0.00028536964
2460553.4919086224	1.0004525	0.00028541038
2460553.493297496	1.000739	0.00028541093
2460553.494686369	1.0005866	0.00028539196
2460553.4960752423	1.0007632	0.00028543087
2460553.4974641153	1.000241	0.00028537636
2460553.4988529887	1.00028	0.00028535078
2460553.5002418617	1.0003272	0.00028542316
2460553.5016307347	1.0004735	0.00028540473
2460553.503019608	1.0005664	0.00028541673
2460553.504408481	1.0006858	0.00028541664
2460553.505797354	1.0006036	0.000285452
2460553.5071862275	1.0005238	0.00028542455
2460553.5085751005	1.0005478	0.00028544728
2460553.509963974	1.0000201	0.0002853867
2460553.511352847	1.0001214	0.00028535444
2460553.5127417203	0.9995524	0.00028531902
2460553.5141305933	0.99987924	0.00028532455
2460553.5155194667	1.0003271	0.0002854214
2460553.5169083397	0.9996836	0.0002853036
2460553.5182972127	0.9998126	0.0002853785
2460553.519686086	1.0007603	0.00028544452
2460553.521074959	1.0001272	0.00028537953
2460553.522463832	1.0006372	0.00028544143
2460553.5238527055	1.0001243	0.0002853966
2460553.5252415785	1.0001976	0.0002854266
2460553.526630452	1.0000541	0.0002853493
2460553.528019325	1.0003921	0.0002854486
2460553.529408198	1.0002999	0.00028543742
2460553.5307970713	1.0000734	0.00028542668
2460553.5321859443	1.000185	0.00028535308
2460553.5335748172	1.0005561	0.00028541437
2460553.5349636907	1.0003023	0.000285419
2460553.5363525636	1.0002674	0.00028539303
2460553.537741437	1.0008842	0.00028548486
2460553.53913031	1.0001113	0.00028539187
2460553.540519183	1.0004327	0.00028543788
2460553.541908056	0.9999314	0.0002853878
2460553.5432969294	1.0001105	0.00028538785
2460553.5446858024	1.0003976	0.000285437
2460553.546074676	1.0002581	0.0002854485
2460553.547463549	1.0007048	0.0002854604
2460553.548852422	1.0008212	0.0002854887
2460553.5502412952	1.0002475	0.0002854057
2460553.551630168	1.0006987	0.00028546687
2460553.553019041	1.0004627	0.00028549292
2460553.5544079146	0.99997556	0.00028539193
2460553.5557967876	0.999992	0.00028540634
2460553.5571856606	1.0001093	0.0002854299
2460553.5585745336	0.99997836	0.0002854195
2460553.559963407	1.0002676	0.0002854131
2460553.56135228	1.0002655	0.0002854176
2460553.5627411534	1.0009032	0.0002854995
2460553.5641300264	1.0007087	0.00028553978
2460553.5655188994	1.0000807	0.0002854145
2460553.5669077723	0.9998777	0.0002853968
2460553.568296646	0.99980825	0.00028540168
2460553.5696855187	1.000703	0.0002854794
2460553.5710743917	0.9997725	0.0002853966
2460553.572463265	1.000023	0.0002854174
2460553.573852138	0.9994574	0.00028536687
2460553.575241011	1.0000393	0.00028543232
2460553.5766298845	1.0004485	0.00028547097
2460553.5780187575	1.0000666	0.00028541952
2460553.5794076305	0.9997338	0.00028538934
2460553.5807965035	0.99982333	0.00028539402
2460553.582185377	0.99993205	0.0002854113
2460553.58357425	0.99994016	0.0002853912
2460553.584963123	1.0000284	0.00028544918
2460553.586351996	1.0000149	0.00028542607
2460553.5877408693	1.0004014	0.00028547776
2460553.5891297422	1.0002577	0.00028545794
2460553.590518615	1.0000093	0.00028541274
2460553.591907488	1.000621	0.00028550293
2460553.5932963616	1.0003333	0.00028545252
2460553.5946852346	1.000262	0.000285464
2460553.5960741076	1.0001975	0.00028544327
2460553.5974629805	1.0001955	0.00028542773
2460553.598851854	1.0001471	0.00028543157
2460553.600240727	1.0000222	0.0002854265
2460553.6016296	1.0001385	0.00028542418
2460553.603018473	1.0001639	0.0002854453
2460553.6044073463	0.9998739	0.00028538736
2460553.6057962193	1.0003265	0.00028545503
2460553.6071850923	1.0002295	0.00028546722
2460553.6085739653	0.99980867	0.0002854011
2460553.6099628387	1.0001369	0.00028542944
2460553.6113517117	1.0000318	0.00028543154
2460553.6127405846	1.000721	0.00028553093
2460553.6141294576	1.0003402	0.00028546978
2460553.6155183306	1.000146	0.0002854835
2460553.6169072036	0.99985135	0.00028543544
2460553.618296077	1.0001037	0.0002854009
2460553.61968495	0.9997577	0.00028537973
2460553.621073823	0.9996887	0.0002853667
2460553.622462696	1.0001975	0.00028544775
2460553.6238515694	1.0005373	0.00028547106
2460553.6252404423	1.0002671	0.0002854376
2460553.6266293153	1.0002372	0.0002854479
2460553.6280181883	0.9994717	0.000285353
2460553.6294070613	1.0006212	0.00028550203
2460553.6307959342	0.99976027	0.00028539772
2460553.6321848077	0.99995714	0.0002853853
2460553.6335736807	1.0004982	0.00028549824
2460553.6349625536	0.9999053	0.00028540223
2460553.6363514266	1.0001332	0.00028544565
2460553.6377402996	0.99963015	0.00028533704
2460553.6391291725	1.0001317	0.00028540386
2460553.640518046	1.0000143	0.00028542825
2460553.641906919	0.9998698	0.00028536282
2460553.643295792	1.0005403	0.0002854767
2460553.644684665	1.000004	0.00028541352
2460553.646073538	1.0002515	0.00028546003
2460553.647462411	0.99973446	0.00028537447
2460553.6488512843	1.0004808	0.00028543442
2460553.6502401573	1.0004511	0.00028548462
2460553.6516290302	1.0003055	0.00028544336
2460553.653017903	1.0004431	0.00028551783
2460553.654406776	0.99997896	0.00028537493
2460553.655795649	0.9997904	0.00028541888
2460553.657184522	1.0002121	0.0002854464
2460553.658573395	1.0000216	0.00028542525
2460553.6599622685	1.0000908	0.00028543474
2460553.6613511415	1.0004215	0.00028547144
2460553.6627400145	0.9996783	0.00028537432
2460553.6641288875	0.999701	0.00028538378
2460553.6655177604	0.9999176	0.0002854217
2460553.6669066334	0.9997328	0.0002853664
2460553.6682955064	0.99954337	0.0002853408
2460553.6696843794	1.0001954	0.00028542304
2460553.671073253	1.0010321	0.00028547354
2460553.6724621253	1.0004869	0.00028548753
2460553.6738509987	0.9998031	0.0002853848
2460553.6752398717	1.0005499	0.00028550305
2460553.6766287447	0.99993116	0.00028538977
2460553.6780176177	1.0005943	0.00028548448
2460553.6794064906	1.0000285	0.00028541512
2460553.6807953636	1.0001262	0.000285427
2460553.6821842366	1.0000066	0.0002853767
2460553.6835731096	0.9997744	0.00028538037
2460553.6849619825	1.000209	0.00028542674
2460553.6863508555	0.99974155	0.00028538794
2460553.687739729	1.0001839	0.00028542517
2460553.6891286015	1.000076	0.00028542738
2460553.690517475	0.99982613	0.0002854003
2460553.6919063474	1.0000803	0.00028541218
2460553.693295221	1.0001721	0.00028544318
2460553.694684094	1.0003932	0.00028547423
2460553.696072967	1.0001494	0.00028543692
2460553.6974618398	1.0002847	0.0002854669
2460553.6988507127	1.000305	0.00028548052
2460553.7002395857	0.99968994	0.00028537656
2460553.7016284587	1.0000043	0.0002853999
2460553.7030173317	1.000257	0.00028542793
2460553.7044062046	1.000164	0.0002854451
2460553.7057950776	0.9997215	0.00028537208
2460553.7071839506	1.0000569	0.0002854405
2460553.7085728236	1.0001885	0.0002854508
2460553.7099616965	0.9995883	0.0002853577
2460553.7113505695	1.0000799	0.000285449
2460553.7127394425	1.0002053	0.0002854156
2460553.7141283154	0.9997613	0.0002854325
2460553.7155171884	1.0001836	0.00028542936
2460553.7169060614	1.0007135	0.0002855308
2460553.7182949344	1.0000379	0.00028540593
2460553.7196838073	1.0002209	0.00028544306
2460553.7210726803	1.0001425	0.00028543797
2460553.7224615533	0.9998315	0.00028542103
2460553.7238504263	1.0003062	0.00028546495
2460553.7252392992	1.0001634	0.00028544175
2460553.726628172	1.0003676	0.0002854726
2460553.728017045	1.0002143	0.00028543946
2460553.729405918	1.0002741	0.00028544996
2460553.730794791	1.0003121	0.00028543867
2460553.732183664	1.0003097	0.00028548817
2460553.733572537	0.99950296	0.00028536457
2460553.73496141	1.0004199	0.0002854259
2460553.736350283	1.0003002	0.00028542228
2460553.737739156	1.0007093	0.00028551294
2460553.739128029	1.0002759	0.00028545162
2460553.740516902	1.0000787	0.00028542877
2460553.741905775	1.0004113	0.00028544883
2460553.743294648	1.0003797	0.00028544248
2460553.744683521	0.9998871	0.00028540706
2460553.7460723934	1.0002099	0.00028543442
2460553.747461267	1.0000495	0.00028543186
2460553.7488501393	1.000132	0.00028539772
2460553.7502390128	1.0001779	0.00028543593
2460553.7516278853	1.0006505	0.00028549394
2460553.7530167582	1.0002431	0.0002854716
2460553.754405631	1.0001392	0.00028544487
2460553.755794504	1.0002962	0.00028542412
2460553.757183377	1.0002806	0.0002854559
2460553.75857225	1.0002327	0.00028544702
2460553.759961123	0.99976933	0.00028538943
2460553.761349996	1.00034	0.0002854523
2460553.762738869	0.9999683	0.00028542813
2460553.764127742	1.0003854	0.0002854437
2460553.765516615	1.0006826	0.00028549074
2460553.766905488	1.0003097	0.000285445
2460553.7682943605	0.9996917	0.00028541105
2460553.769683234	1.0004144	0.00028548698
2460553.7710721064	1.0000662	0.0002853936
2460553.7724609794	1.000155	0.00028543558
2460553.7738498524	1.0003451	0.00028542674
2460553.7752387254	1.0001295	0.00028541163
2460553.7766275983	1.0004262	0.00028549205
2460553.7780164713	1.0004402	0.00028548486
2460553.7794053443	1.0002704	0.00028546262
2460553.7807942173	1.0003633	0.00028544472
2460553.7821830898	1.0006012	0.00028551556
2460553.783571963	1.000236	0.0002854617
2460553.7849608357	1.000242	0.00028545686
2460553.7863497087	1.0005422	0.00028551582
2460553.7877385817	1.0002699	0.0002854581
2460553.7891274546	1.0003934	0.0002854582
2460553.7905163276	1.0000335	0.00028543713
2460553.7919052006	1.0001863	0.0002854492
2460553.793294073	1.0003258	0.0002854679
2460553.794682946	0.9999885	0.00028544245
2460553.796071819	0.99967253	0.00028538154
2460553.797460692	0.9998278	0.00028538646
2460553.798849565	1.0002135	0.00028545756
2460553.800238438	1.0001192	0.00028544987
2460553.8016273105	1.0002658	0.00028546355
2460553.803016184	1.0003664	0.00028547505
2460553.8044050564	1.0002823	0.000285443
2460553.8057939294	1.0004483	0.00028550485
2460553.8071828024	1.0004586	0.00028550008
2460553.8085716753	1.0002707	0.00028544237
2460553.8099605483	1.0000411	0.00028543852
2460553.8113494213	1.0004585	0.00028547333
2460553.812738294	1.0004723	0.0002854789
2460553.8141271668	1.0003748	0.0002854671
2460553.8155160397	1.0004032	0.0002854729
2460553.8169049127	0.99992824	0.00028540174
2460553.818293785	1.000206	0.0002854531
2460553.8196826586	0.99948496	0.00028540686
2460553.821071531	1.0002173	0.00028545278
2460553.822460404	1.000189	0.0002857695
2460553.823849277	1.0004208	0.00028547013
2460553.82523815	1.0003188	0.00028549353
2460553.8266270226	0.99988323	0.00028543087
2460553.8280158956	1.0001366	0.0002854085
2460553.8294047685	1.0001397	0.0002854221
2460553.8307936415	0.9995014	0.00028538355
2460553.8321825145	1.0001125	0.00028548553
2460553.8335713875	0.9999663	0.0002854075
2460553.83496026	0.9999817	0.0002854479
2460553.836349133	0.99993026	0.00028545348
2460553.837738006	0.99993765	0.0002854175
2460553.839126879	0.9998397	0.00028537936
2460553.8405157514	1.0002054	0.00028542685
2460553.8419046244	0.9995398	0.00028536684
2460553.8432934973	0.99995595	0.00028544673
2460553.8446823703	0.9996521	0.00028541478
2460553.846071243	0.9993608	0.0002853509
2460553.847460116	1.0002501	0.00028548704
2460553.848848989	1.0000956	0.00028547843
2460553.8502378617	1.0002565	0.00028546213
2460553.8516267342	0.9999433	0.00028543625
2460553.853015607	1.0005825	0.00028548008
2460553.85440448	0.99950826	0.00028538404
2460553.855793353	0.9998097	0.00028540124
2460553.8571822257	1.0001649	0.0002854956
2460553.8585710987	1.0001318	0.00028544042
2460553.8599599716	0.9998953	0.000285412
2460553.8613488446	0.9996217	0.00028541574
2460553.862737717	0.9995088	0.00028536445
2460553.86412659	0.9999157	0.00028538596
2460553.865515463	1.0003583	0.0002854881
2460553.866904336	1.0001005	0.0002854526
2460553.8682932085	1.0004878	0.0002854976
2460553.8696820815	1.0001338	0.0002854713
2460553.8710709545	1.0000156	0.0002854273
2460553.8724598275	0.99971294	0.00028542063
2460553.8738487	0.9994882	0.0002854016
2460553.875237573	1.0001286	0.0002854404
2460553.8766264454	0.9999043	0.00028545002
2460553.8780153184	0.9995418	0.00028536576
2460553.8794041914	1.000469	0.00028547217
2460553.8807930644	1.0000911	0.0002854266
2460553.882181937	0.99940014	0.00028534024
2460553.88357081	0.9998031	0.00028538372
2460553.884959683	0.99986446	0.00028546154
2460553.886348556	0.99965507	0.00028539036
2460553.8877374283	0.99976146	0.00028540983
2460553.8891263013	1.0005652	0.0002855235
2460553.890515174	0.9995292	0.0002853812
2460553.8919040468	0.9990101	0.00028530057
2460553.8932929197	0.9997922	0.0002854133
2460553.8946817927	0.9993885	0.00028536047
2460553.896070665	0.9998782	0.00028542877
2460553.897459538	0.99959147	0.00028539973
2460553.8988484107	0.99960923	0.0002853618
2460553.9002372837	0.99925137	0.00028536774
2460553.9016261566	1.0005928	0.00028550025
2460553.9030150296	1.0000199	0.00028539708
2460553.904403902	0.99991983	0.00028540657
2460553.905792775	0.9994356	0.00028538163
2460553.9071816476	0.99963886	0.0002853878
2460553.9085705206	1.0003182	0.00028547994
2460553.9099593936	1.0002543	0.0002854405
2460553.911348266	0.999675	0.0002853485
2460553.912737139	0.99983567	0.0002853687
2460553.914126012	0.9996205	0.0002853935
2460553.9155148845	0.99947137	0.0002853573
2460553.9169037575	1.0002221	0.0002854202
2460553.91829263	1.0000149	0.00028541175
2460553.919681503	0.99976057	0.00028540927
2460553.921070376	0.9996048	0.00028537645
2460553.9224592485	1.0000216	0.0002854304
2460553.9238481214	1.0000888	0.00028542956
2460553.9252369944	0.99907947	0.0002852655
2460553.926625867	1.0003695	0.00028541623
2460553.92801474	0.9997315	0.00028540948
2460553.9294036124	0.9998599	0.00028538852
2460553.9307924854	0.99930686	0.00028532636
2460553.9321813583	0.9999922	0.0002854125
2460553.933570231	0.99980724	0.00028535884
2460553.934959104	1.0000293	0.00028543023
2460553.936347977	0.999877	0.00028538698
2460553.9377368493	1.0000348	0.00028540657
2460553.9391257223	1.0000442	0.000285416
2460553.940514595	1.0003759	0.00028546818
2460553.9419034678	0.9997392	0.0002854064
2460553.9432923403	0.99980897	0.00028536026
2460553.9446812132	0.9991103	0.0002852816
2460553.9460700857	1.0001154	0.0002854104
2460553.9474589587	1.0005563	0.00028544138
2460553.9488478317	1.0000814	0.00028540916
2460553.950236704	1.0000397	0.00028541838
2460553.951625577	0.99960816	0.0002853736
2460553.9530144497	0.9996215	0.00028531317
2460553.9544033227	0.9999523	0.00028537886
2460553.9557921956	1.0003989	0.00028545252
2460553.957181068	1.0006886	0.00028545677
2460553.958569941	0.99963593	0.0002853714
2460553.9599588136	1.0002803	0.00028541492
2460553.9613476866	0.999572	0.00028532156
2460553.962736559	0.9998829	0.0002853557
2460553.964125432	0.99997747	0.00028538876
2460553.9655143046	1.0000778	0.0002853614
2460553.9669031776	1.0004369	0.00028545325
2460553.96829205	1.0004082	0.00028546804
2460553.969680923	0.999476	0.00028533302
2460553.9710697955	0.999801	0.0002853163
2460553.9724586685	0.99997675	0.00028540433
2460553.973847541	1.0002607	0.00028543235
2460553.975236414	1.0001781	0.00028540022
2460553.9766252865	1.000306	0.0002854103
2460553.9780141595	0.99963707	0.00028530115
2460553.979403032	0.9998152	0.0002853485
2460553.980791905	0.99952495	0.00028529958
2460553.9821807775	1.0000597	0.00028537732
2460553.9835696504	0.9996195	0.0002853382
2460553.984958523	1.0004095	0.00028543375
2460553.986347396	0.99983877	0.0002853524
2460553.9877362684	0.9997824	0.00028534915
2460553.9891251414	0.99990964	0.00028539583
2460553.990514014	0.9995787	0.0002853278
2460553.991902887	1.0001296	0.0002853727
2460553.9932917594	0.9999911	0.00028539536
2460553.9946806324	0.99976814	0.0002853391
2460553.996069505	1.0003078	0.00028541381
2460553.997458378	0.9995495	0.00028529932
2460553.9988472504	1.0002255	0.0002854284
2460554.0002361233	1.0001277	0.00028536186
2460554.001624996	0.9999149	0.00028538873
2460554.003013869	1.0000769	0.00028539053
2460554.0044027413	1.0001479	0.0002853963
2460554.0057916143	1.000196	0.00028538576
2460554.007180487	1.0004534	0.00028545668
2460554.00856936	1.0001472	0.00028542618
2460554.0099582323	0.99991965	0.0002853711
2460554.0113471053	0.99988055	0.00028534868
2460554.012735978	0.99955255	0.00028531993
2460554.0141248507	1.0005965	0.00028542522
2460554.0155137233	0.9999922	0.00028535546
2460554.0169025958	0.99973905	0.00028532353
2460554.0182914687	0.999554	0.00028533326
2460554.0196803412	0.9998201	0.00028534158
2460554.021069214	0.99951667	0.0002853318
2460554.0224580867	0.99897957	0.00028521975
2460554.023846959	0.9975671	0.00028509705
2460554.025235832	0.99808866	0.00028513916
2460554.0266247047	0.9968534	0.00028495988
2460554.0280135777	0.99600494	0.00028487135
2460554.02940245	0.99484545	0.0002846795
2460554.030791323	0.99401546	0.00028464175
2460554.0321801957	0.9941988	0.00028463046
2460554.0335690686	0.99396527	0.0002846087
2460554.034957941	0.99400693	0.00028460374
2460554.0363468137	0.99408394	0.00028460598
2460554.0377356866	0.9939533	0.00028458695
2460554.039124559	0.99358463	0.00028457755
2460554.0405134317	0.9932525	0.00028449562
2460554.0419023046	0.99369395	0.00028458834
2460554.043291177	0.9930984	0.00028453683
2460554.04468005	0.9933339	0.0002845433
2460554.0460689226	0.9931495	0.0002845101
2460554.0474577956	0.9931723	0.0002844965
2460554.048846668	0.993205	0.00028450694
2460554.0502355406	0.9932516	0.00028453209
2460554.051624413	0.9936989	0.00028455735
2460554.053013286	0.9927606	0.00028446104
2460554.0544021586	0.9934736	0.00028452915
2460554.0557910316	0.99338305	0.0002845612
2460554.057179904	0.99279046	0.000284499
2460554.058568777	0.9927583	0.00028446136
2460554.0599576496	0.9926183	0.00028442653
2460554.061346522	0.99243176	0.00028441587
2460554.0627353946	0.993196	0.00028448744
2460554.0641242675	0.99241716	0.0002844365
2460554.06551314	0.9928309	0.00028447868
2460554.066902013	0.99233145	0.00028441666
2460554.0682908855	0.9925784	0.00028446314
2460554.069679758	0.99270666	0.00028445944
2460554.0710686306	0.99325204	0.00028453837
2460554.0724575035	0.9931271	0.00028454364
2460554.073846376	0.993086	0.00028452257
2460554.075235249	0.9932398	0.00028452478
2460554.0766241215	0.99326247	0.00028455298
2460554.078012994	0.99263006	0.00028447143
2460554.0794018665	0.9927385	0.0002844979
2460554.0807907395	0.9931233	0.00028450787
2460554.082179612	0.99300885	0.0002844977
2460554.083568485	0.99291766	0.0002845214
2460554.0849573575	0.9930177	0.00028452658
2460554.08634623	0.9932034	0.00028451585
2460554.0877351025	0.9931508	0.0002845512
2460554.0891239755	0.99288404	0.00028447367
2460554.090512848	0.9930738	0.00028451954
2460554.091901721	0.9928819	0.00028446707
2460554.0932905935	0.99262416	0.00028445985
2460554.094679466	0.99295205	0.000284528
2460554.0960683385	0.9927196	0.00028447565
2460554.0974572115	0.9928309	0.0002844713
2460554.098846084	0.9924421	0.00028443628
2460554.1002349565	0.9935634	0.00028456975
2460554.101623829	0.99280953	0.00028452007
2460554.103012702	0.9923834	0.00028446392
2460554.1044015745	0.99265844	0.00028442353
2460554.105790447	0.9927494	0.00028448744
2460554.1071793195	0.9925822	0.0002844606
2460554.1085681925	0.9923875	0.00028440892
2460554.109957065	0.99323654	0.0002844958
2460554.1113459375	0.992326	0.00028443572
2460554.11273481	0.9931838	0.00028453575
2460554.114123683	0.99258655	0.000284463
2460554.1155125555	0.9929949	0.00028452405
2460554.1169014284	0.9933129	0.00028454314
2460554.118290301	0.9930956	0.00028448677
2460554.1196791735	0.9934819	0.00028456416
2460554.121068046	0.993387	0.0002845827
2460554.122456919	0.99312013	0.00028452254
2460554.123845791	0.9926866	0.0002844852
2460554.125234664	0.9929764	0.00028450423
2460554.1266235365	0.9931027	0.00028453616
2460554.128012409	0.99372464	0.00028462813
2460554.1294012815	0.9927863	0.00028450254
2460554.1307901544	0.99354553	0.00028459486
2460554.132179027	0.99327415	0.0002845701
2460554.1335678995	0.99320674	0.00028458628
2460554.134956772	0.9931758	0.00028453613
2460554.136345645	0.99319017	0.00028455473
2460554.1377345175	0.9932211	0.00028452746
2460554.13912339	0.9933067	0.00028453977
2460554.1405122625	0.99299794	0.0002845229
2460554.1419011354	0.99331915	0.00028451893
2460554.143290008	0.99307513	0.0002845469
2460554.1446788805	0.9937451	0.00028462947
2460554.146067753	0.993551	0.0002846197
2460554.1474566255	0.99361086	0.00028456261
2460554.148845498	0.9945798	0.00028469862
2460554.150234371	0.9939088	0.0002846022
2460554.1516232435	0.9940966	0.00028464934
2460554.153012116	0.993543	0.00028456596
2460554.1544009885	0.99410397	0.00028463925
2460554.1557898615	0.9938698	0.00028461005
2460554.157178734	0.99409366	0.0002846683
2460554.1585676065	0.994278	0.00028467018
2460554.159956479	0.9941923	0.0002846431
2460554.1613453515	0.9940212	0.00028465132
2460554.162734224	0.99412405	0.00028464646
2460554.164123097	0.9943891	0.00028469865
2460554.1655119695	0.99474496	0.00028473258
2460554.166900842	0.99548256	0.00028480907
2460554.1682897145	0.9961059	0.00028486838
2460554.169678587	0.99624467	0.0002849526
2460554.1710674595	0.996956	0.00028503538
2460554.1724563325	0.9984124	0.00028518913
2460554.173845205	0.9980627	0.00028517214
2460554.1752340775	0.9991151	0.0002853296
2460554.17662295	0.999675	0.00028537866
2460554.1780118225	0.9997324	0.00028539603
2460554.179400695	1.0003121	0.00028545578
2460554.180789568	0.99977654	0.00028539053
2460554.18217844	0.9997087	0.0002853911
2460554.183567313	0.9997262	0.00028537752
2460554.1849561855	0.999616	0.00028534248
2460554.186345058	1.0003728	0.0002854468
2460554.1877339305	1.0003436	0.00028543716
2460554.189122803	1.0003232	0.00028543294
2460554.1905116756	0.99976057	0.00028539397
2460554.1919005485	0.99970317	0.0002853389
2460554.1932894206	1.0001522	0.0002854241
2460554.1946782935	1.000281	0.00028540264
2460554.196067166	1.0003545	0.00028540284
2460554.1974560386	0.99952334	0.0002853373
2460554.198844911	0.99926883	0.00028529865
2460554.2002337836	1.0003072	0.00028542636
2460554.201622656	0.9994979	0.00028535904
2460554.2030115286	1.0004077	0.00028542493
2460554.204400401	1.0000601	0.0002853832
2460554.205789274	0.9998773	0.00028534865
2460554.207178146	1.0001857	0.00028541085
2460554.208567019	0.9996236	0.00028533107
2460554.2099558916	0.99938637	0.000285319
2460554.2113447636	1.0001127	0.00028539312
2460554.2127336366	0.99977237	0.0002853589
2460554.214122509	0.99964046	0.0002853315
2460554.2155113816	0.9999434	0.00028534216
2460554.216900254	0.99942917	0.00028531437
2460554.2182891266	1.0002822	0.00028539842
2460554.219677999	0.99964404	0.0002853295
2460554.2210668717	1.0002476	0.0002854202
2460554.222455744	0.99992347	0.00028536847
2460554.2238446167	0.9998496	0.00028540136
2460554.225233489	0.9999095	0.00028535526
2460554.2266223617	1.0000151	0.00028540063
2460554.228011234	0.99981695	0.000285359
2460554.229400107	0.9997532	0.00028538163
2460554.230788979	0.9998846	0.0002853588
2460554.232177852	0.9998042	0.0002853493
2460554.233566724	0.9992751	0.00028528617
2460554.234955597	1.0003436	0.00028539862
2460554.2363444692	0.99959844	0.00028532252
2460554.237733342	0.9998088	0.00028532065
2460554.2391222147	0.999359	0.0002853259
2460554.2405110872	0.99995077	0.00028538713
2460554.2418999597	0.99990076	0.00028535386
2460554.2432888323	0.99952567	0.00028535107
2460554.2446777048	0.99955297	0.00028534082
2460554.2460665773	0.99989974	0.0002853659
2460554.24745545	1.0001113	0.0002854145
2460554.2488443223	0.99978733	0.00028535866
2460554.250233195	0.9999736	0.000285383
2460554.2516220673	0.9999554	0.00028538873
2460554.25301094	0.99979854	0.00028537915
2460554.2543998123	0.99975973	0.00028533756
2460554.255788685	0.99978834	0.00028536987
2460554.2571775573	0.99990714	0.0002853978
2460554.25856643	0.9999185	0.00028536576
2460554.2599553023	0.99931264	0.00028530098
2460554.261344175	0.9999191	0.00028535785
2460554.2627330474	0.9997721	0.00028536314
2460554.26412192	1.0001264	0.00028542185
2460554.2655107924	0.9994829	0.00028528276
2460554.266899665	0.99963665	0.00028536617
2460554.2682885374	0.99970394	0.00028534984
2460554.26967741	0.9996955	0.0002853597
2460554.2710662824	1.0000829	0.00028539967
2460554.272455155	1.0006846	0.0002854536
2460554.2738440274	0.9992037	0.0002852819
2460554.2752328995	0.9999314	0.0002853947
2460554.2766217724	1.0001522	0.0002854125
2460554.2780106445	1.0002432	0.00028543695
2460554.2793995175	0.9999018	0.00028536218
2460554.2807883895	1.000241	0.00028542374
2460554.282177262	0.9994357	0.00028531344
2460554.2835661345	1.0004215	0.0002854519
2460554.284955007	1.0004909	0.00028543416
2460554.2863438795	0.9993491	0.00028529964
2460554.287732752	1.0002482	0.00028544044
2460554.2891216245	0.9994612	0.0002853473
2460554.290510497	1.0002457	0.00028542057
2460554.2918993696	0.9996776	0.0002853506
2460554.293288242	0.99985236	0.00028537837
2460554.2946771146	1.0001807	0.00028541003
2460554.296065987	1.0003333	0.00028544257
2460554.2974548596	0.9998036	0.00028535046
2460554.298843732	0.99980706	0.00028536178
2460554.300232604	0.99965686	0.00028531833
2460554.301621477	0.99998415	0.00028533323
2460554.303010349	1.0002391	0.00028540264
2460554.3043992217	0.9997349	0.00028533797
2460554.305788094	0.9999426	0.0002853769
2460554.3071769667	0.99967426	0.00028536207
2460554.308565839	1.000248	0.00028541606
2460554.3099547117	0.99990284	0.0002853735
2460554.311343584	1.0000995	0.00028538582
2460554.3127324567	0.99958813	0.0002853526
2460554.3141213288	1.0001279	0.0002853855
2460554.3155102017	0.9999978	0.0002854128
2460554.316899074	0.99982554	0.00028535162
2460554.3182879463	0.99974734	0.0002853385
2460554.319676819	1.0002034	0.0002854176
2460554.3210656913	1.0001065	0.00028541152
2460554.322454564	1.0004278	0.00028546053
2460554.3238434363	0.999537	0.00028535037
2460554.325232309	0.9998517	0.00028539612
2460554.3266211813	0.9993217	0.00028526963
2460554.3280100534	0.99954337	0.0002853278
2460554.329398926	1.000305	0.0002854419
2460554.3307877984	1.0002942	0.0002854625
2460554.332176671	1.0000403	0.00028540593
2460554.3335655434	0.9997083	0.00028536294
2460554.334954416	0.99980724	0.00028534935
2460554.336343288	0.9996496	0.0002853614
2460554.337732161	1.0002781	0.00028545054
2460554.339121033	1.0000418	0.00028541152
2460554.3405099055	1.0004364	0.00028546722
2460554.341898778	0.9998498	0.0002854034
2460554.3432876505	0.99991345	0.00028537217
2460554.344676523	0.99988467	0.00028537933
2460554.3460653955	1.0010606	0.0002855378
2460554.3474542676	1.0008055	0.0002855069
2460554.34884314	1.000821	0.00028547674
2460554.3502320126	1.0005411	0.00028548032
2460554.351620885	0.9994458	0.00028533803
2460554.3530097576	1.0002583	0.0002854489
2460554.35439863	1.0000727	0.00028541885
2460554.355787502	0.9999137	0.00028541975
2460554.3571763746	0.99999344	0.000285392
2460554.358565247	0.99979866	0.00028537356
2460554.3599541197	0.99983585	0.00028537255
2460554.3613429917	1.0000532	0.00028539787
2460554.362731864	0.9996786	0.00028534542
2460554.3641207367	1.000316	0.00028542354
2460554.365509609	0.9998097	0.0002853894
2460554.3668984817	1.0003026	0.00028548238
2460554.3682873542	1.0000497	0.00028539303
2460554.3696762263	1.0002116	0.00028541175
2460554.371065099	1.0007751	0.00028547508
2460554.3724539713	1.0001323	0.00028540898
2460554.373842844	1.0006028	0.00028548262
2460554.375231716	1.0001469	0.00028540997
2460554.3766205884	0.999838	0.00028539295
2460554.378009461	1.0001179	0.0002853738
2460554.3793983334	0.99984396	0.00028534434
2460554.380787206	1.0006019	0.00028544967
2460554.3821760784	0.99989915	0.00028536734
2460554.3835649504	1.0007395	0.0002854903
2460554.384953823	0.99992985	0.000285348
2460554.3863426954	1.0003427	0.00028541384
2460554.387731568	1.000334	0.00028543736
2460554.38912044	1.0003706	0.00028545526
2460554.3905093125	0.9999294	0.00028536617
2460554.391898185	1.000905	0.0002854702
2460554.3932870575	1.0005969	0.00028548847
2460554.3946759296	1.0000483	0.0002853822
2460554.396064802	1.0001085	0.00028539277
2460554.3974536746	1.0001987	0.0002854146
2460554.398842547	1.0000817	0.0002854009
2460554.400231419	1.0001342	0.00028541707
2460554.4016202916	1.0005615	0.00028547022
2460554.403009164	1.0000474	0.0002854205
2460554.4043980367	1.0001041	0.00028539723
2460554.4057869087	1.0000725	0.0002853748
2460554.407175781	1.0007977	0.00028545983
2460554.4085646532	0.9998759	0.000285366
2460554.4099535258	1.0007524	0.0002854656
2460554.4113423983	1.0001403	0.00028538203
2460554.412731271	1.0007093	0.00028550412
2460554.414120143	0.99995965	0.00028536472
2460554.4155090153	0.9998974	0.0002853584
2460554.416897888	0.99939	0.00028530537
2460554.4182867603	1.0001899	0.00028540177
2460554.4196756324	1.0000916	0.0002854137
2460554.421064505	0.999923	0.00028538165
2460554.4224533774	1.0000908	0.00028539877
2460554.42384225	1.0002731	0.0002853963
2460554.425231122	1.0001948	0.00028540232
2460554.4266199945	0.9999513	0.00028537103
2460554.4280088665	0.99983907	0.00028535555
2460554.429397739	0.999488	0.00028533262
2460554.4307866115	1.0002142	0.0002854033
2460554.432175484	1.0004126	0.00028539612
2460554.433564356	1.0000656	0.00028538232
2460554.4349532286	1.0003365	0.00028541882
2460554.4363421006	1.000689	0.00028545188
2460554.437730973	1.0001675	0.0002853713
2460554.4391198456	1.000375	0.0002854397
2460554.440508718	1.000182	0.0002853858
2460554.44189759	1.0003451	0.00028543363
2460554.4432864627	1.0002662	0.00028538622
2460554.4446753347	1.0003763	0.00028539708
2460554.4460642072	0.9996375	0.0002852976
2460554.4474530797	1.0007265	0.00028542717
2460554.4488419523	0.99990326	0.00028534187
2460554.4502308243	1.0001166	0.00028537004
2460554.451619697	1.000163	0.0002853956
2460554.453008569	0.9999528	0.0002853846
2460554.4543974414	0.99952555	0.00028530945
2460554.455786314	1.000568	0.00028542674
2460554.4571751864	1.000405	0.00028538852
2460554.4585640584	1.0002121	0.00028542476
2460554.459952931	1.0002062	0.00028539792
2460554.461341803	1.0003788	0.0002854077
2460554.4627306755	1.0002258	0.00028539245
2460554.4641195475	1.0003895	0.00028537563
2460554.46550842	1.0000337	0.00028535214
2460554.4668972925	0.9997655	0.00028536035
2460554.468286165	0.9996127	0.00028530697
2460554.469675037	1.0005428	0.00028541885
2460554.4710639096	0.99978626	0.00028532336
2460554.4724527816	1.0001494	0.0002853876
2460554.473841654	1.0001832	0.00028538975
2460554.475230526	0.9999635	0.00028537636
2460554.4766193987	1.000415	0.00028539787
2460554.478008271	1.0000943	0.0002853811
2460554.4793971432	0.9997622	0.00028534982
2460554.4807860157	0.9996138	0.0002853206
2460554.4821748883	1.0002255	0.00028542383
2460554.4835637603	1.0000788	0.0002853733
2460554.484952633	0.99973875	0.00028535625
2460554.486341505	1.0001644	0.00028541664
2460554.4877303774	1.0002704	0.00028540657
2460554.4891192494	1.0002651	0.00028538512
2460554.490508122	0.9995955	0.0002853451
2460554.4918969944	1.0004685	0.00028543087
2460554.4932858665	1.000224	0.00028538596
2460554.494674739	0.9999916	0.00028537965
2460554.496063611	1.0001396	0.00028542682
2460554.4974524835	1.0000614	0.00028540366
2460554.498841356	0.999932	0.000285394
2460554.500230228	1.0004812	0.0002854579
2460554.5016191006	1.0002037	0.00028541478
2460554.5030079726	0.9999329	0.00028539996
2460554.504396845	1.0002608	0.00028543145
2460554.505785717	1.00053	0.00028547767
2460554.5071745897	1.0001818	0.0002854429
2460554.5085634617	1.0001363	0.0002854309
2460554.509952334	1.0002756	0.00028544286
2460554.5113412063	0.9999259	0.000285401
2460554.512730079	1.0003127	0.00028543742
2460554.514118951	0.99953204	0.0002853919
2460554.5155078233	1.0001484	0.00028543136
2460554.5168966954	1.0003552	0.00028546818
2460554.518285568	0.9997857	0.00028539504
2460554.5196744404	0.99976933	0.0002853938
2460554.5210633124	1.0000774	0.00028543704
2460554.522452185	1.0007149	0.00028551003
2460554.523841057	1.0001338	0.00028548832
2460554.5252299295	1.0001514	0.00028546885
2460554.5266188015	1.0000037	0.00028543803
2460554.528007674	0.9996657	0.0002853909
2460554.529396546	1.0005122	0.00028553282
2460554.5307854186	0.9997205	0.00028537423
2460554.5321742906	0.9997173	0.00028538096
2460554.533563163	1.0007195	0.0002854999
2460554.534952035	1.0008298	0.00028551827
2460554.5363409077	0.9999906	0.0002854077
2460554.5377297797	0.9997632	0.0002854109
2460554.539118652	1.0000327	0.00028545232
2460554.5405075243	0.999878	0.00028543294
2460554.541896397	1.0000434	0.00028542744
2460554.543285269	1.00027	0.00028543733
2460554.5446741413	1.0002787	0.00028549068
2460554.5460630134	0.999676	0.00028535788
2460554.547451886	1.0003171	0.00028547508
2460554.548840758	1.0000144	0.00028541114
2460554.5502296304	0.99996775	0.0002854058
2460554.5516185025	0.9997577	0.00028542877
2460554.553007375	1.0007322	0.00028552578
2460554.554396247	1.0002297	0.00028545558
2460554.555785119	1.0004122	0.00028547863
2460554.5571739916	1.0004282	0.00028551024
2460554.5585628636	0.9999162	0.00028540997
2460554.559951736	0.99987215	0.00028540788
2460554.561340608	1.000101	0.00028542627
2460554.5627294807	1.0004998	0.00028548148
2460554.5641183527	1.0005894	0.00028550322
2460554.565507225	1.0003669	0.00028547487
2460554.5668960973	1.0001884	0.00028544728
2460554.56828497	0.99992794	0.00028539004
2460554.569673842	1.0004083	0.00028546414
2460554.5710627143	1.0004606	0.000285475
2460554.5724515864	0.9998778	0.00028543407
2460554.573840459	1.0002961	0.0002854604
2460554.575229331	0.9998364	0.00028542813
2460554.576618203	1.0001445	0.00028548026
2460554.5780070755	0.99955255	0.00028533998
2460554.5793959475	1.0005995	0.00028553288
2460554.5807848196	1.0000428	0.00028541937
2460554.582173692	0.99988467	0.00028543218
2460554.583562564	1.0003015	0.00028547033
2460554.5849514366	1.0000564	0.0002854514
2460554.5863403087	1.0005703	0.00028547275
2460554.587729181	1.00083	0.0002855403
2460554.589118053	1.0001583	0.0002854452
2460554.5905069257	1.0000063	0.00028544373
2460554.5918957978	1.0003006	0.0002854964
2460554.59328467	0.99997675	0.0002854549
2460554.594673542	1.0001955	0.0002854562
2460554.5960624143	1.0001509	0.00028545773
2460554.5974512864	1.0000535	0.0002854176
2460554.598840159	0.9998116	0.00028539257
2460554.600229031	1.0001678	0.000285463
2460554.6016179034	1.0001411	0.00028543625
2460554.6030067755	0.99991417	0.0002854171
2460554.6043956475	0.9999311	0.0002853939
2460554.60578452	1.0002695	0.00028543413
2460554.607173392	1.0003048	0.00028545895
2460554.608562264	1.0003849	0.00028549685
2460554.6099511366	1.0003023	0.00028545916
2460554.6113400087	1.0006437	0.00028551344
2460554.612728881	1.0004941	0.00028549752
2460554.614117753	1.000415	0.00028548227
2460554.6155066253	0.99993175	0.00028543203
2460554.616895498	1.0004705	0.00028551012
2460554.61828437	0.9999567	0.00028543625
2460554.619673242	1.0006361	0.00028551562
2460554.6210621144	1.0006807	0.00028550863
2460554.6224509864	1.0004122	0.0002854791
2460554.623839859	1.0004538	0.00028548588
2460554.625228731	1.0004251	0.0002854513
2460554.626617603	1.0005875	0.00028545965
2460554.628006475	1.0005867	0.00028547988
2460554.6293953476	1.0008531	0.00028554094
2460554.6307842196	1.0008712	0.00028550441
2460554.632173092	1.0007663	0.00028552892
2460554.633561964	1.0005563	0.000285481
2460554.634950836	1.0006274	0.00028546437
2460554.636339708	1.0001327	0.00028541355
2460554.6377285807	0.99992824	0.00028541673
2460554.639117453	1.0007321	0.00028555145
2460554.640506325	1.000962	0.00028554915
2460554.6418951973	1.0005717	0.00028549397
2460554.6432840694	1.0003338	0.000285454
2460554.6446729414	1.0003253	0.00028544985
2460554.646061814	1.000598	0.0002854879
2460554.647450686	1.0004247	0.00028549656
2460554.648839558	1.0004542	0.00028549062
2460554.65022843	1.0003963	0.00028541498
2460554.6516173026	0.99972486	0.00028535345
2460554.6530061746	1.0005138	0.00028549734
2460554.654395047	1.0001005	0.0002853822
2460554.655783919	1.0003866	0.00028545715
2460554.657172791	1.0005956	0.00028550418
2460554.6585616632	1.0007871	0.00028551216
2460554.6599505357	1.0001193	0.00028543166
2460554.661339408	1.0006121	0.00028549996
2460554.66272828	1.0007838	0.0002854866
2460554.664117152	1.0001668	0.0002854769
2460554.6655060244	0.999879	0.0002854309
2460554.6668948964	1.0005558	0.00028549845
2460554.6682837685	1.0004494	0.0002854589
2460554.6696726405	1.0003059	0.00028545927
2460554.671061513	1.0008606	0.00028550928
2460554.672450385	1.0009773	0.00028553637
2460554.673839257	1.0007105	0.00028549196
2460554.675228129	1.0002708	0.00028547936
2460554.6766170016	1.0006412	0.00028549635
2460554.6780058737	1.0005896	0.00028547624
2460554.6793947457	1.0003792	0.00028546134
2460554.680783618	1.0008361	0.00028555535
2460554.6821724903	1.0001725	0.00028543329
2460554.6835613623	1.0008398	0.00028554106
2460554.6849502344	1.0005219	0.000285499
2460554.6863391064	1.0001903	0.0002854626
2460554.687727979	1.000569	0.0002854849
2460554.689116851	0.99995655	0.00028542057
2460554.690505723	1.0009987	0.00028556236
2460554.691894595	1.0007772	0.00028548992
2460554.693283467	1.000739	0.00028550372
2460554.6946723396	1.000328	0.0002854742
2460554.6960612116	1.0006053	0.0002854783
2460554.6974500837	1.0007365	0.00028552665
2460554.6988389557	0.9999808	0.00028543704
2460554.700227828	1.0002143	0.00028547988
2460554.7016167003	1.0001374	0.00028543686
2460554.7030055723	1.00027	0.00028547834
2460554.7043944444	1.0008857	0.00028553148
2460554.7057833164	1.0004117	0.00028547688
2460554.7071721884	1.0010785	0.00028558055
2460554.708561061	1.0007921	0.00028553908
2460554.709949933	1.0007311	0.0002855135
2460554.711338805	1.0003405	0.00028546128
2460554.712727677	1.0003511	0.00028547036
2460554.7141165496	1.0005116	0.00028548366
2460554.7155054216	1.0006819	0.00028553858
2460554.7168942937	1.0004959	0.00028551376
2460554.7182831657	1.0009413	0.00028555407
2460554.7196720378	1.0005192	0.00028553372
2460554.72106091	1.0004964	0.00028552304
2460554.7224497823	1.0002471	0.00028544327
2460554.7238386543	1.0009699	0.00028555072
2460554.7252275264	1.0000933	0.00028547557
2460554.7266163984	1.0004277	0.00028551978
2460554.7280052705	1.0006049	0.00028549496
2460554.7293941425	1.0007524	0.0002855342
2460554.730783015	1.0004932	0.00028551972
2460554.732171887	1.0002831	0.00028547997
2460554.733560759	1.0002171	0.0002854879
2460554.734949631	1.0003266	0.00028547528
2460554.736338503	1.0009753	0.00028558576
2460554.7377273752	1.000626	0.0002855532
2460554.7391162477	1.0001785	0.00028545182
2460554.74050512	1.0007287	0.00028552755
2460554.741893992	1.0000827	0.00028551073
2460554.743282864	1.0003139	0.00028550392
2460554.744671736	1.0008198	0.00028555363
2460554.746060608	1.000614	0.00028549894
2460554.7474494805	1.0011841	0.00028560328
2460554.748838352	1.0009297	0.00028559004
2460554.7502272245	1.0005409	0.00028551865
2460554.7516160966	1.0001606	0.00028546382
2460554.7530049686	1.0009276	0.00028557362
2460554.7543938407	1.0003625	0.00028548448
2460554.7557827127	1.0006696	0.00028550418
2460554.7571715848	1.0007962	0.0002855522
2460554.7585604573	1.0007322	0.0002855096
2460554.759949329	1.0007845	0.00028555546
2460554.7613382014	1.0002255	0.0002854452
2460554.7627270734	1.0004147	0.00028550875
2460554.7641159454	1.0004873	0.0002855058
2460554.7655048175	1.000418	0.00028551233
2460554.7668936895	0.9999737	0.00028541338
2460554.7682825616	0.99984556	0.00028543704
2460554.7696714336	1.0000589	0.0002854347
2460554.7710603056	0.9995669	0.00028538238
2460554.772449178	1.0000575	0.0002854441
2460554.7738380497	0.9997561	0.00028544854
2460554.7752269222	0.9997982	0.00028544123
2460554.7766157943	0.9999715	0.0002854217
2460554.7780046663	0.9999061	0.00028542618
2460554.7793935384	1.0001624	0.00028547694
2460554.7807824104	0.9997636	0.00028540916
2460554.7821712825	1.000114	0.0002854743
2460554.7835601545	0.999586	0.00028542872
2460554.7849490265	1.0002517	0.00028547394
2460554.7863378986	0.9997529	0.00028544225
2460554.7877267706	1.0009899	0.00028555124
2460554.7891156427	0.9997465	0.0002854102
2460554.7905045147	0.99970114	0.00028541937
2460554.791893387	1.0000676	0.0002854622
2460554.793282259	1.0000535	0.00028547717
2460554.7946711313	1.0001	0.00028544728
2460554.796060003	0.9995418	0.0002854147
2460554.7974488754	0.9995745	0.000285415
2460554.7988377474	0.99998826	0.0002854596
2460554.8002266195	0.9998952	0.0002854562
2460554.8016154915	0.9998117	0.00028544833
2460554.8030043636	1.000522	0.00028553355
2460554.8043932356	0.9992738	0.00028536993
2460554.8057821076	0.99960893	0.00028542554
2460554.8071709797	0.9994327	0.00028538526
2460554.8085598517	0.99956536	0.0002854228
2460554.8099487238	0.99945956	0.0002853706
2460554.811337596	0.9996481	0.0002854261
2460554.812726468	0.9994029	0.00028538174
2460554.81411534	0.99983454	0.00028542336
2460554.815504212	0.99980783	0.00028543457
2460554.816893084	0.9993634	0.00028537997
2460554.818281956	1.000007	0.0002854695
2460554.819670828	0.9996814	0.00028545212
2460554.8210597	0.9996423	0.00028539018
2460554.822448572	1.0002218	0.00028545264
2460554.823837444	1.0001575	0.00028546914
2460554.825226316	0.9997537	0.00028544295
2460554.8266151883	0.9994831	0.00028534676
2460554.8280040603	0.99944514	0.00028538678
2460554.8293929324	0.99989307	0.00028546885
2460554.8307818044	1.0001637	0.00028548716
2460554.8321706764	1.0003077	0.0002854913
2460554.8335595485	0.99944055	0.0002853818
2460554.8349484205	0.9995129	0.00028541056
2460554.8363372926	0.9998162	0.00028541655
2460554.8377261646	0.9999072	0.00028542185
2460554.8391150367	1.0000324	0.00028547546
2460554.8405039087	0.9996999	0.000285429
2460554.8418927807	0.9994626	0.00028537886
2460554.843281653	0.99944645	0.0002854162
2460554.844670525	0.99964845	0.00028542688
2460554.846059397	0.9998823	0.00028542927
2460554.847448269	0.9998706	0.0002854607
2460554.848837141	0.9995671	0.00028539554
2460554.850226013	0.9994221	0.00028543398
2460554.851614885	1.0000461	0.00028543422
2460554.853003757	1.0003278	0.00028552188
2460554.854392629	0.9994555	0.00028543873
2460554.855781501	0.99929166	0.0002853468
2460554.8571703727	1.0001975	0.00028548142
2460554.8585592452	0.9991639	0.00028534944
2460554.859948117	0.99954045	0.0002853969
2460554.8613369893	0.9997054	0.00028540322
2460554.862725861	0.999989	0.00028549225
2460554.864114733	0.99961793	0.0002854082
2460554.865503605	0.99945563	0.00028540936
2460554.866892477	0.9996044	0.00028543078
2460554.868281349	0.9995335	0.00028539455
2460554.869670221	0.999445	0.00028539245
2460554.871059093	0.9996272	0.0002854416
2460554.872447965	0.99918175	0.0002853854
2460554.8738368372	0.9996497	0.0002853996
2460554.8752257093	0.9992326	0.00028536082
2460554.8766145813	0.9997811	0.00028545118
2460554.8780034534	0.9999715	0.0002854834
2460554.879392325	0.9994257	0.00028537598
2460554.8807811975	0.99975896	0.00028543704
2460554.882170069	0.99909925	0.00028536393
2460554.883558941	0.99998575	0.00028546422
2460554.884947813	1.0002189	0.00028547907
2460554.886336685	0.99987286	0.00028545083
2460554.887725557	0.9994215	0.000285384
2460554.8891144292	0.99955773	0.0002853781
2460554.8905033013	0.9996769	0.00028543302
2460554.8918921733	0.99941933	0.0002854041
2460554.893281045	0.9998042	0.00028541766
2460554.894669917	0.99967355	0.00028540395
2460554.896058789	0.9994335	0.00028535604
2460554.897447661	0.9994829	0.00028535855
2460554.898836533	0.99982667	0.00028544376
2460554.900225405	0.99969155	0.00028538142
2460554.901614277	0.99935144	0.00028537557
2460554.903003149	0.9998406	0.0002854202
2460554.904392021	1.0000218	0.0002854311
2460554.905780893	0.99919325	0.0002853465
2460554.907169765	0.99975127	0.00028543218
2460554.908558637	0.9987673	0.00028528422
2460554.909947509	0.9993585	0.00028533698
2460554.911336381	0.9997192	0.0002853893
2460554.912725253	1.0001901	0.00028544565
2460554.914114125	1.0002255	0.0002854483
2460554.9155029966	1.0005243	0.00028550686
2460554.9168918687	0.99999505	0.00028542563
2460554.9182807407	1.0003004	0.0002854737
2460554.919669613	1.0002091	0.00028546108
2460554.921058485	0.9999503	0.00028540558
2460554.922447357	1.0005245	0.00028547374
2460554.9238362284	1.0000786	0.00028546999
2460554.9252251005	1.0008943	0.00028553113
2460554.9266139725	1.0002725	0.0002854434
2460554.9280028446	1.0002614	0.00028546643
2460554.9293917166	1.0002642	0.00028543558
2460554.9307805886	0.9996125	0.0002853519
2460554.93216946	1.0003356	0.0002854291
2460554.9335583323	1.000276	0.00028547272
2460554.9349472043	0.9999426	0.0002854193
2460554.9363360764	1.0006436	0.00028547706
2460554.9377249484	1.0003171	0.00028546402
2460554.9391138204	0.9999255	0.00028539237
2460554.940502692	1.0006473	0.0002854718
2460554.941891564	1.0001359	0.00028544062
2460554.943280436	1.0005935	0.00028547563
2460554.944669308	1.0003537	0.00028544533
2460554.9460581797	1.0001359	0.00028542886
2460554.9474470518	1.0002738	0.00028543407
2460554.948835924	1.0002075	0.00028545113
2460554.950224796	1.0006646	0.0002855021
2460554.951613668	1.0002725	0.0002854381
2460554.95300254	1.0006673	0.0002854687
2460554.9543914115	1.000474	0.0002854345
2460554.9557802835	1.0002707	0.00028540328
2460554.9571691556	1.0004132	0.00028543762
2460554.9585580276	1.0005213	0.0002854655
2460554.959946899	1.0006899	0.00028549062
2460554.9613357713	1.0004854	0.00028545654
2460554.9627246433	1.0005292	0.00028546512
2460554.9641135153	1.000302	0.0002854198
2460554.965502387	0.9999038	0.00028538334
2460554.966891259	1.000358	0.00028544647
2460554.968280131	1.0000929	0.00028544207
2460554.969669003	1.0011344	0.00028549327
2460554.9710578746	1.0005026	0.00028545238
2460554.9724467467	1.0004301	0.0002854447
2460554.9738356187	1.0003325	0.00028543483
2460554.9752244907	0.9997394	0.00028534408
2460554.9766133623	1.0009457	0.00028550037
2460554.9780022344	1.0004747	0.00028545392
2460554.9793911064	1.0008965	0.00028552712
2460554.9807799784	1.000193	0.00028543526
2460554.98216885	1.0005689	0.00028546693
2460554.983557722	1.0007005	0.00028546772
2460554.984946594	1.0001663	0.00028546585
2460554.986335466	1.0004469	0.00028543963
2460554.9877243377	1.0000372	0.00028543104
2460554.98911321	1.0004888	0.00028546492
2460554.990502082	1.0004892	0.00028550308
2460554.991890954	1.0003223	0.0002854732
2460554.9932798254	1.000746	0.00028547505
2460554.9946686975	1.0003278	0.00028546347
2460554.9960575695	1.0002468	0.00028543416
2460554.9974464416	1.0001769	0.00028544472
2460554.998835313	1.0006864	0.0002854995
2460555.000224185	0.9999362	0.00028540567
2460555.001613057	1.0004358	0.0002854685
2460555.0030019293	1.0005296	0.00028549944
2460555.004390801	1.0000321	0.00028542773
2460555.005779673	1.0004799	0.000285513
2460555.0071685445	1.0007869	0.00028549862
2460555.0085574165	1.0005915	0.00028545674
2460555.0099462885	1.000252	0.00028543407
2460555.0113351606	1.0008993	0.0002855085
2460555.012724032	1.0004144	0.0002854818
2460555.014112904	1.0003548	0.0002854859
2460555.0155017762	1.000698	0.000285532
2460555.0168906483	1.0003121	0.00028546262
2460555.01827952	1.0005989	0.00028550127
2460555.019668392	1.0005237	0.00028549685
2460555.0210572635	1.0002416	0.00028545322
2460555.0224461355	1.0001289	0.00028546058
2460555.0238350076	1.0007792	0.0002855251
2460555.0252238796	1.0005333	0.000285493
2460555.026612751	1.0007845	0.0002855214
2460555.028001623	1.0002875	0.00028546178
2460555.029390495	1.0004705	0.00028553448
2460555.030779367	1.0008098	0.00028555337
2460555.032168239	0.9999907	0.00028542342
2460555.033557111	1.0003285	0.00028549455
2460555.0349459825	1.0002801	0.00028549737
2460555.0363348546	1.0003324	0.00028549612
2460555.037723726	1.00052	0.00028550322
2460555.039112598	0.9998957	0.00028547476
2460555.04050147	1.0007344	0.00028556152
2460555.041890342	1.0004866	0.0002855209
2460555.043279214	1.0000203	0.0002854268
2460555.044668086	1.0002162	0.00028550663
2460555.0460569574	1.0007912	0.00028557528
2460555.0474458295	1.000098	0.00028546577
2460555.048834701	1.0003184	0.00028553072
2460555.050223573	1.000345	0.00028553398
2460555.051612445	1.0007906	0.0002855775
2460555.053001317	1.0002918	0.00028550168
2460555.054390189	0.9999512	0.00028544865
2460555.055779061	1.0006034	0.0002855758
2460555.0571679324	1.000114	0.0002855029
2460555.0585568044	1.0001285	0.00028550284
2460555.059945676	1.0004904	0.00028553858
2460555.061334548	1.0004723	0.00028552537
2460555.06272342	1.0006791	0.0002855596
2460555.064112292	1.0006334	0.00028554673
2460555.0655011637	1.0002217	0.00028554955
2460555.0668900358	1.0001673	0.00028550543
2460555.0682789073	0.99997413	0.00028549886
2460555.0696677794	1.0002387	0.00028553422
2460555.071056651	1.0007633	0.00028557942
2460555.072445523	1.0003284	0.00028554886
2460555.0738343946	1.0001483	0.0002855036
2460555.0752232666	0.99995726	0.00028546882
2460555.0766121387	1.0007337	0.0002855697
2460555.07800101	1.0003617	0.00028555258
2460555.0793898823	1.0001637	0.00028556187
2460555.0807787543	0.99987024	0.00028544728
2460555.082167626	1.0000535	0.0002854935
2460555.083556498	1.0004998	0.00028557578
2460555.0849453695	1.0005571	0.00028552167
2460555.0863342416	1.000292	0.00028555203
2460555.087723113	1.0003772	0.00028555078
2460555.089111985	1.0008181	0.00028559292
2460555.0905008567	1.0005248	0.0002855689
2460555.091889729	0.9998215	0.00028546527
2460555.093278601	1.0004356	0.0002855205
2460555.0946674724	0.9997575	0.00028546233
2460555.0960563445	1.000569	0.00028554155
2460555.097445216	0.99993926	0.0002854838
2460555.098834088	1.0005052	0.0002855453
2460555.10022296	1.000393	0.00028557645
2460555.1016118317	1.0002217	0.00028551763
2460555.1030007037	1.0005437	0.0002855481
2460555.1043895753	1.0000083	0.00028547354
2460555.1057784474	1.0004619	0.00028553355
2460555.107167319	1.0005617	0.00028554176
2460555.108556191	1.0001827	0.0002855459
2460555.1099450625	0.99991775	0.00028549242
2460555.1113339346	1.0003976	0.00028551978
2460555.112722806	1.0002526	0.00028552333
2460555.114111678	1.0004057	0.00028559534
2460555.11550055	1.0002733	0.0002855184
2460555.116889422	1.0006454	0.0002855769
2460555.1182782934	0.9998858	0.00028547543
2460555.1196671654	1.0003119	0.00028551146
2460555.121056037	1.0003248	0.00028551053
2460555.122444909	1.0002586	0.00028552502
2460555.1238337806	1.0007502	0.0002855848
2460555.1252226527	1.0005798	0.00028557214
2460555.1266115243	1.0002167	0.0002854789
2460555.1280003963	0.99959713	0.00028540206
2460555.129389268	1.0004793	0.0002855715
2460555.13077814	1.0009046	0.00028558998
2460555.1321670115	1.0003082	0.00028553704
2460555.1335558835	1.000147	0.00028549187
2460555.134944755	0.99980825	0.0002854554
2460555.136333627	1.0002269	0.0002855021
2460555.1377224987	1.0001101	0.00028545657
2460555.139111371	1.000585	0.00028555442
2460555.1405002424	1.0004421	0.00028553107
2460555.1418891144	1.0004876	0.00028548928
2460555.143277986	1.0004274	0.00028552394
2460555.144666858	1.0002527	0.0002855046
2460555.1460557296	1.0001293	0.00028545957
2460555.1474446016	1.0003746	0.00028552793
2460555.148833473	1.0000312	0.00028549318
2460555.1502223453	0.9999958	0.00028546885
2460555.151611217	0.99973196	0.00028544504
2460555.153000089	1.0001847	0.00028549728
2460555.1543889605	0.99933726	0.00028539196
2460555.1557778325	1.0002189	0.00028549435
2460555.157166704	0.99998385	0.0002854649
2460555.158555576	1.0004243	0.0002855431
2460555.1599444477	1.0004462	0.00028550095
2460555.1613333197	1.000485	0.00028552915
2460555.1627221913	1.000363	0.0002854994
2460555.1641110633	0.9998803	0.00028545535
2460555.165499935	1.0003265	0.00028550727
2460555.1668888065	1.0003288	0.00028550543
2460555.1682776785	0.9997119	0.00028539685
2460555.16966655	1.0002189	0.00028549964
2460555.171055422	0.99999654	0.00028547648
2460555.1724442937	1.0004824	0.00028552196
2460555.1738331653	0.99979424	0.00028545343
2460555.1752220374	0.9998992	0.00028548195
2460555.176610909	1.0000719	0.00028546192
2460555.1779997805	1.0002373	0.00028548698
2460555.1793886526	1.0000567	0.00028545264
2460555.180777524	1.0001302	0.00028548602
2460555.182166396	1.0001777	0.00028548454
2460555.1835552678	0.9992621	0.00028537234
2460555.18494414	1.0001253	0.00028550133
2460555.1863330114	1.0001128	0.00028547808
2460555.1877218834	0.99952203	0.00028537743
2460555.189110755	1.0001	0.00028548707
2460555.1904996266	1.0006449	0.00028552368
2460555.1918884986	1.0000478	0.00028552674
2460555.19327737	1.0000699	0.00028546932
2460555.1946662418	0.9999483	0.00028547292
2460555.196055114	0.9997742	0.00028543803
2460555.1974439854	1.0003177	0.00028550686
2460555.1988328574	0.9998957	0.0002854558
2460555.200221729	0.9996804	0.0002854325
2460555.201610601	1.0001566	0.00028547086
2460555.2029994726	0.99980795	0.0002854587
2460555.204388344	0.99948764	0.00028537447
2460555.2057772162	1.0001365	0.00028545808
2460555.207166088	1.0002517	0.0002854698
2460555.2085549594	1.0004786	0.00028553102
2460555.2099438314	0.9998739	0.00028543235
2460555.211332703	1.000092	0.0002854419
2460555.212721575	1.000006	0.00028542877
2460555.2141104466	1.0000659	0.00028545974
2460555.215499318	1.0001252	0.00028546088
2460555.2168881902	1.0006071	0.00028551675
2460555.218277062	0.9996333	0.0002854251
2460555.2196659334	1.0000045	0.00028544595
2460555.2210548054	0.9999759	0.00028546213
2460555.222443677	0.99985266	0.00028543963
2460555.223832549	1.0002053	0.00028545494
2460555.2252214206	1.0001671	0.00028544888
2460555.226610292	1.0003449	0.00028549868
2460555.227999164	0.99968547	0.00028541978
2460555.229388036	0.99997586	0.00028545046
2460555.2307769074	1.000357	0.00028549647
2460555.2321657795	1.000566	0.00028553666
2460555.233554651	1.0002956	0.0002854908
2460555.2349435226	1.0006238	0.00028552202
2460555.236332394	0.9997851	0.00028543064
2460555.237721266	1.0001553	0.00028542388
2460555.239110138	1.0003165	0.00028545104
2460555.24049901	1.0005351	0.00028553998
2460555.2418878814	0.999821	0.00028540083
2460555.243276753	1.0008117	0.0002855439
2460555.2446656246	0.9997001	0.00028543567
2460555.2460544966	0.9999701	0.00028544842
2460555.247443368	1.0005845	0.00028547016
2460555.2488322402	1.000185	0.00028546463
2460555.250221112	0.99970156	0.00028539015
2460555.2516099834	1.0003922	0.00028550875
2460555.252998855	0.9999397	0.00028542944
2460555.254387727	0.9997638	0.00028539018
2460555.2557765986	0.9999111	0.0002854006
2460555.25716547	1.0000881	0.00028542217
2460555.258554342	1.0003351	0.00028545776
2460555.259943214	1.0005925	0.0002855288
2460555.2613320854	1.0003946	0.0002854742
2460555.2627209574	1.0001881	0.00028542473
2460555.264109829	1.0002646	0.0002854703
2460555.2654987006	1.0001167	0.00028545852
2460555.266887572	1.0001224	0.0002854262
2460555.268276444	0.99977297	0.0002854221
2460555.2696653157	0.99969214	0.00028540043
2460555.2710541873	1.0008317	0.00028551975
2460555.272443059	0.9999166	0.00028542717
2460555.273831931	1.000445	0.00028550354
2460555.2752208025	1.0001943	0.00028547389
2460555.2766096746	1.0002149	0.00028544365
2460555.277998546	0.9998303	0.00028540802
2460555.2793874177	1.0000904	0.00028544563
2460555.2807762893	1.0003226	0.0002854515
2460555.2821651613	0.999934	0.0002854677
2460555.283554033	1.0001208	0.00028544452
2460555.2849429045	0.9999086	0.00028541722
2460555.286331776	1.0001352	0.00028543512
2460555.287720648	1.0000659	0.00028543398
2460555.2891095197	0.99937075	0.00028535823
2460555.2904983913	1.0002	0.00028544085
2460555.291887263	0.9999412	0.00028538515
2460555.293276135	0.9997789	0.0002854058
2460555.2946650065	1.0002099	0.00028546317
2460555.296053878	1.0002238	0.0002854283
2460555.2974427496	1.0007565	0.00028551763
2460555.2988316217	1.0004305	0.00028544402
2460555.300220493	1.0001608	0.000285443
2460555.301609365	0.9996513	0.0002853778
2460555.3029982364	1.0004156	0.00028545558
2460555.3043871084	1.000588	0.00028548407
2460555.30577598	1.0000848	0.00028543524
2460555.3071648516	1.0003549	0.00028546125
2460555.308553723	1.0003266	0.00028545476
2460555.3099425947	1.0004051	0.0002854607
2460555.3113314663	1.000117	0.00028544318
2460555.3127203383	1.0002605	0.00028541987
2460555.31410921	1.0002103	0.00028542837
2460555.3154980815	0.9999878	0.00028543817
2460555.316886953	1.0003068	0.0002854789
2460555.318275825	1.0003525	0.00028547336
2460555.3196646967	0.9999808	0.00028540657
2460555.3210535683	1.000558	0.0002854771
2460555.32244244	1.0000818	0.00028547365
2460555.323831312	1.0000212	0.00028544193
2460555.3252201835	0.99971354	0.00028538247
2460555.326609055	1.0000838	0.0002854127
2460555.3279979266	1.000657	0.0002855224
2460555.329386798	1.0001627	0.0002854308
2460555.33077567	1.0001551	0.00028540634
2460555.332164542	1.0007284	0.00028550794
2460555.3335534134	0.9994658	0.00028531917
2460555.334942285	1.0001355	0.00028544595
2460555.3363311565	1.0008986	0.0002854952
2460555.337720028	1.0001432	0.0002853778
2460555.3391088997	1.0000588	0.00028544466
2460555.3404977717	0.99993986	0.0002853855
2460555.3418866433	1.0005826	0.00028547776
2460555.343275515	1.0006154	0.00028546853
2460555.3446643865	1.0003487	0.00028548227
2460555.3460532585	1.0004503	0.00028544257
2460555.3474421296	0.999426	0.00028531216
2460555.3488310017	1.0000478	0.00028542915
2460555.3502198732	0.9998447	0.00028535337
2460555.351608745	0.99977905	0.00028536122
2460555.3529976164	1.0000637	0.0002854135
2460555.354386488	1.0004063	0.00028547176
2460555.3557753596	0.9998899	0.00028537045
2460555.3571642316	1.0005088	0.00028544784
2460555.358553103	1.0008701	0.00028549196
2460555.3599419747	0.99995005	0.0002854373
2460555.3613308463	1.0001602	0.0002853973
2460555.362719718	1.0000911	0.00028541815
2460555.3641085895	1.0002459	0.00028544842
2460555.3654974615	1.0003704	0.00028548914
2460555.366886333	0.99932593	0.00028532627
2460555.3682752047	1.0002455	0.00028544635
2460555.3696640763	1.0005261	0.000285483
2460555.371052948	1.0002375	0.0002854471
2460555.3724418194	1.0002514	0.0002854262
2460555.373830691	1.000209	0.00028545246
2460555.3752195626	1.0003254	0.0002854266
2460555.3766084346	1.0004067	0.00028544947
2460555.377997306	1.00015	0.00028543395
2460555.3793861778	0.99968314	0.0002853864
2460555.3807750493	1.0003048	0.00028544338
2460555.382163921	0.99997747	0.00028538844
2460555.3835527925	1.0004917	0.00028546597
2460555.384941664	0.9999526	0.0002853667
2460555.3863305356	1.0002233	0.00028546626
2460555.3877194077	1.0001664	0.00028538262
2460555.389108279	0.9997404	0.00028536358
2460555.390497151	0.99953294	0.00028532828
2460555.3918860224	1.0007144	0.0002855099
2460555.393274894	0.9998649	0.00028537284
2460555.3946637656	0.99970466	0.00028536332
2460555.396052637	0.9999824	0.00028540802
2460555.3974415087	1.0002811	0.000285405
2460555.3988303803	0.9991962	0.0002852987
2460555.400219252	0.9996644	0.00028537502
2460555.401608124	0.99937457	0.00028533564
2460555.402996995	1.0001007	0.00028540008
2460555.404385867	1.0004756	0.0002854513
2460555.405774738	0.9999808	0.0002854057
2460555.40716361	0.99979717	0.00028539245
2460555.408552482	1.0005884	0.00028543628
2460555.4099413534	1.0003853	0.00028547467
2460555.411330225	1.0000907	0.00028540834
2460555.4127190965	0.99996847	0.0002853957
2460555.414107968	1.0001229	0.0002854536
2460555.4154968397	0.9996525	0.0002853328
2460555.4168857113	1.0001911	0.00028543329
2460555.418274583	1.0001177	0.0002854036
2460555.4196634544	0.9998217	0.00028538745
2460555.421052326	0.9999236	0.00028540246
2460555.4224411976	0.9999423	0.0002854033
2460555.4238300696	0.9999887	0.00028543867
2460555.4252189407	1.0000172	0.0002854055
2460555.4266078128	0.9999805	0.00028539036
2460555.427996684	0.9995681	0.00028537618
2460555.429385556	0.9999551	0.00028541122
2460555.4307744275	1.0001425	0.00028543064
2460555.432163299	0.99969727	0.00028540607
2460555.4335521706	1.000116	0.0002854449
2460555.434941042	1.0008271	0.00028551157
2460555.436329914	0.9997468	0.0002853367
2460555.4377187854	1.0000378	0.00028541114
2460555.439107657	1.0003035	0.00028543876
2460555.4404965285	1.0002438	0.00028546317
2460555.4418854	1.00002	0.0002854638
2460555.4432742717	0.9992164	0.00028531047
2460555.4446631433	0.99976987	0.00028541865
2460555.446052015	1.0004169	0.0002854381
2460555.4474408864	1.0002866	0.000285458
2460555.448829758	0.999889	0.00028539638
2460555.4502186296	1.0001731	0.0002854398
2460555.451607501	1.0002048	0.00028543934
2460555.4529963727	0.99966335	0.0002853807
2460555.4543852443	1.0001997	0.0002854743
2460555.455774116	1.0000226	0.0002853709
2460555.4571629874	0.9999611	0.00028546667
2460555.458551859	1.0004338	0.0002854561
2460555.4599407306	1.0008019	0.00028555805
2460555.461329602	0.999451	0.0002853661
2460555.4627184737	0.9992527	0.0002853132
2460555.4641073453	1.0000722	0.00028541192
2460555.465496217	1.0000536	0.0002854239
2460555.4668850885	0.9997889	0.00028536053
2460555.46827396	0.9997946	0.0002854028
2460555.4696628316	1.0002654	0.00028543817
2460555.471051703	1.000772	0.0002855165
2460555.472440575	0.99943227	0.00028538154
2460555.4738294464	1.0004076	0.0002854698
2460555.475218318	0.9998557	0.0002854153
2460555.4766071895	0.9997169	0.00028540444
2460555.477996061	0.99986637	0.00028540625
2460555.4793849327	1.0004224	0.0002854736
2460555.4807738042	1.0002692	0.00028544382
2460555.482162676	0.9999999	0.00028545494
2460555.4835515474	0.9996304	0.00028537159
2460555.484940419	0.999878	0.00028541402
2460555.48632929	1.0001323	0.00028542944
2460555.487718162	1.0000064	0.0002854032
2460555.4891070332	0.999577	0.00028537493
2460555.4904959053	1.000193	0.00028542307
2460555.4918847764	0.99973166	0.00028539574
2460555.4932736484	1.000258	0.00028545235
2460555.4946625195	0.999933	0.00028542342
2460555.496051391	0.99974227	0.00028543817
2460555.4974402627	0.9996682	0.0002854078
2460555.4988291343	1.000196	0.00028547528
2460555.500218006	1.0000076	0.00028541783
2460555.5016068774	0.9999002	0.00028542554
2460555.502995749	0.9988882	0.00028530307
2460555.5043846206	0.9982392	0.00028525217
2460555.505773492	0.99753064	0.0002851162
2460555.5071623637	0.99711806	0.0002850687
2460555.5085512353	0.9966552	0.00028497525
2460555.509940107	0.99525106	0.00028482778
2460555.511328978	0.9947217	0.0002847534
2460555.51271785	0.99400836	0.00028465662
2460555.514106721	0.99378914	0.00028460423
2460555.5154955927	0.9936466	0.0002846087
2460555.5168844643	0.99360925	0.0002846192
2460555.518273336	0.9931755	0.00028457976
2460555.5196622075	0.9939862	0.00028462222
2460555.521051079	0.9926812	0.00028452798
2460555.5224399506	0.9939476	0.0002846264
2460555.523828822	0.9929063	0.0002844972
2460555.5252176938	0.9933809	0.0002845966
2460555.5266065653	0.99374175	0.00028463147
2460555.5279954365	0.9930652	0.00028452228
2460555.529384308	0.9930257	0.00028451692
2460555.5307731796	0.9934273	0.000284573
2460555.532162051	0.99311304	0.00028455458
2460555.5335509228	0.9935327	0.000284565
2460555.5349397943	0.9927	0.00028448855
2460555.536328666	0.9927214	0.00028446232
2460555.5377175375	0.9935204	0.00028462126
2460555.5391064086	0.99235886	0.00028446823
2460555.5404952806	0.9930145	0.00028452903
2460555.5418841518	0.9926252	0.00028448337
2460555.5432730233	0.9929378	0.00028449524
2460555.544661895	0.992034	0.00028445543
2460555.5460507665	0.99320567	0.0002845538
2460555.547439638	0.99279326	0.0002844685
2460555.5488285096	0.9922019	0.00028443924
2460555.5502173807	0.9921382	0.0002844635
2460555.551606253	0.9928813	0.0002844934
2460555.552995124	0.99289244	0.0002845342
2460555.5543839955	0.9928625	0.00028450144
2460555.555772867	0.9929596	0.0002845437
2460555.5571617386	0.9920138	0.00028444172
2460555.55855061	0.9932395	0.00028458593
2460555.559939482	0.9924864	0.000284446
2460555.561328353	0.99254864	0.0002844917
2460555.5627172245	0.992625	0.00028451657
2460555.564106096	0.99289715	0.00028456186
2460555.5654949676	0.99283904	0.00028449722
2460555.566883839	0.99275625	0.0002845299
2460555.568272711	0.9928592	0.00028454125
2460555.569661582	0.99300563	0.00028455592
2460555.5710504535	0.99268085	0.0002845337
2460555.572439325	0.99256486	0.0002845075
2460555.5738281966	0.9928598	0.00028457027
2460555.575217068	0.99291235	0.00028455653
2460555.57660594	0.99293095	0.00028456363
2460555.577994811	0.99236566	0.00028444902
2460555.5793836825	0.99280965	0.00028457245
2460555.580772554	0.9928081	0.00028448697
2460555.5821614256	0.99203575	0.0002844898
2460555.583550297	0.99305123	0.00028453814
2460555.5849391688	0.9927601	0.0002845138
2460555.58632804	0.9922197	0.0002844557
2460555.5877169115	0.9926856	0.0002845299
2460555.589105783	0.9928419	0.0002845452
2460555.5904946546	0.993111	0.00028458328
2460555.5918835257	0.9930521	0.00028457656
2460555.5932723973	0.9927107	0.0002845241
2460555.594661269	0.99343294	0.00028462597
2460555.5960501404	0.9931425	0.00028457277
2460555.597439012	0.99322426	0.00028460546
2460555.5988278836	0.9930782	0.00028455816
2460555.6002167547	0.9927682	0.0002845254
2460555.6016056263	0.99353087	0.0002845939
2460555.602994498	0.9930113	0.00028457592
2460555.6043833694	0.9934007	0.000284565
2460555.6057722406	0.99336463	0.00028458424
2460555.607161112	0.99343914	0.0002845954
2460555.6085499837	0.9930748	0.0002845734
2460555.6099388553	0.99341214	0.00028459696
2460555.611327727	0.9935807	0.00028462737
2460555.6127165984	0.9936534	0.00028462478
2460555.6141054695	0.9936687	0.00028464088
2460555.615494341	0.9932567	0.000284562
2460555.6168832127	0.99382114	0.00028463278
2460555.6182720843	0.9932615	0.00028464673
2460555.6196609554	0.9937485	0.00028463823
2460555.621049827	0.99258476	0.00028448287
2460555.6224386985	0.99335665	0.00028459413
2460555.62382757	0.9934961	0.00028462766
2460555.625216441	0.9932685	0.00028456564
2460555.626605313	0.99412274	0.00028466407
2460555.6279941844	0.9936179	0.0002846089
2460555.629383056	0.9933751	0.00028457763
2460555.630771927	0.99363446	0.00028463683
2460555.6321607986	0.9942981	0.00028472405
2460555.63354967	0.993582	0.00028464693
2460555.634938542	0.9936353	0.00028463601
2460555.636327413	0.993825	0.00028464687
2460555.6377162845	0.99304616	0.00028453072
2460555.639105156	0.9942217	0.00028469568
2460555.6404940276	0.99473417	0.0002847559
2460555.6418828988	0.99474275	0.0002847901
2460555.6432717703	0.9943339	0.0002847422
2460555.644660642	0.99393183	0.00028467397
2460555.6460495135	0.99511117	0.00028480022
2460555.6474383846	0.9954901	0.0002848564
2460555.648827256	0.9957956	0.00028488124
2460555.6502161277	0.9961889	0.00028497062
2460555.651604999	0.9970383	0.00028505843
2460555.6529938704	0.99745685	0.00028511693
2460555.654382742	0.9987397	0.00028528593
2460555.655771613	0.9985729	0.00028531297
2460555.6571604847	0.99996895	0.0002854572
2460555.6585493563	1.0001314	0.00028546187
2460555.659938228	1.0004524	0.00028551772
2460555.661327099	1.0001042	0.00028546847
2460555.6627159705	1.0001065	0.00028551838
2460555.664104842	0.99971426	0.0002854301
2460555.6654937137	1.0011064	0.0002856101
2460555.666882585	1.0000921	0.00028550153
2460555.6682714564	1.0003066	0.00028549042
2460555.6696603275	1.0005552	0.00028554295
2460555.671049199	1.0001606	0.00028546626
2460555.6724380706	0.99962693	0.00028545142
2460555.6738269418	0.9997455	0.00028542263
2460555.6752158133	1.0001023	0.0002855248
2460555.676604685	1.000122	0.00028546335
2460555.6779935565	0.9995464	0.00028543864
2460555.6793824276	0.9994558	0.00028538203
2460555.680771299	0.9994559	0.00028540674
2460555.6821601703	0.99978614	0.00028542263
2460555.683549042	1.0004334	0.00028549414
2460555.6849379134	1.0002512	0.00028545744
2460555.686326785	1.000215	0.00028547764
2460555.687715656	1.0003303	0.0002855116
2460555.6891045277	0.99955165	0.00028538873
2460555.690493399	1.0000081	0.00028547662
2460555.6918822704	0.9999522	0.00028546076
2460555.693271142	1.0000257	0.0002854695
2460555.6946600135	1.0000703	0.00028546577
2460555.6960488847	1.0005009	0.00028552787
2460555.697437756	1.0000383	0.00028544376
2460555.6988266273	1.000342	0.0002855245
2460555.700215499	0.9993144	0.0002853682
2460555.7016043705	1.0001894	0.00028550313
2460555.702993242	0.9998193	0.00028543736
2460555.704382113	1.0002719	0.00028550954
2460555.7057709848	1.0000361	0.00028547365
2460555.707159856	0.9998162	0.00028542342
2460555.7085487274	1.0002346	0.00028550727
2460555.709937599	1.000491	0.00028549982
2460555.71132647	0.999846	0.00028547095
2460555.7127153417	0.99989116	0.00028543058
2460555.7141042133	1.0003694	0.00028550308
2460555.7154930844	1.0001432	0.0002854996
2460555.716881956	1.0001582	0.00028548128
2460555.718270827	0.9996737	0.00028541122
2460555.7196596987	1.0003579	0.00028548687
2460555.7210485702	1.000241	0.00028550994
2460555.7224374413	0.999947	0.00028544117
2460555.723826313	1.0004658	0.00028557723
2460555.7252151845	0.99984306	0.00028542895
2460555.7266040556	1.000076	0.00028548302
2460555.727992927	0.9996647	0.00028542776
2460555.7293817983	1.0005615	0.00028551568
2460555.73077067	1.0001305	0.0002855187
2460555.7321595415	0.99970233	0.0002854622
2460555.7335484126	0.99976367	0.00028546195
2460555.734937284	0.9998762	0.00028548067
2460555.7363261557	0.99982625	0.00028545683
2460555.737715027	1.0000279	0.00028548797
2460555.7391038984	1.0002098	0.0002855452
2460555.7404927695	1.0002568	0.00028552095
2460555.741881641	1.0003216	0.00028553614
2460555.743270512	1.0000515	0.00028549388
2460555.744659384	0.99979746	0.0002854404
2460555.7460482554	0.9996381	0.00028546312
2460555.7474371265	1.000226	0.00028551303
2460555.748825998	1.0007149	0.0002855827
2460555.7502148696	0.9999139	0.00028548602
2460555.7516037407	1.000175	0.0002855205
2460555.7529926123	0.99967706	0.00028543756
2460555.7543814834	0.9999483	0.00028552435
2460555.755770355	0.99954295	0.00028546978
2460555.757159226	0.99989784	0.00028549833
2460555.7585480977	1.0000374	0.00028550441
2460555.759936969	0.9998919	0.00028548102
2460555.7613258404	0.999649	0.0002854404
2460555.7627147115	1.0006374	0.000285598
2460555.764103583	0.9999128	0.00028550802
2460555.7654924546	0.9996863	0.00028549833
2460555.7668813257	0.9999234	0.00028548477
2460555.7682701973	1.0001777	0.00028549778
2460555.769659069	1.0001278	0.00028552048
2460555.77104794	0.9998311	0.00028551876
2460555.7724368116	0.9995275	0.00028543992
2460555.7738256827	1.000254	0.0002855287
2460555.7752145543	1.0000156	0.00028550279
2460555.7766034254	0.9997617	0.0002854787
2460555.777992297	1.0009569	0.0002855874
2460555.779381168	1.0000051	0.0002855089
2460555.7807700397	0.99998635	0.0002855003
2460555.7821589108	1.0002325	0.00028555116
2460555.7835477823	0.9995389	0.00028550485
2460555.7849366535	1.0000545	0.00028553052
2460555.786325525	0.999858	0.00028553093
2460555.787714396	1.0000963	0.00028552598
2460555.7891032677	0.99986374	0.0002855204
2460555.790492139	0.9999439	0.0002855263
2460555.7918810104	0.99976665	0.0002854609
2460555.793269882	1.0000501	0.0002855597
2460555.794658753	1.0002793	0.00028556143
2460555.7960476247	1.0001341	0.00028554522
2460555.797436496	0.9998511	0.00028551568
2460555.7988253674	0.9995581	0.00028552144
2460555.8002142385	0.9990602	0.00028541574
2460555.80160311	0.9997161	0.00028551734
2460555.802991981	0.9998021	0.00028551935
2460555.8043808527	0.9995411	0.0002854768
2460555.805769724	0.9995936	0.0002854959
2460555.8071585954	1.0002587	0.00028558096
2460555.8085474665	1.0003315	0.00028558145
2460555.809936338	0.99979675	0.00028554973
2460555.811325209	0.99971753	0.00028553858
2460555.812714081	0.9997657	0.0002855294
2460555.814102952	0.99986345	0.0002855378
2460555.8154918235	0.9999049	0.0002855726
2460555.8168806946	0.99954545	0.00028552557
2460555.818269566	1.0007776	0.00028564793
2460555.8196584373	0.9990489	0.00028545343
2460555.821047309	0.99976116	0.00028552988
2460555.82243618	0.9999695	0.0002855349
2460555.8238250515	0.99989307	0.000285553
2460555.8252139227	0.9998655	0.00028557036
2460555.826602794	0.99978817	0.00028552706
2460555.8279916653	0.9998409	0.00028553794
2460555.829380537	0.9998682	0.00028553957
2460555.830769408	0.999769	0.00028555153
2460555.8321582796	0.99983776	0.00028554903
2460555.8335471507	1.0000786	0.0002855535
2460555.834936022	0.9996411	0.00028552575
2460555.8363248934	1.0001419	0.0002855884
2460555.8377137645	1.0003392	0.00028560098
2460555.839102636	1.0002843	0.00028561166
2460555.840491507	1.0000268	0.00028559112
2460555.841880379	0.99972147	0.00028550794
2460555.84326925	0.99985325	0.0002855342
2460555.8446581215	0.9995677	0.00028550826
2460555.8460469926	0.9995842	0.00028553422
2460555.847435864	0.99965394	0.00028555957
2460555.8488247353	1.000015	0.0002855773
2460555.850213607	0.9999268	0.00028556678
2460555.851602478	0.9996798	0.00028553832
2460555.8529913495	1.0001602	0.00028559985
2460555.8543802206	1.0000668	0.0002855912
2460555.855769092	1.0005032	0.00028560884
2460555.8571579633	0.99999404	0.00028559376
2460555.8585468344	0.99989176	0.0002855616
2460555.859935706	0.9995252	0.0002854628
2460555.861324577	0.99927765	0.00028548666
2460555.8627134487	1.0004791	0.00028564016
2460555.86410232	0.9999852	0.0002855744
2460555.865491191	0.9998328	0.0002855741
2460555.8668800625	0.99970233	0.00028551294
2460555.8682689336	0.999792	0.0002855573
2460555.869657805	0.9995159	0.0002855368
2460555.8710466763	0.9998521	0.00028552295
2460555.872435548	1.0002067	0.0002856329
2460555.873824419	1.0001767	0.0002855871
2460555.8752132906	1.0002187	0.0002855741
2460555.8766021617	1.0003238	0.0002856059
2460555.877991033	0.9999724	0.00028554522
2460555.8793799044	0.9999537	0.00028556783
2460555.8807687755	1.0000405	0.0002855542
2460555.8821576466	1.0003594	0.00028562208
2460555.883546518	1.0001096	0.00028559956
2460555.8849353893	1.0001804	0.0002856075
2460555.886324261	0.9998809	0.0002855406
2460555.887713132	1.0000206	0.00028557566
2460555.8891020035	1.0002718	0.00028559283
2460555.8904908746	0.99972713	0.00028549708
2460555.891879746	0.9998216	0.00028553826
2460555.8932686173	1.0005939	0.0002856143
2460555.8946574884	1.0000335	0.00028559504
2460555.8960463596	1.0004457	0.00028558448
2460555.897435231	1.0004541	0.00028560852
2460555.8988241022	0.999744	0.0002855174
2460555.900212974	1.0002319	0.00028560645
2460555.901601845	1.0000064	0.00028553637
2460555.9029907165	1.0005152	0.00028561428
2460555.9043795876	1.0001657	0.0002855435
2460555.9057684587	1.0002187	0.00028554897
2460555.9071573303	0.99946755	0.00028548943
2460555.9085462014	1.0003392	0.0002856016
2460555.9099350725	0.99980086	0.0002855057
2460555.911323944	0.9997087	0.00028548497
2460555.912712815	1.000106	0.00028553678
2460555.914101687	1.0001539	0.00028552406
2460555.915490558	0.9999826	0.00028555738
2460555.916879429	1.0005491	0.0002856104
2460555.9182683	1.0002346	0.00028553372
2460555.9196571717	0.9996896	0.0002854585
2460555.921046043	0.99991137	0.00028549755
2460555.9224349144	1.0007529	0.00028560427
2460555.9238237855	1.0002698	0.00028559504
2460555.925212657	1.000302	0.00028557994
2460555.926601528	1.000387	0.00028555805
2460555.9279903993	1.0004128	0.00028554673
2460555.9293792704	1.0004964	0.00028558398
2460555.930768142	1.0006737	0.00028557685
2460555.932157013	0.9997222	0.00028548218
2460555.9335458847	0.999785	0.00028546902
2460555.934934756	1.0005182	0.0002856216
2460555.936323627	1.0001863	0.00028550535
2460555.937712498	0.9996617	0.0002854953
2460555.9391013696	1.0003229	0.00028552453
2460555.9404902407	1.0006448	0.00028558492
2460555.9418791123	1.0005351	0.00028557636
2460555.9432679834	1.0000453	0.00028548972
2460555.9446568545	1.0007095	0.0002855869
2460555.9460457256	0.99996805	0.0002855212
2460555.947434597	1.0008699	0.0002855839
2460555.9488234683	1.0001982	0.00028555855
2460555.95021234	1.0003148	0.00028551978
2460555.951601211	1.0004975	0.00028554496
2460555.952990082	1.0002629	0.00028554274
2460555.954378953	1.0003923	0.00028553326
2460555.955767825	1.0006515	0.0002855856
2460555.957156696	1.0000182	0.00028550153
2460555.958545567	0.9999615	0.00028550078
2460555.9599344386	1.000075	0.00028548323
2460555.9613233097	1.0002247	0.00028550593
2460555.962712181	1.0005902	0.00028556527
2460555.9641010524	0.9998864	0.00028549507
2460555.9654899235	1.0003846	0.00028556996
2460555.9668787946	0.99985605	0.00028548637
2460555.9682676657	1.0004435	0.00028557808
2460555.9696565373	1.0002747	0.00028547613
2460555.9710454084	1.0004603	0.0002855563
2460555.97243428	1.000368	0.00028554955
2460555.973823151	1.000975	0.00028562426
2460555.975212022	1.0003318	0.00028552517
2460555.9766008933	1.0004101	0.00028553134
2460555.977989765	0.9997431	0.00028546332
2460555.979378636	1.0008582	0.0002856046
2460555.980767507	1.00067	0.0002855734
2460555.982156378	1.0005463	0.00028553937
2460555.98354525	1.0000689	0.0002855092
2460555.984934121	1.0006889	0.00028557857
2460555.986322992	1.0005324	0.00028559667
2460555.987711863	1.0004224	0.0002855376
2460555.9891007347	1.0003514	0.00028553602
2460555.990489606	1.0000509	0.00028548233
2460555.991878477	1.0003421	0.00028550765
2460555.993267348	1.0004048	0.00028552263
2460555.9946562196	1.0002904	0.0002855407
2460555.9960450907	1.0012937	0.000285637
2460555.9974339623	1.0002486	0.00028551611
2460555.9988228334	1.0005065	0.000285554
2460556.0002117045	0.9998421	0.0002854836
2460556.0016005756	1.0004381	0.0002855693
2460556.002989447	1.0002942	0.0002855688
2460556.0043783183	1.000204	0.00028551993
2460556.0057671894	1.0003903	0.00028555025
2460556.0071560605	1.0005143	0.00028557444
2460556.008544932	1.000624	0.00028555794
2460556.009933803	1.0001866	0.00028550747
2460556.0113226743	1.000368	0.00028554408
2460556.0127115455	0.99988955	0.0002854772
2460556.014100417	1.0004205	0.00028557752
2460556.015489288	1.0006269	0.00028558832
2460556.0168781593	1.0007071	0.00028556542
2460556.0182670304	1.00078	0.00028558008
2460556.0196559015	1.0003963	0.00028553524
2460556.0210447726	1.0001845	0.0002855472
2460556.022433644	1.0005949	0.00028558218
2460556.0238225153	1.000519	0.00028555997
2460556.0252113864	1.0008833	0.00028558643
2460556.0266002575	1.0003484	0.00028555817
2460556.027989129	1.0004395	0.00028561946
2460556.029378	0.99979746	0.0002854765
2460556.0307668713	1.0006194	0.0002855638
2460556.0321557424	0.99954003	0.00028545992
2460556.033544614	1.0006876	0.0002856054
2460556.034933485	1.0003983	0.0002855886
2460556.036322356	1.0002309	0.00028552976
2460556.0377112273	1.0007086	0.0002856099
2460556.039100099	0.99976814	0.00028548937
2460556.04048897	1.000156	0.0002855781
2460556.041877841	1.0001935	0.00028560817
2460556.043266712	1.0007089	0.00028562636
2460556.0446555833	1.0005145	0.0002856306
2460556.0460444544	1.0002322	0.00028556533
2460556.047433326	1.0006329	0.0002856146
2460556.048822197	1.0006287	0.00028562016
2460556.0502110682	0.9996486	0.0002854953
2460556.0515999394	1.0005035	0.00028561565
2460556.052988811	0.9999246	0.00028555517
2460556.054377682	1.0001547	0.00028557263
2460556.055766553	0.9997132	0.00028556935
2460556.0571554243	0.99965507	0.0002855457
2460556.0585442954	1.0002288	0.000285628
2460556.0599331665	1.0001202	0.00028558276
2460556.061322038	1.0006489	0.00028567642
2460556.062710909	1.0005533	0.00028563556
2460556.0640997803	0.99996626	0.00028557293
2460556.0654886514	1.0002785	0.00028558844
2460556.0668775225	1.0004793	0.00028567325
2460556.0682663936	0.9998617	0.00028558643
2460556.069655265	1.0007187	0.00028560866
2460556.0710441363	0.9997936	0.00028556763
2460556.0724330074	1.0001217	0.00028561492
2460556.0738218785	1.0004234	0.0002856348
2460556.07521075	1.0003884	0.00028563282
2460556.0765996207	1.0001293	0.00028561917
2460556.0779884923	1.0005006	0.0002857065
2460556.0793773634	1.0002701	0.00028563492
2460556.0807662345	1.0004873	0.00028567476
2460556.0821551057	1.0006349	0.0002856724
2460556.083543977	1.0001023	0.00028557816
2460556.084932848	1.0005544	0.00028564918
2460556.0863217195	1.0001936	0.00028561516
2460556.0877105906	1.00159	0.00028581946
2460556.0890994617	1.0003753	0.00028565305
2460556.090488333	0.9998055	0.00028559647
2460556.091877204	1.0005258	0.00028570287
2460556.093266075	1.0002781	0.00028563358
2460556.0946549466	1.0000232	0.00028562904
2460556.0960438177	1.0001814	0.0002856559
2460556.097432689	1.0001377	0.00028563986
2460556.09882156	1.0003929	0.0002856884
2460556.100210431	1.0001706	0.00028562284
2460556.101599302	1.0002894	0.0002856435
2460556.1029881737	1.0003653	0.00028561708
2460556.1043770444	1.0003909	0.0002856495
2460556.105765916	1.0003767	0.00028568273
2460556.107154787	1.0005462	0.00028568233
2460556.108543658	1.0000293	0.00028560922
2460556.1099325293	1.000299	0.0002856451
2460556.1113214004	1.0000763	0.00028561955
2460556.1127102715	1.0003486	0.00028563617
2460556.114099143	0.99959725	0.00028557837
2460556.1154880137	1.0007637	0.0002856719
2460556.1168768853	1.0000784	0.0002855858
2460556.1182657564	0.9999185	0.0002856107
2460556.1196546275	1.0007085	0.00028570823
2460556.1210434986	1.0001463	0.00028563588
2460556.1224323697	1.0001286	0.00028559632
2460556.123821241	1.0004809	0.0002856886
2460556.125210112	1.0005437	0.0002856901
2460556.126598983	1.0003232	0.00028563594
2460556.1279878546	1.0003046	0.00028566938
2460556.1293767258	1.0007473	0.00028570436
2460556.130765597	0.9999631	0.00028560834
2460556.132154468	1.0002652	0.00028565468
2460556.133543339	1.000114	0.0002856354
2460556.13493221	0.99992216	0.00028558043
2460556.1363210813	1.0002946	0.00028562886
2460556.1377099524	1.0000856	0.00028563075
2460556.1390988235	0.9996619	0.0002855601
2460556.1404876946	1.0003264	0.00028565666
2460556.141876566	1.0003079	0.00028564702
2460556.143265437	1.0001485	0.00028558116
2460556.1446543084	1.000234	0.00028563716
2460556.1460431796	1.0003924	0.0002856534
2460556.1474320507	1.000246	0.00028563585
2460556.148820922	1.0001404	0.00028560753
2460556.150209793	1.0003759	0.00028564726
2460556.151598664	1.0003145	0.00028562354
2460556.152987535	1.000414	0.00028563637
2460556.154376406	0.99998754	0.0002855827
2460556.1557652773	1.0008298	0.00028565704
2460556.1571541484	1.000302	0.00028564516
2460556.1585430196	1.0011005	0.000285716
2460556.1599318907	1.0013871	0.00028576484
2460556.161320762	1.0003039	0.00028560933
2460556.1627096334	1.0002888	0.0002856041
2460556.164098504	1.0005194	0.0002856036
2460556.1654873756	0.9998974	0.00028559842
2460556.166876246	1.0003836	0.00028562706
2460556.168265118	1.0000409	0.00028558902
2460556.169653989	1.00021	0.00028562924
2460556.17104286	1.0002862	0.00028559144
2460556.172431731	1.0006759	0.00028565348
2460556.1738206022	1.0000033	0.0002855595
2460556.1752094734	1.0011088	0.00028571926
2460556.1765983445	1.0002519	0.00028560232
2460556.1779872156	1.0006367	0.00028565282
2460556.1793760867	1.0010619	0.00028565177
2460556.180764958	1.0001385	0.0002855783
2460556.182153829	1.0001488	0.00028558468
2460556.1835427	1.0007771	0.00028566024
2460556.184931571	1.0005448	0.0002856394
2460556.1863204422	1.0006917	0.00028566268
2460556.1877093134	1.0001026	0.00028555933
2460556.1890981845	1.0001439	0.00028556876
2460556.1904870556	1.0006609	0.00028564737
2460556.1918759267	1.001052	0.0002857027
2460556.1932647983	1.0008454	0.00028566105
2460556.194653669	1.0005288	0.00028561347
2460556.1960425405	1.0002536	0.00028561841
2460556.197431411	1.0005617	0.00028562944
2460556.1988202827	1.0005424	0.00028562924
2460556.2002091534	1.0003663	0.00028556833
2460556.201598025	1.0006411	0.00028567007
2460556.2029868956	0.9999629	0.0002855733
2460556.204375767	1.0006107	0.00028561437
2460556.205764638	1.0004421	0.0002856015
2460556.2071535094	1.0002633	0.00028558113
2460556.20854238	1.0004231	0.00028561146
2460556.2099312516	1.0010892	0.0002856994
2460556.2113201222	1.0005625	0.00028564842
2460556.212708994	1.0005711	0.00028562904
2460556.214097865	1.0009422	0.00028567077
2460556.215486736	1.0007211	0.00028561635
2460556.216875607	1.0005223	0.00028559283
2460556.2182644783	1.0001199	0.00028556824
2460556.2196533494	1.0003519	0.0002855896
2460556.2210422205	1.000358	0.00028559193
2460556.2224310916	1.0003852	0.00028557467
2460556.2238199627	1.0005103	0.00028563396
2460556.2252088333	1.0006894	0.00028564257
2460556.226597705	1.0002499	0.00028556032
2460556.2279865756	1.0007231	0.0002856351
2460556.229375447	1.0010751	0.00028568535
2460556.230764318	1.0008605	0.00028567621
2460556.2321531894	1.0005693	0.0002856276
2460556.23354206	1.0006949	0.00028560485
2460556.2349309316	1.0005358	0.00028558885
2460556.2363198022	1.0007586	0.00028565477
2460556.237708674	1.0005838	0.00028563838
2460556.2390975445	1.0009973	0.00028565567
2460556.240486416	1.0007831	0.00028568375
2460556.2418752867	1.0006917	0.00028563614
2460556.2432641583	1.0001947	0.00028552304
2460556.244653029	1.0002589	0.00028554723
2460556.2460419	1.0002913	0.00028560223
2460556.247430771	1.000664	0.0002856069
2460556.2488196422	1.0002707	0.0002855783
2460556.2502085133	0.99963576	0.0002854773
2460556.2515973845	1.0000243	0.00028555203
2460556.2529862556	1.0002532	0.00028556024
2460556.2543751267	1.0000154	0.00028554673
2460556.255763998	1.0002164	0.00028558038
2460556.257152869	0.99941826	0.00028547653
2460556.25854174	0.99966425	0.00028546364
2460556.259930611	1.0003569	0.00028555738
2460556.2613194822	1.0004722	0.00028561364
2460556.2627083533	0.99989784	0.000285553
2460556.2640972245	1.0000918	0.00028557386
2460556.2654860956	0.9999499	0.00028553704
2460556.2668749667	0.9998011	0.00028553305
2460556.268263838	1.000139	0.00028556003
2460556.2696527084	0.99987	0.00028552988
2460556.27104158	1.0003862	0.00028559583
2460556.2724304507	1.0001698	0.0002855257
2460556.273819322	0.99995804	0.00028550453
2460556.275208193	0.9999683	0.00028552828
2460556.276597064	1.0003684	0.00028558867
2460556.277985935	0.99973446	0.0002855001
2460556.279374806	0.9994737	0.0002854834
2460556.2807636773	0.9998341	0.00028553235
2460556.2821525484	1.0000134	0.00028552223
2460556.2835414195	0.9998695	0.00028553407
2460556.2849302907	1.0006279	0.00028562028
2460556.2863191618	0.99959964	0.00028552793
2460556.287708033	0.9998953	0.00028553972
2460556.2890969035	0.9997899	0.00028549338
2460556.290485775	1.0002968	0.0002856241
2460556.2918746457	0.9997713	0.0002855359
2460556.293263517	0.9998594	0.00028553288
2460556.294652388	0.9998119	0.0002855417
2460556.296041259	1.0002077	0.0002855526
2460556.29743013	1.0001912	0.00028556847
2460556.2988190013	1.0006145	0.00028561265
2460556.3002078724	1.0000302	0.0002855242
2460556.3015967435	0.9991247	0.00028546003
2460556.3029856146	1.0004162	0.00028558844
2460556.3043744857	1.0003741	0.00028561213
2460556.3057633564	0.9995183	0.00028548102
2460556.307152228	0.9992088	0.00028545348
2460556.3085410986	0.9998238	0.00028550992
2460556.3099299697	0.99983805	0.00028555215
2460556.311318841	1.0000341	0.00028554394
2460556.312707712	0.99976027	0.00028553983
2460556.314096583	0.9997832	0.00028553
2460556.315485454	0.9999716	0.00028555366
2460556.3168743253	0.9997643	0.0002855436
2460556.3182631964	0.9996018	0.00028552415
2460556.319652067	0.9997286	0.0002855272
2460556.3210409386	1.0004057	0.00028560654
2460556.3224298093	0.9996604	0.00028550182
2460556.3238186804	0.99924034	0.0002854541
2460556.3252075515	0.99914694	0.0002854172
2460556.3265964226	0.99960995	0.00028548707
2460556.3279852937	0.99987984	0.00028557316
2460556.329374165	1.0000727	0.0002855532
2460556.3307630355	0.9995909	0.00028549565
2460556.332151907	0.99950767	0.00028547103
2460556.3335407777	0.9991041	0.00028544324
2460556.334929649	0.99986255	0.00028554464
2460556.33631852	0.9998736	0.00028552447
2460556.337707391	1.0001236	0.00028558174
2460556.339096262	0.9997152	0.00028554443
2460556.340485133	0.9998211	0.0002855148
2460556.341874004	1.0000128	0.00028556274
2460556.3432628755	1.0001041	0.000285575
2460556.344651746	0.99976814	0.00028553169
2460556.346040617	0.99980533	0.00028553803
2460556.3474294883	0.9994641	0.00028549042
2460556.3488183594	0.9997648	0.00028551597
2460556.3502072305	0.99955374	0.00028548986
2460556.3515961017	1.0001444	0.00028559437
2460556.3529849723	0.99974793	0.00028552988
2460556.3543738434	0.9998283	0.00028554455
2460556.3557627145	0.9997099	0.00028552432
2460556.3571515856	0.99991715	0.00028561213
2460556.3585404567	0.999501	0.00028548398
2460556.359929328	0.9997265	0.00028552025
2460556.3613181985	1.0003612	0.00028560776
2460556.3627070696	1.0001936	0.00028556588
2460556.3640959407	1.0000268	0.00028556384
2460556.365484812	0.99972683	0.00028553474
2460556.366873683	1.0003436	0.00028561067
2460556.368262554	0.9998583	0.00028554013
2460556.3696514247	0.99972284	0.00028550858
2460556.371040296	0.99944186	0.00028552258
2460556.372429167	0.99963737	0.00028550945
2460556.373818038	1.0000123	0.00028557205
2460556.375206909	0.9994153	0.0002854903
2460556.3765957803	0.999759	0.00028554726
2460556.377984651	0.99969625	0.00028553169
2460556.379373522	0.99993765	0.0002855173
2460556.380762393	1.0002481	0.0002856034
2460556.382151264	0.9993336	0.00028547755
2460556.3835401353	1.0000329	0.00028557816
2460556.3849290065	0.9994038	0.00028550095
2460556.386317877	0.99972314	0.00028553593
2460556.387706748	1.0003303	0.00028558075
2460556.3890956193	0.9996042	0.0002855044
2460556.3904844904	0.9993946	0.00028548084
2460556.3918733615	1.0002073	0.00028559746
2460556.3932622327	1.0001807	0.0002855909
2460556.3946511033	0.9998925	0.0002855471
2460556.3960399744	1.0000721	0.0002855907
2460556.3974288455	1.0002213	0.00028559542
2460556.3988177166	0.99983656	0.000285509
2460556.4002065873	1.0005739	0.00028565177
2460556.4015954584	1.0005836	0.00028562965
2460556.4029843295	1.0002216	0.00028556824
2460556.4043732006	1.0001378	0.00028558442
2460556.4057620717	1.0000389	0.00028559886
2460556.407150943	1.0004287	0.000285621
2460556.4085398135	1.0003865	0.0002856162
2460556.4099286846	1.0007412	0.00028563876
2460556.4113175557	1.0002986	0.00028561545
2460556.412706427	1.0000964	0.00028558323
2460556.4140952975	0.9996593	0.00028557528
2460556.4154841686	1.0004215	0.00028562188
2460556.4168730397	1.0001073	0.00028557976
2460556.418261911	1.0000861	0.00028558518
2460556.419650782	0.9996213	0.00028555593
2460556.421039653	1.0003506	0.00028564536
2460556.4224285237	1.000371	0.0002856513
2460556.4238173948	0.99957037	0.0002855341
2460556.425206266	1.0003783	0.0002856401
2460556.426595137	1.000033	0.00028564507
2460556.4279840076	1.0000752	0.00028555933
2460556.4293728787	1.0000324	0.00028555625
2460556.43076175	0.9995457	0.00028554202
2460556.432150621	1.0003915	0.00028565543
2460556.4335394916	0.9997936	0.00028555727
2460556.4349283627	1.0001494	0.00028558366
2460556.436317234	1.0001419	0.0002855985
2460556.437706105	1.0001087	0.00028560383
2460556.4390949756	0.9999151	0.0002855889
2460556.4404838467	1.0002981	0.00028562848
2460556.441872718	0.9999443	0.00028558142
2460556.443261589	1.0002227	0.00028560983
2460556.4446504596	1.000683	0.00028564254
2460556.4460393307	0.9997484	0.0002855947
2460556.447428202	0.99965566	0.0002855592
2460556.448817073	1.0002269	0.00028561635
2460556.4502059435	1.0001535	0.00028564967
2460556.4515948147	0.99996096	0.00028558515
2460556.452983686	1.0003513	0.00028561166
2460556.454372557	0.99987495	0.00028555107
2460556.4557614275	1.0001949	0.00028564464
2460556.4571502986	1.0004622	0.00028570366
2460556.4585391697	1.0001428	0.00028564947
2460556.459928041	1.0002196	0.00028565782
2460556.4613169115	1.0007174	0.00028572028
2460556.4627057826	0.99944085	0.0002855548
2460556.4640946537	1.0001266	0.0002856481
2460556.465483525	0.9997177	0.00028555733
2460556.4668723955	1.0007144	0.00028569464
2460556.4682612666	1.0005519	0.00028568195
2460556.4696501377	1.0002948	0.00028567677
2460556.471039009	1.0003604	0.00028565986
2460556.4724278795	1.0000327	0.0002856322
2460556.4738167506	1.0004517	0.00028566687
2460556.4752056217	1.0004086	0.00028566102
2460556.476594493	1.0000136	0.00028564903
2460556.4779833634	1.00055	0.00028567624
2460556.4793722345	1.0001299	0.00028566242
2460556.4807611057	1.0001957	0.00028564132
2460556.482149977	1.0005386	0.00028570212
2460556.4835388474	0.9998214	0.0002856281
2460556.4849277185	0.9998862	0.00028563145
2460556.4863165896	0.9999503	0.000285656
2460556.4877054603	0.9999444	0.0002856606
2460556.4890943314	0.99930394	0.00028556542
2460556.4904832025	0.9996213	0.00028557604
2460556.491872073	1.0002141	0.00028565625
2460556.4932609443	0.9998611	0.00028567587
2460556.4946498154	1.0000201	0.00028563713
2460556.4960386865	1.0006406	0.00028570497
2460556.497427557	1.0005325	0.00028571
2460556.4988164282	1.000287	0.00028568163
2460556.5002052994	1.0008466	0.00028576842
2460556.5015941705	0.9998207	0.00028561568
2460556.502983041	1.0004128	0.00028567205
2460556.504371912	1.0003941	0.00028573477
2460556.505760783	0.99980885	0.00028563346
2460556.507149654	1.000002	0.00028566437
2460556.508538525	1.000462	0.00028570474
2460556.509927396	1.000852	0.00028575564
2460556.511316267	1.0001297	0.0002856715
2460556.512705138	0.99986297	0.00028567802
2460556.514094009	1.0001826	0.00028566096
2460556.51548288	0.9994915	0.0002856435
2460556.516871751	1.0005107	0.00028572266
2460556.518260622	1.0002286	0.0002857291
2460556.5196494926	1.0001398	0.00028572147
2460556.5210383637	1.000972	0.00028575535
2460556.522427235	1.0003288	0.00028570907
2460556.523816106	1.0006313	0.00028573934
2460556.5252049766	1.0000924	0.00028570514
2460556.5265938477	1.0002428	0.0002856993
2460556.5279827183	1.00062	0.00028574147
2460556.5293715894	1.0001875	0.0002856949
2460556.5307604605	1.0000381	0.00028568474
2460556.5321493316	0.99993056	0.0002856928
2460556.5335382023	1.0002896	0.00028572095
2460556.5349270734	1.0002177	0.0002857402
2460556.536315944	1.0006617	0.00028578716
2460556.537704815	1.0004252	0.00028574833
2460556.5390936863	1.000551	0.00028574417
2460556.5404825574	1.0004046	0.0002857423
2460556.541871428	1.0003945	0.00028577197
2460556.543260299	0.99993783	0.00028567424
2460556.54464917	1.0001712	0.0002857693
2460556.546038041	1.0006276	0.0002857452
2460556.547426912	1.0004897	0.00028578597
2460556.548815783	0.99999607	0.00028568308
2460556.5502046538	1.0002136	0.00028572168
2460556.551593525	1.000078	0.00028571865
2460556.5529823955	1.0000354	0.00028572988
2460556.5543712666	0.9999895	0.00028573695
2460556.5557601377	1.0004369	0.00028577243
2460556.557149009	1.0000452	0.00028571454
2460556.5585378795	1.0001308	0.0002857089
2460556.5599267506	0.9998849	0.000285702
2460556.5613156212	0.99968797	0.00028564775
2460556.5627044924	1.000519	0.00028581705
2460556.5640933635	1.0005416	0.00028578515
2460556.565482234	1.0003942	0.00028578163
2460556.566871105	1.0004209	0.00028575354
2460556.5682599763	0.99997294	0.00028570744
2460556.569648847	1.0001575	0.00028575055
2460556.571037718	0.99995756	0.0002857291
2460556.5724265887	1.0005232	0.0002857963
2460556.57381546	0.9995447	0.0002857178
2460556.575204331	1.0005671	0.00028579804
2460556.576593202	1.0003735	0.0002857787
2460556.5779820727	1.0001345	0.00028575494
2460556.579370944	1.0003926	0.00028579615
2460556.5807598145	1.0003588	0.00028579126
2460556.5821486856	1.0003439	0.00028577284
2460556.583537556	0.99961716	0.00028570273
2460556.5849264273	1.0007856	0.0002858815
2460556.5863152985	1.0004917	0.00028578445
2460556.5877041696	1.0006323	0.00028579126
2460556.58909304	1.0002297	0.00028575907
2460556.5904819113	1.0001909	0.00028574342
2460556.591870782	1.0004643	0.0002857669
2460556.593259653	1.0003295	0.000285785
2460556.5946485237	1.000875	0.00028588634
2460556.596037395	1.000175	0.00028577086
2460556.597426266	1.0000376	0.00028579723
2460556.598815137	0.99999183	0.0002857409
2460556.6002040077	1.000006	0.00028576795
2460556.601592879	1.0006171	0.0002858191
2460556.6029817495	0.9999181	0.00028575596
2460556.6043706206	1.0001975	0.00028582348
2460556.605759491	1.0008911	0.00028584705
2460556.6071483623	1.0003419	0.00028577558
2460556.608537233	1.0002656	0.00028579828
2460556.609926104	0.99989945	0.00028571556
2460556.611314975	1.0003546	0.0002858165
2460556.6127038463	1.0006002	0.00028583163
2460556.614092717	1.0004886	0.00028579976
2460556.615481588	1.0000179	0.00028576216
2460556.6168704587	1.0000046	0.0002857852
2460556.61825933	1.0002475	0.00028579606
2460556.6196482005	1.0005666	0.00028582985
2460556.6210370716	1.0004519	0.00028583192
2460556.622425942	0.9995492	0.00028571166
2460556.6238148133	0.9999412	0.00028577878
2460556.6252036844	1.000381	0.00028582494
2460556.626592555	1.0004859	0.00028581705
2460556.627981426	1.0001543	0.00028575462
2460556.6293702973	1.0007586	0.0002858485
2460556.630759168	1.0001143	0.00028577165
2460556.632148039	1.0003052	0.00028577633
2460556.6335369097	1.0002713	0.00028583762
2460556.634925781	1.0006876	0.00028585334
2460556.6363146515	1.00046	0.0002858282
2460556.6377035226	1.0006117	0.00028585995
2460556.639092393	1.0003127	0.00028581478
2460556.6404812643	1.000108	0.0002857421
2460556.6418701354	1.0005829	0.00028582572
2460556.643259006	0.9995486	0.00028570343
2460556.644647877	1.0004796	0.00028583748
2460556.6460367483	1.0002514	0.00028578588
2460556.647425619	1.0003421	0.00028580445
2460556.64881449	0.9999166	0.0002857293
2460556.6502033607	1.0003175	0.00028580645
2460556.651592232	0.9998859	0.00028572202
2460556.6529811025	1.0002592	0.0002857796
2460556.654369973	1.0001298	0.00028576312
2460556.655758844	0.9996474	0.00028570485
2460556.6571477153	1.000054	0.0002857341
2460556.658536586	1.0002354	0.0002857255
2460556.659925457	0.99965686	0.0002856972
2460556.6613143277	1.0002577	0.0002857624
2460556.662703199	1.0008277	0.0002858368
2460556.66409207	0.99983656	0.0002857272
2460556.6654809406	0.9997071	0.0002856739
2460556.6668698117	0.9998746	0.00028577345
2460556.6682586824	0.99984074	0.00028572913
2460556.6696475535	1.0002648	0.00028574228
2460556.671036424	1.0006431	0.00028580107
2460556.672425295	1.0008223	0.00028585218
2460556.673814166	0.9999718	0.00028568695
2460556.675203037	1.0003576	0.00028575354
2460556.6765919076	0.99996	0.00028575413
2460556.6779807787	1.0002751	0.00028576812
2460556.6793696494	1.0003841	0.00028577456
2460556.6807585205	0.99989486	0.00028574263
2460556.682147391	0.9998409	0.0002856745
2460556.6835362623	1.0002509	0.00028573876
2460556.6849251334	0.9999147	0.0002857002
2460556.686314004	0.9995092	0.00028566417
2460556.687702875	0.9999955	0.00028571064
2460556.6890917458	1.0002993	0.0002857705
2460556.690480617	1.0006268	0.0002857931
2460556.6918694875	0.99988246	0.00028569312
2460556.6932583586	1.000177	0.00028573445
2460556.6946472293	0.9998953	0.00028567496
2460556.6960361004	1.0009141	0.00028582936
2460556.6974249715	0.9999251	0.00028569598
2460556.698813842	1.0001448	0.00028573573
2460556.7002027133	1.0001761	0.00028568174
2460556.701591584	0.99981946	0.00028569423
2460556.702980455	0.99990994	0.000285698
2460556.7043693257	1.0000705	0.00028573783
2460556.705758197	1.0004387	0.0002857437
2460556.7071470674	1.0004405	0.00028574452
2460556.7085359385	0.99970853	0.00028566289
2460556.709924809	1.0005913	0.00028575555
2460556.7113136803	1.0000675	0.00028569766
2460556.712702551	0.9996378	0.000285648
2460556.714091422	1.0002062	0.0002857159
2460556.7154802927	1.0002826	0.0002857097
2460556.716869164	1.0008546	0.00028577208
2460556.7182580344	0.99989265	0.00028565427
2460556.7196469055	0.9999916	0.00028567115
2460556.721035776	0.99996597	0.0002856532
2460556.7224246473	1.0001647	0.00028569953
2460556.723813518	0.9994898	0.00028557886
2460556.725202389	0.9998862	0.00028569752
2460556.7265912597	1.0002904	0.0002856745
2460556.727980131	1.0002937	0.00028568512
2460556.7293690015	0.9999643	0.00028570904
2460556.7307578726	0.9998287	0.00028564417
2460556.732146743	1.0001152	0.00028567773
2460556.7335356143	1.0002111	0.0002856844
2460556.734924485	1.0000455	0.0002857194
2460556.736313356	0.99949574	0.00028562368
2460556.7377022267	1.0000535	0.00028569478
2460556.739091098	0.99988216	0.0002856559
2460556.7404799685	0.9999981	0.00028568375
2460556.7418688396	0.9994606	0.000285609
2460556.7432577102	0.99966365	0.00028563355
2460556.7446465814	1.0000757	0.00028570063
2460556.746035452	1.0004145	0.00028576795
2460556.747424323	0.999812	0.00028569225
2460556.7488131938	0.9998228	0.00028565797
2460556.750202065	0.99974066	0.00028561673
2460556.7515909355	1.0001786	0.00028571754
2460556.7529798066	0.9991148	0.00028557936
2460556.7543686773	1.0000175	0.000285714
2460556.7557575484	0.9996967	0.00028561457
2460556.757146419	0.9996136	0.00028564443
2460556.75853529	0.9996876	0.000285649
2460556.759924161	0.9996862	0.00028565567
2460556.7613130314	0.99977005	0.00028564912
2460556.7627019025	0.9997623	0.00028566996
2460556.764090773	1.0000054	0.00028571035
2460556.7654796443	0.9993298	0.00028560054
2460556.766868515	1.0000262	0.00028568573
2460556.768257386	0.9993962	0.0002856245
2460556.7696462567	0.9996092	0.0002856727
2460556.771035128	0.99984515	0.0002856882
2460556.7724239985	1.0005999	0.0002857586
2460556.773812869	0.99987215	0.00028568076
2460556.77520174	0.9999724	0.00028572563
2460556.776590611	0.9998681	0.0002856974
2460556.777979482	0.999383	0.000285651
2460556.7793683526	0.9999134	0.0002856971
2460556.7807572237	0.99952185	0.00028564583
2460556.7821460944	0.99976087	0.00028572557
2460556.7835349655	0.99959934	0.00028566967
2460556.784923836	1.0001271	0.00028576516
2460556.7863127072	1.0001777	0.000285791
2460556.787701578	1.000345	0.00028578585
2460556.789090449	1.0002571	0.00028575148
2460556.7904793196	0.99990255	0.0002857269
2460556.7918681907	0.99995035	0.00028571286
2460556.7932570614	0.9999266	0.00028576303
2460556.7946459325	1.0002178	0.00028574682
2460556.796034803	0.9998976	0.00028569865
2460556.797423674	1.0002303	0.00028578404
2460556.798812545	0.99958265	0.00028566545
2460556.8002014155	0.9997838	0.00028571053
2460556.801590286	0.99989	0.00028572307
2460556.8029791573	1.0000421	0.0002857392
2460556.804368028	0.9995278	0.0002856944
2460556.805756899	0.99949473	0.0002856995
2460556.8071457697	0.99999917	0.00028581047
2460556.808534641	0.9999816	0.00028575058
2460556.8099235115	0.99996513	0.0002857517
2460556.8113123826	0.9998418	0.0002857523
2460556.812701253	0.9999263	0.00028575902
2460556.8140901243	1.0004939	0.00028585678
2460556.815478995	1.0001842	0.000285771
2460556.816867866	0.99936616	0.00028568885
2460556.8182567367	0.99962735	0.0002857425
2460556.8196456074	0.99954313	0.00028570346
2460556.8210344785	0.9999246	0.00028573733
2460556.822423349	0.9994171	0.00028567223
2460556.82381222	1.0001231	0.0002858073
2460556.825201091	1.0002344	0.00028581105
2460556.8265899615	1.0000697	0.00028580622
2460556.8279788326	1.0002319	0.00028585293
2460556.8293677033	0.9999334	0.00028578684
2460556.8307565744	0.9999912	0.0002858034
2460556.832145445	1.0000988	0.00028584854
2460556.833534316	0.99962854	0.00028578247
2460556.834923187	1.0000852	0.00028580194
2460556.8363120575	0.9995087	0.0002857285
2460556.8377009286	1.0000546	0.0002858125
2460556.839089799	0.99972415	0.00028574365
2460556.84047867	1.0000105	0.00028581967
2460556.841867541	0.99981445	0.00028579868
2460556.8432564116	1.0000567	0.00028581533
2460556.8446452827	0.9999803	0.00028577633
2460556.8460341534	0.9994043	0.00028579033
2460556.8474230245	0.99945146	0.00028575028
2460556.848811895	0.9993477	0.0002857492
2460556.850200766	0.9999999	0.0002858279
2460556.851589637	0.99990994	0.00028580558
2460556.8529785075	1.0001185	0.0002858415
2460556.854367378	0.9996802	0.00028579173
2460556.8557562493	0.9999916	0.0002857851
2460556.85714512	0.9997808	0.0002857824
2460556.858533991	0.9993945	0.00028573026
2460556.8599228617	1.000491	0.0002858896
2460556.861311733	0.99926025	0.00028575462
2460556.8627006034	1.0004511	0.00028585427
2460556.8640894745	1.0000163	0.00028584647
2460556.865478345	1.0004227	0.0002858618
2460556.866867216	1.000439	0.0002858447
2460556.8682560865	0.9999809	0.00028582598
2460556.8696449576	1.0000422	0.0002858197
2460556.8710338282	0.9998932	0.00028581993
2460556.8724226994	0.99961716	0.00028578527
2460556.87381157	1.0001476	0.00028582016
2460556.875200441	1.0005403	0.00028584542
2460556.8765893118	1.000109	0.0002858592
2460556.8779781824	1.0003076	0.00028586472
2460556.8793670535	0.9997673	0.000285807
2460556.880755924	1.0002456	0.00028589088
2460556.882144795	0.9999144	0.00028580762
2460556.883533666	0.99946666	0.00028575378
2460556.8849225366	1.0002346	0.00028582467
2460556.8863114077	0.99982715	0.0002857932
2460556.8877002783	1.0001667	0.0002858655
2460556.889089149	1.0002065	0.00028585017
2460556.89047802	1.0001591	0.00028583183
2460556.8918668907	1.0003765	0.00028584234
2460556.8932557614	0.99993765	0.00028582755
2460556.8946446325	0.99937385	0.00028572133
2460556.896033503	0.9999147	0.00028578527
2460556.897422374	0.9998969	0.0002857803
2460556.898811245	0.9999554	0.00028580023
2460556.9002001155	0.9996631	0.00028575215
2460556.9015889866	0.9997651	0.0002857448
2460556.9029778573	1.0004599	0.0002858326
2460556.904366728	0.9998059	0.00028579994
2460556.905755599	1.0003719	0.00028584737
2460556.9071444697	0.9997538	0.00028576484
2460556.908533341	1.000181	0.00028578402
2460556.9099222114	1.0001274	0.00028579534
2460556.911311082	0.9994625	0.00028571786
2460556.9126999527	0.9997902	0.0002857775
2460556.914088824	1.0001441	0.00028581545
2460556.9154776945	1.0007966	0.00028583233
2460556.9168665656	0.9998947	0.00028574333
2460556.9182554362	1.0003029	0.0002858137
2460556.919644307	0.9997455	0.00028576548
2460556.921033178	0.999649	0.00028574877
2460556.9224220486	0.9998611	0.00028579857
2460556.9238109193	0.9999085	0.0002857822
2460556.9251997904	1.000104	0.00028573978
2460556.926588661	0.99952054	0.00028570576
2460556.927977532	0.99979657	0.00028572616
2460556.929366403	0.9998132	0.00028573017
2460556.9307552734	1.0003045	0.0002857937
2460556.932144144	0.9997421	0.00028576434
2460556.933533015	0.9997504	0.0002856997
2460556.934921886	0.9995873	0.00028568224
2460556.936310757	0.9995489	0.00028566472
2460556.9376996276	0.999848	0.00028577293
2460556.9390884982	1.0000881	0.0002857426
2460556.940477369	1.0005051	0.0002858002
2460556.94186624	0.99970466	0.0002856893
2460556.9432551106	0.9993595	0.0002856542
2460556.9446439818	0.999509	0.00028567793
2460556.9460328524	1.0000117	0.00028567621
2460556.947421723	0.9998264	0.00028566574
2460556.9488105937	0.9993314	0.00028567182
2460556.950199465	0.9995756	0.00028566815
2460556.9515883354	1.0000917	0.00028572362
2460556.9529772066	0.99972486	0.0002856865
2460556.954366077	1.000041	0.00028573305
2460556.955754948	0.9997815	0.00028569787
2460556.9571438185	0.99960893	0.00028566542
2460556.9585326896	0.99970025	0.00028563666
2460556.9599215603	1.0004122	0.0002857499
2460556.9613104314	1.0000566	0.00028573239
2460556.962699302	1.00014	0.00028569577
2460556.9640881727	0.9993901	0.00028567904
2460556.9654770433	0.9996518	0.00028562898
2460556.9668659144	0.99991906	0.00028566804
2460556.968254785	0.999879	0.0002856806
2460556.969643656	0.9998969	0.0002857005
2460556.971032527	0.9996433	0.0002856623
2460556.9724213975	0.9998784	0.00028568396
2460556.973810268	1.0004907	0.0002857517
2460556.975199139	1.0000076	0.0002857306
2460556.97658801	0.99956673	0.00028564682
2460556.977976881	0.99937326	0.00028557715
2460556.9793657516	1.000233	0.00028568177
2460556.9807546223	0.9999432	0.0002856924
2460556.982143493	1.0008916	0.00028576454
2460556.983532364	0.9991802	0.00028557435
2460556.9849212347	0.9986852	0.00028551978
2460556.9863101053	0.99803555	0.00028540858
2460556.987698976	0.9978337	0.00028536667
2460556.989087847	0.99668324	0.00028525392
2460556.9904767177	0.9961979	0.00028517868
2460556.991865589	0.99537355	0.00028503453
2460556.9932544595	0.9937893	0.00028484318
2460556.99464333	0.9941627	0.0002849223
2460556.9960322008	0.9940155	0.0002848914
2460556.997421072	0.99378824	0.0002848355
2460556.9988099425	0.9932855	0.00028478555
2460557.000198813	0.9934925	0.0002848056
2460557.0015876843	0.9930884	0.00028475455
2460557.002976555	0.9924068	0.00028470968
2460557.0043654256	0.9933453	0.00028476756
2460557.0057542967	0.9929842	0.00028475386
2460557.0071431673	0.9931172	0.00028474018
2460557.008532038	0.992753	0.00028471556
2460557.0099209086	0.9930216	0.00028475054
2460557.0113097797	0.9925598	0.00028469722
2460557.0126986504	0.9927492	0.0002847676
2460557.014087521	0.99277323	0.00028469387
2460557.0154763917	0.99231035	0.00028469905
2460557.0168652628	0.99290836	0.00028471876
2460557.0182541334	0.9925056	0.00028470127
2460557.0196430045	0.99286354	0.0002847394
2460557.021031875	0.9928244	0.0002847087
2460557.022420746	0.99280244	0.00028472085
2460557.0238096165	0.9929407	0.00028475455
2460557.0251984876	0.9922676	0.00028462845
2460557.026587358	0.99258286	0.00028470144
2460557.027976229	0.9928463	0.0002847367
2460557.0293650995	0.99248147	0.00028469102
2460557.0307539706	0.99240595	0.0002846819
2460557.0321428413	0.99251854	0.00028471043
2460557.033531712	0.99274373	0.00028471698
2460557.0349205825	0.99282986	0.00028474495
2460557.0363094537	0.99216187	0.00028467042
2460557.0376983243	0.9928159	0.00028471896
2460557.0390871954	0.99264044	0.00028476075
2460557.040476066	0.99318147	0.0002847728
2460557.0418649367	0.9927027	0.00028473348
2460557.0432538074	0.99257624	0.00028470316
2460557.0446426785	0.9922308	0.0002846495
2460557.046031549	0.99227065	0.0002847
2460557.0474204198	0.99251145	0.00028473831
2460557.0488092904	0.99239737	0.0002847183
2460557.0501981615	0.9924831	0.00028472766
2460557.051587032	0.9922434	0.00028468884
2460557.052975903	0.9926153	0.00028475712
2460557.0543647734	0.99241406	0.00028472522
2460557.0557536446	0.9924482	0.0002847369
2460557.057142515	0.9926798	0.0002847885
2460557.058531386	0.99245083	0.00028474096
2460557.0599202565	0.9932103	0.0002848038
2460557.0613091276	0.9925987	0.00028477178
2460557.0626979982	0.99306595	0.00028484833
2460557.064086869	0.9927828	0.0002847759
2460557.0654757395	0.9930119	0.0002848685
2460557.0668646106	0.9929401	0.00028481474
2460557.0682534813	0.993118	0.00028483476
2460557.069642352	0.9925868	0.00028477408
2460557.0710312226	0.9924285	0.00028473584
2460557.0724200937	0.99241465	0.00028477728
2460557.0738089643	0.99280447	0.00028487813
2460557.0751978355	0.9927606	0.00028480732
2460557.076586706	0.9926616	0.00028483226
2460557.0779755767	0.993175	0.00028488124
2460557.0793644474	0.992735	0.00028483677
2460557.0807533185	0.99299014	0.00028486515
2460557.082142189	0.99311227	0.00028489466
2460557.08353106	0.9929841	0.0002848651
2460557.0849199304	0.99284136	0.0002848426
2460557.0863088015	0.9927154	0.00028483826
2460557.087697672	0.9926769	0.00028485872
2460557.089086543	0.9928511	0.0002848981
2460557.0904754135	0.99329406	0.00028493576
2460557.0918642846	0.9929455	0.00028487292
2460557.093253155	0.9936854	0.00028499987
2460557.094642026	0.99330956	0.00028496337
2460557.0960308965	0.9927649	0.00028488468
2460557.097419767	0.9931043	0.00028487097
2460557.098808638	0.99254435	0.00028490918
2460557.100197509	0.99286824	0.0002849078
2460557.1015863796	0.99336016	0.0002849595
2460557.10297525	0.99308556	0.000284942
2460557.104364121	0.9933888	0.00028500886
2460557.105752992	0.9932951	0.00028497475
2460557.1071418626	0.9931671	0.00028493558
2460557.1085307333	0.9940701	0.00028513398
2460557.109919604	0.9935785	0.00028503255
2460557.111308475	0.9933937	0.00028501116
2460557.1126973457	0.9938613	0.00028506966
2460557.1140862163	0.993773	0.00028507932
2460557.115475087	0.9934661	0.000285026
2460557.116863958	0.99363214	0.00028498183
2460557.1182528287	0.99333155	0.00028500924
2460557.1196416994	0.99310994	0.0002849555
2460557.12103057	0.9940489	0.00028508322
2460557.122419441	0.99374557	0.00028501143
2460557.1238083118	0.9940444	0.0002851046
2460557.1251971824	0.99378437	0.00028508285
2460557.126586053	0.99389505	0.00028510016
2460557.127974924	0.9945719	0.000285187
2460557.129363795	0.99497056	0.0002851961
2460557.1307526655	0.9957151	0.00028533326
2460557.132141536	0.9965983	0.0002854487
2460557.133530407	0.997087	0.00028554263
2460557.1349192774	0.99812746	0.00028565607
2460557.1363081485	0.9983236	0.0002856592
2460557.137697019	0.99948967	0.00028583538
2460557.13908589	0.99976027	0.00028586347
2460557.1404747604	0.9994398	0.00028585494
2460557.1418636316	0.99980575	0.00028589118
2460557.143252502	0.9992841	0.00028582403
2460557.144641373	1.0007098	0.00028595066
2460557.1460302435	0.99989194	0.00028589883
2460557.1474191146	1.0001007	0.00028590005
2460557.1488079852	1.0002627	0.00028594257
2460557.150196856	0.9990131	0.00028576923
2460557.1515857265	0.99995863	0.00028591265
2460557.152974597	0.9995595	0.0002858135
2460557.1543634683	0.9995201	0.0002858458
2460557.155752339	1.0002388	0.0002859014
2460557.1571412096	0.99983615	0.0002858787
2460557.15853008	0.9998291	0.00028587383
2460557.159918951	0.99982536	0.00028589735
2460557.1613078215	1.0000004	0.00028590966
2460557.1626966926	0.9997643	0.00028582045
2460557.1640855633	0.9994992	0.00028582782
2460557.165474434	1.0003659	0.00028595678
2460557.1668633046	1.0000468	0.00028587948
2460557.1682521757	0.9996142	0.00028583469
2460557.1696410463	0.99962765	0.0002858137
2460557.171029917	0.9997142	0.0002858335
2460557.1724187876	1.0000283	0.0002858694
2460557.1738076583	0.99956053	0.00028580765
2460557.175196529	1.0002216	0.00028591385
2460557.1765854	1.0002575	0.0002859
2460557.1779742707	1.0000521	0.0002859375
2460557.1793631413	0.99973804	0.00028577252
2460557.180752012	1.0002394	0.00028586606
2460557.182140883	0.9997523	0.00028586932
2460557.1835297537	0.9992191	0.00028575983
2460557.1849186243	1.0004207	0.0002859217
2460557.186307495	0.99957067	0.0002857897
2460557.1876963656	1.0003072	0.00028589694
2460557.1890852363	0.9999536	0.00028587578
2460557.1904741074	1.0002927	0.00028592002
2460557.191862978	1.0003138	0.0002859079
2460557.1932518487	0.9997039	0.00028584464
2460557.1946407193	1.000022	0.00028592523
2460557.1960295904	1.0002004	0.00028589237
2460557.1974184606	0.999861	0.0002858674
2460557.1988073317	0.99981654	0.00028583003
2460557.2001962024	0.9990861	0.00028574863
2460557.201585073	1.0003709	0.00028585165
2460557.2029739437	0.9997173	0.00028582333
2460557.204362815	1.000596	0.00028587756
2460557.2057516854	0.9995563	0.00028581708
2460557.207140556	0.9996707	0.00028580954
2460557.2085294267	0.99984366	0.00028582348
2460557.2099182974	1.000024	0.00028585925
2460557.211307168	1.0001731	0.00028585378
2460557.212696039	1.0002202	0.00028588314
2460557.2140849098	0.9997448	0.00028581644
2460557.2154737804	0.9996698	0.00028582654
2460557.216862651	1.0000504	0.0002858152
2460557.2182515217	0.9998729	0.00028580625
2460557.2196403923	0.9996211	0.00028578506
2460557.2210292635	0.9999945	0.00028585424
2460557.222418134	1.0001148	0.00028581347
2460557.2238070047	1.0001687	0.00028583262
2460557.2251958754	0.99984545	0.00028584833
2460557.2265847465	0.999603	0.00028580436
2460557.2279736167	1.0004148	0.00028585308
2460557.229362488	1.0001645	0.0002858505
2460557.2307513584	1.0005507	0.0002858763
2460557.232140229	0.9995473	0.0002857154
2460557.2335290997	1.0000161	0.0002858324
2460557.234917971	0.9993767	0.0002857736
2460557.236306841	1.000728	0.00028592028
2460557.237695712	0.9998633	0.0002858355
2460557.239084583	1.0003198	0.00028580922
2460557.2404734534	1.0002062	0.0002858241
2460557.241862324	1.0000784	0.00028583137
2460557.243251195	0.99983305	0.0002857621
2460557.2446400654	0.99981475	0.00028580896
2460557.2460289365	1.0004257	0.0002858749
2460557.247417807	0.99962723	0.00028575136
2460557.2488066778	0.99981827	0.00028582662
2460557.2501955484	1.0003743	0.00028584845
2460557.2515844195	0.9997641	0.00028578826
2460557.2529732897	0.99993867	0.00028581984
2460557.254362161	0.9999128	0.00028577677
2460557.2557510315	0.99993825	0.00028579967
2460557.257139902	0.99979424	0.00028576926
2460557.2585287727	1.0001489	0.00028581658
2460557.259917644	0.9999693	0.00028579266
2460557.261306514	1.0000935	0.00028585191
2460557.262695385	1.0003676	0.0002858512
2460557.264084256	0.9999063	0.00028576617
2460557.2654731264	1.0000625	0.0002858044
2460557.266861997	1.00009	0.00028580194
2460557.2682508677	1.0000354	0.00028576935
2460557.2696397384	0.99994147	0.00028577165
2460557.2710286095	1.000036	0.00028577633
2460557.27241748	1.0002558	0.00028583172
2460557.273806351	1.000203	0.00028579857
2460557.2751952214	1.0005219	0.00028587328
2460557.276584092	1.0003351	0.000285845
2460557.2779729627	1.0006171	0.0002859064
2460557.279361834	0.9999246	0.00028576996
2460557.2807507045	1.0003126	0.0002858025
2460557.282139575	0.99997807	0.00028578236
2460557.2835284458	0.99992925	0.00028578294
2460557.2849173164	1.0003722	0.0002858192
2460557.286306187	1.000171	0.0002857751
2460557.287695058	0.9996519	0.00028575526
2460557.2890839283	1.0004193	0.00028582188
2460557.2904727994	0.9996603	0.0002857311
2460557.29186167	0.999924	0.0002857503
2460557.2932505407	0.999401	0.00028568858
2460557.2946394114	1.0002573	0.00028578396
2460557.296028282	1.0002583	0.0002858374
2460557.2974171527	0.9999291	0.00028575468
2460557.298806024	0.9999772	0.0002857547
2460557.3001948944	1.0000861	0.00028580116
2460557.301583765	0.9996496	0.000285757
2460557.3029726357	1.0000275	0.00028578797
2460557.3043615064	0.99993473	0.0002857392
2460557.305750377	1.0003015	0.0002857889
2460557.307139248	0.99972266	0.00028573457
2460557.3085281183	1.0001496	0.00028579505
2460557.3099169894	0.99984264	0.0002857457
2460557.31130586	0.99987954	0.00028578797
2460557.3126947307	0.99948555	0.00028572557
2460557.3140836013	0.99994105	0.00028574595
2460557.315472472	0.9999428	0.00028572683
2460557.3168613426	1.0005088	0.00028582852
2460557.3182502137	0.999942	0.0002857805
2460557.3196390844	1.0004474	0.00028581833
2460557.321027955	1.0000548	0.00028575963
2460557.3224168257	0.99985766	0.0002857244
2460557.3238056963	0.99990845	0.0002857613
2460557.325194567	1.0008235	0.0002858592
2460557.3265834376	1.0002154	0.00028576772
2460557.3279723083	1.0001998	0.0002857566
2460557.3293611794	0.9997738	0.00028573806
2460557.33075005	1.0002168	0.00028583192
2460557.3321389207	0.99992126	0.0002857759
2460557.3335277913	0.9996237	0.00028573765
2460557.334916662	1.0003636	0.00028580253
2460557.3363055326	0.99973255	0.0002857516
2460557.3376944032	0.99987465	0.0002857377
2460557.339083274	0.9998162	0.0002857785
2460557.340472145	0.9996125	0.00028568046
2460557.3418610157	1.0004288	0.00028581565
2460557.3432498863	1.0003737	0.0002858117
2460557.344638757	1.0002302	0.00028581274
2460557.3460276276	1.0002314	0.00028577656
2460557.347416498	0.9995004	0.00028570124
2460557.348805369	1.0001811	0.0002858057
2460557.3501942395	1.0004097	0.00028580555
2460557.3515831106	1.0006135	0.00028584938
2460557.352971981	1.000325	0.00028580808
2460557.354360852	1.0004077	0.00028583317
2460557.3557497226	0.9998245	0.0002857544
2460557.357138593	1.0000342	0.00028576632
2460557.358527464	0.9994994	0.00028573448
2460557.3599163345	1.0004412	0.0002858112
2460557.361305205	1.0002766	0.00028582689
2460557.3626940763	0.9999139	0.0002857471
2460557.3640829464	0.99979615	0.00028574042
2460557.3654718176	0.999975	0.00028578672
2460557.366860688	1.0004733	0.00028589004
2460557.368249559	0.99961716	0.00028571818
2460557.3696384295	1.0005506	0.00028585293
2460557.3710273	0.99968296	0.0002857499
2460557.372416171	0.999463	0.00028569656
2460557.3738050414	0.999606	0.0002857499
2460557.375193912	1.0001026	0.00028577814
2460557.376582783	1.0002574	0.00028580654
2460557.3779716534	1.0003905	0.00028585483
2460557.3793605245	0.99951255	0.00028573044
2460557.380749395	0.9998649	0.0002857704
2460557.3821382658	0.99974704	0.0002857516
2460557.3835271364	0.9996775	0.0002857617
2460557.384916007	0.99993974	0.00028580337
2460557.3863048777	1.0004587	0.00028585663
2460557.3876937483	1.0000528	0.00028580037
2460557.389082619	1.0001318	0.0002858053
2460557.39047149	1.0003772	0.00028584633
2460557.3918603607	0.99989426	0.00028577255
2460557.3932492314	0.9999165	0.00028578923
2460557.394638102	1.0000583	0.00028580386
2460557.3960269727	0.99992853	0.0002857882
2460557.3974158433	1.0005537	0.00028585823
2460557.398804714	0.99968225	0.00028582598
2460557.4001935846	1.0000937	0.0002858388
2460557.4015824553	0.9998475	0.0002857999
2460557.402971326	1.0002695	0.00028586222
2460557.404360197	0.99978864	0.0002857827
2460557.4057490677	0.9998213	0.00028578928
2460557.4071379383	0.9997351	0.0002857698
2460557.408526809	0.9997072	0.00028574435
2460557.4099156796	1.0000056	0.0002858151
2460557.4113045502	1.0000145	0.00028588026
2460557.412693421	0.99976075	0.0002858105
2460557.4140822915	1.0000925	0.00028583367
2460557.415471162	1.0002671	0.0002858769
2460557.416860033	1.0002646	0.0002858776
2460557.418248904	0.99976844	0.00028583148
2460557.419637774	1.0003682	0.000285862
2460557.421026645	1.0007888	0.00028598605
2460557.422415516	0.9996906	0.00028582037
2460557.4238043865	0.9999343	0.00028585386
2460557.425193257	1.000241	0.00028585328
2460557.426582128	1.0002867	0.00028587558
2460557.4279709985	0.99962753	0.00028581996
2460557.429359869	0.9996339	0.00028581722
2460557.4307487397	0.99984074	0.0002858473
2460557.432137611	1.0000244	0.0002858758
2460557.433526481	1.0001279	0.0002858262
2460557.434915352	1.0002334	0.0002859072
2460557.436304223	1.0002667	0.0002858979
2460557.4376930934	1.0001239	0.000285881
2460557.439081964	1.0002085	0.00028588032
2460557.4404708347	1.0003028	0.00028589822
2460557.4418597054	0.99999595	0.00028586548
2460557.443248576	1.0002028	0.0002858988
2460557.4446374467	1.0002209	0.00028590322
2460557.4460263173	1.0001594	0.00028588728
2460557.447415188	0.9999749	0.0002858325
2460557.4488040586	0.99930906	0.00028582764
2460557.4501929292	0.9997484	0.0002858567
2460557.4515818004	0.9998261	0.00028588632
2460557.4529706705	1.000278	0.00028593122
2460557.4543595416	0.9998759	0.0002858331
2460557.4557484123	0.99999636	0.00028591484
2460557.457137283	1.0003564	0.00028595002
2460557.4585261536	1.000152	0.0002859301
2460557.459915024	0.9998302	0.0002858718
2460557.461303895	1.000739	0.000285993
2460557.4626927655	1.000461	0.000285951
2460557.464081636	1.0003357	0.00028595104
2460557.465470507	1.0007598	0.00028605032
2460557.4668593775	0.99995697	0.00028591955
2460557.4682482486	1.0007466	0.0002860368
2460557.4696371187	0.9998296	0.00028590142
2460557.47102599	0.99975175	0.00028587112
2460557.4724148605	1.000415	0.00028598393
2460557.473803731	1.0000429	0.00028593803
2460557.475192602	1.0004171	0.00028599423
2460557.4765814724	1.0004444	0.0002859824
2460557.477970343	1.0008124	0.00028606434
2460557.4793592137	0.9999237	0.00028591728
2460557.4807480844	1.0001105	0.0002859734
2460557.482136955	1.000187	0.00028599502
2460557.4835258257	0.99998	0.0002859589
2460557.4849146963	1.0002338	0.0002860287
2460557.486303567	1.0002073	0.0002860144
2460557.487692438	1.0008374	0.00028603803
2460557.4890813082	1.0001999	0.00028600058
2460557.4904701794	1.000443	0.00028601981
2460557.4918590495	0.9999833	0.00028594348
2460557.4932479206	1.0004872	0.0002860266
2460557.4946367913	1.0004354	0.00028603565
2460557.496025662	0.9997461	0.00028592988
2460557.4974145326	1.000642	0.0002860583
2460557.498803403	1.0001793	0.00028599869
2460557.500192274	0.99995553	0.0002859846
2460557.5015811445	1.0003145	0.0002860197
2460557.502970015	0.9999882	0.0002859969
2460557.504358886	1.0006905	0.00028610945
2460557.5057477565	1.0005698	0.00028606906
2460557.507136627	1.0003053	0.00028602008
2460557.5085254977	1.0005332	0.00028608742
2460557.5099143684	0.9999727	0.00028601842
2460557.511303239	0.99992794	0.00028601784
2460557.51269211	1.0002873	0.0002860736
2460557.5140809803	1.0003059	0.00028606062
2460557.5154698514	1.000016	0.00028605483
2460557.516858722	1.0004759	0.00028609595
2460557.5182475927	1.0009553	0.0002861515
2460557.5196364634	1.000417	0.000286096
2460557.521025334	0.99988526	0.00028602025
2460557.5224142047	1.0006344	0.00028614802
2460557.5238030753	1.0006737	0.00028611594
2460557.525191946	1.0000246	0.00028607188
2460557.5265808166	1.0004785	0.00028613704
2460557.5279696872	1.0000833	0.000286054
2460557.529358558	0.9998866	0.0002860445
2460557.5307474285	1.0005709	0.00028613428
2460557.532136299	1.0005703	0.0002861333
2460557.53352517	1.000185	0.00028612508
2460557.5349140405	1.0001584	0.00028605206
2460557.536302911	1.000046	0.0002860777
2460557.537691782	1.0003743	0.00028613137
2460557.5390806524	1.0006282	0.00028616926
2460557.5404695235	1.0005119	0.0002861648
2460557.5418583937	1.0006218	0.00028616362
2460557.543247265	1.0005594	0.00028614557
2460557.544636135	1.0001262	0.00028613856
2460557.546025006	1.0003346	0.00028618283
2460557.5474138767	1.0000141	0.00028610637
2460557.5488027474	1.0008925	0.00028621047
2460557.550191618	1.0003959	0.0002861401
2460557.5515804887	1.0006016	0.00028618038
2460557.5529693593	1.0006206	0.0002861912
2460557.55435823	1.000807	0.00028620288
2460557.5557471006	1.0005962	0.00028622683
2460557.5571359713	1.0010114	0.00028625378
2460557.558524842	1.0003875	0.00028619138
2460557.5599137126	1.0005934	0.0002861813
2460557.561302583	1.0002774	0.0002861502
2460557.562691454	1.0003551	0.00028618576
2460557.5640803245	1.0003151	0.00028616362
2460557.565469195	1.000579	0.0002861981
2460557.566858066	1.00059	0.00028622765
2460557.5682469364	1.0006629	0.00028623774
2460557.569635807	1.0004623	0.00028620887
2460557.571024678	1.0009502	0.00028624505
2460557.5724135484	1.0006965	0.00028630946
2460557.5738024195	1.0007975	0.00028624572
2460557.5751912897	1.0003117	0.00028622855
2460557.5765801608	0.99969184	0.00028611577
2460557.577969031	1.0002774	0.00028617718
2460557.579357902	1.0006307	0.00028623757
2460557.5807467727	1.0007464	0.00028625902
2460557.5821356433	1.0002143	0.00028619618
2460557.583524514	1.000321	0.00028624907
2460557.5849133846	1.0004375	0.00028623716
2460557.5863022553	1.0003611	0.00028624793
2460557.587691126	0.9998986	0.0002862063
2460557.5890799966	1.0002462	0.00028624418
2460557.590468867	1.0006527	0.00028626336
2460557.591857738	0.9999701	0.00028618026
2460557.5932466085	1.0007584	0.0002862686
2460557.594635479	1.0005251	0.00028622255
2460557.59602435	1.0004014	0.000286221
2460557.5974132204	1.0011759	0.00028636912
2460557.598802091	1.0003082	0.0002862366
2460557.6001909617	1.0000334	0.0002862024
2460557.6015798324	1.0006578	0.00028624534
2460557.602968703	1.0004574	0.00028620547
2460557.6043575737	1.0002689	0.0002862543
2460557.6057464443	1.000686	0.00028629095
2460557.607135315	1.0009542	0.0002862731
2460557.6085241856	1.0009311	0.0002863336
2460557.6099130563	1.0004234	0.00028625055
2460557.611301927	1.000749	0.0002863148
2460557.6126907975	1.0003628	0.00028620948
2460557.614079668	1.000131	0.0002862132
2460557.615468539	0.99979514	0.00028623472
2460557.6168574095	1.0002421	0.00028619624
2460557.61824628	0.99998575	0.00028619147
2460557.619635151	1.0003973	0.00028624732
2460557.6210240214	1.0006255	0.00028626632
2460557.622412892	0.9999879	0.00028619962
2460557.623801763	1.0004286	0.00028627485
2460557.6251906333	1.0004044	0.0002862726
2460557.6265795045	1.0003185	0.00028627436
2460557.6279683746	1.00041	0.00028622855
2460557.6293572458	1.0010611	0.0002863701
2460557.630746116	1.0006851	0.00028628283
2460557.632134987	1.0002853	0.00028624258
2460557.633523857	0.9999301	0.00028618766
2460557.6349127283	1.0000582	0.0002862251
2460557.6363015985	1.0003861	0.00028627456
2460557.6376904696	1.000302	0.00028626624
2460557.63907934	1.000644	0.0002862674
2460557.640468211	1.0002605	0.00028621661
2460557.641857081	1.0003679	0.0002862623
2460557.643245952	1.0004557	0.00028628588
2460557.6446348224	1.0000879	0.0002862204
2460557.6460236935	1.0003675	0.00028627104
2460557.6474125637	1.0002785	0.00028624744
2460557.648801435	1.0006969	0.00028629362
2460557.6501903054	1.0007416	0.00028630235
2460557.651579176	1.000187	0.00028625035
2460557.6529680467	1.0002106	0.00028623338
2460557.6543569174	1.0010481	0.00028635058
2460557.655745788	1.0007615	0.00028630582
2460557.6571346587	1.001022	0.000286349
2460557.6585235293	1.000497	0.00028631673
2460557.6599124	1.000874	0.00028630218
2460557.6613012706	1.0002654	0.0002862543
2460557.6626901412	1.0003524	0.0002862685
2460557.664079012	0.999971	0.0002861904
2460557.665467882	0.999846	0.0002862181
2460557.666856753	0.9999371	0.00028620873
2460557.6682456234	0.9999487	0.00028621504
2460557.6696344945	1.0001991	0.00028621615
2460557.6710233646	1.0001045	0.00028624636
2460557.6724122358	1.0007834	0.00028631336
2460557.673801106	1.0001695	0.00028621365
2460557.675189977	0.9998338	0.00028618393
2460557.676578847	1.0000597	0.00028622244
2460557.6779677183	0.99980384	0.00028617776
2460557.6793565885	1.00078	0.00028626062
2460557.6807454596	1.000484	0.00028631097
2460557.68213433	1.0003501	0.00028621897
2460557.683523201	1.0003071	0.00028624732
2460557.684912071	1.0006	0.0002862555
2460557.686300942	0.99996006	0.00028623155
2460557.6876898124	1.0005982	0.00028623635
2460557.6890786835	1.0003861	0.00028624016
2460557.6904675537	0.99988216	0.00028612046
2460557.691856425	1.000532	0.00028626886
2460557.693245295	1.0003123	0.00028623137
2460557.694634166	1.0006299	0.00028621976
2460557.6960230363	1.0002089	0.0002862316
2460557.6974119074	1.0002968	0.00028619956
2460557.6988007776	1.0001078	0.00028619778
2460557.7001896487	1.0001508	0.00028615477
2460557.701578519	0.9999483	0.00028617922
2460557.7029673895	1.0002179	0.00028619246
2460557.70435626	1.0005065	0.00028622657
2460557.705745131	1.0002724	0.00028623253
2460557.7071340014	1.0004385	0.00028627313
2460557.708522872	1.0000825	0.0002862122
2460557.7099117427	1.0005556	0.0002862405
2460557.7113006134	0.9998543	0.00028614633
2460557.712689484	1.0001106	0.00028615736
2460557.7140783546	1.0004295	0.00028620317
2460557.7154672253	1.0003139	0.00028622252
2460557.716856096	0.99997324	0.00028617904
2460557.7182449666	1.0000508	0.00028621723
2460557.719633837	1.0005682	0.0002862668
2460557.721022708	1.0001652	0.0002861943
2460557.7224115785	0.999406	0.00028609968
2460557.723800449	1.0003451	0.00028620564
2460557.72518932	0.9999265	0.00028620084
2460557.7265781905	1.0003026	0.00028627247
2460557.727967061	0.9995406	0.00028611918
2460557.7293559317	0.99988043	0.00028614094
2460557.7307448024	1.0001026	0.00028621437
2460557.732133673	0.9997661	0.00028611862
2460557.7335225437	0.99949455	0.0002861178
2460557.7349114143	0.9995819	0.00028611292
2460557.736300285	0.9993599	0.0002861081
2460557.7376891556	0.9992277	0.00028605887
2460557.7390780263	0.9995132	0.00028612503
2460557.740466897	0.99974287	0.00028609615
2460557.7418557676	1.000036	0.0002861716
2460557.743244638	0.999208	0.00028607913
2460557.744633509	0.9997161	0.0002861218
2460557.7460223795	0.999759	0.00028616248
2460557.74741125	0.99974006	0.00028616312
2460557.748800121	0.99921155	0.00028604298
2460557.7501889914	0.9999143	0.0002861114
2460557.751577862	0.99984103	0.00028615305
2460557.7529667327	0.9991109	0.0002860368
2460557.7543556034	1.0000169	0.0002861808
2460557.755744474	0.99957854	0.0002861174
2460557.757133344	0.9996033	0.00028612814
2460557.7585222153	0.99950475	0.00028608856
2460557.7599110855	1.0000526	0.000286203
2460557.7612999566	0.9997132	0.00028613274
2460557.762688827	0.999899	0.00028611597
2460557.764077698	0.99956346	0.00028611027
2460557.765466568	0.99901265	0.00028608422
2460557.7668554387	0.9999442	0.00028616976
2460557.7682443094	0.9994256	0.00028611705
2460557.76963318	0.9995444	0.00028608902
2460557.7710220506	1.0001409	0.00028619054
2460557.7724109213	0.9994415	0.0002861046
2460557.773799792	1.0002261	0.00028618457
2460557.7751886626	0.99940974	0.00028611498
2460557.776577533	0.9993237	0.0002860796
2460557.777966404	1.000373	0.00028621603
2460557.7793552745	0.9998614	0.00028615617
2460557.780744145	0.9994372	0.0002860848
2460557.782133016	0.99941814	0.00028608178
2460557.7835218864	0.99983495	0.00028613943
2460557.784910757	0.9992774	0.00028605567
2460557.7862996277	0.9993401	0.00028611498
2460557.7876884984	1.0000341	0.0002861523
2460557.789077369	0.9997138	0.00028612107
2460557.7904662397	0.999634	0.00028609595
2460557.7918551103	0.99992275	0.00028612986
2460557.7932439805	0.9991628	0.00028608163
2460557.7946328516	0.99902964	0.00028605218
2460557.796021722	1.0000747	0.0002861455
2460557.797410593	0.9996109	0.0002861172
2460557.798799463	1.0004398	0.00028624933
2460557.8001883337	0.9996308	0.00028611053
2460557.8015772044	0.9995171	0.0002861197
2460557.802966075	0.999727	0.00028612211
2460557.8043549457	0.9997673	0.00028611594
2460557.8057438163	0.99970365	0.00028610553
2460557.807132687	0.99992603	0.00028614345
2460557.8085215576	0.99973154	0.0002860951
2460557.8099104282	0.99985236	0.00028616667
2460557.811299299	1.0000764	0.00028612712
2460557.8126881695	0.9999446	0.00028616842
2460557.81407704	0.99928737	0.0002860928
2460557.815465911	0.99962574	0.00028614077
2460557.8168547815	0.9997196	0.00028611612
2460557.818243652	0.9999182	0.00028616964
2460557.8196325228	0.9999204	0.00028613477
2460557.821021393	0.9997195	0.0002861198
2460557.822410264	1.0000665	0.0002861564
2460557.823799134	0.9999975	0.00028611408
2460557.8251880053	0.99962187	0.0002860993
2460557.8265768755	1.000313	0.0002862048
2460557.827965746	0.99910134	0.0002860292
2460557.829354617	0.9997731	0.00028611015
2460557.8307434875	1.0000052	0.0002861479
2460557.832132358	1.0002071	0.00028620564
2460557.8335212287	0.9998031	0.00028612517
2460557.8349100994	0.9994574	0.00028609557
2460557.83629897	0.9995743	0.00028615168
2460557.8376878407	1.0001477	0.00028614624
2460557.8390767113	1.0003597	0.00028624234
2460557.840465582	0.999838	0.00028615017
2460557.8418544526	0.99960816	0.00028611335
2460557.843243323	0.9999412	0.0002861776
2460557.844632194	1.0003477	0.00028616886
2460557.846021064	1.0003258	0.00028621097
2460557.847409935	0.99963576	0.00028608827
2460557.8487988054	1.0000354	0.00028614205
2460557.850187676	0.99998987	0.00028616365
2460557.8515765467	1.0002269	0.00028618152
2460557.8529654173	1.0001702	0.00028618213
2460557.854354288	0.99986464	0.0002861108
2460557.8557431586	0.9998431	0.0002861335
2460557.8571320293	0.9992193	0.00028605445
2460557.8585209	1.0002266	0.00028620067
2460557.8599097705	0.9993275	0.0002860833
2460557.861298641	1.0003113	0.00028619598
2460557.8626875114	0.9998376	0.00028611207
2460557.8640763825	1.0001285	0.0002861533
2460557.8654652527	0.9998746	0.0002861431
2460557.866854124	0.9998203	0.00028610768
2460557.868242994	0.99953175	0.00028608585
2460557.8696318646	0.99975085	0.00028611365
2460557.8710207352	1.0000842	0.00028610372
2460557.872409606	1.0005157	0.00028619744
2460557.8737984765	1.0002096	0.00028616888
2460557.875187347	0.9998748	0.0002861312
2460557.876576218	1.0004066	0.00028619188
2460557.8779650885	1.0004297	0.00028619933
2460557.879353959	0.9996803	0.00028610285
2460557.8807428298	1.0001851	0.00028610977
2460557.8821317	0.9998955	0.00028610823
2460557.883520571	1.0001045	0.0002861508
2460557.884909441	1.00044	0.00028616935
2460557.886298312	1.0003271	0.0002861844
2460557.8876871825	1.000808	0.00028621458
2460557.889076053	1.0000219	0.00028609412
2460557.890464924	1.0002131	0.00028613233
2460557.8918537945	1.0002661	0.0002861522
2460557.893242665	0.999982	0.00028610879
2460557.8946315357	0.9999365	0.00028607313
2460557.8960204064	1.0002635	0.00028613623
2460557.897409277	1.0004002	0.0002861382
2460557.898798147	1.0004	0.00028613352
2460557.900187018	1.0000484	0.00028611536
2460557.9015758885	1.0006002	0.00028616725
2460557.902964759	1.0002992	0.00028607572
2460557.90435363	1.0002855	0.00028612948
2460557.9057425004	1.0004272	0.00028613978
2460557.907131371	1.0003252	0.0002860685
2460557.9085202417	1.0007032	0.00028614487
2460557.9099091124	0.99996513	0.00028606554
2460557.911297983	1.000375	0.00028608763
2460557.912686853	1.0001184	0.00028608643
2460557.914075724	1.0002745	0.00028608838
2460557.9154645945	1.0001768	0.0002860648
2460557.916853465	1.0009211	0.00028617805
2460557.918242336	1.0003784	0.000286074
2460557.9196312064	1.0014852	0.00028621498
2460557.921020077	1.0005558	0.0002860854
2460557.9224089477	1.0000355	0.00028606597
2460557.9237978184	0.9995955	0.00028595413
2460557.925186689	1.0001768	0.00028610314
2460557.926575559	1.0005292	0.00028608408
2460557.92796443	0.99978495	0.00028600486
2460557.9293533005	1.0003324	0.0002860536
2460557.930742171	0.9999936	0.00028599805
2460557.932131042	1.0002048	0.00028605203
2460557.9335199124	1.000207	0.0002860833
2460557.934908783	1.000117	0.00028602267
2460557.9362976537	0.99993825	0.00028597348
2460557.937686524	1.0003204	0.00028601158
2460557.939075395	1.0005438	0.0002860508
2460557.940464265	1.0007571	0.00028607043
2460557.941853136	1.000169	0.00028600133
2460557.9432420065	1.0002613	0.0002860224
2460557.944630877	0.99983543	0.00028596562
2460557.9460197478	1.0003145	0.00028602936
2460557.9474086184	0.9998572	0.0002859238
2460557.9487974886	1.0002224	0.00028598806
2460557.9501863597	0.9996788	0.00028596405
2460557.95157523	1.0002626	0.00028596813
2460557.9529641005	1.0000764	0.0002859463
2460557.954352971	1.0008312	0.0002860813
2460557.955741842	1.0005912	0.0002860421
2460557.9571307125	1.0002056	0.0002859401
2460557.958519583	1.0003564	0.00028601356
2460557.9599084533	1.0002548	0.00028595334
2460557.9612973244	1.0000713	0.00028596935
2460557.9626861946	0.9998019	0.0002859184
2460557.964075065	1.0005822	0.0002860112
2460557.965463936	1.0002614	0.00028595078
2460557.9668528065	0.9997985	0.00028592977
2460557.968241677	0.9998592	0.00028594665
2460557.969630548	0.99976236	0.00028590462
2460557.971019418	1.00008	0.0002858971
2460557.972408289	1.0003278	0.0002859771
2460557.9737971593	1.0006837	0.000286026
2460557.97518603	1.0001445	0.00028591353
2460557.9765749006	0.99990237	0.0002858954
2460557.977963771	1.0002824	0.00028597828
2460557.979352642	0.99969596	0.00028586597
2460557.9807415125	0.99970204	0.00028588923
2460557.9821303827	0.99987197	0.0002858671
2460557.9835192533	1.000221	0.00028593303
2460557.984908124	0.99931514	0.00028584563
2460557.9862969946	1.0003753	0.0002859836
2460557.9876858653	1.0000637	0.000285879
2460557.989074736	1.0003942	0.00028592814
2460557.990463606	0.99995434	0.00028586574
2460557.991852477	0.9999823	0.0002859129
2460557.9932413474	1.00031	0.00028589068
2460557.994630218	0.99979484	0.00028588387
2460557.9960190887	1.0000806	0.00028585832
2460557.9974079593	1.0000069	0.00028589048
2460557.99879683	0.99986434	0.00028587718
2460558.0001857006	0.9999153	0.00028592817
2460558.001574571	0.99975437	0.0002858672
2460558.0029634414	1.0002598	0.00028590794
2460558.004352312	0.99962187	0.00028579458
2460558.0057411827	1.0004375	0.00028593236
2460558.0071300534	0.9995398	0.00028580235
2460558.008518924	1.0000882	0.00028593175
2460558.009907794	1.0005604	0.0002859089
2460558.011296665	1.0005404	0.00028598236
2460558.0126855355	1.0002924	0.00028589825
2460558.014074406	1.0004215	0.00028592817
2460558.0154632768	1.0000899	0.0002858855
2460558.0168521474	1.0001664	0.0002858905
2460558.0182410176	0.9997517	0.00028581265
2460558.0196298882	0.9999124	0.0002858007
2460558.021018759	1.000104	0.00028587013
2460558.0224076295	0.99997675	0.0002858148
2460558.0237965	0.99968565	0.0002858096
2460558.025185371	1.0002365	0.00028586565
2460558.026574241	0.99992186	0.0002858111
2460558.0279631116	1.0001887	0.00028587153
2460558.0293519823	0.9997538	0.00028577907
2460558.030740853	1.0003465	0.00028589932
2460558.0321297236	0.99989945	0.00028583262
2460558.033518594	0.9997016	0.00028583003
2460558.0349074644	0.99995786	0.0002857838
2460558.036296335	1.000237	0.00028587412
2460558.0376852057	1.0003154	0.00028587363
2460558.0390740763	0.9994813	0.00028578323
2460558.0404629465	1.0002235	0.00028586987
2460558.0418518176	0.99956185	0.00028581155
2460558.043240688	1.0000011	0.00028582852
2460558.0446295585	1.0001616	0.00028587427
2460558.046018429	1.0003545	0.00028589938
2460558.0474072997	0.99993074	0.00028581507
2460558.04879617	0.99974245	0.00028582668
2460558.0501850406	0.9997234	0.00028579682
2460558.051573911	0.9994978	0.00028583163
2460558.052962782	1.0000746	0.00028585168
2460558.0543516525	0.9998059	0.00028583224
2460558.055740523	0.9998854	0.00028582252
2460558.0571293933	0.9998106	0.0002858119
2460558.058518264	1.0003427	0.00028591562
2460558.0599071346	1.0002583	0.0002858557
2460558.0612960053	1.0001177	0.00028586766
2460558.0626848754	0.99968493	0.00028580567
2460558.064073746	0.9997379	0.00028581126
2460558.0654626167	1.0001638	0.0002858552
2460558.0668514874	1.0001299	0.00028585157
2460558.068240358	1.000528	0.00028590672
2460558.0696292287	1.0004753	0.00028589866
2460558.071018099	0.99977905	0.00028579685
2460558.0724069695	1.0000489	0.00028585168
2460558.07379584	1.0002183	0.00028588326
2460558.075184711	1.0001168	0.00028585328
2460558.076573581	1.0006117	0.00028588876
2460558.0779624516	0.9998223	0.00028579542
2460558.0793513223	1.0002893	0.00028584708
2460558.080740193	0.9997	0.00028578466
2460558.082129063	1.0005909	0.0002859405
2460558.0835179337	1.0002455	0.0002858862
2460558.0849068044	1.0000709	0.00028585573
2460558.086295675	0.99940497	0.00028574772
2460558.087684545	1.0004586	0.00028585707
2460558.0890734163	1.0001924	0.00028586673
2460558.0904622865	0.9996972	0.0002858491
2460558.091851157	0.9995704	0.000285796
2460558.093240028	1.0001774	0.00028587054
2460558.0946288984	1.0001631	0.00028586885
2460558.0960177686	1.0007637	0.00028595238
2460558.0974066393	1.00047	0.0002859203
2460558.09879551	1.0002508	0.00028580587
2460558.1001843805	0.99975026	0.00028580366
2460558.1015732507	1.0001346	0.0002858216
2460558.1029621214	0.9999464	0.00028582956
2460558.104350992	1.0004241	0.00028591027
2460558.1057398627	1.0003943	0.00028585116
2460558.107128733	0.99970686	0.00028578026
2460558.1085176035	0.99991006	0.00028584566
2460558.109906474	1.0003804	0.00028585884
2460558.111295345	1.000319	0.00028589286
2460558.112684215	1.0003313	0.0002858685
2460558.1140730856	1.0002441	0.0002858678
2460558.1154619562	1.0001069	0.00028584062
2460558.116850827	1.0000136	0.000285831
2460558.118239697	0.9999191	0.0002858427
2460558.1196285677	0.9998982	0.00028578995
2460558.1210174384	1.0000873	0.00028586536
2460558.122406309	1.0003761	0.00028590238
2460558.123795179	1.0005671	0.00028588588
2460558.12518405	1.0002735	0.00028582822
2460558.1265729205	1.0006095	0.00028590974
2460558.127961791	1.0004653	0.00028584586
2460558.1293506613	1.0000107	0.00028581318
2460558.130739532	1.0006927	0.0002858922
2460558.1321284026	0.99983454	0.0002857994
2460558.133517273	0.99990296	0.00028582185
2460558.1349061434	1.0005758	0.0002859031
2460558.136295014	0.9999808	0.00028576612
2460558.1376838842	1.0004567	0.00028586912
2460558.139072755	0.9998966	0.00028582156
2460558.1404616255	1.0002517	0.00028584411
2460558.141850496	1.000256	0.0002858507
2460558.1432393664	1.0003573	0.000285843
2460558.144628237	0.9999699	0.00028584112
2460558.1460171076	1.0002162	0.00028581364
2460558.1474059783	1.0000879	0.00028584225
2460558.1487948485	0.9999111	0.00028581446
2460558.150183719	1.0004864	0.00028582546
2460558.1515725898	0.99999785	0.00028575351
2460558.1529614604	0.9994206	0.00028572776
2460558.1543503306	1.0005317	0.00028584673
2460558.155739201	0.9999533	0.0002857865
2460558.1571280714	1.0001379	0.0002858131
2460558.158516942	1.0003163	0.00028584572
2460558.1599058127	1.0003624	0.0002858026
2460558.1612946833	1.0003408	0.00028581938
2460558.1626835535	1.0001513	0.00028581495
2460558.164072424	1.0005	0.0002858192
2460558.165461295	1.0004028	0.00028584382
2460558.166850165	1.0001928	0.0002858182
2460558.1682390356	1.0008215	0.00028586463
2460558.1696279063	1.0000572	0.00028575235
2460558.1710167765	1.0002122	0.000285779
2460558.172405647	1.0001229	0.0002857963
2460558.1737945178	1.000162	0.00028581405
2460558.1751833884	0.99991775	0.00028572048
2460558.1765722586	1.0003092	0.00028578792
2460558.1779611288	1.0003145	0.00028580587
2460558.1793499994	1.0004152	0.00028578122
2460558.18073887	1.0000483	0.0002857318
2460558.1821277407	1.0008683	0.0002858536
2460558.183516611	1.0003265	0.00028576003
2460558.1849054815	1.0000744	0.0002857191
2460558.1862943517	1.0003333	0.00028575113
2460558.1876832223	1.0004699	0.00028574985
2460558.189072093	1.0000163	0.00028570238
2460558.1904609636	1.0003171	0.00028570835
2460558.191849834	1.0000588	0.00028571236
2460558.1932387045	1.0001181	0.00028567718
2460558.1946275746	0.99995434	0.00028570596
2460558.1960164453	1.0002731	0.00028572447
2460558.197405316	1.0003278	0.0002856838
2460558.1987941866	0.9998145	0.0002856156
2460558.2001830568	1.0000287	0.00028565802
2460558.2015719274	1.000577	0.0002857226
2460558.2029607976	0.99978554	0.0002856045
2460558.204349668	1.0006819	0.00028573402
2460558.2057385384	0.9998942	0.00028556993
2460558.207127409	1.0004014	0.00028573856
2460558.2085162797	0.99972147	0.00028559167
2460558.2099051503	0.9999795	0.00028562118
2460558.2112940205	1.0003822	0.00028568023
2460558.212682891	1.0003463	0.00028569842
2460558.2140717614	0.9999244	0.0002856103
2460558.215460632	0.99963695	0.0002855403
2460558.216849502	0.99979097	0.0002855986
2460558.218238373	1.0001311	0.00028559793
2460558.2196272435	1.0002933	0.00028560375
2460558.221016114	1.0001677	0.00028560718
2460558.2224049843	1.0003662	0.00028560896
2460558.223793855	1.0001363	0.00028561798
2460558.225182725	0.9994401	0.00028549545
2460558.2265715958	1.0001881	0.00028563378
2460558.227960466	0.99995494	0.00028559062
2460558.2293493366	0.99965775	0.0002854745
2460558.230738207	0.99969125	0.00028551416
2460558.2321270774	0.9993509	0.00028547872
2460558.233515948	1.0001833	0.00028555733
2460558.2349048187	0.9999608	0.00028548247
2460558.236293689	1.0005063	0.00028562793
2460558.2376825595	1.0001583	0.00028554053
2460558.2390714297	1.0001876	0.00028552624
2460558.2404603004	0.99988693	0.00028547976
2460558.2418491705	0.99980706	0.00028544813
2460558.243238041	1.0006921	0.00028555703
2460558.2446269114	0.9998745	0.00028547103
2460558.246015782	1.0004305	0.00028553506
2460558.2474046526	0.999847	0.0002854404
2460558.248793523	0.9992941	0.00028538308
2460558.2501823935	1.0007908	0.0002855438
2460558.251571264	0.99994826	0.00028546387
2460558.2529601343	0.9997298	0.00028542534
2460558.254349005	1.0005101	0.00028546964
2460558.255737875	1.00007	0.0002855084
2460558.257126746	1.0003773	0.00028548218
2460558.258515616	0.9997459	0.000285389
2460558.2599044866	1.0000601	0.000285457
2460558.261293357	0.99984527	0.00028542423
2460558.2626822274	0.9997735	0.00028540005
2460558.2640710976	1.0003804	0.00028544368
2460558.2654599682	1.0004966	0.00028548273
2460558.2668488384	0.9994857	0.00028527496
2460558.268237709	0.9995474	0.0002853687
2460558.2696265792	0.9997202	0.00028534644
2460558.27101545	1.0003998	0.00028540072
2460558.27240432	0.9995159	0.00028533122
2460558.2737931907	1.0000376	0.00028533096
2460558.2751820614	0.9998384	0.00028533168
2460558.2765709315	0.9998781	0.00028530613
2460558.277959802	0.9999895	0.00028534507
2460558.2793486724	0.99989355	0.00028535724
2460558.280737543	1.0000757	0.00028531026
2460558.282126413	1.0000057	0.00028530258
2460558.283515284	0.9998152	0.00028527
2460558.284904154	1.0005604	0.00028540753
2460558.2862930247	0.9995842	0.00028522036
2460558.287681895	1.0002297	0.000285344
2460558.2890707655	1.0001285	0.00028534315
2460558.2904596357	0.9995116	0.00028522554
2460558.2918485063	1.0002196	0.00028531667
2460558.2932373765	0.9997401	0.0002852332
2460558.294626247	0.99980694	0.00028524618
2460558.2960151173	0.9999231	0.00028524274
2460558.297403988	0.99981713	0.00028524033
2460558.298792858	1.0002826	0.00028527706
2460558.300181729	0.9993528	0.00028515683
2460558.301570599	1.0005906	0.0002852731
2460558.302959469	0.99957854	0.00028523925
2460558.30434834	1.0005094	0.00028532222
2460558.30573721	1.000192	0.00028524274
2460558.3071260806	0.999853	0.00028519734
2460558.308514951	0.99986994	0.00028523125
2460558.3099038214	0.99944663	0.00028516332
2460558.3112926916	1.0002525	0.00028521553
2460558.3126815623	0.9999945	0.00028522784
2460558.3140704324	0.99965	0.0002851555
2460558.315459303	1.0001602	0.0002852371
2460558.3168481733	0.99977887	0.00028517417
2460558.318237044	0.9996333	0.00028510197
2460558.319625914	1.0002393	0.00028520348
2460558.3210147847	1.0003158	0.00028522333
2460558.322403655	1.0002558	0.00028520444
2460558.3237925256	1.0000489	0.00028516605
2460558.3251813957	1.000046	0.000285144
2460558.326570266	0.99980867	0.00028506859
2460558.3279591366	0.9999049	0.00028513974
2460558.3293480068	1.0002921	0.00028516725
2460558.330736877	0.99995494	0.00028511448
2460558.3321257476	1.0002933	0.0002851636
2460558.3335146178	0.99984175	0.00028508875
2460558.3349034884	1.0004157	0.0002851672
2460558.3362923586	0.99964076	0.00028506198
2460558.337681229	1.0001053	0.00028510654
2460558.3390700994	1.0000856	0.00028511524
2460558.3404589696	1.0003918	0.00028514754
2460558.34184784	0.9998782	0.00028509216
2460558.3432367104	0.99957407	0.00028505552
2460558.3446255806	0.99965584	0.00028501902
2460558.3460144512	1.0002288	0.00028513084
2460558.3474033214	1.0001082	0.00028514137
2460558.348792192	1.0000197	0.00028508488
2460558.3501810622	1.0002564	0.0002851167
2460558.3515699324	0.9994325	0.00028497246
2460558.352958803	0.9999689	0.00028508934
2460558.3543476732	1.00017	0.00028510165
2460558.3557365434	1.0001477	0.0002850584
2460558.357125414	1.0004673	0.00028514993
2460558.3585142842	0.9998666	0.00028505697
2460558.359903155	1.0000274	0.00028502784
2460558.361292025	1.0003337	0.00028509655
2460558.3626808953	0.99965906	0.00028501326
2460558.3640697654	0.9995989	0.00028500467
2460558.365458636	1.0004929	0.0002851135
2460558.3668475063	0.99985194	0.00028503916
2460558.368236377	0.9998031	0.00028500037
2460558.369625247	0.9996313	0.00028496995
2460558.3710141173	0.99997723	0.00028502534
2460558.3724029874	1.0002878	0.00028507318
2460558.373791858	0.99965715	0.0002850343
2460558.3751807283	0.9997463	0.00028499277
2460558.376569599	1.0000246	0.00028504728
2460558.377958469	1.0001436	0.0002850616
2460558.3793473393	0.9995225	0.0002849662
2460558.3807362095	0.9998871	0.00028502458
2460558.38212508	0.99976593	0.000284969
2460558.3835139503	1.0001984	0.00028509836
2460558.3849028205	0.9995781	0.00028499682
2460558.3862916906	0.9998376	0.00028500668
2460558.3876805613	1.000373	0.00028505237
2460558.3890694315	1.0001993	0.00028504748
2460558.3904583016	0.9998203	0.0002849919
2460558.3918471723	0.9997359	0.00028498133
2460558.3932360425	0.9998201	0.00028503366
2460558.3946249126	0.9995023	0.0002849205
2460558.3960137833	0.9998864	0.00028498925
2460558.3974026535	0.9997838	0.0002849912
2460558.3987915237	1.0002953	0.00028505802
2460558.400180394	1.000216	0.00028506242
2460558.4015692645	1.0003965	0.00028508625
2460558.4029581347	0.99957854	0.00028494082
2460558.404347005	1.0004627	0.00028507883
2460558.405735875	0.99984324	0.0002850166
2460558.407124745	0.99967515	0.00028493308
2460558.4085136154	0.9992399	0.00028493186
2460558.409902486	1.0001216	0.00028502417
2460558.411291356	1.0001425	0.0002850423
2460558.4126802264	1.00018	0.00028502784
2460558.4140690966	1.0001875	0.00028505523
2460558.415457967	1.0001123	0.0002850768
2460558.4168468374	0.9998419	0.0002849817
2460558.4182357076	0.9996803	0.00028495645
2460558.4196245777	0.99997604	0.0002849919
2460558.4210134484	0.9994625	0.0002849852
2460558.4224023186	0.99968064	0.00028498846
2460558.4237911887	1.0000246	0.00028503532
2460558.425180059	1.0005972	0.0002851091
2460558.426568929	0.9998557	0.00028495246
2460558.4279577993	1.0000921	0.00028501728
2460558.42934667	0.9995316	0.00028491011
2460558.43073554	1.0003551	0.00028506367
2460558.4321244103	0.99961954	0.00028495837
2460558.4335132805	0.99937904	0.00028491335
2460558.4349021506	0.9997193	0.00028495133
2460558.436291021	1.0003304	0.0002850774
2460558.4376798915	0.99995947	0.00028498456
2460558.439068761	0.9993891	0.00028495022
2460558.440457632	1.000278	0.00028504615
2460558.441846502	0.99976045	0.0002849905
2460558.443235372	0.99883443	0.0002848571
2460558.4446242424	0.99980885	0.000284975
2460558.4460131126	1.0001557	0.000285053
2460558.4474019827	1.0000339	0.0002849967
2460558.4487908534	1.0000448	0.00028504382
2460558.450179723	1.0002692	0.0002850517
2460558.4515685937	0.9998464	0.0002849986
2460558.452957464	1.0004846	0.0002850426
2460558.454346334	0.9997622	0.0002850032
2460558.4557352043	1.0002326	0.00028507624
2460558.4571240745	0.9999256	0.0002850272
2460558.4585129446	1.0000912	0.00028501172
2460558.459901815	0.9995979	0.0002849645
2460558.461290685	0.9999265	0.0002849913
2460558.462679555	0.9992791	0.00028488852
2460558.4640684254	0.9994933	0.00028494603
2460558.465457296	0.9991997	0.00028487545
2460558.4668461657	0.99872935	0.00028485755
2460558.4682350364	0.99758834	0.00028467018
2460558.469623906	0.99669564	0.0002845688
2460558.4710127767	0.9963032	0.0002845584
2460558.472401647	0.9953298	0.00028439047
2460558.473790517	0.99504304	0.0002843199
2460558.4751793873	0.99421364	0.00028422117
2460558.4765682574	0.9942234	0.00028421194
2460558.4779571276	0.99355483	0.00028414922
2460558.479345998	0.99338514	0.00028412006
2460558.480734868	0.9938064	0.00028418598
2460558.482123738	0.9936094	0.00028416148
2460558.4835126083	0.9936905	0.00028414748
2460558.4849014785	0.99351126	0.00028415764
2460558.4862903487	0.9930652	0.0002841021
2460558.487679219	0.99243456	0.0002839903
2460558.489068089	0.99317116	0.00028410472
2460558.490456959	0.9926268	0.0002840546
2460558.4918458294	0.99270743	0.00028403488
2460558.4932346996	0.9932959	0.00028409224
2460558.4946235693	0.9930466	0.0002840638
2460558.49601244	0.99266195	0.00028403086
2460558.4974013097	0.99303573	0.00028409075
2460558.4987901803	0.9926281	0.0002840759
2460558.50017905	0.99306625	0.0002840784
2460558.50156792	0.99324983	0.0002840729
2460558.5029567904	0.99304646	0.00028414145
2460558.5043456606	0.99281883	0.00028406215
2460558.5057345307	0.9927309	0.00028406983
2460558.507123401	0.99298036	0.0002840522
2460558.508512271	0.99295205	0.00028405405
2460558.5099011413	0.99271	0.00028401506
2460558.5112900115	0.9924895	0.00028398467
2460558.5126788816	0.99291265	0.0002840426
2460558.5140677514	0.99290335	0.00028402
2460558.515456622	0.99294174	0.00028405766
2460558.5168454917	0.99249905	0.0002839922
2460558.518234362	0.99258786	0.0002840113
2460558.519623232	0.99331236	0.00028407233
2460558.5210121023	0.9930218	0.00028407175
2460558.5224009724	0.9927507	0.0002840229
2460558.5237898426	0.9927398	0.0002840105
2460558.5251787123	0.99264854	0.00028405248
2460558.5265675825	0.99280375	0.00028404064
2460558.5279564527	0.9924189	0.0002839881
2460558.529345323	0.9925304	0.00028400018
2460558.530734193	0.9925367	0.00028403936
2460558.532123063	0.9920255	0.0002839055
2460558.533511933	0.99294305	0.0002840501
2460558.534900803	0.9923849	0.0002839524
2460558.5362896733	0.9928625	0.0002840411
2460558.5376785435	0.9927754	0.00028402376
2460558.5390674137	0.9928476	0.00028401925
2460558.540456284	0.9924497	0.00028400784
2460558.5418451536	0.9930478	0.0002840748
2460558.5432340237	0.9926998	0.00028404195
2460558.544622894	0.99247015	0.0002840013
2460558.546011764	0.99310535	0.00028402833
2460558.547400634	0.99277526	0.0002840291
2460558.548789504	0.99305123	0.0002840901
2460558.550178374	0.99267876	0.00028406378
2460558.5515672443	0.9930452	0.00028406907
2460558.552956114	0.99306524	0.00028408348
2460558.5543449842	0.9930187	0.0002840889
2460558.5557338544	0.9931554	0.00028403464
2460558.5571227246	0.9926727	0.00028409247
2460558.5585115943	0.992738	0.0002840087
2460558.5599004645	0.99302804	0.0002840978
2460558.5612893347	0.9933645	0.0002841253
2460558.5626782044	0.9928194	0.00028400854
2460558.5640670746	0.9929034	0.00028406613
2460558.5654559447	0.9930874	0.0002840893
2460558.5668448145	0.993087	0.00028406715
2460558.5682336846	0.99318737	0.00028407926
2460558.569622555	0.9929107	0.00028400443
2460558.571011425	0.9929167	0.00028408086
2460558.5724002947	0.9937155	0.0002841433
2460558.573789165	0.9928701	0.0002840484
2460558.5751780346	0.9929304	0.00028402804
2460558.576566905	0.9929576	0.00028404495
2460558.577955775	0.99297905	0.00028406575
2460558.5793446447	0.9931007	0.00028404285
2460558.580733515	0.9933562	0.00028409075
2460558.582122385	0.9931643	0.0002841005
2460558.5835112548	0.9940326	0.00028418802
2460558.584900125	0.99312246	0.00028408327
2460558.5862889946	0.9934653	0.000284131
2460558.587677865	0.9934861	0.00028416832
2460558.5890667345	0.99382573	0.0002841854
2460558.5904556047	0.9930696	0.00028407888
2460558.591844475	0.99359506	0.00028415563
2460558.5932333446	0.99362016	0.0002841397
2460558.594622215	0.9939166	0.0002842009
2460558.5960110845	0.9933832	0.00028407265
2460558.5973999547	0.99288946	0.00028404742
2460558.598788825	0.99412173	0.0002842145
2460558.6001776946	0.9940135	0.0002841974
2460558.6015665648	0.99354637	0.00028413112
2460558.6029554345	0.9940311	0.00028420496
2460558.6043443047	0.99411315	0.00028421349
2460558.6057331744	0.9941259	0.00028422094
2460558.6071220445	0.99482757	0.00028430403
2460558.6085109143	0.99461085	0.00028427393
2460558.6098997844	0.9955636	0.00028437623
2460558.611288654	0.99533975	0.00028439405
2460558.6126775243	0.99620837	0.00028451218
2460558.614066394	0.99754417	0.00028468447
2460558.615455264	0.9978583	0.00028469993
2460558.616844134	0.9980862	0.00028474708
2460558.6182330037	0.9990657	0.00028490406
2460558.619621874	0.99895954	0.0002848635
2460558.6210107435	0.9990492	0.0002848694
2460558.6223996137	0.9997976	0.0002849852
2460558.6237884834	0.9996229	0.0002849779
2460558.625177353	0.9994404	0.0002849094
2460558.6265662233	0.9994225	0.00028493363
2460558.627955093	0.9995546	0.00028499705
2460558.629343963	0.9997848	0.00028500566
2460558.630732833	0.9994429	0.00028491698
2460558.632121703	0.99993277	0.00028500703
2460558.633510573	0.9996703	0.00028496003
2460558.6348994425	0.99933726	0.0002849487
2460558.6362883127	0.99902433	0.00028486087
2460558.6376771824	0.99961483	0.00028495846
2460558.639066052	1.0001602	0.0002850541
2460558.6404549223	0.9995784	0.00028495747
2460558.641843792	0.9997607	0.0002850039
2460558.6432326618	0.99963546	0.00028494885
2460558.644621532	1.0000318	0.00028501375
2460558.6460104017	0.9995877	0.00028493567
2460558.6473992714	0.99911565	0.00028489882
2460558.6487881416	0.9996907	0.0002849951
2460558.6501770113	0.9995656	0.00028493154
2460558.651565881	0.99987155	0.00028501972
2460558.6529547507	0.999745	0.00028495523
2460558.654343621	0.99909174	0.00028485202
2460558.6557324906	0.9993762	0.00028497714
2460558.6571213603	0.9990842	0.00028485843
2460558.65851023	1.0003015	0.00028505689
2460558.6598991	0.9994671	0.00028491468
2460558.66128797	0.99996805	0.00028501166
2460558.6626768396	0.9998855	0.00028502356
2460558.6640657093	1.0000482	0.00028501975
2460558.6654545795	0.9990134	0.0002848838
2460558.666843449	1.000076	0.00028504143
2460558.668232319	0.9999368	0.0002849986
2460558.6696211887	0.9996486	0.000284969
2460558.671010059	1.0000781	0.00028502362
2460558.672398928	0.9994199	0.00028496105
2460558.6737877983	0.9994215	0.00028491928
2460558.675176668	0.99921	0.0002848923
2460558.6765655377	0.99881715	0.0002848716
2460558.6779544074	0.99965507	0.0002849487
2460558.6793432776	0.99948746	0.00028498235
2460558.680732147	0.9990188	0.00028488765
2460558.682121017	1.0000114	0.0002850131
2460558.6835098867	0.99917567	0.00028494344
2460558.6848987564	0.9993846	0.00028493884
2460558.686287626	1.0000293	0.00028497915
2460558.687676496	0.99931705	0.0002849192
2460558.6890653656	0.9998295	0.00028498308
2460558.6904542353	0.9999146	0.00028501457
2460558.691843105	0.99987507	0.00028502283
2460558.6932319747	1.0000737	0.00028499833
2460558.6946208444	0.9996448	0.0002849852
2460558.6960097146	0.99961895	0.00028492312
2460558.697398584	0.9996234	0.00028497915
2460558.6987874536	0.9996215	0.0002849498
2460558.7001763233	0.99966294	0.00028488954
2460558.701565193	1.0001394	0.00028503322
2460558.7029540627	0.9998042	0.00028500456
2460558.7043429324	0.99952376	0.00028500124
2460558.705731802	0.99967253	0.00028496125
2460558.707120672	0.9997805	0.0002849689
2460558.7085095416	0.99992347	0.00028496003
2460558.7098984113	0.999745	0.0002849695
2460558.711287281	1.0005404	0.00028515162
2460558.7126761507	1.0000595	0.00028497158
2460558.7140650204	1.0001979	0.00028502074
2460558.71545389	0.99968064	0.00028500246
2460558.71684276	0.99936515	0.00028492865
2460558.7182316296	0.99967647	0.00028496425
2460558.7196204993	1.0000931	0.00028503692
2460558.721009369	0.99976146	0.00028500217
2460558.7223982387	0.9996009	0.0002849857
2460558.723787108	0.99935776	0.00028492883
2460558.7251759777	0.999639	0.00028496355
2460558.7265648474	1.0001451	0.00028504423
2460558.727953717	0.99994904	0.0002850375
2460558.729342587	0.9996877	0.00028498392
2460558.7307314565	0.99931127	0.00028494094
2460558.732120326	1.0000267	0.00028503427
2460558.733509196	0.99978757	0.00028500776
2460558.734898065	0.9997075	0.0002849922
2460558.736286935	0.9995941	0.0002849373
2460558.7376758046	0.999255	0.00028491954
2460558.7390646744	0.9992005	0.0002848677
2460558.7404535436	0.99973357	0.00028496282
2460558.7418424133	0.9998958	0.00028499545
2460558.743231283	1.0002762	0.00028501518
2460558.7446201527	0.99961287	0.00028497362
2460558.746009022	0.99972355	0.0002849964
2460558.7473978917	0.99941856	0.00028498203
2460558.7487867614	0.9994915	0.00028493765
2460558.750175631	1.0005009	0.00028506693
2460558.7515645004	1.000055	0.0002850566
2460558.75295337	1.0003194	0.0002850808
2460558.75434224	0.9997182	0.0002850003
2460558.7557311095	0.9998261	0.00028503867
2460558.757119979	0.99986184	0.0002849907
2460558.7585088485	0.9994302	0.00028493794
2460558.7598977177	1.0001214	0.00028502688
2460558.7612865875	0.999322	0.00028494353
2460558.762675457	0.9999066	0.00028497417
2460558.764064327	0.999971	0.00028497205
2460558.765453196	0.999462	0.00028495924
2460558.766842066	1.0005995	0.00028512243
2460558.768230935	1.0002044	0.00028507801
2460558.769619805	0.9996619	0.0002849386
2460558.771008674	0.99988925	0.00028500363
2460558.772397544	1.000061	0.00028504326
2460558.7737864135	1.0008466	0.0002851271
2460558.7751752827	0.9998903	0.00028501533
2460558.7765641524	1.0002875	0.00028502668
2460558.7779530217	0.9999872	0.0002850222
2460558.7793418914	0.99956405	0.00028494562
2460558.780730761	1.000131	0.0002850157
2460558.7821196304	1.0004873	0.00028508276
2460558.7835085	0.99992836	0.0002850397
2460558.7848973693	1.0002999	0.00028505258
2460558.786286239	1.0002362	0.00028503875
2460558.7876751083	0.99957764	0.00028495534
2460558.7890639775	0.99960995	0.00028495854
2460558.7904528473	0.9998861	0.0002850216
2460558.7918417165	1.0004054	0.0002850611
2460558.793230586	1.0001758	0.0002850512
2460558.7946194555	0.9998668	0.0002849794
2460558.7960083247	1.000476	0.00028507606
2460558.7973971944	0.9999539	0.000285006
2460558.7987860637	1.0005449	0.00028508488
2460558.8001749334	1.0005951	0.00028512278
2460558.8015638026	0.99978924	0.00028497895
2460558.8029526724	1.000085	0.00028501518
2460558.8043415416	0.9999067	0.00028499743
2460558.805730411	1.0006945	0.0002851048
2460558.80711928	1.0002531	0.0002850558
2460558.80850815	0.9999147	0.00028501652
2460558.809897019	0.9992363	0.00028494946
2460558.811285889	1.0002962	0.00028503366
2460558.812674758	1.0004587	0.00028508465
2460558.8140636273	1.0001817	0.0002850201
2460558.8154524965	0.9999063	0.0002849839
2460558.8168413662	0.9994408	0.00028491553
2460558.8182302355	1.0003444	0.00028504143
2460558.8196191047	1.0007311	0.00028508453
2460558.821007974	1.000094	0.00028499553
2460558.8223968437	0.9997723	0.00028497967
2460558.823785713	1.0001644	0.000285039
2460558.825174582	0.9999795	0.0002850338
2460558.8265634514	0.9990865	0.00028488526
2460558.827952321	1.0002674	0.00028506416
2460558.8293411904	1.0002218	0.0002850311
2460558.8307300596	1.0000268	0.000285015
2460558.832118929	0.99960935	0.00028497647
2460558.8335077986	0.99997574	0.0002849939
2460558.8348966674	1.000213	0.00028506923
2460558.836285537	1.0001377	0.0002850312
2460558.8376744064	0.9998773	0.00028496937
2460558.8390632756	1.0001731	0.00028499996
2460558.840452145	1.0000753	0.00028499105
2460558.841841014	1.0003084	0.00028503186
2460558.8432298834	1.0003265	0.00028502074
2460558.8446187526	0.9996863	0.00028495546
2460558.846007622	0.99979156	0.00028498116
2460558.8473964916	1.00019	0.00028500045
2460558.8487853603	1.0006906	0.00028509495
2460558.85017423	0.9999005	0.00028500057
2460558.851563099	0.99918413	0.00028491564
2460558.8529519686	1.0004487	0.00028506437
2460558.8543408373	1.0001624	0.00028503465
2460558.855729707	1.000529	0.00028506215
2460558.857118576	1.0002078	0.00028501646
2460558.8585074455	1.000143	0.00028501241
2460558.8598963143	0.9998999	0.00028504035
2460558.861285184	1.0000594	0.00028503343
2460558.862674053	1.0003072	0.00028504507
2460558.8640629225	1.0001538	0.0002850689
2460558.8654517913	1.0002481	0.00028505633
2460558.8668406606	0.9999725	0.00028499978
2460558.86822953	0.9994889	0.00028491937
2460558.869618399	0.99988526	0.00028500744
2460558.8710072683	1.0002657	0.00028506253
2460558.8723961376	0.9996404	0.00028500616
2460558.873785007	1.000221	0.0002850814
2460558.875173876	0.9999377	0.0002849995
2460558.876562745	0.9998239	0.00028498675
2460558.877951614	0.9999686	0.00028503122
2460558.8793404833	0.9991905	0.0002848833
2460558.8807293526	0.9999643	0.00028497755
2460558.8821182214	0.99941194	0.00028493558
2460558.883507091	0.99980444	0.0002849684
2460558.88489596	0.99966484	0.00028496096
2460558.886284829	0.99983656	0.00028494166
2460558.8876736984	0.9999241	0.00028503354
2460558.8890625676	1.000283	0.00028506474
2460558.8904514364	0.999582	0.00028492158
2460558.8918403056	1.0000436	0.0002850054
2460558.893229175	0.9998855	0.00028499533
2460558.8946180437	0.9996753	0.00028499408
2460558.896006913	1.0003093	0.00028502112
2460558.897395782	1.000132	0.00028501192
2460558.898784651	1.0000709	0.00028499143
2460558.90017352	1.000123	0.00028504778
2460558.9015623895	1.00018	0.00028506224
2460558.9029512582	0.9998557	0.00028501134
2460558.9043401275	1.0003505	0.00028507088
2460558.9057289967	0.999556	0.0002849257
2460558.9071178655	1.0002333	0.00028504647
2460558.9085067348	0.9996679	0.00028493622
2460558.9098956035	0.9996871	0.00028501154
2460558.911284473	1.0000529	0.0002850222
2460558.9126733416	1.0001003	0.00028502563
2460558.914062211	1.0001687	0.00028503986
2460558.9154510796	1.0001653	0.00028503084
2460558.916839949	1.0001433	0.0002850115
2460558.918228818	0.99971294	0.0002849664
2460558.919617687	1.0004383	0.00028506626
2460558.921006556	1.0000528	0.00028501407
2460558.922395425	0.9995874	0.00028493605
2460558.9237842937	1.000378	0.00028504364
2460558.925173163	1.0001804	0.00028502246
2460558.9265620317	1.0003293	0.00028501995
2460558.927950901	0.99982715	0.00028500447
2460558.9293397698	1.0000848	0.00028502796
2460558.930728639	0.99997616	0.00028501198
2460558.932117508	0.99943835	0.00028491142
2460558.933506377	0.9994231	0.00028490587
2460558.934895246	1.0000817	0.0002850059
2460558.9362841146	0.99950093	0.00028497208
2460558.937672984	0.99963015	0.00028496207
2460558.9390618526	1.0000554	0.00028505543
2460558.9404507214	0.9997065	0.0002849779
2460558.9418395907	0.99999475	0.00028499257
2460558.9432284595	0.99993056	0.00028501241
2460558.9446173282	0.9997643	0.00028498608
2460558.946006197	0.9998332	0.0002849619
2460558.9473950663	1.0001702	0.00028502382
2460558.948783935	1.00032	0.0002850178
2460558.9501728043	0.99942756	0.0002849452
2460558.951561673	1.0000918	0.00028498302
2460558.952950542	0.99967796	0.00028497734
2460558.9543394106	0.9996228	0.00028497505
2460558.9557282794	0.99972296	0.0002849758
2460558.957117148	1.0000774	0.00028503442
2460558.9585060175	1.000151	0.00028500514
2460558.9598948862	0.9998823	0.0002849904
2460558.961283755	0.99970156	0.000284965
2460558.962672624	1.0004462	0.0002850653
2460558.9640614926	0.9994933	0.0002849645
2460558.9654503614	1.0001007	0.0002850441
2460558.9668392306	1.0002658	0.00028505802
2460558.9682280994	1.0001398	0.0002850186
2460558.969616968	1.0000898	0.00028500965
2460558.971005837	0.99947464	0.00028491838
2460558.9723947058	1.0001533	0.00028503063
2460558.9737835745	0.9997859	0.0002849732
2460558.9751724433	0.9999821	0.0002850016
2460558.976561312	0.99969923	0.00028500674
2460558.977950181	1.0003312	0.0002850525
2460558.9793390497	1.0001425	0.00028503683
2460558.9807279184	1.0000937	0.0002850334
2460558.982116787	0.99976695	0.00028494853
2460558.983505656	1.0002531	0.0002850135
2460558.984894525	1.0003086	0.0002850658
2460558.9862833936	1.0003889	0.00028501713
2460558.9876722624	1.00068	0.00028511495
2460558.989061131	1.0001487	0.00028503637
2460558.99045	1.0002718	0.000285068
2460558.9918388687	0.9991693	0.000284887
2460558.993227737	1.0001392	0.0002849862
2460558.994616606	1.0003238	0.0002850649
2460558.9960054746	1.0000925	0.00028499696
2460558.9973943434	1.0000898	0.0002850186
2460558.998783212	0.9997959	0.00028493608
2460559.000172081	1.0000194	0.00028500194
2460559.0015609493	0.9996541	0.0002849424
2460559.0029498185	1.0001369	0.00028503255
2460559.004338687	0.9998395	0.0002849853
2460559.0057275556	0.9999412	0.00028500077
2460559.0071164244	1.0000145	0.00028500502
2460559.008505293	0.9997064	0.00028495147
2460559.0098941615	1.000192	0.00028502112
2460559.0112830303	0.999888	0.0002850261
2460559.012671899	1.0004097	0.00028505555
2460559.014060768	0.9998248	0.00028496134
2460559.015449636	1.0001698	0.00028504326
2460559.016838505	1.0003394	0.0002850751
2460559.0182273732	0.9995793	0.00028493576
2460559.019616242	1.0004413	0.00028506163
2460559.021005111	1.0000658	0.0002850131
2460559.0223939796	1.0000805	0.00028503712
2460559.023782848	1.0002705	0.00028502563
2460559.0251717167	1.0006181	0.0002850947
2460559.026560585	0.9998332	0.0002849419
2460559.027949454	0.9998666	0.00028495677
2460559.029338322	0.99978423	0.00028499478
2460559.030727191	0.9998976	0.00028500473
2460559.032116059	1.0002781	0.00028499527
2460559.033504928	0.99988824	0.00028494725
2460559.0348937963	1.0005689	0.000285128
2460559.036282665	1.0001202	0.00028498622
2460559.0376715334	1.0004995	0.0002850806
2460559.039060402	1.0003531	0.0002850099
2460559.0404492705	0.9998591	0.00028495464
2460559.0418381393	0.99975955	0.00028500322
2460559.0432270076	1.0000933	0.00028499603
2460559.0446158764	1.0003664	0.00028506143
2460559.0460047447	1.000413	0.00028505025
2460559.0473936135	1.000524	0.00028503186
2460559.048782482	1.0004829	0.0002850545
2460559.0501713506	1.000139	0.000284987
2460559.051560219	0.99971324	0.00028497845
2460559.052949087	1.0000758	0.0002850379
2460559.0543379555	0.9999791	0.00028500328
2460559.0557268243	0.99998057	0.0002849891
2460559.0571156926	0.99989784	0.0002850249
2460559.0585045614	1.000182	0.0002849935
2460559.0598934297	1.0005019	0.0002850979
2460559.061282298	1.0003797	0.00028507577
2460559.0626711664	1.0000787	0.00028501244
2460559.064060035	1.0007508	0.00028512394
2460559.0654489035	1.0000442	0.0002850124
2460559.066837772	0.99976814	0.00028496553
2460559.06822664	1.0004418	0.00028508485
2460559.069615509	1.0001583	0.00028500333
2460559.071004377	1.0002377	0.00028503858
2460559.0723932455	1.0005647	0.00028508055
2460559.073782114	1.0004381	0.00028506972
2460559.075170982	1.0001196	0.00028506503
2460559.0765598505	1.0002577	0.00028504553
2460559.0779487193	1.000264	0.00028501722
2460559.0793375876	1.0001041	0.00028503017
2460559.080726456	0.99997765	0.00028502996
2460559.082115324	1.0007669	0.00028513247
2460559.0835041925	1.0005783	0.00028508645
2460559.084893061	0.99946916	0.0002849183
2460559.086281929	1.0006758	0.00028513907
2460559.0876707975	0.99991256	0.00028502403
2460559.089059666	1.0005382	0.00028507816
2460559.090448534	1.0004542	0.00028507126
2460559.0918374024	1.0004195	0.00028507953
2460559.0932262708	0.99986637	0.00028500572
2460559.094615139	1.0000435	0.00028501573
2460559.0960040074	1.0004162	0.00028505235
2460559.0973928757	1.0004627	0.00028507478
2460559.098781744	1.0000916	0.0002850523
2460559.1001706123	1.0007231	0.0002850961
2460559.1015594807	0.99987245	0.00028498194
2460559.102948349	0.9999749	0.00028499268
2460559.1043372173	1.000951	0.00028512249
2460559.1057260856	1.0003898	0.0002850867
2460559.1071149535	0.9999085	0.00028499632
2460559.108503822	1.0003788	0.00028506652
2460559.10989269	1.0001587	0.00028499888
2460559.1112815584	0.9998649	0.00028501012
2460559.1126704267	1.0008943	0.00028509597
2460559.114059295	1.0000038	0.00028501477
2460559.115448163	1.0004548	0.00028509658
2460559.116837031	0.9999434	0.0002850249
2460559.1182258995	1.0005476	0.00028508628
2460559.119614768	0.9998938	0.0002849753
2460559.1210036357	0.9998301	0.0002850218
2460559.122392504	1.0004288	0.0002850766
2460559.1237813723	0.9999653	0.00028499376
2460559.1251702406	1.0007787	0.00028510968
2460559.1265591085	1.0005462	0.0002850539
2460559.127947977	1.0005026	0.0002850958
2460559.1293368447	1.0001271	0.00028503264
2460559.130725713	1.0003815	0.00028507633
2460559.1321145813	1.0006518	0.0002850799
2460559.1335034496	1.0004684	0.00028503983
2460559.1348923175	1.0005996	0.0002850838
2460559.136281186	1.0002527	0.00028503875
2460559.1376700536	1.0003974	0.0002850882
2460559.139058922	1.0004258	0.00028507895
2460559.14044779	0.99959856	0.0002849907
2460559.141836658	0.99993706	0.00028495086
2460559.143225526	1.0001227	0.0002850504
2460559.1446143943	0.9997934	0.00028497985
2460559.146003262	1.00058	0.00028504993
2460559.1473921305	1.0007356	0.00028511966
2460559.1487809983	0.99986565	0.0002849876
2460559.1501698666	1.0000099	0.00028498587
2460559.1515587345	1.0006227	0.0002851043
2460559.152947603	1.000524	0.00028505537
2460559.1543364706	1.0001552	0.00028502574
2460559.155725339	1.0005649	0.00028509615
2460559.157114207	1.0002283	0.0002850749
2460559.158503075	1.0004872	0.00028505657
2460559.159891943	1.0001097	0.00028506768
2460559.161280811	1.0004065	0.00028505333
2460559.1626696787	1.0003692	0.0002850166
2460559.164058547	1.0001551	0.00028505787
2460559.165447415	1.000544	0.0002850772
2460559.166836283	1.0004382	0.00028507065
2460559.168225151	1.0003822	0.00028505005
2460559.169614019	0.9994812	0.0002849486
2460559.1710028867	1.0003266	0.00028506183
2460559.172391755	1.0005008	0.00028505488
2460559.173780623	1.0002842	0.00028501713
2460559.1751694907	1.0000707	0.00028501832
2460559.1765583586	1.0001733	0.0002850596
2460559.177947227	1.0006144	0.0002850525
2460559.1793360943	1.0001107	0.0002849873
2460559.1807249626	1.0002388	0.00028509265
2460559.1821138305	1.0008211	0.00028510822
2460559.1835026983	1.0002006	0.00028503797
2460559.184891566	0.9996991	0.0002849478
2460559.186280434	1.0003864	0.00028507435
2460559.187669302	1.0002149	0.00028506864
2460559.18905817	0.99968797	0.00028492417
2460559.190447038	1.0006524	0.00028510008
2460559.191835906	1.0003154	0.00028503686
2460559.1932247737	1.0007744	0.0002850606
2460559.1946136416	1.0008179	0.00028512868
2460559.1960025094	1.0005099	0.0002850514
2460559.1973913773	1.0001798	0.00028497961
2460559.198780245	1.0009551	0.00028512752
2460559.200169113	0.99977946	0.00028496684
2460559.201557981	1.0002521	0.0002850375
2460559.2029468487	1.0003598	0.0002849977
2460559.2043357166	0.99972296	0.00028491206
2460559.2057245844	1.0001742	0.00028501518
2460559.2071134523	1.0000497	0.00028502115
2460559.20850232	1.0002619	0.00028502007
2460559.2098911875	0.9997382	0.0002849883
2460559.2112800553	0.99935234	0.0002848859
2460559.212668923	0.9997257	0.00028496658
2460559.214057791	0.99942356	0.0002849593
2460559.215446659	0.9995953	0.00028493826
2460559.2168355267	0.99947006	0.00028491666
2460559.218224394	0.99973065	0.0002850063
2460559.2196132625	0.99936414	0.00028491943
2460559.22100213	0.99960953	0.00028498494
2460559.2223909977	0.999294	0.00028488412
2460559.2237798655	0.99917686	0.00028491498
2460559.225168733	0.9994351	0.00028489652
2460559.226557601	0.99968535	0.00028494152
2460559.2279464686	0.9997446	0.00028499117
2460559.2293353365	0.99977887	0.00028498474
2460559.230724204	0.9992628	0.00028490022
2460559.2321130717	0.9994385	0.00028491733
2460559.233501939	0.99979925	0.00028498642
2460559.234890807	0.9993538	0.00028492243
2460559.236279675	0.99976236	0.0002849342
2460559.2376685427	0.9998697	0.00028500144
2460559.23905741	0.99945724	0.0002849467
2460559.240446278	0.99911135	0.0002848865
2460559.2418351453	0.9994074	0.0002849292
2460559.243224013	0.99958086	0.00028496256
2460559.2446128805	0.99946207	0.00028497915
2460559.2460017484	0.9993654	0.00028488575
2460559.2473906158	0.9994988	0.0002849527
2460559.2487794836	0.99946207	0.0002849595
