2459170.1697184043	0.9861328982335253	0.00023799910398158907
2459170.1704131393	0.9856303651504943	0.0002369326842029255
2459170.1711078733	0.9862168512607266	0.00023697538264183507
2459170.1718025957	0.9857688745511559	0.00023693329034841324
2459170.1724973302	0.9860325731360694	0.0002369795740801034
2459170.1731920647	0.9860209025152411	0.00023729233762457332
2459170.1738867876	0.986214637500809	0.00023720317185738318
2459170.174581521	0.985604498297117	0.0002369242981442236
2459170.175276256	0.9861109922565335	0.00023700257271334695
2459170.17597099	0.9859407100983406	0.0002368741237976929
2459170.1766657247	0.9861625640895468	0.00023698124749508537
2459170.177360447	0.986026431949633	0.00023687931131758817
2459170.1780551816	0.9865188454755657	0.00023702379835678126
2459170.178749916	0.9853722552711788	0.00023686763818292034
2459170.1794446497	0.9855914960394961	0.0002369363333568231
2459170.180139373	0.9857332312751906	0.00023683165291881185
2459170.180834107	0.9860848751766172	0.00023686436613869392
2459170.1815288416	0.9857481904727652	0.00023685627315940555
2459170.182223564	0.9855476232950234	0.0002367932586034874
2459170.1829182985	0.9865690673718815	0.00023726049606150615
2459170.183613033	0.9863563083858636	0.000236965872552851
2459170.184307767	0.9864424369317012	0.00023692389772609105
2459170.18500249	0.9860008112078925	0.00023695489331464485
2459170.185697224	0.9860571357643111	0.00023695724274223646
2459170.1863919585	0.9861466491476676	0.00023695357499802668
2459170.1870866925	0.9857526494067781	0.0002368842138554272
2459170.1877814154	0.9862988930814017	0.00023684953044623416
2459170.18847615	0.9859703923741335	0.0002369195482902888
2459170.189170884	0.9860198765918043	0.00023691844564350576
2459170.1898656185	0.9860255112963087	0.00023692060594688325
2459170.190560341	0.9860753389272858	0.00023691141185510354
2459170.1912550754	0.9859662561691045	0.00023682955123609047
2459170.1919498094	0.9860549767879995	0.00023688080539589456
2459170.192644544	0.985775445737636	0.00023684735004122543
2459170.193339267	0.9859715148073989	0.0002369330045113602
2459170.194034001	0.9859136400911962	0.00023692727059582117
2459170.194728735	0.9859839971987834	0.00023689578405958835
2459170.1954234694	0.9858110507824361	0.00023693569969343873
2459170.1961181923	0.9865166164757201	0.00023695082653115503
2459170.196812926	0.9863991585197	0.00023730147496649266
2459170.197507661	0.9862464476229729	0.00023695367577727388
2459170.198202395	0.9861822799672363	0.00023690718413266144
2459170.1988971173	0.9865553057441994	0.00023693128846316266
2459170.199591852	0.9863143451307808	0.00023686943677322632
2459170.2002865863	0.9866686251228569	0.00023700946341516458
2459170.2009813203	0.9863863655091264	0.00023689096054012546
2459170.2016760544	0.9862807355032018	0.00023694819426198864
2459170.2065391713	0.9867866413236176	0.00023720466770946313
2459170.2072339063	0.9867485323463441	0.00023734880950563003
2459170.207928628	0.9867402058130594	0.00023748959031334065
2459170.2086233627	0.9863953465311435	0.00023766564885573585
2459170.209318097	0.9877831360339004	0.00023810750692715573
2459170.2100128313	0.9868582286784017	0.00023832517441911316
2459170.237802074	0.99069387384788	0.00023837510071267364
2459170.238496808	0.9910249340011397	0.00023835487902869023
2459170.239191543	0.9913370763502424	0.00023762195925992665
2459170.2398862764	0.9922863612204944	0.0002376901123722956
2459170.2405809993	0.9925880954685801	0.00023776665520436295
2459170.2412757333	0.9930191961933262	0.00023782619818206783
2459170.241970468	0.9935897214699243	0.0002378031204924637
2459170.242665202	0.9943900976459769	0.00023805789683564754
2459170.2433599243	0.9948313558287356	0.0002379862982832818
2459170.2440546593	0.9953606069585137	0.00023804337556738393
2459170.244749393	0.995757055309374	0.00023801163642545335
2459170.2454441274	0.9964082643187266	0.0002381830722978897
2459170.24613885	0.9968728248573311	0.00023814883636024705
2459170.2468335843	0.9975428462278985	0.00023836139526574193
2459170.2475283183	0.9979843844227834	0.00023846194419193114
2459170.2482230524	0.9985278950559503	0.00023844245697300266
2459170.248917775	0.9983726534442096	0.00023835122777428203
2459170.2496125093	0.9991116615818383	0.00023835685836753783
2459170.250307244	0.9996002471527476	0.00023859136318720722
2459170.2510019783	0.9992838307119324	0.00023853681192774568
2459170.2516967123	1.0001827475547629	0.00023856923094924234
2459170.2523914347	1.0002188753481343	0.00023855820686574292
2459170.253086169	1.0000054397836378	0.00023852066510442803
2459170.2537809033	0.9997724584964436	0.0002386155510955383
2459170.2544756373	1.00004762723011	0.00023859159030719388
2459170.25517036	0.9996423521273705	0.00023852772698913349
2459170.2558650943	0.9998195302368071	0.00023856655398963794
2459170.2565598288	0.9997406519134021	0.00023843337198497077
2459170.257254563	0.9995187540708669	0.00023857003357188747
2459170.257949285	1.0002062477671465	0.00023852761641776385
2459170.2586440197	0.9995649047687927	0.0002385889904968938
2459170.2593387538	0.9995061242465495	0.00023850569871605525
2459170.260033488	1.0002614712632176	0.00023883950669225165
2459170.26072821	0.9998830335352092	0.0002385046332925164
2459170.261422945	1.0000908376358706	0.00023853363648914034
2459170.262117679	0.999838425341016	0.00023848434006842293
2459170.2628124133	1.0002729947689668	0.00023857736258275206
2459170.263507136	0.9997995570501332	0.00023857013791570272
2459170.26420187	1.0000911051462151	0.0002387037650563755
2459170.264896604	0.9999723752611738	0.00023847618707621246
2459170.2655913383	1.0005042569378169	0.0002386389043156898
2459170.2662860616	1.0002482375681658	0.0002392805665915551
2459170.266980795	0.9999688579256334	0.0002385088679318302
2459170.2676755297	0.9993619892038096	0.000238471355858627
2459170.2683702637	0.9998381008411851	0.00023851824590820055
2459170.2690649866	1.0001484485230256	0.00023895087177411474
2459170.2767070513	1.0000117394786312	0.00023896386583951022
2459170.277401785	0.9999015563178879	0.0002392102200855506
2459170.2780965082	0.9998367410618003	0.00023949613754517852
2459170.278791242	1.0000179309229977	0.00023985873482098845
2459170.306580493	0.9999231014847287	0.0002393667536882026
2459170.3072752277	1.000166339603578	0.00023921421324399667
2459170.307969962	0.9997160613869496	0.00023855331453154089
2459170.3086646954	0.9995485818566288	0.00023855457683793975
2459170.309359418	0.9998623144166311	0.00023858579704088946
2459170.3100541527	0.9998234266495247	0.00023866574889153659
2459170.310748887	1.0000357593193614	0.00023853992368633102
2459170.311443621	1.0000160406779823	0.00023864216930603524
2459170.3121383437	1.0000375936022121	0.00023857543035619866
2459170.3128330777	1.000215628276832	0.00023859254076357228
2459170.313527812	0.9999985031603446	0.00023853713128001194
2459170.314222546	0.9998694132154281	0.00023856104818298482
2459170.3149172687	1.0000276589772084	0.0002385238166783818
2459170.3156120027	0.9999413091368736	0.00023871527961825194
2459170.316306737	0.9999636551665936	0.0002385323261752687
2459170.3170014713	0.9998385164878663	0.00023854114048733438
2459170.3176961937	1.000328607329983	0.0002386831953536962
2459170.3183909273	0.9999098663611562	0.00023846729750516663
2459170.319085662	1.000432742475728	0.00023854741496393168
2459170.319780396	1.0001638103500137	0.00023852911152907435
2459170.3204751303	1.0002915319822763	0.00023874429248939204
2459170.3211698527	0.9996581262753406	0.00023857196428699683
2459170.3218645873	1.0001291972017645	0.0002385188610226939
2459170.3225593213	0.9999564925969949	0.00023868315809037928
2459170.323254055	1.0002971904723084	0.00023864887501404318
2459170.3239487777	0.999732824712914	0.00023855449940508682
2459170.324643512	0.999927783664637	0.00023850434313167935
2459170.3253382463	0.9998981939662397	0.0002385194500489553
2459170.32603298	1.0000026672987792	0.00023855433344784887
2459170.3267277023	1.0000636035116186	0.0002385488011485967
2459170.3288119053	0.9997920111801172	0.00023855308114000714
2459170.3295066394	1.0000420795492524	0.00023854660051239357
2459170.330201362	0.9997676104988994	0.0002385343364118442
2459170.330896096	0.9998964399646617	0.00023852123333212543
2459170.3315908303	0.9997834707009874	0.00023844324891923407
2459170.3322855644	1.000123818889423	0.00023860889579008
2459170.332980287	0.9998738588553144	0.00023860320554049556
2459170.333675021	1.000047880414493	0.00023850899268130978
2459170.3343697554	1.0004167937932347	0.0002386488348314983
2459170.347569646	0.9997793101968193	0.00024027919491937264
2459170.3739694376	1.0000844779796985	0.00024025762752256068
2459170.3746641716	0.9997329051883979	0.00023992758064863426
2459170.375358905	0.9998097911064643	0.00023974112073898873
2459170.37605364	0.9999222985434317	0.00023943008359364405
2459170.376748362	0.9994841605508833	0.000238468324667032
2459170.377443096	1.0001545800112082	0.0002386122559361989
2459170.3781378306	1.0000000423256163	0.00023864387784736424
2459170.3788325647	1.0001055509858026	0.00023865042731260042
2459170.379527287	0.9999081649797231	0.00023852432129040167
2459170.3802220207	0.9999582102765282	0.0002386112018157302
2459170.3809167556	1.0001345878805263	0.0002386152580285697
2459170.381611489	0.999983369539118	0.00023853823783861095
2459170.3823062116	1.0000121269494195	0.00023850828623683804
2459170.3830009457	1.0001123273725234	0.00023856674508962507
2459170.38369568	0.9998085600336792	0.0002384460539807834
2459170.3843904138	1.0004448217652233	0.00023869241599462195
2459170.385085136	1.0002504063638373	0.0002385819187092768
2459170.385779871	0.9999889683425568	0.00023853705563320918
2459170.3864746047	0.9997641172442262	0.00023847125624474062
2459170.3871693388	1.0006373231801713	0.00023858097155634903
2459170.387864073	1.0001398039317528	0.00023848945287745544
2459170.3885587957	1.0003694765008726	0.00023855171631319242
2459170.3892535293	0.9999386715208832	0.00023853803829825316
2459170.3899482633	1.0000433110444678	0.00023859057133516752
2459170.3906429973	0.9999501456468515	0.00023852570854245917
2459170.39133772	1.0001160016577444	0.0002394421591962243
2459170.3920324543	0.9999701214465471	0.00023860852924700415
2459170.3927271883	1.000269191878285	0.00023861798752332244
2459170.3934219223	0.99992980890914	0.00023853109245949592
2459170.3941166447	1.0007995380931196	0.00023875176974008457
2459170.394811379	1.0000951458599694	0.00023857812787909713
2459170.395506113	1.000149182574199	0.00023849992540413235
2459170.396200847	0.9997441024575053	0.0002385241814969386
2459170.3968955697	1.0002618586814793	0.00023852702748617828
2459170.397590304	0.999958959647032	0.00023857981643141314
2459170.398285038	1.0001216809797118	0.0002385664393758998
2459170.3989797714	0.9998840230591358	0.00023852889894084345
2459170.399674506	0.9994198418933553	0.0002384741918875993
2459170.4003692283	0.9997932558156905	0.00023846739995464462
2459170.4010639624	1.00051357334489	0.00023862006043289178
2459170.401758696	1.000546194856358	0.00023872598321934526
2459170.40245343	0.999751504973522	0.00023848373515623764
2459170.4031481533	0.999906993049144	0.00023856833237560597
2459170.4163480536	0.9998783230282025	0.00023985753635780103
2459170.4427478425	1.000239891803105	0.00024028126558541346
2459170.4434425766	0.9995765350162642	0.00024003475704293672
2459170.444137299	1.0004940054739735	0.00023979970034997144
2459170.444832033	0.9999669064312401	0.000239255868356387
2459170.445526767	1.0000659920597572	0.00023860407621082702
2459170.446221501	1.000051968389776	0.00023858585263560012
2459170.446916224	0.999696308899233	0.00023860828464090112
2459170.4476109575	0.9999421825452136	0.0002387939255741126
2459170.4483056916	0.9999478952997024	0.00023861957533567694
2459170.4490004256	1.000439514767984	0.00023865362707804028
2459170.449695148	1.0003867910366369	0.00023865870901677218
2459170.4503898816	1.0005489803202272	0.00023860263094396556
2459170.4510846157	1.0002565883136976	0.00023855352250887107
2459170.4517793506	0.9997807090321043	0.00023849457633051097
2459170.452474084	1.000315495361522	0.00023856672366527067
2459170.4531688066	1.0000840724751534	0.00023861024916126982
2459170.4538635407	1.0000722440501468	0.00023850817572890808
2459170.4545582747	1.0004414898877416	0.00023858056246352002
2459170.4552530083	1.000238086654081	0.00023849710307727423
2459170.4559477307	1.0000126735809143	0.0002384887906527278
2459170.4566424647	0.9998766658626491	0.00023849168980959694
2459170.457337199	1.0001058127989317	0.0002385211947304493
2459170.458031933	1.0001775743813388	0.0002385124364768254
2459170.4587266557	0.9996396702223066	0.00023850075649260656
2459170.4594213897	1.0000205572277816	0.00023854216055565642
2459170.4601161233	1.0001296345824344	0.0002385667420846396
2459170.4608108574	0.9998290738770104	0.00023860647401194218
2459170.4615055914	1.0002565802419017	0.00023864642824221065
2459170.462200314	0.9996531717678434	0.00023854397468751787
2459170.4628950474	1.0000488650459938	0.00023858667795686184
2459170.463589782	1.0000680559539894	0.00023858591993523002
2459170.464284516	0.9996762749754031	0.00023849251441971893
2459170.464979238	1.0000406030435964	0.00023862234775284962
2459170.465673972	1.0002888165656665	0.00023852268358657948
2459170.4663687064	1.000048304067595	0.0002385608417339874
2459170.4670634405	1.0001265532458157	0.00023848947028578854
2459170.4677581624	1.0000260837845003	0.0002385338912820561
2459170.468452897	0.9998250265582763	0.0002385327028792806
2459170.4691476305	1.0003574732017915	0.0002385899139649398
2459170.4698423645	1.0001379330924616	0.00023886067743326733
2459170.470537087	0.999990148227032	0.0002386951559961815
2459170.471231821	0.9996025886136843	0.00023847692520408682
2459170.471926555	1.0000673203183807	0.00023853158555653937
2459170.4726212886	1.000131610966283	0.00023850621971598283
2459170.480958062	0.9996462386856726	0.0002387934005280237
2459170.481652796	1.0001694753902475	0.00023890841285656314
2459170.48234753	1.0003062388521158	0.00023901488507998607
2459170.4830422523	0.9998099276089887	0.00023914219477305646
2459170.4837369863	1.000004296688025	0.00023929008887884539
2459170.4844317203	0.9999479719342277	0.00023953871152043295
2459170.5122209745	1.0004234588523224	0.0002399239362535958
2459170.512915708	0.9999028061591658	0.00023973608766923634
2459170.513610442	1.00030072613352	0.00023914451868362003
2459170.5143051646	0.999559491779626	0.00023850819213446482
2459170.5149998986	0.9998779524786074	0.00023861502170219851
2459170.5156946327	1.0004082731693174	0.00023872521687798106
2459170.5163893662	0.9997469831589014	0.00023865276961241308
2459170.5170841003	0.9996888453539037	0.00023855934896467796
2459170.5177788227	1.000204088772576	0.00023861359949607514
2459170.5184735567	1.0002867561404596	0.00023869619970105855
2459170.5191682903	0.9997334986881357	0.00023848562357226693
2459170.519863025	1.0001601113300298	0.00023852684695515423
2459170.520557747	0.9997815592200004	0.00023848253366410744
2459170.521252481	1.0004481732617023	0.000238544474333511
2459170.521947215	0.9999985727552704	0.0002385254531342442
2459170.522641949	0.999942552764534	0.00023850461858498107
2459170.5233366713	0.9999239012611394	0.0002385342208210575
2459170.524031405	1.0000605153435216	0.00023859905457994238
2459170.5247261394	0.9995913802988472	0.000238451216440609
2459170.525420873	1.00044404276309	0.00023858059563425766
2459170.5261155954	1.0001640327907741	0.00023869345066438748
2459170.5268103294	1.0001309569529748	0.00023854753770193485
2459170.5275050635	1.0004370053549603	0.00023855120373461548
2459170.5281997975	1.0001635946741736	0.00023857243582839485
2459170.5288945194	0.999956778788884	0.00023857856271565592
2459170.5295892535	1.0003668018483725	0.00023857838236707543
2459170.530283987	1.0000136947803233	0.00023854945761185873
2459170.530978721	1.0001521361269905	0.00023860863599677805
2459170.531673455	1.0005772110699795	0.0002386853294577956
2459170.5323681775	1.0000167632937476	0.0002386059283374044
2459170.5330629116	1.0000492511168697	0.00023852337158046367
2459170.533757645	1.0000778216471007	0.00023857266718376114
2459170.5344523797	1.0000022474900208	0.00023876970973765353
2459170.5351471016	1.000245016655885	0.00023857997739775243
2459170.5358418357	1.0001803839531793	0.00023851479500605301
2459170.5365365697	1.0000957686290435	0.00023854859473263575
2459170.5372313038	1.0002277454205155	0.00023860510765902644
2459170.537926026	1.000227350406461	0.00023851339604285147
2459170.5386207597	1.0002589969570157	0.00023855681858066176
2459170.539315494	0.9996806022718506	0.0002385563253972146
2459170.5400102274	0.9999999576743834	0.0002385835224164393
2459170.5407049498	1.0003255653538852	0.000238575344899374
2459170.541399684	0.9999272065318692	0.00023851665335683172
2459170.542094418	1.0001362974175334	0.00023858309366604178
2459170.5427891514	1.0000783219215619	0.00023856745633789428
2459170.5434838855	0.9998390073513738	0.00023855002962493125
2459170.544178608	0.9998737508278068	0.00023857671637648656
2459170.544873342	0.9996330228307406	0.0002385790135217647
2459170.545568076	1.000457453795733	0.00023863501727983282
2459170.54626281	0.9998795232338017	0.00023850316453069423
2459170.546957532	0.9997696554553339	0.00023852046586731569
2459170.5476522655	0.9997406122573363	0.00023857562361351482
2459170.5483469996	0.9998761103975338	0.0002386685322597699
2459170.5490417336	0.9998472795384116	0.00023877649570361342
2459170.549736456	0.9998286680884235	0.00023869169342949915
2459170.55043119	1.000011824704257	0.00023890233849020544
2459170.5511259236	1.0001198689503767	0.000238960230634964
2459170.551820658	1.0000908033893479	0.00023916377750329463
2459170.55251538	1.0003901637372354	0.00023945880837172263
2459170.5532101137	1.000298250642777	0.00023974131531157464
2459170.5809993655	0.9998198525341288	0.00024011484115952293
2459170.5816940875	1.0001812651928679	0.0002396300552597615
2459170.582388821	0.999972991684221	0.00023890384139505297
2459170.583083555	0.9995816378569106	0.00023853042518921257
2459170.583778289	1.0001375520294118	0.00023862371937034916
2459170.5844730115	1.0002927557189094	0.00023869074786633685
2459170.585167745	1.0001051411514439	0.0002386420405026356
2459170.585862479	1.000256237387375	0.00023863121375914976
2459170.586557213	1.000200455294647	0.0002386348848654128
2459170.587251935	1.0001293879714175	0.00023861032023019693
2459170.587946669	0.999845150988386	0.00023854424600295025
2459170.588641403	0.9995968228240267	0.00023844654947481782
2459170.589336137	1.0000948854958573	0.00023851394624949552
2459170.590030859	0.9999951358608197	0.00023854687957646759
2459170.5907255933	1.0000159094780015	0.00023851562426580505
2459170.5914203273	1.000184966707416	0.00023860799430724342
2459170.5921150604	1.000107070088133	0.0002384997941382228
2459170.592809783	0.9999691139185177	0.0002386046471843747
2459170.593504517	0.9999967555754725	0.00023848401261824305
2459170.594199251	1.0001777062073962	0.00023848152566240078
2459170.5948939845	1.000320444781562	0.0002385898846183696
2459170.5955887185	1.0002293736619636	0.0002385549196422949
2459170.596283441	1.0003377990788505	0.00023858454155032118
2459170.5969781745	1.0001322643967707	0.00023875113831284267
2459170.5976729086	0.9998532801788752	0.00023860103260051754
2459170.5983676426	1.000088053516955	0.00023863827493831628
2459170.5990623645	1.0002198580337713	0.00023856423041475797
2459170.6004518326	0.9999289724769944	0.00023858583735848058
2459170.601146566	1.0000808497305793	0.00023860268268698282
2459170.601841288	1.0001934452459356	0.0002386435808919282
2459170.602536022	0.9998100353171622	0.00023853407817867964
2459170.6032307562	0.9998960580316967	0.0002385566049916334
2459170.6039254903	1.0001956598601207	0.00023877094972245847
2459170.604620212	0.9999816803620992	0.00023846479346712962
2459170.6053149463	0.9999360104617785	0.0002385461600463352
2459170.60600968	1.0001075595727276	0.0002385588390039908
2459170.606704414	1.0000915761763227	0.0002384858378389484
2459170.607399148	1.0003493841373163	0.00023860032589438537
2459170.60809387	1.0002750796834763	0.00023867210072034466
2459170.608788604	1.000038925648097	0.0002385532256377025
2459170.6094833375	0.9997111897317391	0.00023849989734817188
2459170.610178072	0.9998115811264555	0.00023850449187007294
2459170.6108727935	1.0000467791710257	0.00023856764553220998
2459170.6115675275	0.9998246180247451	0.00023854506931506424
2459170.6122622616	0.9993731578792169	0.0002385149258665589
2459170.6129569956	0.9997708410898957	0.0002385144541498615
2459170.6136517175	0.9999847686826716	0.00023859480756978954
2459170.614346451	1.000236677971927	0.00023855226875012733
2459170.615041185	1.0000358685369806	0.00023853230564927855
2459170.615735919	1.0001633352911372	0.00023853881395413014
2459170.616430641	1.000064528279043	0.0002386147659016937
2459170.6171253747	0.9999354610002333	0.00023869650251206266
2459170.6178201092	1.0002838025509952	0.00023909648576307696
2459170.618514843	0.9998737862912715	0.0002387614894979549
2459170.6192095648	1.00058254982453	0.0002390116199446479
2459170.619904299	1.0001551216972675	0.0002389797412357183
2459170.620599033	0.9997205431770587	0.0002391414255190557
2459170.621293767	1.0002897948355718	0.00023940777097606095
2459170.6219885	0.9998962830678676	0.00023959743025466876
2459170.649083003	0.9996526021905024	0.00023980569201808365
2459170.6497777374	1.0000635566978568	0.00023995963692293807
2459170.650472471	0.9998447834805569	0.00023957956922401915
2459170.651167193	0.9999301272918566	0.00023880334388918115
2459170.651861927	1.0002612346611857	0.00023860791206566174
2459170.652556661	1.0002096140357017	0.00023870904421156982
2459170.653251394	1.0000697392427673	0.00023871391140324472
2459170.653946128	0.9999643995355144	0.00023859654835983225
2459170.654640851	0.9999678125188604	0.00023858451275146853
2459170.655335584	0.9999406775594356	0.0002386189143291027
2459170.6560303182	1.0002231959640515	0.0002385313525461304
2459170.6567250523	0.9997199607707082	0.00023853735599945283
2459170.657419774	0.9998818896195764	0.00023859577714668585
2459170.658114508	1.0003436888977602	0.0002385237018923194
2459170.658809242	1.000065995857193	0.00023865635390030618
2459170.6595039754	1.000507265189518	0.00023863921599489882
2459170.660198698	0.9998926213937658	0.00023854529208398363
2459170.660893432	0.9997939084448223	0.00023850193240071855
2459170.6615881654	1.0000903718521537	0.00023850080341116883
2459170.6622828995	1.0000416368535856	0.000238515185074785
2459170.6629776214	0.9996464318296784	0.00023844439966926023
2459170.663672355	1.0003539319222816	0.00023863826224578607
2459170.664367089	1.0000370708682935	0.00023852040242691803
2459170.6650618226	0.9997250770913572	0.0002385200837279681
2459170.665756545	0.9997403715057068	0.0002385656863308592
2459170.666451279	1.0001200526879015	0.00023878901269841458
2459170.6671460127	0.9998478265712587	0.0002385599546092659
2459170.667840746	0.9997095563131558	0.00023853460554739846
2459170.6685354686	1.0002208111237278	0.00023849800595931244
2459170.669230202	1.0011800521511447	0.00023900262020444923
2459170.6699249363	1.0003069724277085	0.00023863050438031446
2459170.6706196694	0.9996131240245338	0.00023853750587739657
2459170.671314404	0.9997403011421595	0.00023848251526122018
2459170.6720091263	0.9996263322411595	0.0002384604900792813
2459170.6727038594	1.0002544082111147	0.0002385162716386559
2459170.6733985934	1.0002489535173205	0.0002385534431792799
2459170.6740933275	0.9999072782444748	0.00023853211489994864
2459170.6747880494	0.9999369404231291	0.00023850578567034407
2459170.675482783	0.9999265678829659	0.0002388820294415425
2459170.676177517	0.9999692180456258	0.00023857829302434996
2459170.6768722506	1.0001057598157714	0.0002385798408717456
2459170.677566973	1.0001645643086674	0.0002385517143091166
2459170.6782617066	1.0000384070358102	0.0002385902354409263
2459170.6789564406	1.0000893603895569	0.000238596843638344
2459170.679651174	1.0001100151636033	0.00023861705339929326
2459170.680345896	1.000200797055486	0.00023856576167457906
2459170.6810406307	0.9998851771486973	0.00023856994428943942
2459170.681735364	0.9999854653629586	0.00023856083794300073
2459170.682430098	1.0003869638365699	0.00023864343420977084
2459170.6831248314	0.9998209774748668	0.00023850815042449395
2459170.683819554	1.0000449143324164	0.00023852749127568025
2459170.6845142874	0.9998050006125261	0.00023852201495955838
2459170.685209021	0.9998613422483047	0.00023859496385405444
2459170.685903755	1.0000435508369123	0.00023876634272838504
2459170.686598477	0.9997026989348782	0.00023870541969359956
2459170.687293211	0.9997916646414907	0.00023873243970470496
2459170.687987944	0.9998596743254946	0.00023887266179570404
2459170.6886826786	1.0001668150824141	0.00023901658893017976
2459170.689377401	1.0002321076247387	0.00023917432183553306
2459170.690072134	1.000163673407343	0.0002394380028418588
2459170.690766868	1.0001522499179543	0.00023971982268523924
2459170.71786138	0.9998138570724646	0.0002399013055339368
2459170.718556102	0.9998977083652226	0.000239512227971428
2459170.719250836	1.000201352168075	0.00023943188657141255
2459170.719945569	0.9998897795000952	0.00023870900831142897
2459170.7206403036	0.9997345839136139	0.00023859259894032833
2459170.721335025	0.9998381170575966	0.00023863201387281106
2459170.722029759	0.9998558774063484	0.00023863314727886692
2459170.7227244927	0.9998227452635361	0.00023853903627863864
2459170.7234192267	1.0001012645569405	0.000238613583496112
2459170.7241139486	1.0000630257402656	0.00023860847932921574
2459170.724808682	1.0002324852843603	0.00023859510310528568
2459170.7255034163	0.9996576747760478	0.00023850226538069192
2459170.72619815	1.0004740935681973	0.0002386780633460968
2459170.726892872	0.99991843076624	0.00023846988469048675
2459170.727587606	0.9995870608860078	0.0002386309530319213
2459170.7282823394	0.9999350598571038	0.00023853987420386323
2459170.728977073	1.0002500022943146	0.00023853149668189762
2459170.7296718066	1.000431475562471	0.0002385832120011912
2459170.7303665294	0.9998333976907428	0.00023843829645764502
2459170.7310612625	1.0000283506473677	0.00023851575334350101
2459170.7317559966	0.999950365901327	0.00023848704291559725
2459170.73245073	1.0004593047545904	0.00023869306834608587
2459170.7331454526	1.0004394530245653	0.000238930184250874
2459170.7338401973	0.9997636330633115	0.0002385428242331681
2459170.7345349314	1.0001892184722139	0.00023863511328151967
2459170.735229665	0.9999903469281329	0.00023859406069578134
2459170.7359243874	0.9998129991309436	0.00023857546893092142
2459170.7366191205	1.0003229115590901	0.00023857462850031827
2459170.737313855	1.00014191055939	0.00023854408443560744
2459170.738008588	1.0005956699842231	0.00023868141927994334
2459170.7387033105	1.0005551411161682	0.000238589042264732
2459170.739398044	0.9999198019727475	0.00023859391065105402
2459170.7400927776	1.0001744657311267	0.0002385184990353057
2459170.7407875117	1.000349880860559	0.00023856237048248266
2459170.741482245	1.0002866668566273	0.00023851503340472708
2459170.7421769677	0.9996248943766934	0.0002384915666085889
2459170.742871701	1.0002307740266723	0.00023860354744505553
2459170.743566435	1.0002883990678981	0.00023857935615284118
2459170.7442611684	0.9999048435775032	0.000238599468791486
2459170.744955891	1.0001387393124848	0.00023865914773718032
2459170.7456506244	1.000312642885213	0.0002385452646693264
2459170.746345358	1.0003981190840534	0.00023895665875446468
2459170.747040092	1.0004147578620755	0.00023857584340965354
2459170.7477348135	1.0005759301952895	0.00023858728747175065
2459170.7484295475	0.9999895643068211	0.00023860574606034184
2459170.749124281	1.0002317510064573	0.00023858275057629804
2459170.749819015	0.9999732152528975	0.0002385791191602392
2459170.750513737	0.999764688450829	0.00023845331454529475
2459170.7512084707	1.0004353747255696	0.0002385947216161223
2459170.7519032047	1.000240090616962	0.00023859712321201427
2459170.752597938	1.0001806836405338	0.00023866313689091444
2459170.753292672	1.0002602190836598	0.00023855251547177486
2459170.753987394	1.0001002901904048	0.0002386322354095281
2459170.754682128	0.9999358627043868	0.00023868455447732828
2459170.755376861	1.000218620391359	0.0002387480986818575
2459170.756071595	1.0001312574334142	0.00023885090236365461
2459170.756766317	1.0000839182935577	0.00023889539076634429
2459170.7574610505	1.000243095463975	0.00023916804825864388
2459170.7581557846	0.9999085565805204	0.0002392342894222694
2459170.758850518	1.0000278773091955	0.000239515248239342
2459170.7595452406	0.9998220805057068	0.00023977549573941007
2459170.7866397495	0.9993270858766009	0.00024029401198824026
2459170.7873344827	0.9999397675119054	0.0002397007149742329
2459170.7880292167	1.0002207258199016	0.0002393950710212023
2459170.7887239386	1.000104626577735	0.00023864112978847366
2459170.789418672	0.9999792656527711	0.00023861629227205625
2459170.790113406	1.0000748097319487	0.0002386623812300991
2459170.7908081394	1.0001321309532538	0.00023869058204003754
2459170.791502862	0.9993978259265721	0.00023845240066210023
2459170.7921975954	0.9999077341707239	0.00023862991507418496
2459170.792892329	1.00022733892417	0.00023865556754617086
2459170.7935870625	1.0001529621142258	0.0002386419293627455
2459170.794281785	0.9999731161875448	0.00023856344192445725
2459170.794976518	1.0001001855961063	0.00023859418043926814
2459170.7956712516	0.9994775801416041	0.00023844437325543175
2459170.7963659856	1.0001287337216034	0.00023868223076924311
2459170.797060719	1.0001120657368763	0.0002385495591345349
2459170.797755441	1.000187853856113	0.00023854061396605018
2459170.798450175	1.0004018939170503	0.0002386098759309734
2459170.799144909	1.0001292358775826	0.00023865547380944366
2459170.799839642	0.9999519886780519	0.00023850724508608508
2459170.8005343643	1.0002555875778243	0.00023852684639220675
2459170.801229098	0.9999067030134048	0.00023867989181416388
2459170.8019238315	0.9998645444143739	0.0002385908311576714
2459170.802618565	1.0001977402646962	0.0002385648464926054
2459170.8033132874	1.0002927133511084	0.00023875580631100378
2459170.804008021	1.000031306962311	0.00023868887762972175
2459170.8047027546	1.0004904965348203	0.00023866864656679675
2459170.805397488	1.000171313248593	0.00023852954151578175
2459170.80609221	1.0001943533156066	0.00023858865385847187
2459170.8067869437	1.0000634387336238	0.0002385482511352758
2459170.8074816773	1.0003902888618947	0.00023860991557189055
2459170.8081764113	1.0001336972525317	0.0002386108599329266
2459170.8088711444	1.000477250781552	0.00023858668599410158
2459170.809565867	1.0002198244297222	0.00023854012213573496
2459170.8102606004	1.0001493294794073	0.0002385006868157386
2459170.810955334	1.000428629603109	0.00023858349581006952
2459170.811650068	0.9997319933745211	0.00023847328094670539
2459170.8123447895	0.999932418630893	0.00023850796153915144
2459170.8130395235	0.9995444448925335	0.0002385104980104836
2459170.813734257	1.0003008687598618	0.00023873543600876483
2459170.8144289907	1.0001935284982684	0.00023848626022548766
2459170.8151237126	1.0002863807455893	0.00023891967779293208
2459170.815818446	1.0002998569394888	0.00023856669004364782
2459170.8165131803	1.0005250300922732	0.00023863910967681794
2459170.8172079134	1.0001208979839724	0.00023858961007908202
2459170.8179026474	1.0005291687598197	0.00023862926391885866
2459170.8185973694	1.0001753575617778	0.00023854742852530487
2459170.819292103	1.0002456493747467	0.0002385514275060277
2459170.8199868365	1.0003003742826178	0.00023859274222865097
2459170.82068157	1.0004073740905368	0.00023860496287286175
2459170.8213762925	1.0000158584086023	0.00023861771914762358
2459170.8220710256	0.9999812450927336	0.0002386933203845742
2459170.822765759	1.0005030109392572	0.00023869019353663985
2459170.823460493	0.9999346303291343	0.00023870673284506
2459170.824155215	1.0000222443163322	0.00023871539644601316
2459170.8248499488	1.0001619392449401	0.00023883827565482636
2459170.8255446823	1.000459163421417	0.00023895272670771694
2459170.826239416	1.000290387914405	0.0002390148320637307
2459170.8269341495	1.0006754624917016	0.0002392873363283558
2459170.8276288714	1.0000583500834879	0.00023939431089047813
2459170.856112845	1.00011052124723	0.00023977635763646087
2459170.856807567	1.0001789241886578	0.00023944711111356366
2459170.8575023008	0.9999793496045112	0.00023867037711710189
2459170.858197034	1.0004067844107372	0.00023868230510366064
2459170.8588917674	1.000145037136359	0.00023872767089109126
2459170.85958649	0.9995554802209479	0.00023867775170048053
2459170.8602812234	0.9999135408495221	0.00023855525224563494
2459170.8609759565	0.9998086927854063	0.00023856279227204693
2459170.8616706906	1.0001545047349052	0.0002386386342394535
2459170.8623654125	1.0001853242611045	0.00023853413803579405
2459170.8630601456	0.99988892771684	0.0002384870810831411
2459170.8637548797	0.9996122091368849	0.00023851063845222408
2459170.8644496133	1.0001084042457424	0.00023852573901859102
2459170.865144335	0.9997217912567242	0.00023861411316044347
2459170.8658390683	1.0002586826272761	0.00023856064628948815
2459170.866533802	1.0003528404444886	0.00023861846301032706
2459170.867228536	1.0005202875858767	0.00023862758496679122
2459170.8679232695	0.9999030767421051	0.00023853094515878935
2459170.8686179915	0.9998705984394627	0.00023846771831466325
2459170.869312725	0.9997941991740725	0.00023851116371938785
2459170.8700074586	1.000112768246022	0.00023855766850635555
2459170.8707021917	1.0000904596835742	0.00023859911874052767
2459170.871396914	1.0001265669369572	0.00023860257886168643
2459170.8720916477	1.0003197908999713	0.00023867500922698364
2459170.8727863813	1.0002716364194568	0.00023864511095086132
2459170.8734811144	1.0001401757201815	0.00023860505763424956
2459170.874175837	1.0002395742170846	0.00023858669586686545
2459170.8748705704	1.0001702429462203	0.00023856780080261643
2459170.875565304	1.0003740383678477	0.00023865862165956735
2459170.8762600375	1.000045487546174	0.00023854600210180394
2459170.876954771	0.9998498456868002	0.00023860223400668364
2459170.877649493	1.0000200400521133	0.00023851454017572454
2459170.878344226	1.000394129652463	0.00023860839121797738
2459170.87903896	1.000312081265205	0.000238533610940003
2459170.8797336933	1.0000172347902752	0.00023854074911977037
2459170.8804284157	0.9998268425670607	0.0002385566837486866
2459170.8811231493	1.0001456008671155	0.000238861797304383
2459170.881817883	1.0001832000946826	0.00023860617918247047
2459170.8825126165	1.000446898099147	0.00023876622356606818
2459170.883207338	1.0001834593718235	0.00023852311700139418
2459170.883902072	1.0001641540024515	0.0002386008354933756
2459170.884596805	1.0005521281118148	0.00023860642170927222
2459170.885986261	0.9999588196443666	0.00023852945986692727
2459170.8866809946	1.00031095200294	0.00023860303057101514
2459170.887375728	0.9997497615797076	0.00023849778506937052
2459170.8880704613	1.0001506678492251	0.00023853121128524795
2459170.8887651954	0.9995514702984595	0.0002385351037798866
2459170.889459917	1.000353443544028	0.0002385732441527718
2459170.8901546504	1.0004799380689433	0.0002386459256988058
2459170.8908493845	1.000381481017375	0.00023863125018560612
2459170.891544118	1.0004632047446615	0.00023868240073156145
2459170.89223884	1.0000277811648515	0.00023874287875369545
2459170.892933573	0.999784031929225	0.0002386721040878223
2459170.893628307	1.0002834933980504	0.0002388207928824912
2459170.8943230403	0.9996314042337527	0.00023891420853625064
2459170.895017762	0.9998733518840428	0.00023906194676483064
2459170.895712496	0.9999609990397668	0.00023917214596538247
2459170.8964072294	1.0003487961750663	0.00023962133958923545
2459170.9248911883	0.999893368195213	0.00024005499453376387
2459170.925585922	1.0004271037574624	0.00023949172294014545
2459170.9262806554	1.0004405133462724	0.0002386889247164049
2459170.9269753885	0.999891376015493	0.00023872055414456074
2459170.927670111	0.9998957280889874	0.00023866007064983597
2459170.9283648445	1.0001715312404704	0.00023866979516604995
2459170.9290595776	1.000210988646802	0.00023862813637000264
2459170.929754311	1.0001398881933312	0.00023867521457123363
2459170.930449033	1.00001054728589	0.00023877342975417638
2459170.9311437667	1.0001862988115	0.00023856242459818048
2459170.9318385	0.9996943669287613	0.0002385053764840639
2459170.932533234	0.9996872977824488	0.00023841646148734327
2459170.933227956	0.9998295150842108	0.0002387948142048365
2459170.933922689	0.999984401413983	0.00023861412292625246
2459170.9346174225	1.00039653343426	0.00023882661029677688
2459170.935312156	1.000011085189488	0.0002385355868030101
2459170.936006878	1.000300345866573	0.00023859260272903957
2459170.936701611	1.0001353843456804	0.00023872592641922585
2459170.9373963447	1.0004910825338769	0.00023867828872226038
2459170.9380910783	1.0003577553020941	0.00023855810013090757
2459170.938785812	1.0001773618786507	0.00023851788276944125
2459170.939480534	0.9999038043009338	0.00023857126876918524
2459170.9401752674	1.000155217049253	0.00023856780444816837
2459170.940870001	0.9998921882461834	0.00023860075123844488
2459170.941564734	1.0004264269758543	0.00023861326603472185
2459170.942259456	0.9998243089006283	0.00023855093326513084
2459170.9429541896	1.0002107902544624	0.00023855143763048772
2459170.943648923	1.0000541145642576	0.000238584243254306
2459170.9443436563	1.0000011182187312	0.00023859983640671611
2459170.9450383787	0.9997882466438511	0.00023855096108330956
2459170.9457331123	1.0002616325562623	0.0002387026265899859
2459170.9464278454	1.0001185612082717	0.0002385152334002017
2459170.947122579	0.9998376893231159	0.0002385214542837231
2459170.947817301	0.9996708380389563	0.00023846227221133048
2459170.9485120345	0.9996638345206821	0.00023852501028645798
2459170.9492067676	0.9998700886586476	0.00023853289395128042
2459170.9499015016	1.0005285541551225	0.0002386103131085508
2459170.9505962348	0.999817511383362	0.00023853825295382442
2459170.9512909567	1.000444298411037	0.00023872584338644335
2459170.9519856903	1.000260157581274	0.0002386073978058476
2459170.952680424	0.9998351717780088	0.00023853431326813142
2459170.9533751574	1.0001239578566792	0.00023852573712976352
2459170.954069879	1.0007017084746015	0.00023859281953571916
2459170.954764613	0.999975547760994	0.00023852109572013207
2459170.955459346	1.0001164436886922	0.00023858092098498444
2459170.9561540796	0.9996863150962044	0.00023854066764071127
2459170.9568488016	0.9999370434581352	0.0002386035919382898
2459170.957543535	1.0002137866529597	0.00023859785969457657
2459170.9582382687	1.0001246851227832	0.0002385834364230984
2459170.958933002	1.0001708892172811	0.00023857119240126178
2459170.959627736	0.9998514582735294	0.00023857410770178211
2459170.9603224574	1.0000095388326573	0.0002387244671288511
2459170.961017191	0.9997260681291712	0.00023882696127093325
2459170.9617119245	1.000086098060565	0.0002387306365511821
2459170.962406658	0.999931365971515	0.00023884559036296634
2459170.96310138	1.000053071263112	0.00023898524195318672
2459170.963796113	1.0003228439880636	0.00023907852959865133
2459170.964490847	0.9994661055674435	0.00023920269739168378
2459170.9651855803	1.0001800505237046	0.00023957623960487337
2459170.9929748136	1.0004033408730588	0.00023987958169095758
2459170.9936695476	1.0001844765928318	0.00023958004573390555
2459170.9943642807	0.9998264399214493	0.00023934198144290672
2459170.9950590027	0.9998999173163093	0.0002386322500448991
2459170.9957537362	1.0003730867178475	0.0002388965411490056
2459170.99644847	1.0002943641839286	0.00023871770683336067
2459170.9971432034	1.0002350782737846	0.00023866757915070984
2459170.997837925	1.0000392078860505	0.00023858512979595226
2459170.9985326584	1.0003287915488352	0.00023863318276013304
2459170.9992273916	0.9999839294686692	0.00023856838128094856
2459170.999922125	0.9997556631338915	0.0002384798587855576
2459171.000616847	0.9997152350451454	0.00023854178918145027
2459171.0013115807	1.0002927188527655	0.0002385723076193946
2459171.002006314	0.999794028138392	0.00023847402957956262
2459171.0027010473	1.0005132542306163	0.00023889030150214404
2459171.0033957697	1.000313316625863	0.00023850693341895406
2459171.0040905024	0.9998766888920236	0.00023851634576507868
2459171.004785236	1.0002598992130662	0.0002386390604240114
2459171.0054799695	0.9999091278630191	0.00023849913263999988
2459171.0061746915	1.0002558926024143	0.00023856144679772713
2459171.006869425	1.0006366431502218	0.0002387771380273232
2459171.008953625	0.9999700070771308	0.0002385321984134045
2459171.009648347	0.9997114668075529	0.00023849832322728277
2459171.0103430804	1.0001713927919509	0.0002385558803641154
2459171.011037814	0.9998107223418452	0.0002385708368282036
2459171.011732547	0.999838592706209	0.00023847833106071351
2459171.012427269	1.0002052822690162	0.00023865281272242588
2459171.0131220026	1.0002027907932118	0.00023861676973498878
2459171.0138167357	1.0001675469734923	0.00023863869385116855
2459171.0145114693	1.0003075485617696	0.00023870492588026334
2459171.0152061908	0.9996626164056309	0.0002384450316618289
2459171.015900925	0.9999289830951378	0.00023854150721314954
2459171.016595658	0.9999332634556622	0.0002385180069068336
2459171.0172903915	1.0000175120357941	0.0002385036345532595
2459171.017985113	0.9998725343775801	0.00023852902292365879
2459171.0186798465	1.0000872258541804	0.00023854591504951563
2459171.0207640356	0.9998612070001981	0.00023863903803554148
2459171.0214587688	0.9998041983024847	0.0002386549409722932
2459171.022153502	0.9998908474749215	0.00023852894471413307
2459171.0228482354	1.0000355792694686	0.00023859698004177543
2459171.0235429574	0.9998619203693637	0.00023853922137162027
2459171.024237691	1.0002286785415155	0.0002385593757286739
2459171.024932424	1.000278486717816	0.00023858702102596212
2459171.025627158	1.000144215739431	0.0002385646130000297
2459171.0263218908	0.9998322500297443	0.00023857701209367108
2459171.0270166127	1.0004896572470225	0.0002385691314708551
2459171.0277113463	0.9997446453341879	0.00023851169735593486
2459171.02840608	0.9996773664051992	0.00023851694672010667
2459171.029100813	1.000052963888989	0.0002387066141786272
2459171.0297955344	0.9997820152961585	0.0002387462941135598
2459171.0304902685	0.9997642661842718	0.0002386948466074801
2459171.0311850016	0.9997411058226269	0.00023882501377265795
2459171.031879735	1.0002743977618693	0.0002389395452466526
2459171.032574457	1.000048882872138	0.0002390876511492808
2459171.03326919	1.000557877491719	0.000239440302772449
2459171.0339639233	0.9994276475179962	0.0002395513105538454
2459171.061753143	0.9998479512519535	0.00024014271788511758
2459171.0624478767	1.0000708206335878	0.00023972935779735378
2459171.06314261	1.0004077132964646	0.00023935458337807393
2459171.063837343	1.0000111010025425	0.00023861275822730592
2459171.0645320653	1.0000585878621093	0.00023864344910981436
2459171.065226799	1.000018411225173	0.00023865871847224425
2459171.0659215315	0.9999910801439676	0.0002386097075178422
2459171.066616265	1.000014635190076	0.00023864130283879874
2459171.067310987	1.000306603074742	0.00023859452975511332
2459171.06800572	0.9998084861311043	0.00023860501575835108
2459171.0687004533	0.9997444456437474	0.0002384610517928567
2459171.0693951873	0.9998913525175972	0.00023849610671851368
2459171.0700899092	1.0000249942980604	0.0002385157364313872
2459171.070784642	0.999985932058626	0.00023855055512951503
2459171.0714793755	1.0000265656211595	0.0002385250495818003
2459171.072174109	1.0001024583796219	0.00023854525403842392
2459171.0728688305	0.999891736364895	0.00023849376705462153
2459171.0735635636	0.9997577015681758	0.0002386645452120845
2459171.0742582977	1.0002956938787073	0.00023852373501761782
2459171.074953031	0.9997532872738222	0.00023850594639663044
2459171.0756477523	1.0003416064651192	0.00023901324201177016
2459171.076342486	1.0000271126814462	0.0002385168237633646
2459171.0770372194	1.000035241443138	0.0002384995292954511
2459171.0777319525	0.9999928699107181	0.0002385444503767567
2459171.0784266856	0.9997360172210579	0.0002385362576915307
2459171.0791214076	0.9999982583403014	0.00023854706632028596
2459171.0798161407	1.0000712513586483	0.000238602685061327
2459171.0805108743	0.9999539368231022	0.00023856434610871935
2459171.0812056074	0.9999206820358942	0.0002387666786766303
2459171.08190033	1.0000530061905744	0.00023858729767538622
2459171.082595063	0.9998620981864326	0.00023852257885818818
2459171.083289796	0.9999296926783552	0.00023856512397944928
2459171.0839845296	0.9998360523786974	0.00023849542980743053
2459171.084679251	1.0003557810162766	0.0002386057985755227
2459171.0853739846	1.0001308569678162	0.0002385516873924633
2459171.0860687178	0.9998735714705621	0.00023852289185451588
2459171.0867634513	1.000296839871887	0.00023860034524917872
2459171.0874581733	0.9998732147476409	0.00023851657978200813
2459171.0881529064	0.9997853668713167	0.00023851803009272539
2459171.0888476395	1.000163996043769	0.0002386372336446112
2459171.089542373	1.0000481451671002	0.00023853085213283614
2459171.090237095	1.0002500643646013	0.00023887949236035786
2459171.0909318277	0.999864229229561	0.0002385430506396744
2459171.0916265617	0.9998467748928505	0.000238589833774956
2459171.092321295	0.9999974573887147	0.0002385306860666861
2459171.093016028	1.0003558673391764	0.00023864088640469357
2459171.09371075	1.0002726285644952	0.00023858517957131968
2459171.0944054835	1.0001348888518304	0.00023865859242090933
2459171.0951002166	0.9997592319027991	0.00023850760914581148
2459171.0957949497	1.0001509474959434	0.0002385807604250407
2459171.096489672	1.0000362029737426	0.00023852823257749476
2459171.0971844047	1.0003247123671362	0.0002386406556922505
2459171.0978791383	0.9998637393547338	0.0002386372961289271
2459171.098573872	1.0002579661965216	0.00023882135720547273
2459171.0992685934	0.9998531919049213	0.00023876458505089337
2459171.099963327	1.0000624856146225	0.00023891275420012537
2459171.10065806	1.000203123023595	0.0002390560470483669
2459171.1013527936	0.9999285401462923	0.00023917424713034756
2459171.102047515	1.000212689508799	0.00023949423917134807
2459171.1027422487	1.000004084655977	0.00023967390466880098
2459171.130531477	1.0001830319987652	0.00023989708725545466
2459171.1312261987	1.0001650059370881	0.00023970264110365096
2459171.1319209314	1.0005000973525457	0.00023925673561057744
2459171.132615665	1.0001713689447556	0.0002387061388292606
2459171.133310398	1.0002429131648505	0.00023868155228245905
2459171.13400512	0.9999562945214314	0.00023860121205533912
2459171.134699853	0.9998175435268594	0.0002385614135491824
2459171.1353945867	1.000024499469742	0.00023857107839166662
2459171.1360893203	1.0002519430496988	0.00023886749852058134
2459171.1367840413	1.0001435724853747	0.00023863769888290455
2459171.137478775	0.9996527597496744	0.00023849069360045656
2459171.138173508	0.9995866159621002	0.00023856730732178653
2459171.1388682416	0.9995029094011503	0.00023844783501733441
2459171.139562963	1.0001471530768495	0.00023860323031468187
2459171.1402576966	1.0000672503835455	0.00023857707865744066
2459171.14095243	1.0002329951893651	0.00023851384788099036
2459171.141647163	1.0004973773778147	0.00023887681565416772
2459171.142341885	0.9998535542534899	0.00023846987849465335
2459171.143036618	1.000022410897327	0.00023852525750891253
2459171.1437313515	0.9998427703725007	0.0002387528078935472
2459171.144426084	1.0001452592719884	0.00023857388321166681
2459171.145120806	0.9999432564508673	0.0002385430036256074
2459171.1458155396	0.9997411047592936	0.0002384551597459911
2459171.1465102728	0.9997931483644747	0.0002385824838277369
2459171.147205006	0.9997951888721532	0.00023856639565661615
2459171.147899728	1.0003146223916897	0.0002386088859625233
2459171.1485944614	1.000295473079551	0.00023864865613860872
2459171.149289194	0.9998169657051547	0.00023845384827812365
2459171.1499839276	1.0000902845592972	0.0002386527691193057
2459171.1506786495	1.000911569908443	0.00023883965299247104
2459171.1513733827	1.0002261507476289	0.00023854730126246883
2459171.152068116	0.9996794494071479	0.00023849642095604185
2459171.1527628493	1.000639633476918	0.00023857830934782213
2459171.1534575825	1.0001471559076789	0.00023851967058925345
2459171.154152304	0.9999550730250042	0.0002384740587590575
2459171.154847037	1.0002777598559787	0.0002385862045612668
2459171.1555417706	1.0003554165163804	0.00023861030130690615
2459171.1562365037	1.0002291931146885	0.00023853774186341153
2459171.1569312257	0.9999644869614522	0.00023854794483975302
2459171.157625959	1.0001512800650016	0.00023860108747326587
2459171.1583206924	0.9998098836708972	0.00023853750538519993
2459171.159015425	1.0004704326051903	0.00023859937737187364
2459171.159710147	0.9997948456265064	0.00023847386823457788
2459171.16040488	1.0001888811337862	0.00023864089762597388
2459171.1610996136	0.9999980687445611	0.00023849298682197129
2459171.1617943468	1.0002908644867152	0.000238663935648467
2459171.1624890803	1.000214980651701	0.00023853967067864024
2459171.1631838023	1.0002173632846953	0.00023871761592974278
2459171.163878535	1.0004363454603322	0.00023863733522379714
2459171.1645732685	1.0000947506995828	0.00023860559963998087
2459171.1673521902	1.000118323755137	0.00023883140232452312
2459171.168046923	1.000395810891874	0.0002388100135810201
2459171.168741645	1.0002578396650976	0.00023892118973774934
2459171.169436378	1.000478163692406	0.00023918596226290436
2459171.1701311115	1.000002670827075	0.00023921145791377962
2459171.1708258446	1.0002576545739372	0.00023991715943560388
2459171.171520566	0.9998607767690093	0.00023991634547894963
2459171.199309803	0.9999013324438997	0.000239491912602543
2459171.2000045246	1.0003692548896885	0.00023935346195336966
2459171.200699258	1.0002317811351418	0.0002388391095271589
2459171.2013939912	1.0004013999061465	0.00023869440148734466
2459171.2020887244	0.9997902949439378	0.0002386109760814704
2459171.2027834575	1.000159643062758	0.0002386794057687674
2459171.203478179	1.0000654538850025	0.00023857809461274462
2459171.2041729125	1.0005479615153896	0.00023874246275468493
2459171.2048676456	0.9998659074503097	0.00023860599972647068
2459171.2055623787	1.0001947935927427	0.00023861657752821696
2459171.2062571007	1.001495379477995	0.00023874092722643198
2459171.206951834	0.9999926545688119	0.00023860668052431882
2459171.207646567	1.0002934667193784	0.00023853591449181895
2459171.2083413	1.0004994063874024	0.00023895938047806918
2459171.209036022	1.0001732319849161	0.00023858039895159331
2459171.209730755	1.0000423561716982	0.00023858115003806774
2459171.2104254877	1.000245987005481	0.0002384975430639174
2459171.2111202218	1.0002408993105956	0.00023866953615667605
2459171.2118149432	1.0006077392660782	0.00023856987266942606
2459171.2125096763	1.000308830339763	0.0002385899672936749
2459171.2132044095	1.000182725428361	0.00023859306877375855
2459171.2138991426	1.0004790233690903	0.0002387898471722768
2459171.2145938645	1.000477376489561	0.0002391855488663684
2459171.215288597	1.0003110737746022	0.00023867863776051734
2459171.215983331	1.000313303222742	0.0002386139750517585
2459171.216678064	1.0005478756233148	0.0002386154023058474
2459171.2173727853	1.0006438102156459	0.00023861211260825047
2459171.218067519	1.0002642248726001	0.00023856195736868897
2459171.218762252	1.0003740941031702	0.00023865126057402906
2459171.219456985	1.0004276417498004	0.00023863233513962212
2459171.2201517182	1.0004722177021705	0.00023860164736331165
2459171.2208464397	1.0001282251019965	0.00023851482397780485
2459171.2215411733	1.000594494525735	0.00023855705867086973
2459171.2222359064	1.0002495025912677	0.00023853505358499718
2459171.222930639	1.0003499839902885	0.0002386117535021535
2459171.2236253615	1.000552667226574	0.00023856699826630762
2459171.2243200946	0.9999869752067115	0.00023856208823798316
2459171.225014827	1.0003988850255525	0.00023889449762186764
2459171.225709561	0.9999074519582768	0.000238675807216943
2459171.2264042823	1.000158633200211	0.00023854986085163985
2459171.227099016	0.9999518663343975	0.00023856630881996516
2459171.2277937485	1.0006142647385816	0.00023860007182253772
2459171.228488482	1.0000350218682705	0.00023855868713022624
2459171.2291832035	0.9998268904045753	0.00023854503503016342
2459171.2298779367	1.0005168520553192	0.000238607316545231
2459171.2305726698	0.9998381495294724	0.0002386286106079381
2459171.2312674033	0.9995111651382552	0.00023845520933528003
2459171.2368252454	0.999831785126415	0.0002387648555027974
2459171.2375199785	0.9999216707930615	0.00023892629288974697
2459171.2382147005	1.0002468238223303	0.00023928495772544193
2459171.238909433	1.0004675470300783	0.00023924627146276484
2459171.2396041667	1.0001518843883717	0.00023983827189889088
2459171.2402989	1.0001695488539928	0.00023981330823642563
2459171.2680881107	0.9997407087585333	0.00024019488815898082
2459171.268782844	1.0002897094817127	0.0002394431277954692
2459171.269477577	1.000151209102996	0.00023875044422832066
2459171.2701722984	1.0001740304564848	0.00023862119028688285
2459171.2708670315	1.0002830794442508	0.0002386681852157013
2459171.2715617646	0.9999054107435662	0.00023866889471017965
2459171.272256498	0.9999938071621769	0.00023855047362763494
2459171.2729512197	1.0003753602209384	0.00023868582561609086
2459171.2736459523	1.000003196734576	0.0002385950328962685
2459171.274340686	1.0005234604084337	0.00023864502827877868
2459171.275035419	0.9998866169973253	0.0002384831337408421
2459171.2757301405	0.9998716069467511	0.00023857537033234022
2459171.276424873	1.000251935268689	0.00023851668701767328
2459171.277119607	1.000116225776276	0.00023867131648960225
2459171.27781434	1.0000071671908148	0.00023852654965275934
2459171.2785090613	0.9998638325503293	0.0002385024485426232
2459171.2792037944	1.000165137215087	0.00023851052459461774
2459171.279898528	1.0004141114860423	0.00023852533259756547
2459171.280593261	1.0005215637540796	0.00023852700133810206
2459171.281287982	1.000049510235373	0.0002384919503572204
2459171.2819827157	1.0001389956046867	0.00023861141414910873
2459171.282677449	0.9995195199622394	0.00023847030166705417
2459171.283372182	1.0002928629817909	0.00023860901751407684
2459171.284066915	0.9997277314856754	0.00023857466220180302
2459171.2847616365	1.0006880650822454	0.00023868830440495453
2459171.28545637	0.9999277972967566	0.00023856298808467888
2459171.2861511027	0.9999487227632696	0.00023850871246393606
2459171.2868458363	1.000032554356737	0.000238550271302274
2459171.2875405573	1.0003842145956607	0.00023858474231264366
2459171.2882352904	1.000473306919245	0.00023862038931960906
2459171.288930024	1.00020406404698	0.0002386543095546376
2459171.289624757	0.9999090003613387	0.00023855396245501645
2459171.2903194786	1.0000240712151756	0.00023851907443961723
2459171.2910142113	1.0003399274334281	0.0002385250267399511
2459171.291708945	1.00012052163274	0.00023861593725670505
2459171.292403678	1.000018547006377	0.0002385688724807915
2459171.2930983994	1.0003293026699092	0.0002385548999417171
2459171.293793132	1.0001155951101355	0.0002386215711694243
2459171.2944878656	1.0004077722586373	0.00023876049123455672
2459171.2951825988	1.000569003577544	0.00023857146982771596
2459171.295877332	1.0004295057291492	0.00023857585180590723
2459171.2965720533	0.9999849519783012	0.00023855009129556803
2459171.2972667865	0.9999993964288816	0.00023852168911314117
2459171.3069930156	1.0002813401361836	0.00023913557582414604
2459171.307687748	1.0002953586982286	0.00023936216666677244
2459171.3083824697	1.0002616353911329	0.00023962037857263622
2459171.3090772037	0.9999709830590725	0.00023986833596015053
2459171.336866411	0.9985813765533764	0.00024114209144007748
2459171.3375611445	1.0000600942658981	0.00023948946116551862
2459171.3382558776	1.000586384250922	0.0002387401135811088
2459171.3389506107	1.0001321124401108	0.0002385782793465151
2459171.3396453434	0.9998236911717034	0.00023861917459049996
2459171.340340065	1.0003668744235028	0.0002386670314508782
2459171.341034798	1.0000395423116497	0.00023855726720221118
2459171.341729531	1.0002721834350272	0.00023863866058691734
2459171.3424242637	0.9999265975728605	0.0002386037304888108
2459171.3431189856	1.000153496613026	0.00023874267693433783
2459171.3438137188	1.000019880758429	0.0002384790223484756
2459171.344508452	0.9999828012279857	0.00023854112635933675
2459171.345203185	1.0001508447254903	0.00023853292003012968
2459171.3458979065	0.9999185313272553	0.00023865508874445907
2459171.3465926396	1.0001474301556963	0.00023852134593358004
2459171.347287372	1.000056452191825	0.00023860126715644938
2459171.347982106	1.00094410298753	0.00023891048200623758
2459171.3486768273	1.0002901927819157	0.00023851661443779552
2459171.34937156	1.0004124958027636	0.00023853708289963473
2459171.350066293	1.0011683811601741	0.00023890038473973
2459171.350761026	1.0003852947153993	0.0002386212204954833
2459171.351455748	1.0001890810868548	0.00023861220196926791
2459171.3521504807	1.0002422321106994	0.00023853438962684337
2459171.3528452143	1.0005531135908698	0.0002386841263032404
2459171.353539947	1.0002607504789127	0.00023866115361317663
2459171.35423468	1.0003275337047626	0.00023862323253014023
2459171.3549294015	1.0004769947067802	0.00023859838727971036
2459171.3556241347	1.0001385174035817	0.00023856161012425814
2459171.3563188678	1.0003502827725745	0.0002386355155745707
2459171.3570136004	1.000129691231795	0.00023851662928604076
2459171.357708322	1.0002271550573543	0.0002385696518791032
2459171.358403055	1.0000694517184991	0.00023850055302160117
2459171.359097788	1.000113502187691	0.00023855800489061394
2459171.359792521	1.0000112940018515	0.00023850803736046443
2459171.3604872427	1.0001622073913272	0.00023861489374174308
2459171.3611819763	1.000217475867074	0.0002386544363825509
2459171.361876709	1.0002746142865149	0.00023855917815223844
2459171.362571442	1.0000962980125248	0.00023857174073795763
2459171.3632661635	1.0004648764747137	0.0002387626954400806
2459171.3639608966	1.000346454399507	0.00023856709315151064
2459171.3646556293	1.0000862035841704	0.00023884019276647095
2459171.376466045	0.9995181227168317	0.000239254697646819
2459171.3778555114	0.9998884776520705	0.00023998500775143295
2459171.4056447158	0.9994209504921824	0.0002394781225387595
2459171.406339449	0.9997207316534238	0.0002395696026972276
2459171.407034171	0.9997337306535884	0.00023861135645883975
2459171.4077289035	0.9996318902740287	0.0002385907166400064
2459171.4084236366	0.999883236597655	0.00023872551519043268
2459171.4091183697	0.9998219346457528	0.00023865831732560952
2459171.409813103	0.9998246067294569	0.00023854561442703738
2459171.410507824	0.9998939494646115	0.00023911353110428498
2459171.411202557	0.9999394151617038	0.00023860319333644236
2459171.41189729	0.9999727088410579	0.00023854492411179838
2459171.412592023	0.9997028907152173	0.00023845254774106445
2459171.4132867446	1.0000833040377741	0.00023857817116208668
2459171.4139814777	1.000204936519697	0.00023855627086287972
2459171.414676211	0.9997751006644916	0.00023860663737204974
2459171.4153709435	1.0004239819918037	0.00023854707568976075
2459171.416065665	1.000008212954189	0.000238535213999341
2459171.4167603976	1.0000925315635525	0.00023849070393098298
2459171.4174551307	1.0003718032389937	0.00023853583393747708
2459171.4181498634	1.0001985883955302	0.00023853969714602086
2459171.4188445853	0.9999608031020288	0.0002385270891505582
2459171.4195393184	0.999855589490589	0.00023851955842590943
2459171.420234051	0.9997924583753108	0.00023853179939254302
2459171.420928784	0.9996079003694953	0.00023851281439961117
2459171.4216235057	0.9999706219172995	0.00023861863289595403
2459171.4223182388	1.0000011429865812	0.00023853378610900772
2459171.4230129714	0.9997686246201424	0.00023857776967150152
2459171.423707705	0.999867527842999	0.00023859585233047893
2459171.4244024265	1.0001701634930007	0.0002385747140855534
2459171.425097159	1.000266257661689	0.00023894601720526247
2459171.425791892	0.9998116435538871	0.00023847750285045953
2459171.426486625	1.0002087192234714	0.000238660835011336
2459171.427181358	1.0001941137357433	0.00023848867427962072
2459171.427876079	1.000050881577638	0.00023857723769448615
2459171.428570812	1.0001368745921362	0.00023855887628669963
2459171.429265557	1.0001148546059069	0.00023855319784020154
2459171.42996029	1.0002235753755433	0.00023857557123419359
2459171.4306550114	1.0002133202221257	0.00023854606623212782
2459171.4313497446	1.0001989269880436	0.00023857079114019374
2459171.432044477	1.000030460131662	0.00023863594066100428
2459171.4327392103	0.9996561645754944	0.00023843282070645664
2459171.433433932	1.0002970371423743	0.00023859051263200253
2459171.4438548917	0.9994036462929798	0.00023884524400275857
2459171.4445496243	1.0003844048656778	0.00023904935290751243
2459171.445244346	0.9996341755927621	0.00023916861191524943
2459171.445939079	1.0000319058449496	0.00023950261288299186
2459171.4466338116	1.000154462313107	0.00023994640505421646
2459171.474423014	0.9995896188078116	0.00023956812880919493
2459171.475117747	0.9999778312703106	0.0002395507772808233
2459171.47581248	0.9999450140237025	0.00023860851825533797
2459171.476507201	0.9997227178460164	0.00023857360456335278
2459171.477201934	1.0001477597085202	0.00023868172576617023
2459171.477896667	1.0001103199882657	0.0002386749577806443
2459171.4785914	1.000195372379019	0.00023864102066908482
2459171.4792861324	1.0001955685926551	0.00023863893857420696
2459171.4799808543	1.0002204259395848	0.00023863528028743728
2459171.4806755874	1.0000881053940087	0.00023852540341983105
2459171.48137032	1.0005318873508997	0.0002388026189331227
2459171.482065053	1.0003492017519495	0.00023852412528687167
2459171.482759774	1.0001066409892059	0.0002396692041208318
2459171.4834545073	1.000240352566569	0.00023856422210239269
2459171.48414924	0.9998944725228524	0.00023849281774516022
2459171.4848439735	1.0000052733154596	0.00023852350302838013
2459171.485538695	1.0003398066745472	0.00023859087281052674
2459171.486233427	1.0003227148078326	0.00023867393192829895
2459171.4869281603	1.000156716449741	0.00023852362558223405
2459171.4876228934	0.9998840392747539	0.0002384976140490522
2459171.488317615	1.000106259532624	0.0002385372284744696
2459171.489012347	0.999925382364855	0.00023850112013902483
2459171.4897070806	1.0000116192949473	0.0002385918849635542
2459171.4904018133	0.9999364829900425	0.00023861592956817695
2459171.4910965348	0.9993495277895097	0.00023848317396920867
2459171.491791268	1.0001106599740588	0.0002385584089305379
2459171.4924860005	0.9996795001709062	0.00023848293905686158
2459171.4931807336	1.0001527584086705	0.00023861011069553555
2459171.4938754546	0.9998012945860555	0.00023862490824517015
2459171.494570188	1.0000900033650897	0.00023898128766591456
2459171.4952649204	1.0002503179827817	0.0002385796973730159
2459171.4959596535	1.0001302794860552	0.00023850016516400945
2459171.4966543866	1.0003792549274908	0.0002385819283802086
2459171.497349108	1.0003215801133065	0.00023854615087457975
2459171.4980438408	1.0001648697681915	0.0002385813745634695
2459171.4987385734	1.0000209148125565	0.00023861794687059476
2459171.499433307	1.0002904877200431	0.00023854931855949804
2459171.500128028	0.9998495874262124	0.00023845145972417326
2459171.5008227606	1.0002048661063534	0.00023866278446866917
2459171.5015174937	1.0001171594410636	0.00023855289940465934
2459171.502212227	0.999915154986165	0.00023852986079018814
2459171.5029069483	0.9999024671963421	0.0002385062778988321
2459171.5036016805	1.000177014271933	0.0002385581416121595
2459171.5042964136	0.9997690087161214	0.00023852269348945512
2459171.5091595207	0.9997279678856364	0.00023862222250891705
2459171.509854254	0.9998292603528411	0.00023867918678634154
2459171.510548987	1.0000025318169965	0.00023907691112198842
2459171.511243719	0.9998789247030134	0.0002387535513326638
2459171.511938441	1.000085016883322	0.00023895883118492593
2459171.5126331737	0.9995342067464229	0.00023890866735272427
2459171.513327907	1.0002185883034143	0.00023911398216513004
2459171.5140226395	0.9998729995616911	0.00023930432134640806
2459171.514717361	0.9999609062291108	0.00023953842514110306
2459171.515412094	1.0000523026512123	0.0002398098697625898
2459171.5438960264	0.9999929950552775	0.00023987642290764595
2459171.5445907586	1.0002253643424286	0.0002386089087837995
2459171.54528548	0.9996974847171713	0.00023865372962467388
2459171.545980213	1.000006056061519	0.00023867062602434626
2459171.546674946	1.000094057084061	0.00023856097509647445
2459171.5473696785	1.0000004873859052	0.00023855509882875805
2459171.5480644	0.9996454834933257	0.00023861825668836927
2459171.548759133	1.0002639784550011	0.00023867540463406507
2459171.5494538657	0.9995210077105986	0.00023848114394168642
2459171.550148599	1.00016330990249	0.00023856506424044049
2459171.5508433315	0.9999715835201395	0.00023850770146230081
2459171.551538053	0.9996407882667966	0.0002385200950547445
2459171.5522327856	0.9998821172032277	0.00023855848964337144
2459171.5529275183	0.9997274192760939	0.00023850124572687162
2459171.5536222514	1.0002362128705828	0.00023869842104927715
2459171.5543169724	0.9997992130921224	0.00023851323748842564
2459171.5550117055	0.9998976423186103	0.00023847617196114747
2459171.5557064386	0.9999089556853354	0.00023848762806991824
2459171.5564011713	0.999706402299807	0.0002384870973756683
2459171.5570958923	0.9998480319134889	0.00023851266468304197
2459171.5577906254	0.9997613017460897	0.00023849757259881925
2459171.558485358	0.9997227066925924	0.0002385125292042001
2459171.559180091	0.9997684723022219	0.00023858140677780255
2459171.559874812	1.0003879639849316	0.00023861686325893355
2459171.5605695453	1.0002436806657018	0.00023861805960911968
2459171.5612642784	0.9997648637355067	0.0002384900139401973
2459171.5619590105	1.0000951373472902	0.00023862818098797865
2459171.562653732	0.9996812816077685	0.0002385657664058791
2459171.5633484647	0.9999182546403766	0.00023858764415732748
2459171.564043198	1.0002742872876327	0.00023857664653774888
2459171.5647379304	1.000128780976007	0.00023850881800433515
2459171.565432652	0.999796645707989	0.0002384916918352187
2459171.566127385	0.9994553694340064	0.00023844405252983035
2459171.566822117	1.0000708897925157	0.00023855710222945965
2459171.5675168503	1.0000016267388405	0.00023857179433371968
2459171.568211572	1.0001577257089092	0.00023854916266457775
2459171.5689063044	1.0000681467076515	0.00023855067650468061
2459171.569601037	0.9997204865048366	0.0002385550369046098
2459171.5702957697	1.0000329423139782	0.0002385251451389061
2459171.5709904917	0.999392142449919	0.00023852619690774973
2459171.5716852243	0.9999682812639701	0.0002385309014651283
2459171.572379957	0.999595417624756	0.00023851890987889495
2459171.57307469	1.0001435072966336	0.0002385664539180246
2459171.5737694227	0.9999895037924339	0.00023857103477665278
2459171.5744641437	0.9999618057022969	0.00023849667969705332
2459171.575158877	0.999295263425587	0.00023848570122196475
2459171.5758536095	1.0001623436784546	0.00023854371131235122
2459171.5765483426	0.9999634068805772	0.0002385134195109695
2459171.5772430636	1.0003619592497537	0.0002386602284086479
2459171.5779377967	0.9997095312501694	0.00023852484485650823
2459171.5786325294	0.9999634913231539	0.00023894437507322773
2459171.579327262	0.9998608584813018	0.00023874303518527893
2459171.5800219835	0.9999442720773077	0.00023877172521916132
2459171.580716716	1.0001612888724571	0.00023894451922464992
2459171.5814114492	0.9998972099742433	0.00023919290062489071
2459171.5821061814	1.0001155733129383	0.00023909757344048825
2459171.5828009034	1.0002402800542993	0.00023964630425492636
2459171.583495636	1.0001966394831308	0.00023947853588794293
2459171.611979565	0.9995699896620779	0.00024012514423959208
2459171.612674298	1.0003492368777058	0.00023952236787748955
2459171.613369031	1.0000913637233328	0.00023862248574802337
2459171.614063752	0.9996103928991343	0.00023870700108473915
2459171.614758485	0.9999729551531643	0.00023863860638702564
2459171.6154532176	0.9997002476045858	0.00023855739542827574
2459171.6161479503	0.9999571263659964	0.00023857062994312256
2459171.6168426718	0.9998624713959271	0.00023858237615004968
2459171.6175374044	0.999940868746722	0.0002385127117225532
2459171.6182321375	0.9999356685198548	0.00023854389515396953
2459171.6189268697	1.0001754604078612	0.00023860479237474108
2459171.6196215916	1.000360936005235	0.00023901221009313008
2459171.620316324	1.0001157708953652	0.00023863762060645426
2459171.621011057	0.9992100636193033	0.00023849476388971283
2459171.6217057896	0.9993369543336376	0.00023846751495582323
2459171.622400511	1.0001165995270924	0.00023865761204236842
2459171.6230952437	0.9997489510724925	0.000238531658294873
2459171.6237899764	0.9997721649507	0.0002385354281084513
2459171.6244847095	0.9997025378876321	0.0002385849674780771
2459171.62517943	0.9999717837993761	0.0002386256860207478
2459171.625874163	0.9998351404129582	0.00023870870966579227
2459171.6265688958	1.0004765826467363	0.00023861934285880263
2459171.627263629	0.9998002155082497	0.00023861033566298473
2459171.62795835	0.9996046937446467	0.00023851073243284193
2459171.6286530825	1.0001143885481492	0.00023859708454507906
2459171.629347815	0.9994811714592122	0.00023850625960909462
2459171.6300425483	0.9999040627355591	0.00023953379302409566
2459171.6307372693	0.9995142436537349	0.00023857374599217318
2459171.6314320024	0.9998405085703022	0.0002385380560991252
2459171.632126735	0.999874638824144	0.00023855782814741515
2459171.6328214677	1.0004589316024157	0.0002386167562502287
2459171.6335161887	0.9997018787677073	0.0002384756267559092
2459171.6342109214	0.999833832698303	0.00023857116454596033
2459171.6349056545	0.9994337859672217	0.0002385615470942191
2459171.635600387	0.99978507737865	0.00023856940006226917
2459171.636295108	1.0000496805055314	0.00023861921700295505
2459171.6369898412	0.9997346163306394	0.0002386248370051599
2459171.637684574	1.0001718720583241	0.00023869490126265822
2459171.6383793065	0.9997614490499951	0.00023859775467794875
2459171.639074028	1.0006226409446153	0.00023890038449373072
2459171.6397687607	1.0000506206272537	0.00023883926132396206
2459171.6404634933	1.0000675505766	0.0002385679686986966
2459171.641158226	1.0004231208922973	0.00023860741263108149
2459171.6418529474	0.999941585801383	0.0002385694007444542
2459171.64254768	0.9997032048799501	0.00023862819310842796
2459171.6432424127	0.9997383469401585	0.00023851249181075157
2459171.643937146	0.9994745307498275	0.0002385150046393504
2459171.644631867	1.0001238191726216	0.00023863892857912348
2459171.6453265995	0.9996802852618313	0.000238549278729641
2459171.646021332	0.9998388277795519	0.00023848646931498783
2459171.6467160652	1.0000410329965312	0.0002386261594045242
2459171.647410798	0.9997272272818417	0.0002387509504952713
2459171.648105519	1.0003148155529582	0.00023914855706866565
2459171.648800252	1.000000832594385	0.00023876335015008337
2459171.6494949847	0.9999859159918318	0.00023893714574600136
2459171.650189717	0.9997462194665141	0.00023890631168965216
2459171.6508844383	1.0000160866815915	0.00023915632702808059
2459171.6515791714	1.0000165664741723	0.0002394033582813286
2459171.652273904	1.000476584869533	0.0002403302027336228
2459171.680757842	0.9998448795200107	0.00024027353456065507
2459171.681452563	0.9997892828708207	0.00023927126546261285
2459171.6821472957	0.9999270760559397	0.0002386786047365745
2459171.6828420283	0.9999233573640586	0.0002387121252469785
2459171.683536761	0.9999863218757401	0.00023867134238481343
2459171.6842314824	0.9993624782559088	0.00023848157246809322
2459171.6849262146	1.0000938381145021	0.0002386402100617962
2459171.6856209477	1.000625497523808	0.0002386640631978743
2459171.6863156804	1.000190603208424	0.0002386094281423977
2459171.6870104014	1.000391317563445	0.00023864258911202726
2459171.687705134	1.000292099727863	0.00023865045017324666
2459171.688399867	0.9995643445645656	0.0002384250033506296
2459171.6890946	1.0003343526838244	0.00023874709124478227
2459171.6897893203	1.0000618544503959	0.00023857125357899686
2459171.690484054	0.9998439629167666	0.0002385374702089274
2459171.691178786	1.000507194463338	0.0002386091386529719
2459171.6918735188	1.0006845588542364	0.00023867900694710462
2459171.69256824	1.000204323101904	0.00023854194426430368
2459171.693262973	1.000024438626795	0.00023850800741802907
2459171.6939577055	1.0001435700723387	0.00023859929756300815
2459171.694652438	1.0000360215087594	0.00023851871149546723
2459171.695347159	0.999830469657199	0.00023851085015507908
2459171.696041892	1.000993082495442	0.0002394896295094822
2459171.696736625	1.0001485882231305	0.00023865794452647426
2459171.6974313576	1.0003245113626444	0.00023861099921270812
2459171.6981260786	1.0002819848774263	0.00023863994556474617
2459171.6988208117	0.9998105839840218	0.00023845430314310402
2459171.699515544	0.9997212737669628	0.00023860656804115975
2459171.700210277	1.0001071505931975	0.00023858056295712784
2459171.7009049975	0.9996379934297169	0.00023847752027515546
2459171.7015997306	0.9998622946542904	0.000238515993048825
2459171.7022944633	1.000120231922325	0.0002385170048534764
2459171.702989196	0.9998804236796457	0.00023852031564133917
2459171.7036839286	0.9999373716712643	0.00023855355498027017
2459171.7043786496	0.999560828023971	0.0002384864964406483
2459171.7050733822	1.0000321864997892	0.0002385726428512364
2459171.705768115	1.000043240349718	0.00023884606247716618
2459171.706462848	0.9998361834251913	0.0002385770354268928
2459171.7071575685	0.999793367390405	0.00023850852711704838
2459171.7078523017	1.000380680230939	0.00023877260982201653
2459171.7085470343	0.9998688494028276	0.00023855780839885429
2459171.709241767	0.9996795417324221	0.00023853897089618043
2459171.709936488	0.9999360291494177	0.00023859415723908835
2459171.7106312206	1.0000833311128356	0.00023857604412085823
2459171.7113259537	0.999804637393015	0.00023853289396421162
2459171.712020686	1.000081867071046	0.00023851942324602698
2459171.7127154074	0.9999985114685742	0.00023855541867151618
2459171.71341014	1.0002992372568669	0.00023864088821363717
2459171.7141048727	0.9997958827083736	0.0002385890150576517
2459171.7147996053	1.0004679378669648	0.00023860673408971963
2459171.7154943263	0.9996073742768101	0.00023857773975092194
2459171.7161890594	1.0004484216717566	0.0002388339122523067
2459171.7168837916	0.9999128171030406	0.00023893286784807473
2459171.7175785247	1.000155070204433	0.00023885276492878504
2459171.7182732453	0.9999789584676612	0.0002389116048721592
2459171.7189679784	1.0000366740466582	0.0002390347084880298
2459171.719662711	1.0004870227634484	0.00023931023098564612
2459171.7210521647	1.0003557288629912	0.00023984069393561018
2459171.7495360887	1.0003233575129147	0.000239686876719661
2459171.750230821	1.0002094674591182	0.00023909310657232435
2459171.7509255535	0.9999759221665406	0.0002386695122397806
2459171.751620286	1.0002142168976382	0.00023869518742057632
2459171.752315007	1.0001310326846413	0.0002387421176489921
2459171.75300974	0.9998638956526668	0.00023851065787349607
2459171.7537044724	0.9997848227228777	0.00023861259144720924
2459171.754399205	1.000218966432226	0.00023863892127694102
2459171.755093926	1.0000601402954132	0.0002385495793072268
2459171.7557886587	1.000024252640538	0.00023850995306728934
2459171.7564833914	1.000046914352492	0.00023855710299525688
2459171.7571781245	0.9999955296280048	0.0002385159404692309
2459171.757872845	0.9998872248343882	0.0002387582794735812
2459171.7585675777	1.000068040161012	0.00023853460528886175
2459171.7592623103	0.9999855117601162	0.00023857358999029965
2459171.759957043	1.0003560794947497	0.00023859573208270484
2459171.760651764	0.9999137848138615	0.00023848130282301975
2459171.7613464966	0.999859526475423	0.00023848451875397957
2459171.7620412298	0.9998976962077928	0.0002384614537491055
2459171.762735962	0.9999305414552293	0.00023864101497077768
2459171.7634306946	1.0000534995002166	0.00023926588394628935
2459171.7641254156	0.9999287665438239	0.0002385263479150779
2459171.7648201482	0.9999700491098201	0.00023867711164338336
2459171.765514881	1.0004062598447072	0.00023864530352573165
2459171.7662096135	1.000409053259443	0.00023865545819805873
2459171.766904335	0.9997019530462475	0.0002385333274392012
2459171.767599067	1.0002450916842505	0.00023854017057283011
2459171.7682938	0.9999934185706227	0.00023853585383858052
2459171.7689885325	1.0002538200767321	0.0002385741961851161
2459171.769683254	0.9996028731349007	0.00023853452601092472
2459171.770377986	1.0000015161613138	0.00023854830355348586
2459171.771072719	1.0004131525948212	0.00023857516135016504
2459171.7717674514	1.0000934675405089	0.00023849867999915585
2459171.7724621724	1.0000475267339788	0.00023854271782549607
2459171.773156905	1.0002604040745662	0.00023898485950206487
2459171.7738516377	0.9995853185093521	0.0002384604428615319
2459171.774546371	1.0003246710232228	0.00023862648705198002
2459171.7752410914	1.0000965482958806	0.0002386641316038893
2459171.775935824	0.9998694735654192	0.00023849579420039403
2459171.7766305567	0.9997727957791629	0.0002385512076340445
2459171.7773252893	0.9998678672895644	0.0002385584818276088
2459171.7780200103	0.9999704052487768	0.00023853932297107744
2459171.778714743	0.9998580400408686	0.00023853913116192923
2459171.7794094756	0.9996549823953106	0.0002385019375117032
2459171.7801042083	0.9997256242008009	0.00023856545346148295
2459171.780798941	0.9999282630051362	0.00023849943450781073
2459171.781493662	0.9996604572155506	0.0002385332472918618
2459171.7821883946	0.9996571723395273	0.00023849568770329129
2459171.7828831268	0.9997903530792827	0.00023856712827678784
2459171.78357786	0.9997586078900804	0.0002385298700574853
2459171.784272581	1.0003084893511391	0.00023865809715284351
2459171.784967313	0.9999621243595878	0.0002387794471229531
2459171.7856620457	0.9995780102633817	0.00023866455599826338
2459171.786356779	0.9995265786537619	0.00023873321143829757
2459171.7870515	0.9995272975149018	0.00023885195960536343
2459171.787746232	0.9999713706076011	0.00023895134157069585
2459171.788440965	0.9998519407846068	0.00023915415803308845
2459171.7891356973	0.9999998369933466	0.00023941689877891688
2459171.7898304183	0.9999776922291346	0.00023961294725129321
2459171.818314339	1.0000075182849646	0.00023977529081966833
2459171.819009071	0.9997543006310031	0.00023898751989393023
2459171.819703804	0.9997471547507455	0.00023865640548017232
2459171.8203985365	0.9997760288904215	0.0002387686960233041
2459171.8210932575	0.999754508711219	0.000238562923917329
2459171.82178799	1.0000921263199827	0.0002386485901213221
2459171.822482723	0.9996797988718634	0.0002385689620471695
2459171.8231774555	0.9997998114040438	0.00023854628986916477
2459171.823872176	1.000245989374103	0.0002386308565830196
2459171.8245669086	1.0000951988601416	0.00023854248807900493
2459171.8252616413	1.0004830346516578	0.00023860824339002923
2459171.825956374	1.0002208510309936	0.0002386853135500362
2459171.826651095	1.000329592651716	0.00023869585199546488
2459171.8273458276	1.0000970128172155	0.0002385344732086154
2459171.8280405602	1.0003082723530552	0.00023861747713131056
2459171.8287352924	1.0000209402544722	0.00023856605060330085
2459171.8294300134	1.0005703072250238	0.00023857100881309736
2459171.830124746	1.0001728190546522	0.0002384864729366219
2459171.8308194787	1.000582652580688	0.00023872589876838983
2459171.831514211	1.0000937871875897	0.00023908830982409502
2459171.832208944	0.9998997170831591	0.0002385708814190497
2459171.832903665	0.9998765751347014	0.00023865576238426948
2459171.833598397	0.9997954782379731	0.0002385921838083272
2459171.83429313	1.000249682036997	0.00023862415230184938
2459171.8349878625	0.9999980072741435	0.00023856227131826896
2459171.8356825835	1.0001790927372836	0.00023854708289316133
2459171.8363773157	0.9999056743100374	0.0002384941676148655
2459171.8370720483	0.9999461215748754	0.0002385536269648214
2459171.837766781	0.9998425719143627	0.00023850884005334146
2459171.838461502	0.9996252967375465	0.00023853833539222736
2459171.8391562346	0.9997626330745079	0.00023847732255704516
2459171.8398509673	0.9998695633530708	0.00023852161281149702
2459171.8405457	0.9999038905137463	0.00023852755773440983
2459171.8412404205	0.9999434575354086	0.0002385688843815246
2459171.841935153	0.9999378885766439	0.000238595921179473
2459171.8426298858	1.000544672766707	0.00023856449604339682
2459171.8433246184	1.0000411207151922	0.00023855546295701912
2459171.8440193394	1.000126514741403	0.00023868548650260408
2459171.844714072	0.9999873080802755	0.00023853061145098236
2459171.8454088047	1.0002516092921983	0.00023862424830799209
2459171.846103537	0.9998606532898258	0.00023855211918648628
2459171.846798258	1.0002839471935976	0.00023860022117318602
2459171.8474929905	0.9997295753358011	0.00023850186909635376
2459171.848187723	1.0001501518561469	0.00023858201200505403
2459171.8488824554	1.0000058248330732	0.00023858561674473295
2459171.849577177	1.000224324541568	0.00023855448926759303
2459171.8502719095	1.0003505268613626	0.00023863428532602455
2459171.8509666417	1.000299236542063	0.00023857728682338936
2459171.8516613743	0.9999574801772282	0.00023851041269620552
2459171.852356107	1.00053180959161	0.00023860682670664407
2459171.853050828	1.0000699869756502	0.0002386223684255894
2459171.85374556	0.9999431702076138	0.00023911176668777755
2459171.8544402933	0.9999819587616191	0.00023871831655683558
2459171.8551350255	0.9999190326444983	0.00023875464135733035
2459171.8558297465	0.9995863092287659	0.0002388063448956476
2459171.856524479	0.9997391635488354	0.00023895895292456946
2459171.8579139444	1.0004692322559912	0.00023988201618114593
2459171.858608665	1.000010316886689	0.0002404037282231949
2459171.8870925824	1.000173568836052	0.0002398825534209652
2459171.887787315	0.999812346152016	0.0002388744314609839
2459171.8884820477	0.9995919720842916	0.00023862957393731434
2459171.8891767804	0.9995877244017669	0.00023866454495257406
2459171.8898715014	0.999937544664477	0.00023870184650703856
2459171.8905662335	1.0004196760347501	0.00023864389979267583
2459171.8912609774	1.0000920595521656	0.00023864506325950574
2459171.8919556984	1.0003238097356413	0.00023863941664314697
2459171.892650431	0.9997970915398355	0.00023846287805038782
2459171.8933451637	1.0000124412722253	0.00023852353705936416
2459171.8940398963	0.9996035290682757	0.0002385036480307733
2459171.8947346285	1.000232617862828	0.000238554489799193
2459171.8954293495	1.000239593930853	0.00023863328094228745
2459171.8961240817	0.999672045206693	0.00023844641623868356
2459171.8968188143	1.0002920537697375	0.00023854651108908502
2459171.8975135465	1.0007088962774344	0.00023857196628344457
2459171.898208268	0.9999902981690787	0.00023853475134229832
2459171.8989030006	1.0003171152607737	0.000238508548910045
2459171.899597733	1.0002526432513057	0.00023853556760218805
2459171.9002924655	1.0002061833533291	0.00023856311501890457
2459171.9009871976	0.9997752117297941	0.00023853059674348303
2459171.9016819187	1.0003688076497832	0.0002385566205133469
2459171.902376651	1.000329474865108	0.00023869550192936044
2459171.903071384	0.9998494842715352	0.00023855165401781138
2459171.903766116	1.0001712767559192	0.00023861957179060472
2459171.904460837	1.0002153884340599	0.000238566043098818
2459171.90515557	0.9998886378832489	0.00023849269998318319
2459171.905850302	0.9998427560276639	0.00023852861225852074
2459171.9065450346	0.9995240045699213	0.00023849733640096598
2459171.907239755	0.9993007404394538	0.00023844423259644203
2459171.907934488	0.999414172713219	0.00023840097462031045
2459171.9086292204	0.9987676356433578	0.00023844796032092784
2459171.909323953	0.998216274797388	0.0002382967781853973
2459171.9100186736	0.9982121205806707	0.00023837942790007596
2459171.9107134063	0.9974529197830257	0.0002382933055060187
2459171.911408139	0.9965585022284447	0.0002381272130815299
2459171.912102871	0.995988082720322	0.00023809363046550897
2459171.912797592	0.9955478592665522	0.0002380745973628841
2459171.9134923248	0.9953446330771976	0.0002379847057521421
2459171.914187057	0.994442226830496	0.00023791802708745933
2459171.914881789	0.9942111244417167	0.0002378721752811983
2459171.9155765222	0.9940412426729983	0.0002378373452095294
2459171.9162712432	0.9931524575635813	0.00023771275804955336
2459171.9169659754	0.9922538351217536	0.00023764597309567883
2459171.917660708	0.9919525316627831	0.00023765077722361433
2459171.9183554403	0.9913601613573924	0.00023751929466501423
2459171.9190501613	0.9912374882870146	0.0002375458004375743
2459171.9197448934	0.9905290971434515	0.00023742214056912786
2459171.9204396266	0.9905002755379599	0.00023744114767871677
2459171.9211343587	0.9901918315026063	0.0002376880859308418
2459171.9218290793	0.9895170356656888	0.00023741781486800678
2459171.922523812	0.989213069828104	0.00023755182108371417
2459171.9232185446	0.9893697191611026	0.00023744752547418771
2459171.923913277	0.9891403610668525	0.00023758638741892355
2459171.9246079978	0.9890983821185525	0.00023758884721154975
2459171.9253027304	0.9891836245966725	0.000237764317081531
2459171.9259974626	0.9890203063646067	0.00023795211437830169
2459171.9266921952	0.9887792347432691	0.0002381898450959636
2459171.9273869162	0.9890580523867979	0.00023861644360359646
2459171.955870831	0.9865790542935348	0.00023868521223277645
2459171.956565563	0.9866063300449254	0.00023718649179267547
2459171.957260296	0.98626433371821	0.00023703313668643536
2459171.957955028	0.9868976697497959	0.00023746007317476672
2459171.958649749	0.9863348576238111	0.000237044893904249
2459171.9593444816	0.9869452128485662	0.0002371243305665098
2459171.9600392138	0.9862536192683669	0.00023697742681597856
2459171.960733946	0.9863104224778603	0.0002369747818587054
2459171.961428667	0.9870949668523696	0.00023724471852108622
2459171.9621234	0.9862492421625334	0.00023689505622276534
2459171.962818132	0.9862814884462389	0.00023686907368964703
2459171.9635128644	0.9865038792691343	0.00023694430250728075
2459171.9642075854	0.9863200195676013	0.00023695062413476073
2459171.9649023176	0.9862264370017852	0.0002369118042371428
2459171.96559705	0.9861071908881772	0.0002368350089762932
2459171.9662917824	0.9863445241828538	0.00023691278558492815
2459171.9669865035	0.9868687924470347	0.0002369310372230726
2459171.9676812356	0.986578358846906	0.0002369478809756961
2459171.9683759683	0.9863337347972744	0.0002370354236478139
2459171.969070701	0.986277070044443	0.00023703386355654237
2459171.9697654215	0.98616867472112	0.00023691866774407905
2459171.9704601537	0.9861504818986586	0.0002369043806660633
2459171.9711548863	0.9859998092913829	0.00023695551962143796
2459171.9718496185	0.9864980190091582	0.0002370290771436608
2459171.9725443395	0.9862326876637478	0.00023705966926241073
2459171.973239072	0.9864928292379072	0.00023699338451531695
2459171.9739338043	0.9862456636617962	0.000236971357794699
2459171.974628537	0.9860893233592366	0.00023698051480033406
2459171.9753232575	0.9861940757010913	0.00023689919161587407
2459171.97601799	0.986129921009849	0.00023694132334213828
2459171.9767127223	0.9861592027033828	0.00023689895501124362
2459171.977407455	0.9859274544879889	0.0002369193256830374
2459171.978102187	0.9863277916452803	0.00023691385825507153
2459171.9787969077	0.9860681796172032	0.0002369677129644578
2459171.979491641	0.9857912908235467	0.0002369264764729795
2459171.980186373	0.9857109303746765	0.00023719690741624876
2459171.980881105	0.9859963384617367	0.0002372325174925609
2459171.981575826	0.9861792039033693	0.00023701164251619625
2459171.982270559	0.9861509027365268	0.00023690918680782823
2459171.9829652905	0.9860793295805192	0.0002369005004343139
2459171.983660023	0.9861226560177908	0.00023689104554052811
2459171.9843547447	0.9858459592308798	0.00023689854088562967
2459171.9850494764	0.9862998768611136	0.00023694058276832624
2459171.985744209	0.9859090085144538	0.00023692605876537908
2459171.9864389417	0.985828383648003	0.00023688786621923257
2459171.987133662	0.9859855988010562	0.00023694881863443868
2459171.9878283944	0.9857227637088091	0.00023686414948324229
2459171.988523127	0.9856757423113441	0.00023685027953305793
2459171.989217859	0.9860054024832147	0.0002368983408298188
2459171.9899125802	0.9860144120476731	0.00023694617311195726
2459171.990607313	0.9859164649572205	0.00023701381688576078
2459171.991302045	0.9866529638434199	0.00023726758967202027
2459171.9919967777	0.9861780352354311	0.0002371041859468246
2459171.9926914982	0.9860248390677289	0.00023727738375255392
2459171.9933862304	0.9860398844675017	0.0002372783211178256
2459171.994080963	0.9860226417474738	0.00023743046766067845
2459171.9947756957	0.9864588305027415	0.00023768606597606234
2459171.9954704163	0.9860926071904346	0.0002378802381422512
2459172.0232596076	0.9868920013067625	0.0002384704628665926
2459172.023954328	0.9871668073427486	0.00023819192966921318
2459172.0246490603	0.9873650957679969	0.0002382460910719087
2459172.0253437925	0.986971880898481	0.00023716569123137133
2459172.026038525	0.9870942804523312	0.00023714613203860017
2459172.026733246	0.9872868066469894	0.00023711784776681594
2459172.027427978	0.9875691956408311	0.0002371278947067049
2459172.028122711	0.9876035500112382	0.00023719297075645659
2459172.0288174427	0.9879341116882976	0.00023732225511976653
2459172.0295121637	0.9872813756600787	0.00023711847062829087
2459172.030206896	0.987327903889578	0.00023705449849097625
2459172.0309016285	0.9880336337450473	0.00023717567033002305
2459172.031596361	0.9878231781790721	0.0002370221868855882
2459172.0322910813	0.9878911838430404	0.00023712960841843164
2459172.032985814	0.9878414001845494	0.00023767147731904815
2459172.033680546	0.9876555583360624	0.00023708024671719496
2459172.0343752787	0.9879382823051577	0.00023711240549244148
2459172.0350699993	0.9886319598342324	0.0002371437866873792
2459172.035764732	0.9885440178036822	0.00023726484653171197
2459172.036459464	0.9879071219281857	0.00023710494014422378
2459172.0371541963	0.9881691377425313	0.00023715799889311915
2459172.0378489173	0.9883450737685081	0.00023715376551063373
2459172.0385436495	0.988412256906072	0.00023714116034960332
2459172.039238382	0.9884503116901462	0.00023719738542117504
2459172.039933114	0.9889712683352629	0.00023732902235152535
2459172.0406278353	0.9886585678869063	0.0002372418074978325
2459172.0413225675	0.988949155910179	0.0002372740546095813
2459172.0420172997	0.9888534845939893	0.00023722764826918674
2459172.042712032	0.9897394902141585	0.00023742794432294142
2459172.043406753	0.9889606658015956	0.00023726170830125888
2459172.044101485	0.9889090907178867	0.00023734187677687215
2459172.0447962172	0.9891572024547902	0.0002373245986056208
2459172.04549095	0.989685744493806	0.00023728938535350178
2459172.046185671	0.9898052185310752	0.00023742303901797603
2459172.0468804026	0.990470814244353	0.00023739135161272737
2459172.0475751352	0.9905839670639562	0.00023743024018970025
2459172.048269868	0.9914893166976814	0.00023760974392374046
2459172.0489645884	0.9918634781334086	0.0002375618485966966
2459172.0496593206	0.9923960571955583	0.00023767886210940555
2459172.0503540533	0.9925588563435139	0.00023776391775926886
2459172.0510487854	0.9933013650251858	0.00023771651975463973
2459172.051743506	0.993684817252019	0.00023776533386295513
2459172.0524382386	0.9943353821100984	0.00023788009112871017
2459172.053132971	0.9950302665290848	0.00023801867128350334
2459172.0538277035	0.9955248400924442	0.00023800489690856477
2459172.054522435	0.9962469755645097	0.00023811641439139348
2459172.0552171567	0.9964899079658595	0.00023812025213823824
2459172.0559118884	0.9972961045652252	0.0002382566404736592
2459172.056606621	0.9971847770781214	0.00023820264589721188
2459172.057301353	0.9978974347262134	0.00023832098771117176
2459172.057996074	0.9987908987503692	0.0002384051218845032
2459172.0586908064	0.9983077811428033	0.00023840343140880661
2459172.0593855386	0.9987611460815791	0.00023860296248559885
2459172.060080271	0.9993230533658706	0.0002386808887050866
2459172.0607749918	1.0000531182635133	0.0002388469190857569
2459172.061469724	1.0000087536197464	0.00023890870201559236
2459172.0621644566	1.000270858085998	0.00023898001681762546
2459172.0628591888	0.999610486846982	0.00023904561892876467
2459172.06355391	1.0000669445527488	0.0002393955129727843
2459172.0642486415	1.0003710998018065	0.00023955455263337643
2459172.0920378184	0.9998823500967685	0.00023950694822983033
2459172.0927325506	1.0000452378328704	0.00023936894510013566
2459172.0934272828	1.0002487185930369	0.00023967562484128338
2459172.0941220038	0.999775836508197	0.0002386096890592045
2459172.094816736	0.9996311329486555	0.00023862242988109103
2459172.095511468	0.9997177021978185	0.00023864130612344926
2459172.0962062003	0.9995659532110316	0.00023847919381692943
2459172.096900921	1.0002819354242471	0.0002386106683591449
2459172.0975956535	1.0000594592846304	0.00023866510250500678
2459172.0982903857	1.0001906586408187	0.00023859710724564054
2459172.0989851183	0.9995271830948089	0.00023843105673931544
2459172.099679839	1.000118347746715	0.00023860375830346404
2459172.100374571	0.9998604268344368	0.000238509214916237
2459172.101069303	1.0001316686792108	0.00023865994893334678
2459172.1017640354	1.0000962636811392	0.00023861610412487128
2459172.1024587564	0.9993385460862818	0.00023847818650683453
2459172.1031534886	0.9999452713396636	0.00023849644487047763
2459172.103848221	0.9999658369676193	0.0002385030640270024
2459172.1045429534	1.0000155203288128	0.00023849641871976742
2459172.1052376735	0.9997662238665411	0.00023844412071930972
2459172.105932406	0.999763332184436	0.0002385449308841575
2459172.1066271383	1.0001123887198473	0.0002388145136737985
2459172.107321871	0.999577910158354	0.00023849654310750565
2459172.1080165915	0.9995510858960578	0.0002385173839527303
2459172.1087113232	1.0000282777803993	0.0002385804099748749
2459172.1094060563	0.9997395052225948	0.00023870667740897507
2459172.110100788	0.9996909210394761	0.00023855766071081096
2459172.110795509	1.0005140080821135	0.0002385860100628695
2459172.1114902413	1.0005742556921977	0.00023862614427571895
2459172.1121849734	1.0000793519362365	0.00023872577357127986
2459172.1128797056	1.0001420899853515	0.0002386166133504972
2459172.113574426	1.0005938593355386	0.00023859919203088884
2459172.114269159	1.0001736690280163	0.00023855100929723444
2459172.114963891	1.0003469800013205	0.00023858763334639392
2459172.115658623	1.0003709644480159	0.00023862190663873485
2459172.116353344	0.9998298037956748	0.00023854848459038872
2459172.1170480764	0.9999649383401736	0.00023858017263483108
2459172.117742808	1.000172285626559	0.00023858719855220786
2459172.1184375407	1.0000936430277423	0.00023860132267833293
2459172.1191322617	0.9997890350298284	0.0002385720116542852
2459172.1198269934	1.000027152914421	0.00023860986351070912
2459172.120521726	1.000243070396991	0.00023852956099112098
2459172.1212164583	1.0003711957054369	0.00023858577496082086
2459172.121911179	1.0000731763247468	0.00023863058026661976
2459172.122605911	0.9998464698521481	0.00023850114252618512
2459172.123300655	1.0000961748434163	0.0002386054551396144
2459172.123995376	1.0001054744893165	0.00023850246272984224
2459172.124690108	1.0001175633713077	0.00023859668144261869
2459172.1253848397	1.0003486844992924	0.00023860993706546006
2459172.126079573	1.000025908073139	0.00023863323909445572
2459172.1267743045	0.9999094954197538	0.00023848798653070493
2459172.1274690367	0.9997906083050203	0.00023858488582121368
2459172.1281637577	1.0002845460702925	0.0002389892228289187
2459172.12885849	1.0002859942767386	0.0002391281634636589
2459172.129553222	0.9998121229174741	0.00023876489331831765
2459172.1302479543	1.0000171911999136	0.00023891138337014844
2459172.130942675	0.9998525679175063	0.00023896545369880764
2459172.131637407	1.0004060730573958	0.00023921085109386624
2459172.1323321396	1.0001741003446354	0.00023965500284957577
2459172.133026872	1.00050258692499	0.00024032507854170458
2459172.1608160455	0.9998793654907596	0.00023969980371269471
2459172.1615107665	1.0002056260832317	0.0002394303368649426
2459172.162205498	0.999947700678237	0.00023923186617452893
2459172.162900231	0.9997289990585111	0.00023878798416422995
2459172.1635949626	1.00001516021529	0.00023865457416309381
2459172.1642896836	1.0001115141418797	0.0002386967185053035
2459172.1649844158	0.9997768688234612	0.00023850775500282225
2459172.165679148	1.0002720491423185	0.00023862578046681088
2459172.1663738796	0.9999843293688283	0.0002386834569777172
2459172.1670686007	1.0002056939956319	0.00023871335327606245
2459172.167763333	1.00022899427857	0.0002385497018332972
2459172.168458065	0.9997704487563263	0.00023862130374031074
2459172.169152797	1.0003688560510886	0.00023862068331849818
2459172.1698475177	1.0001969689006491	0.00023870742987173877
2459172.1705422504	0.9999295002454958	0.00023862152386357107
2459172.171236982	1.000112030522494	0.00023856615941674923
2459172.1719317143	0.9997223459540133	0.00023853552142806742
2459172.1726264353	0.9996828950559565	0.000238468831327011
2459172.1733211675	0.9997499688412134	0.00023845810731858895
2459172.1740158997	1.0006145756814806	0.00023857187546600972
2459172.1747106314	1.0000552637571665	0.00023857928028503335
2459172.175405353	0.9999782587277644	0.0002385162215263433
2459172.1761000846	0.9998702347937843	0.00023875736249061
2459172.1767948167	1.000021524289021	0.00023858626495949027
2459172.177489549	0.9999707819943381	0.00023887106070200046
2459172.17818427	1.0003177140719193	0.0002388967350972328
2459172.178879002	0.9999679217650418	0.0002385162645716638
2459172.179573734	0.9999187353396732	0.00023844158143466416
2459172.1802684665	1.0002231581961107	0.00023861626244952756
2459172.180963187	1.0001224631691559	0.00023861258410278117
2459172.181657919	1.0003833815605137	0.00023896391962380242
2459172.1823526514	1.0000389257332167	0.00023854334041498951
2459172.1830473836	1.0005679484453756	0.00023855722127614332
2459172.183742104	0.9999998360374628	0.00023850481313594451
2459172.1844368363	1.0000253666179664	0.00023856591618924314
2459172.185131569	0.9996672056629341	0.0002385429751880119
2459172.1858263006	1.0001344828916363	0.0002385895362976156
2459172.186521021	1.0002024106194607	0.00023861360599021532
2459172.187215754	1.000229218055972	0.00023871077492486844
2459172.187910486	0.9997831541900257	0.0002385474823252027
2459172.1886052177	1.0004816796960856	0.00023864905900338585
2459172.18929995	0.9996373996876008	0.00023853713418501936
2459172.189994671	1.000475515624146	0.00023860051492814935
2459172.190689403	1.0003386830438141	0.00023860820526130368
2459172.1913841353	1.0000378878700042	0.00023853190667119632
2459172.1920788675	1.0003660385695523	0.0002386453748717351
2459172.192773588	0.9997645535070222	0.00023847921679252888
2459172.1934683197	0.9999479797831605	0.00023853742604402372
2459172.197636702	1.0000037295601196	0.00023881281762136146
2459172.198331422	1.0001094725440338	0.0002388651945470986
2459172.1990261544	1.0003795050305353	0.00023889106601497788
2459172.1997208865	0.9999878356267732	0.00023897578315919922
2459172.2004156187	1.0001326255932212	0.0002392207930770358
2459172.2011103397	1.000201601162166	0.00023956958689433044
2459172.2018050714	0.9995769766865309	0.00023985452541181248
2459172.2295942428	0.9996073326852493	0.00024064392398331637
2459172.2302889745	1.000213076788718	0.000239389863636951
2459172.2309837067	0.9999143682593378	0.0002391430338616738
2459172.231678427	1.0003823013441104	0.00023865480888473904
2459172.2323731594	1.0001465600169215	0.00023866929479038563
2459172.233067891	0.9998302181634873	0.00023864778618749264
2459172.2337626237	1.0001315753622604	0.00023854681774326814
2459172.2344573447	1.0003022022192656	0.00023866202423968887
2459172.2351520765	0.9997302977142505	0.00023857787157607703
2459172.2358468086	1.0001163864957283	0.00023857669466999107
2459172.236541541	1.0000574491751555	0.00023851939396053056
2459172.2372362614	0.99996738461046	0.00023855680548137692
2459172.237930993	1.000122869681497	0.00023849710292128622
2459172.2386257253	1.0000265406007214	0.00023876055729965792
2459172.2393204574	0.9995932550167437	0.00023847273362525187
2459172.240015178	0.9996502643642048	0.00023854278695757022
2459172.2407099106	1.0006964525912276	0.00023869285220604896
2459172.241404643	0.9996355083996832	0.00023843165777035177
2459172.242099375	1.0000182000683897	0.0002384875437657334
2459172.242794095	0.9999736685093912	0.00023852273547879632
2459172.2434888273	1.0000516533244543	0.00023864512748969553
2459172.2441835594	0.9997859850022828	0.0002384829496786016
2459172.2448782916	1.0001288440293468	0.00023856024923297388
2459172.245573012	0.9995287636388869	0.00023858109364792193
2459172.2462677443	0.9997858003990717	0.00023855223791770832
2459172.2469624765	0.9999060933843491	0.00023858867295060588
2459172.2476572082	1.000048436460696	0.00023853956802824655
2459172.2483519292	0.9998549519511347	0.00023847486365065484
2459172.2490466614	0.9996418993575794	0.00023878002106850072
2459172.2497413936	0.999983844118938	0.0002385354546469746
2459172.2504361253	0.9997730887176164	0.00023855253902886254
2459172.2511308463	1.0000117930471102	0.0002385061033324061
2459172.2518255785	0.9999650304327784	0.0002385028529444681
2459172.25252031	1.000095413599537	0.00023857087682083825
2459172.2532150424	0.9998977966657203	0.00023852459266145447
2459172.2539097746	0.999878725239875	0.00023858296731178177
2459172.254604495	0.9999501097944284	0.00023850553627252023
2459172.255299227	0.9999871415329702	0.00023857630507940326
2459172.2559939595	0.9998839627217275	0.00023859706270491172
2459172.256688691	1.000001292194684	0.0002385063991609117
2459172.2573834118	1.0000500525553473	0.00023854924930195778
2459172.2580781444	1.0000948241179024	0.00023858768546385146
2459172.2587728766	1.0002246507255632	0.0002385725532632354
2459172.2594676088	0.9997044925357319	0.0002384770711575774
2459172.260162329	0.9996759396950481	0.0002385242073787478
2459172.267109627	1.0002001822791986	0.00023877332452366614
2459172.2678043586	1.0000472529448792	0.00023889388299924244
2459172.2684990796	1.000296476818434	0.00023902142309372847
2459172.269193812	0.9996464341591288	0.00023920233279950921
2459172.2698885435	1.0003063847341898	0.00024002218148605527
2459172.2705832757	0.9997466061336596	0.00023980294678092556
