2460909.151500247	1.0014832	0.00057414407
2460909.1528891805	1.0017767	0.0005738799
2460909.1542781144	1.0020078	0.0005736234
2460909.155667048	1.001954	0.00057354505
2460909.1570559815	1.0013262	0.0005732599
2460909.158444915	1.0021417	0.0005730543
2460909.159833849	1.0024465	0.0005728851
2460909.1612227825	1.0021368	0.0005728477
2460909.162611716	1.0014813	0.00057239685
2460909.1640006495	1.0018293	0.00057215354
2460909.1653895834	1.0010263	0.0005718397
2460909.166778517	1.0014234	0.00057169504
2460909.168167451	1.0015806	0.0005715999
2460909.1695563844	1.00145	0.0005713298
2460909.170945318	1.0016209	0.00057119987
2460909.1723342515	1.0005692	0.0005708673
2460909.1737231854	1.0026002	0.00057097076
2460909.175112119	1.0012722	0.0005705458
2460909.1765010525	1.0021876	0.0005704898
2460909.1778899864	1.0007391	0.00057014765
2460909.17927892	1.0006292	0.0005699862
2460909.180667854	1.0008926	0.0005697322
2460909.1820567874	1.0011282	0.0005697397
2460909.183445721	1.0016861	0.0005694695
2460909.184834655	1.0015048	0.00056937494
2460909.1862235884	1.0003365	0.00056899496
2460909.187612522	1.0004796	0.0005687661
2460909.189001456	1.0006545	0.00056867144
2460909.1903903894	1.0015974	0.00056872226
2460909.1917793234	1.0008866	0.00056864304
2460909.193168257	1.0008633	0.0005682773
2460909.194557191	1.001482	0.0005681958
2460909.1959461244	1.000932	0.00056803395
2460909.197335058	1.0006564	0.00056784425
2460909.198723992	1.0005666	0.0005677072
2460909.2001129254	1.0005802	0.00056750135
2460909.201501859	1.0005547	0.00056722376
2460909.202890793	1.0013871	0.0005675269
2460909.2042797264	1.0006112	0.0005671978
2460909.2056686603	1.0010166	0.0005670523
2460909.207057594	1.001828	0.0005668734
2460909.208446528	1.0012827	0.0005666228
2460909.2098354613	1.0002656	0.0005666055
2460909.2112243953	1.0009353	0.000566527
2460909.212613329	1.0021939	0.00056639966
2460909.214002263	1.000327	0.00056598906
2460909.2153911963	1.0014926	0.00056623115
2460909.2167801303	1.000901	0.00056601845
2460909.218169064	0.9997907	0.00056562736
2460909.219557998	1.000246	0.0005656175
2460909.2209469313	1.0002916	0.0005655488
2460909.2223358653	1.000812	0.0005655165
2460909.2237247988	1.000272	0.00056515157
2460909.2251137327	1.0002501	0.0005651522
2460909.2265026662	1.0009414	0.00056525395
2460909.2278916	1.0004704	0.00056522887
2460909.2292805337	1.0005838	0.00056509936
2460909.2306694677	1.0002704	0.0005647809
2460909.232058401	1.0008818	0.0005650737
2460909.233447335	1.0008284	0.0005646331
2460909.2348362687	1.0005673	0.0005646531
2460909.2362252027	1.0009568	0.0005646303
2460909.237614136	1.0002362	0.00056435115
2460909.23900307	1.0014545	0.0005645464
2460909.2403920037	0.99965453	0.0005642214
2460909.2417809376	1.0006657	0.00056422566
2460909.243169871	1.000442	0.00056415657
2460909.244558805	1.0007303	0.0005638557
2460909.2459477386	1.0005429	0.00056394655
2460909.2473366726	1.0009754	0.0005639568
2460909.2487256066	0.9998588	0.0005638407
2460909.25011454	1.0000792	0.0005638376
2460909.251503474	0.99971676	0.00056357065
2460909.252892408	1.0000793	0.00056345045
2460909.2542813416	1.0001618	0.00056361867
2460909.2556702755	1.0006672	0.00056349905
2460909.257059209	0.99963534	0.00056304113
2460909.258448143	0.99994963	0.0005629898
2460909.2598370765	1.0008363	0.0005632098
2460909.2612260105	1.000567	0.00056304876
2460909.2626149445	1.0012474	0.00056334573
2460909.264003878	1.0000489	0.0005628811
2460909.265392812	1.0011925	0.0005632504
2460909.266781746	1.0000658	0.0005627671
2460909.2681706795	0.9998067	0.000562775
2460909.2695596134	1.0006742	0.00056254875
2460909.270948547	1.0012575	0.0005629619
2460909.272337481	1.0004978	0.00056264625
2460909.273726415	1.0012957	0.0005625503
2460909.2751153484	0.9991148	0.000562302
2460909.2765042824	1.0016382	0.0005627321
2460909.2778932163	1.0004275	0.0005625494
2460909.27928215	0.99949527	0.00056216295
2460909.280671084	1.0000938	0.00056210987
2460909.2820600173	1.0002561	0.00056226645
2460909.2834489513	1.0002277	0.0005622873
2460909.2848378853	1.0010247	0.00056230964
2460909.2862268193	1.0007088	0.00056209974
2460909.287615753	1.0005786	0.000562166
2460909.2890046868	1.0016558	0.00056219776
2460909.2903936207	0.9998203	0.000562038
2460909.2917825542	1.000831	0.0005620096
2460909.293171488	1.0007635	0.0005619414
2460909.294560422	0.99960065	0.00056182954
2460909.2959493557	1.0006306	0.0005617189
2460909.2973382897	0.9998707	0.00056180294
2460909.2987272236	1.0003407	0.00056184595
2460909.3001161576	1.0009923	0.00056170847
2460909.301505091	1.0009929	0.00056168967
2460909.302894025	1.0005188	0.00056146755
2460909.304282959	1.0000283	0.0005617066
2460909.305671893	1.0012771	0.00056151
2460909.307060827	1.0007913	0.00056153716
2460909.3084497605	1.0003831	0.0005613519
2460909.3098386945	1.0003495	0.0005612305
2460909.311227628	1.000948	0.0005614617
2460909.312616562	1.0009531	0.0005615018
2460909.314005496	1.001039	0.00056139193
2460909.31539443	1.000281	0.000561203
2460909.3167833635	1.0009785	0.0005612142
2460909.3181722974	1.0002973	0.00056108274
2460909.3195612314	1.0012276	0.0005610981
2460909.3209501654	1.0004294	0.00056095456
2460909.322339099	0.9991092	0.00056073506
2460909.3237280333	1.0000207	0.000560927
2460909.325116967	1.0004421	0.00056090084
2460909.326505901	0.99962944	0.00056074344
2460909.327894835	1.0000082	0.0005608148
2460909.329283769	1.0007735	0.00056069845
2460909.3306727023	0.9993907	0.0005605903
2460909.3320616363	0.9999368	0.0005604921
2460909.3334505702	0.99998957	0.0005603817
2460909.334839504	1.0006088	0.00056050724
2460909.3362284377	1.0011978	0.0005605017
2460909.3376173717	1.0008038	0.0005605426
2460909.3390063057	1.0007434	0.0005603677
2460909.3403952396	1.0002207	0.0005602966
2460909.341784173	1.0003526	0.00056027435
2460909.3431731076	1.0006145	0.000560244
2460909.344562041	1.0015675	0.0005602823
2460909.345950975	1.000303	0.0005600798
2460909.347339909	0.99960804	0.00055984483
2460909.348728843	0.9999465	0.0005598928
2460909.3501177765	1.0008086	0.0005599355
2460909.3515067105	1.0005355	0.00055978616
2460909.3528956445	1.0000547	0.0005597156
2460909.3542845785	1.0003932	0.00055961305
2460909.3556735124	1.0006849	0.0005596582
2460909.3570624464	1.0007861	0.00055935147
2460909.35845138	0.99953336	0.0005591392
2460909.359840314	1.0008377	0.00055937696
2460909.361229248	0.99954104	0.0005589613
2460909.362618182	1.0010511	0.0005590103
2460909.364007116	1.0001885	0.0005592036
2460909.36539605	1.0000743	0.00055886986
2460909.3667849833	1.0004617	0.00055865763
2460909.3681739178	0.9997032	0.0005585291
2460909.3695628513	1.0003108	0.00055880495
2460909.3709517852	1.0001249	0.0005587025
2460909.372340719	1.0012835	0.0005587319
2460909.373729653	1.0010921	0.0005585947
2460909.375118587	0.9998455	0.0005583023
2460909.376507521	1.0008243	0.000558292
2460909.3778964547	1.0003724	0.0005581174
2460909.379285389	0.99949884	0.0005578024
2460909.3806743226	1.0010465	0.0005579531
2460909.3820632566	1.0003251	0.0005576444
2460909.3834521906	1.0009105	0.0005577386
2460909.3848411245	1.0000597	0.0005575704
2460909.3862300585	0.99983734	0.0005573783
2460909.3876189925	1.001082	0.0005575635
2460909.3890079265	0.9999318	0.00055735087
2460909.3903968604	1.0006475	0.00055724796
2460909.391785794	0.9996464	0.00055704126
2460909.393174728	0.9994299	0.00055696745
2460909.394563662	1.000451	0.00055704836
2460909.395952596	0.9999256	0.00055671757
2460909.39734153	0.9993581	0.0005564045
2460909.398730464	1.0000887	0.00055642845
2460909.400119398	1.0001007	0.0005566877
2460909.4015083318	0.99986154	0.00055635214
2460909.4028972657	1.0007763	0.0005562154
2460909.4042861997	1.0013394	0.00055624946
2460909.405675133	1.0007925	0.000556063
2460909.4070640677	0.99931693	0.00055573165
2460909.408453001	1.0007619	0.00055578497
2460909.409841935	0.9992984	0.00055552577
2460909.411230869	0.9994026	0.0005554861
2460909.412619803	0.9996281	0.0005553511
2460909.414008737	0.99936765	0.00055511435
2460909.415397671	0.99991876	0.00055511104
2460909.416786605	1.0001892	0.0005551363
2460909.418175539	0.99943197	0.0005548032
2460909.419564473	1.0008094	0.00055483304
2460909.420953407	0.99984616	0.00055471266
2460909.422342341	1.0005436	0.0005547424
2460909.423731275	0.9994118	0.00055426813
2460909.425120209	0.99970055	0.00055429555
2460909.426509143	0.99929047	0.00055405527
2460909.4278980764	1.0004048	0.00055434654
2460909.429287011	1.0000342	0.00055406714
2460909.4306759443	0.9987967	0.00055375596
2460909.4320648788	0.9999266	0.0005539394
2460909.4334538127	1.0004601	0.0005536714
2460909.4348427467	1.0001055	0.00055366714
2460909.4362316807	1.0000653	0.0005533177
2460909.4376206147	1.0002639	0.0005532489
2460909.4390095486	0.9992591	0.0005532359
2460909.440398482	1.0000682	0.00055310683
2460909.4417874166	0.99990284	0.0005528649
2460909.44317635	0.9999267	0.00055296184
2460909.4445652845	1.0000305	0.00055282435
2460909.445954218	0.99990183	0.0005525464
2460909.4473431525	0.9986525	0.00055254373
2460909.448732086	0.998952	0.00055224716
2460909.4501210204	0.9988062	0.0005521396
2460909.451509954	0.99884737	0.0005519637
2460909.4528988884	1.0001342	0.00055208395
2460909.454287822	1.0002447	0.00055216
2460909.4556767563	0.99975276	0.00055213034
2460909.45706569	1.0001652	0.0005519104
2460909.4584546243	0.9988623	0.00055140496
2460909.459843558	1.0009246	0.00055194326
2460909.4612324922	0.9996497	0.0005516039
2460909.4626214257	0.99927294	0.00055145496
2460909.6487385835	0.9992482	0.0005460305
2460909.6501275175	0.99950045	0.0005459657
2460909.651516452	0.9979659	0.0005456515
2460909.6529053855	0.9994948	0.0005461099
2460909.65429432	0.9991857	0.0005456338
2460909.655683254	0.9997885	0.0005458735
2460909.657072188	1.0004113	0.00054609915
2460909.658461122	0.9993534	0.00054570695
2460909.659850056	1.0003867	0.000546027
2460909.66123899	0.99870986	0.00054576516
2460909.662627924	0.9996637	0.00054581725
2460909.6640168577	0.9991532	0.00054562994
2460909.665405792	0.99878716	0.0005455993
2460909.666794726	0.9990448	0.0005454553
2460909.66818366	0.9986835	0.00054551504
2460909.669572594	1.0002196	0.00054570637
2460909.670961528	0.9991879	0.0005456941
2460909.672350462	1.0001764	0.00054557144
2460909.673739396	0.9997233	0.00054581894
2460909.67512833	1.0005924	0.00054575293
2460909.6765172645	0.9987868	0.000545357
2460909.6779061984	0.9999799	0.0005455014
2460909.6792951324	1.0001944	0.000545573
2460909.6806840664	0.99917173	0.00054527714
2460909.6820730004	0.9997841	0.0005453422
2460909.6834619343	0.9998413	0.00054530543
2460909.6848508683	1.0001787	0.0005451967
2460909.6862398027	1.0005641	0.00054546585
2460909.6876287367	0.9985756	0.00054497295
2460909.6890176707	0.9998162	0.0005452095
2460909.6904066047	0.9995728	0.0005452193
2460909.6917955386	0.9997545	0.00054523395
2460909.6931844726	1.0000353	0.0005451493
2460909.6945734066	1.000837	0.0005454172
2460909.6959623406	1.0004351	0.00054507924
2460909.697351275	1.0012183	0.000545515
2460909.6987402085	0.999382	0.00054485985
2460909.700129143	0.9992219	0.0005449792
2460909.701518077	0.99987215	0.0005451928
2460909.702907011	0.99918544	0.000544858
2460909.704295945	0.99935305	0.00054480124
2460909.705684879	0.9994795	0.0005449062
2460909.707073813	0.99945337	0.0005450231
2460909.7084627473	0.99877065	0.0005446118
2460909.709851681	1.0002016	0.00054492214
2460909.711240615	0.9997587	0.0005448314
2460909.712629549	0.99952185	0.00054456823
2460909.714018483	0.99885637	0.0005447013
2460909.715407417	0.9994409	0.0005444548
2460909.716796351	0.9993185	0.00054453354
2460909.718185285	0.9989504	0.0005446849
2460909.719574219	0.99978447	0.00054454023
2460909.720963153	1.0000236	0.0005448394
2460909.7223520875	1.0007023	0.00054477016
2460909.7237410215	0.9992745	0.0005444671
2460909.7251299554	1.0000393	0.0005447111
2460909.7265188894	1.0002586	0.0005447368
2460909.7279078234	1.0000677	0.00054470927
2460909.7292967574	0.9992405	0.00054451235
2460909.7306856913	0.99945474	0.00054434827
2460909.7320746253	1.0002296	0.0005445377
2460909.7334635598	0.999371	0.00054429524
2460909.7348524933	0.999966	0.0005444448
2460909.7362414277	1.0000528	0.00054425286
2460909.7376303617	0.9985859	0.0005442784
2460909.7390192957	0.9997759	0.00054417964
2460909.7404082296	0.9997425	0.0005440315
2460909.7417971636	0.99966717	0.00054405356
2460909.7431860976	1.0001577	0.0005440353
2460909.7445750316	0.9992623	0.0005442324
2460909.7459639655	1.0006701	0.0005441068
2460909.7473529	0.9997515	0.00054390426
2460909.7487418335	0.99941474	0.0005437512
2460909.750130768	1.0000277	0.0005440642
2460909.751519702	1.0004443	0.0005439383
2460909.752908636	0.99978733	0.00054393377
2460909.75429757	1.0008303	0.0005440762
2460909.755686504	0.99977523	0.0005439479
2460909.757075438	1.0006948	0.00054385135
2460909.758464372	0.99932027	0.00054376584
2460909.7598533058	1.0004338	0.0005438399
2460909.7612422397	0.9996549	0.00054361986
2460909.7626311737	0.99948835	0.0005435289
2460909.764020108	1.0003886	0.00054377475
2460909.765409042	0.99955004	0.0005436544
2460909.766797976	0.9999057	0.0005437982
2460909.76818691	0.99960756	0.00054353
2460909.769575844	0.9998785	0.00054373126
2460909.770964778	0.9996441	0.0005435448
2460909.772353712	1.0001534	0.0005437307
2460909.773742646	0.9991598	0.0005433222
2460909.77513158	1.0002497	0.00054361555
2460909.776520514	0.9995713	0.00054345
2460909.7779094484	1.0007008	0.00054366724
2460909.779298382	1.0002123	0.00054335484
2460909.7806873163	0.99971783	0.0005433119
2460909.7820762503	0.9993198	0.00054311246
2460909.7834651843	0.99976933	0.0005434651
2460909.7848541182	0.9999712	0.0005431519
2460909.786243052	1.000734	0.0005433418
2460909.787631986	0.99984235	0.00054316217
2460909.78902092	1.0004641	0.00054325117
2460909.790409854	1.0008142	0.00054346357
2460909.791798788	0.99967813	0.0005431115
2460909.793187722	0.99967366	0.0005430345
2460909.7945766565	0.99968994	0.0005429126
2460909.79596559	1.0001796	0.00054326776
2460909.7973545245	0.9991643	0.0005428391
2460909.798743458	0.99918324	0.0005428988
2460909.8001323924	0.9997105	0.0005429296
2460909.8015213264	0.9995167	0.0005429091
2460909.8029102604	1.0000526	0.0005429019
2460909.8042991944	0.9999053	0.00054287433
2460909.8056881283	1.0000956	0.00054306
2460909.8070770623	1.0006645	0.00054312067
2460909.8084659963	1.0002563	0.00054288417
2460909.8098549307	0.99980646	0.00054280844
2460909.8112438642	0.99987733	0.0005428389
2460909.8126327987	0.99996024	0.000542888
2460909.814021732	0.99992603	0.00054262124
2460909.8154106666	1.000375	0.000542821
2460909.8167996006	0.99922985	0.0005424411
2460909.8181885346	0.9998359	0.0005430816
2460909.8195774686	1.0001183	0.00054278335
2460909.8209664025	0.9997312	0.0005426661
2460909.8223553365	1.0006188	0.00054278265
2460909.8237442705	1.0001947	0.0005427437
2460909.8251332045	1.0001404	0.00054242095
2460909.8265221384	1.000606	0.00054260594
2460909.8279110724	0.9997307	0.00054231
2460909.8293000064	1.0005842	0.00054250855
2460909.8306889404	1.0014	0.0005428287
2460909.8320778743	1.0005289	0.00054260565
2460909.8334668083	0.9997666	0.0005425863
2460909.8348557428	0.9996143	0.0005422523
2460909.8362446763	0.9999017	0.00054248463
2460909.8376336107	0.9997048	0.0005422927
2460909.839022544	1.000357	0.000542347
2460909.8404114787	0.99997175	0.0005422068
2460909.841800412	1.0005127	0.00054238527
2460909.8431893466	1.0001488	0.00054238096
2460909.8445782806	0.99911404	0.0005421728
2460909.8459672146	0.99985063	0.0005423177
2460909.8473561485	0.99970776	0.0005423148
2460909.8487450825	0.9998011	0.00054203335
2460909.8501340165	1.0002335	0.0005422878
2460909.8515229505	0.9997952	0.0005421448
2460909.8529118844	1.0000459	0.00054189225
2460909.8543008184	0.9991546	0.0005420137
2460909.8556897524	0.99965453	0.0005422177
2460909.8570786864	1.0000575	0.0005421214
2460909.8584676203	0.99978846	0.0005419298
2460909.8598565543	1.000689	0.00054207514
2460909.8612454883	0.99953866	0.00054198876
2460909.8626344223	1.0006104	0.00054215227
2460909.864023356	0.99941385	0.0005417967
2460909.86541229	1.0007881	0.00054210477
2460909.866801224	1.0005269	0.00054200354
2460909.868190158	0.99955416	0.0005416477
2460909.869579092	1.0000165	0.0005417126
2460909.870968026	0.99991876	0.00054175593
2460909.87235696	0.9993914	0.0005417153
2460909.873745894	1.0001649	0.00054168294
2460909.875134828	0.9994871	0.0005414477
2460909.876523762	0.9990057	0.0005414592
2460909.877912696	0.9996895	0.00054158777
2460909.87930163	1.0010004	0.00054210256
2460909.880690564	0.99966425	0.0005414792
2460909.882079498	1.0006642	0.0005417401
2460909.883468432	1.000196	0.00054157473
2460909.884857366	1.0000623	0.00054145727
2460909.8862463	0.9995452	0.00054130994
2460909.887635234	0.99887383	0.0005413562
2460909.889024168	1.0000831	0.000541324
2460909.8904131018	1.0002277	0.00054148043
2460909.8918020357	1.0002725	0.0005414811
2460909.8931909697	0.9991014	0.00054119347
2460909.8945799037	0.9997546	0.0005414238
2460909.8959688377	0.99997634	0.0005413169
2460909.8973577716	1.0010402	0.00054147263
2460909.8987467056	0.9995303	0.0005411862
2460909.9001356396	0.9995636	0.0005412917
2460909.9015245736	0.99939424	0.0005410528
2460909.9029135075	0.99979234	0.00054125325
2460909.9043024415	1.000138	0.00054130127
2460909.9056913755	1.0014595	0.00054138317
2460909.9070803095	0.99948496	0.00054122694
2460909.9084692434	0.9993747	0.0005409493
2460909.9098581774	1.0002538	0.0005412183
2460909.9112471114	0.9996684	0.0005411091
2460909.9126360454	0.999971	0.0005411727
2460909.9140249793	1.0003632	0.0005410905
2460909.9154139133	0.99905956	0.0005406855
2460909.9168028473	0.99886954	0.000540559
2460909.9181917813	0.9987583	0.0005409248
2460909.9195807152	1.0000305	0.0005410393
2460909.920969649	0.999938	0.0005411229
2460909.922358583	1.0003706	0.0005409679
2460909.923747517	0.9996265	0.000540926
2460909.9251364507	1.0003208	0.0005409029
2460909.926525385	1.0002426	0.0005410524
2460909.9279143186	0.9999321	0.00054087007
2460909.929303253	1.0004992	0.0005407949
2460909.9306921866	0.99953973	0.000540679
2460909.9320811206	1.0001227	0.00054077356
2460909.933470055	0.99990624	0.0005408369
2460909.9348589885	1.0011333	0.00054096966
2460909.936247923	0.9996243	0.0005407032
2460909.9376368565	0.9995446	0.0005406655
2460909.9390257904	1.0005386	0.0005406713
2460909.9404147244	1.0001383	0.00054062967
2460909.9418036584	0.99984574	0.00054093084
2460909.9431925924	1.0004619	0.0005406472
2460909.9445815263	1.0002743	0.0005407377
2460909.9459704603	1.0001848	0.0005409143
2460909.9473593943	1.000407	0.0005405851
2460909.9487483283	0.99855584	0.0005403692
2460909.950137262	1.0002692	0.00054045836
2460909.951526196	0.9991602	0.00054051715
2460909.95291513	1.0007793	0.0005405863
2460909.9543040637	0.99892515	0.0005403451
2460909.955692998	0.9997298	0.00054046605
2460909.9570819316	0.99986446	0.00054050767
2460909.9584708656	0.9999475	0.0005405047
2460909.9598597996	0.9997162	0.0005404777
2460909.9612487336	1.0005893	0.00054065004
2460909.9626376675	1.000188	0.000540339
2460909.9640266015	0.9993593	0.000540501
2460909.9654155355	1.0000031	0.00054067426
2460909.9668044695	0.9995053	0.00054037845
2460909.9681934034	0.9992152	0.00054046727
2460909.9695823374	0.9995596	0.00054022786
2460909.970971271	0.99977946	0.00054035167
2460909.972360205	0.99977666	0.00054062554
2460909.973749139	0.99946105	0.0005402583
2460909.975138073	0.99932206	0.0005401455
2460909.976527007	0.99963474	0.0005402507
2460909.977915941	0.9999465	0.0005403629
2460909.979304875	1.0004069	0.0005405287
2460909.9806938088	0.9997736	0.00054039626
2460909.9820827423	1.0001564	0.0005407093
2460909.9834716767	0.99934644	0.00054029207
2460909.98486061	0.9997461	0.00054021954
2460909.986249544	0.99991447	0.00054050743
2460909.987638478	0.99982524	0.0005403642
2460909.989027412	0.99991345	0.00054039166
2460909.990416346	1.000389	0.0005403338
2460909.99180528	0.99914956	0.0005401765
2460909.9931942136	1.0002313	0.0005404761
2460909.994583148	0.99959475	0.0005402678
2460909.9959720816	0.9987905	0.000540029
2460909.9973610155	0.9988368	0.00054022635
2460909.9987499495	0.9995424	0.00054029544
2460910.0001388835	0.9990585	0.00054016575
2460910.0015278175	1.0000868	0.0005404046
2460910.0029167514	1.0007395	0.0005403121
2460910.004305685	0.99958056	0.00054018904
2460910.005694619	0.99876577	0.00054008176
2460910.007083553	0.99868983	0.0005400689
2460910.008472487	0.999296	0.0005401566
2460910.009861421	0.99991184	0.00054040644
2460910.011250355	0.99956924	0.00054014847
2460910.0126392883	0.9995232	0.0005399985
2460910.0140282223	0.99996257	0.00054040516
2460910.0154171563	0.9991587	0.0005401794
2460910.0168060903	0.99930775	0.0005400841
2460910.018195024	0.99954176	0.0005403542
2460910.019583958	0.9987286	0.0005400383
2460910.0209728917	0.9996426	0.00054025586
2460910.0223618257	0.99932003	0.00054018584
2460910.0237507597	0.9995762	0.0005402393
2460910.0251396936	0.9991523	0.00054011727
2460910.0265286276	0.99946886	0.0005402338
2460910.0279175616	0.99908936	0.00053993246
2460910.029306495	0.9993809	0.00054020074
2460910.030695429	0.9994878	0.00054010126
2460910.032084363	0.99933517	0.0005403318
2460910.033473297	0.9996255	0.0005401523
2460910.034862231	0.99978256	0.0005400898
2460910.036251165	0.9981357	0.0005399111
2460910.0376400985	0.99847966	0.00053997285
2460910.0390290325	0.99975985	0.0005402256
2460910.0404179664	0.99923724	0.0005401911
2460910.0418069004	0.9994153	0.00054014096
2460910.043195834	0.9999486	0.0005402638
2460910.044584768	1.0002394	0.00054020743
2460910.045973702	0.9989083	0.00054012466
2460910.047362636	0.9997776	0.00054029917
2460910.04875157	0.99968916	0.0005403084
2460910.050140504	0.9998883	0.0005404368
2460910.0515294373	0.99874324	0.00054019934
2460910.0529183713	0.9995038	0.00054027553
2460910.0543073053	0.9994053	0.00054034987
2460910.055696239	0.9996365	0.00054032286
2460910.0570851727	1.0001088	0.00054046715
2460910.0584741067	0.99977314	0.00054031715
2460910.0598630407	0.99939924	0.00054033496
2460910.0612519747	0.999339	0.0005402802
2460910.0626409086	1.00093	0.0005403605
2460910.064029842	1.0001339	0.00054034416
2460910.065418776	0.9988235	0.0005401463
2460910.06680771	0.9995314	0.00054030976
2460910.068196644	0.9998241	0.00054033793
2460910.0695855776	0.99968153	0.00054031686
2460910.0709745116	0.9990802	0.000540191
2460910.0723634455	1.0006992	0.0005408235
2460910.0737523795	0.9992634	0.0005401509
2460910.075141313	0.99973947	0.0005403742
2460910.076530247	1.0006676	0.0005403556
2460910.077919181	0.99962246	0.0005403588
2460910.079308115	0.99949175	0.00054036494
2460910.0806970485	0.9994635	0.00054017
2460910.0820859824	1.000553	0.00054043863
2460910.0834749164	1.0005337	0.00054050673
2460910.0848638504	1.0002793	0.00054026075
2460910.086252784	0.9991706	0.0005403605
2460910.087641718	0.99985904	0.00054033863
2460910.089030652	0.999295	0.0005401228
2460910.090419586	0.9986877	0.0005399525
2460910.0918085193	0.9988471	0.0005402623
2460910.0931974533	1.0003827	0.0005403355
2460910.094586387	0.99987257	0.0005403541
2460910.095975321	0.99959505	0.00054032065
2460910.0973642548	0.9997048	0.0005403075
2460910.0987531887	0.99980927	0.0005403199
2460910.1001421222	0.9994499	0.0005403506
2460910.101531056	1.0009524	0.00054031925
2460910.10291999	0.9992511	0.00054018956
2460910.104308924	1.0006161	0.00054039544
2460910.1056978577	0.9997732	0.0005402243
2460910.1070867917	1.0000151	0.0005401448
2460910.108475725	0.9987556	0.000540082
2460910.109864659	0.9995221	0.0005402139
2460910.111253593	0.99946594	0.00054011215
2460910.112642527	0.99922407	0.000540211
2460910.1140314606	0.9999247	0.0005402899
2460910.1154203946	0.99937785	0.0005402175
2460910.116809328	0.99964887	0.0005400009
2460910.118198262	0.99896044	0.0005402145
2460910.119587196	0.99886453	0.0005402336
2460910.12097613	0.999327	0.0005401924
2460910.1223650635	1.000133	0.000540269
2460910.1237539975	1.0006368	0.00054039806
2460910.125142931	0.9991066	0.00054021354
2460910.126531865	1.0004305	0.00054031966
2460910.127920799	1.0002215	0.0005403971
2460910.129309733	0.9995381	0.00054025627
2460910.1306986664	1.0000676	0.0005403688
2460910.1320876004	0.9999194	0.00054023723
2460910.133476534	0.9997127	0.00054036273
2460910.134865468	0.9997211	0.0005402993
2460910.136254402	0.9994823	0.0005401967
2460910.1376433354	0.99987936	0.0005403449
2460910.1390322694	0.99972624	0.00054026995
2460910.1404212033	1.0005289	0.00054050185
2460910.141810137	0.9995706	0.0005402248
2460910.143199071	0.99976456	0.00054028974
2460910.1445880043	1.0003803	0.00054053345
2460910.1459769383	0.999461	0.00054035883
2460910.147365872	0.9997686	0.0005402391
2460910.148754806	0.99928427	0.0005401588
2460910.15014374	1.0008572	0.00054041005
2460910.1515326737	1.0001616	0.00054037286
2460910.1529216073	0.9991505	0.0005402965
2460910.154310541	0.9999725	0.0005401769
2460910.1556994747	0.99963874	0.000540432
2460910.1570884087	0.99872434	0.00054016063
2460910.158477342	0.999807	0.00054018287
2460910.159866276	1.0012529	0.000540497
2460910.1612552097	0.9997093	0.00054032286
2460910.1626441437	0.9993175	0.00054013135
2460910.1640330777	0.9993377	0.0005401374
2460910.165422011	1.0002811	0.0005404558
2460910.166810945	0.99889946	0.00053998607
2460910.168199879	0.99912024	0.0005399348
2460910.1695888126	0.9992168	0.00054014474
2460910.1709777466	0.9995479	0.00054021773
2460910.17236668	1.001112	0.0005405363
2460910.173755614	0.99956596	0.0005401971
2460910.1751445476	1.0004094	0.0005405287
2460910.1765334816	1.0009161	0.0005405762
2460910.177922415	1.0001988	0.00054032716
2460910.179311349	0.99960166	0.0005402689
2460910.1807002826	1.0005003	0.00054045883
2460910.1820892165	1.0003684	0.0005403981
2460910.1834781505	1.0001186	0.00054043555
2460910.184867084	1.0003316	0.00054033205
2460910.186256018	1.000713	0.0005405577
2460910.1876449515	0.9989082	0.00054002524
2460910.1890338855	0.99878633	0.0005401646
2460910.190422819	0.9995792	0.0005401635
2460910.191811753	0.9993343	0.0005401425
2460910.1932006865	1.0003316	0.0005405341
2460910.1945896205	1.0005399	0.0005403601
2460910.195978554	0.999747	0.0005402818
2460910.197367488	0.99941295	0.0005404249
2460910.198756422	0.9987815	0.0005400147
2460910.2001453554	0.9998899	0.0005402718
2460910.2015342894	1.0013393	0.0005405861
2460910.202923223	0.9999869	0.00054036925
2460910.204312157	0.9992695	0.00054026337
2460910.2057010904	1.0004735	0.0005406121
2460910.2070900244	1.0000603	0.0005403989
2460910.208478958	0.99964476	0.0005400133
2460910.2098678914	0.99954695	0.0005403096
2460910.2112568254	1.000537	0.0005404265
2460910.212645759	0.99933773	0.00054019096
2460910.214034693	0.9997407	0.0005402775
2460910.2154236264	0.99995035	0.0005404576
2460910.2168125603	0.9987953	0.00054041814
2460910.218201494	0.9994299	0.0005402205
2460910.219590428	1.0001808	0.00054026936
2460910.2209793613	0.9990404	0.00053998287
2460910.2223682953	1.0005224	0.0005402059
2460910.223757229	1.0005147	0.0005403921
2460910.225146163	0.99939084	0.00054014695
2460910.2265350963	1.0001982	0.00054053374
2460910.2279240303	1.0003386	0.0005402767
2460910.229312964	1.0002042	0.00054037414
2460910.2307018978	0.9989292	0.00054023624
2460910.2320908313	0.99942267	0.00054001936
2460910.2334797652	0.9997228	0.0005403003
2460910.2348686988	1.0001589	0.00054032926
2460910.2362576323	0.99997455	0.0005404395
2460910.2376465662	1.0005914	0.0005402456
2460910.2390354997	1.0001878	0.0005402027
2460910.2404244337	0.99976367	0.0005400498
2460910.241813367	0.9999171	0.0005403566
2460910.2432023007	1.0002435	0.0005406483
2460910.2445912347	1.0005805	0.0005402949
2460910.245980168	0.9988393	0.00054005894
2460910.247369102	0.99881184	0.0005402166
2460910.2487580357	0.9998342	0.0005402651
2460910.2501469697	1.0006154	0.0005403056
2460910.251535903	1.000363	0.0005403328
2460910.2529248367	0.9996444	0.00054017856
2460910.2543137707	0.9998827	0.0005402563
2460910.255702704	1.0006884	0.000540433
2460910.2570916377	1.0002861	0.00054029824
2460910.2584805717	1.0003895	0.00054035295
2460910.259869505	0.99954665	0.00054024294
2460910.261258439	0.9996249	0.00054009137
2460910.2626473727	1.0001774	0.00054024433
2460910.2640363066	0.99949783	0.00054029725
2460910.26542524	0.99976397	0.00054024096
2460910.2668141737	0.99850756	0.00054000417
2460910.268203107	1.0007099	0.0005403233
2460910.269592041	0.99948627	0.0005399833
2460910.2709809747	0.9993366	0.0005402783
2460910.2723699086	1.0003632	0.00054037815
2460910.273758842	0.99955505	0.0005401905
2460910.2751477757	1.0004294	0.00054046494
2460910.2765367096	0.99947125	0.00054017367
2460910.277925643	0.9999484	0.0005402358
2460910.2793145766	0.9998209	0.00054024166
2460910.2807035106	0.9997831	0.00054027524
2460910.282092444	1.0003872	0.00054035464
2460910.2834813776	0.9993598	0.0005403359
2460910.2848703116	0.99986905	0.0005402689
2460910.286259245	0.99952984	0.0005401569
2460910.2876481786	0.9999853	0.0005403923
2460910.2890371126	0.9994399	0.0005399569
2460910.290426046	0.999429	0.00054014707
2460910.2918149796	1.0000324	0.0005400859
2460910.293203913	0.9994383	0.00054001063
2460910.294592847	0.9998405	0.0005402837
2460910.2959817806	1.0004517	0.0005403134
2460910.2973707146	1.0002083	0.00054036983
2460910.298759648	0.99991786	0.00054038153
2460910.3001485816	1.00057	0.0005405883
2460910.301537515	0.99953866	0.00054012117
2460910.302926449	1.0004859	0.0005403327
2460910.3043153826	0.99957734	0.0005403673
2460910.305704316	0.99930423	0.0005402639
2460910.3070932496	1.000552	0.000540397
2460910.3084821836	0.9999333	0.0005405431
2460910.309871117	1.000012	0.00054024294
2460910.3112600506	1.000431	0.0005402732
2460910.3126489846	1.0001101	0.0005402988
2460910.314037918	0.9997066	0.0005401738
2460910.3154268516	1.0006034	0.0005406123
2460910.316815785	0.9996725	0.0005403827
2460910.318204719	0.9998005	0.00054033776
2460910.3195936526	0.99975353	0.00054039015
2460910.320982586	1.00009	0.0005402466
2460910.3223715196	0.9990344	0.00054022204
2460910.3237604536	1.0006076	0.0005403125
2460910.325149387	1.0006304	0.0005405024
2460910.3265383206	1.0001279	0.00054019893
2460910.327927254	1.0007298	0.00054048595
2460910.329316188	0.9997499	0.00054006244
2460910.3307051216	0.99938756	0.00054017367
2460910.332094055	0.9992218	0.00054011145
2460910.3334829886	1.0002832	0.00054055423
2460910.3348719226	0.99952364	0.0005401802
2460910.336260856	1.0007463	0.000540407
2460910.3376497896	0.99945444	0.0005402045
2460910.339038723	0.9997611	0.00054008386
2460910.3404276567	0.99964845	0.000540203
2460910.34181659	1.0002407	0.00054022524
2460910.343205524	1.0001752	0.0005401374
2460910.3445944577	1.0007995	0.0005403586
2460910.345983391	0.99942815	0.0005402592
2460910.3473723247	0.9998325	0.0005402219
2460910.3487612586	0.999781	0.000540343
2460910.350150192	0.9993021	0.00054003915
2460910.3515391257	0.9991866	0.0005400368
2460910.352928059	0.9999515	0.00054009067
2460910.3543169927	0.9990817	0.00054001296
2460910.355705926	0.99952865	0.000540075
2460910.35709486	0.99962676	0.00054009474
2460910.3584837937	0.99899226	0.00054023834
2460910.359872727	0.9999712	0.0005402268
2460910.3612616607	0.998989	0.00054017204
2460910.362650594	0.9998149	0.0005403794
2460910.3640395277	0.9991016	0.00054016424
2460910.365428461	1.0002581	0.0005404333
2460910.3668173947	0.9993241	0.000540246
2460910.3682063287	1.0003436	0.0005401688
2460910.369595262	0.9993201	0.00054018945
2460910.3709841957	0.9992084	0.00054000824
2460910.3723731292	0.9997345	0.0005403138
2460910.3737620628	0.99972063	0.00054002437
2460910.3751509963	1.0003965	0.00054032425
2460910.37653993	0.9994144	0.00054007384
2460910.3779288633	0.99974006	0.00054033584
2460910.3793177973	1.0006458	0.0005403205
2460910.3807067308	0.99981755	0.00054017134
2460910.3820956643	0.9994331	0.0005403475
2460910.383484598	1.0011379	0.0005406941
2460910.3848735313	1.0000142	0.00054018904
2460910.386262465	0.999726	0.0005402422
2460910.3876513983	0.99986464	0.00054029305
2460910.389040332	0.9998028	0.00054026465
2460910.3904292653	0.9989372	0.00054018147
2460910.391818199	0.99920577	0.0005402964
2460910.393207133	0.99917144	0.0005402842
2460910.394596066	1.0005403	0.0005404684
2460910.395985	1.0001296	0.00054044405
2460910.397373933	0.99992496	0.0005402063
2460910.398762867	0.9985545	0.00053989684
2460910.4001518004	0.99883294	0.0005400513
2460910.401540734	1.0000119	0.00054018607
2460910.4029296674	1.0001209	0.00054026104
2460910.404318601	0.9992184	0.00053993764
2460910.5904356786	0.99923706	0.0005400898
2460910.5918246116	0.99951816	0.00053990446
2460910.593213545	1.0003057	0.0005402538
2460910.594602478	0.9992445	0.00054011476
2460910.5959914117	0.99932325	0.00054019113
2460910.5973803448	0.9998924	0.00054046436
2460910.5987692783	1.0000111	0.00054023095
2460910.6001582113	0.99974763	0.00054025865
2460910.601547145	0.9990917	0.0005401902
2460910.602936078	0.99990875	0.00054018514
2460910.6043250114	0.99970955	0.00054020144
2460910.6057139444	0.9993947	0.00053991575
2460910.607102878	0.9992807	0.00054027414
2460910.608491811	0.9997221	0.000540117
2460910.6098807445	0.9998067	0.0005402107
2460910.6112696775	0.99950516	0.00054016156
2460910.612658611	0.9988562	0.0005401919
2460910.614047544	0.99939626	0.0005400383
2460910.6154364776	0.99914235	0.0005400119
2460910.6168254106	0.9994054	0.00054036727
2460910.618214344	0.99958646	0.00054016523
2460910.619603277	0.99947864	0.00054013083
2460910.6209922107	1.0000632	0.0005403374
2460910.6223811437	1.0006827	0.0005401403
2460910.6237700772	0.99914217	0.00054005475
2460910.6251590103	1.0001415	0.00054036814
2460910.6265479433	1.000731	0.00054040976
2460910.627936877	0.99976337	0.0005400966
2460910.62932581	0.99961734	0.000540276
2460910.630714743	0.99995667	0.00054017414
2460910.6321036764	0.9997291	0.0005402789
2460910.6334926095	0.9999908	0.0005402715
2460910.634881543	0.99939364	0.0005401063
2460910.636270476	0.9994333	0.00054025475
2460910.6376594095	1.0003581	0.00054047146
2460910.6390483426	1.0003295	0.0005403923
2460910.6404372756	1.0005854	0.0005406115
2460910.641826209	1.0002859	0.0005402411
2460910.643215142	1.0006182	0.0005403729
2460910.6446040752	0.9990148	0.00054001407
2460910.6459930087	1.0001731	0.00054043805
2460910.647381942	0.99955076	0.00054008624
2460910.6487708753	0.9993431	0.0005399653
2460910.6501598083	0.9992309	0.00053989247
2460910.6515487414	0.99996465	0.0005402055
2460910.652937675	1.0003878	0.00054034084
2460910.654326608	0.99931604	0.00054017734
2460910.655715541	0.99935526	0.0005401153
2460910.6571044745	0.99974203	0.000540175
2460910.6584934075	0.9989802	0.0005400651
2460910.659882341	0.9997273	0.0005401296
2460910.661271274	1.000128	0.000540319
2460910.662660207	0.9989676	0.0005399103
2460910.66404914	1.000557	0.0005404816
2460910.6654380737	0.99932504	0.0005400954
2460910.6668270067	0.99962425	0.00054029876
2460910.66821594	1.0004251	0.0005402815
2460910.6696048733	0.9997141	0.0005402617
2460910.6709938063	0.99970007	0.00054017536
2460910.6723827394	1.0004681	0.00054027105
2460910.673771673	1.0010514	0.0005405142
2460910.675160606	0.9999146	0.0005400784
2460910.676549539	0.9994241	0.00054011925
2460910.677938472	0.99917537	0.00054023665
2460910.6793274055	1.0007443	0.0005403049
2460910.6807163386	1.0000666	0.000540364
2460910.6821052716	1.0006918	0.0005404317
2460910.683494205	0.9995862	0.00053996005
2460910.684883138	0.9993915	0.00054019236
2460910.686272071	0.999544	0.00054024823
2460910.6876610043	1.0002449	0.00054051704
2460910.6890499378	1.0011648	0.0005403781
2460910.690438871	0.9998868	0.0005400212
2460910.691827804	0.9990794	0.00054007844
2460910.693216737	1.0002313	0.0005402983
2460910.6946056704	0.99953717	0.0005401988
2460910.6959946034	1.0005298	0.00054032437
2460910.6973835365	0.9988595	0.0005401082
2460910.6987724695	0.9988894	0.0005402239
2460910.700161403	1.0004439	0.00054044806
2460910.701550336	1.0000106	0.0005400631
2460910.702939269	0.99944687	0.00054016075
2460910.704328202	1.0004942	0.0005401791
2460910.7057171357	1.0007448	0.0005403197
2460910.7071060683	1.0001534	0.00054028776
2460910.708495002	0.99964297	0.0005402075
2460910.709883935	0.9999497	0.00054052396
2460910.711272868	1.0003881	0.0005403437
2460910.712661801	1.0007138	0.0005405614
2460910.7140507344	0.9999543	0.0005401926
2460910.7154396675	0.99982345	0.0005402948
2460910.7168286005	0.9997301	0.0005400602
2460910.7182175335	0.9999738	0.0005402861
2460910.7196064666	0.99975616	0.00053984765
2460910.7209953996	1.0009193	0.00054051715
2460910.722384333	0.9993932	0.0005403055
2460910.7237732657	0.9995783	0.0005401501
2460910.725162199	1.0000544	0.00054022187
2460910.7265511323	1.0000547	0.0005402051
2460910.7279400653	1.0000191	0.0005402791
2460910.7293289984	0.9992439	0.0005401644
2460910.7307179314	0.99979925	0.0005401182
2460910.7321068645	0.99896604	0.0005400773
2460910.733495798	0.99930775	0.00054001814
2460910.7348847305	0.9998327	0.0005401374
2460910.736273664	0.99962467	0.0005401795
2460910.737662597	1.0003324	0.00054023374
2460910.73905153	0.9997294	0.0005402477
2460910.740440463	1.0008566	0.0005404654
2460910.741829396	0.9994925	0.00054022454
2460910.7432183293	1.0009604	0.00054039166
2460910.7446072623	1.0004456	0.00054046005
2460910.7459961954	1.0002495	0.00054016383
2460910.7473851284	0.99999213	0.00054024626
2460910.7487740614	0.9994609	0.00054006267
2460910.750162995	1.0003873	0.00054053095
2460910.7515519275	1.001132	0.0005404338
2460910.752940861	1.0007195	0.0005402233
2460910.7543297936	1.0010829	0.0005405224
2460910.755718727	0.999982	0.0005402161
2460910.7571076597	1.0003185	0.0005403438
2460910.758496593	1.0000881	0.0005403259
2460910.7598855263	1.0003768	0.0005402748
2460910.7612744593	0.9995183	0.0005400827
2460910.7626633924	0.9998414	0.00054014556
2460910.7640523254	1.0005319	0.0005402669
2460910.7654412584	0.9994801	0.0005402706
2460910.7668301915	1.0005742	0.00054032454
2460910.7682191245	1.0002282	0.0005403731
2460910.7696080576	1.0000885	0.00054042984
2460910.7709969906	1.0003633	0.0005404712
2460910.7723859237	1.0013683	0.00054063514
2460910.7737748567	1.0000226	0.00054054486
2460910.7751637897	1.0000468	0.00054026226
2460910.776552723	1.0000277	0.00054034847
2460910.777941656	0.9995844	0.0005402786
2460910.7793305884	1.0001668	0.0005404027
2460910.780719522	1.0006019	0.000540254
2460910.7821084545	1.0007837	0.0005403402
2460910.783497388	0.99920666	0.0005402681
2460910.7848863206	0.99916905	0.0005404221
2460910.7862752536	0.99990594	0.0005401472
2460910.7876641867	1.0001607	0.0005403248
2460910.7890531197	1.0004126	0.000540245
2460910.7904420528	0.9997435	0.00054028665
2460910.791830986	1.000247	0.00054043764
2460910.793219919	0.99990684	0.0005402486
2460910.794608852	1.0000198	0.0005402989
2460910.795997785	1.0002904	0.00054029503
2460910.797386718	0.999612	0.0005400351
2460910.798775651	0.9994173	0.00054015435
2460910.800164584	0.99976593	0.0005403152
2460910.8015535166	1.0004324	0.0005403797
2460910.8029424497	1.0001782	0.0005402442
2460910.8043313827	0.9998502	0.00054022373
2460910.805720316	0.99930835	0.0005400886
2460910.807109249	1.0007815	0.00054046
2460910.808498182	1.0003498	0.0005403905
2460910.809887115	1.0003929	0.0005402639
2460910.811276048	0.9993887	0.0005400773
2460910.812664981	0.9996837	0.00054004724
2460910.8140539136	1.0003716	0.0005403482
2460910.815442847	0.99990755	0.0005403108
2460910.8168317797	1.0004766	0.0005402923
2460910.8182207127	0.99986464	0.00054024055
2460910.8196096458	1.0002466	0.0005403834
2460910.820998579	0.99969625	0.000540286
2460910.8223875114	0.9996734	0.0005401319
2460910.823776445	0.9989408	0.0005399495
2460910.8251653775	1.0007138	0.0005404723
2460910.8265543105	0.99936223	0.0005399689
2460910.8279432436	0.9988722	0.0005400723
2460910.8293321766	0.9999802	0.0005402585
2460910.830721109	0.9988059	0.00054006855
2460910.832110042	0.9991769	0.00054020213
2460910.8334989753	0.99986494	0.0005401728
2460910.8348879083	0.999892	0.0005401861
2460910.8362768413	0.9991583	0.0005402001
2460910.8376657744	0.99976146	0.00054020237
2460910.839054707	0.99885195	0.0005401674
2460910.84044364	1.0005887	0.0005404445
2460910.841832573	0.9998446	0.0005402617
2460910.843221506	1.0005736	0.00054030423
2460910.8446104387	0.99977475	0.0005401986
2460910.8459993717	0.9993776	0.00054035336
2460910.847388305	1.0007658	0.00054040906
2460910.848777238	1.0004354	0.0005403775
2460910.8501661704	0.99964327	0.0005401236
2460910.8515551034	1.0007956	0.0005403606
2460910.8529440365	1.0004528	0.00054041104
2460910.8543329695	1.0006013	0.0005403631
2460910.855721902	0.99992126	0.0005401971
2460910.857110835	0.99936694	0.0005403541
2460910.8584997677	0.9992731	0.0005402875
2460910.859888701	1.0003309	0.00054032885
2460910.861277634	0.9996359	0.00054032105
2460910.862666567	1.0002567	0.00054032245
2460910.8640554994	0.9988645	0.0005400192
2460910.8654444325	1.0008217	0.00054029014
2460910.8668333655	0.99963874	0.00054004847
2460910.8682222986	0.9992055	0.00053990836
2460910.869611231	1.0002583	0.0005401116
2460910.871000164	1.0001792	0.00054021005
2460910.8723890968	1.0003284	0.0005403216
2460910.87377803	0.9999313	0.0005401303
2460910.875166963	0.9993304	0.0005400461
2460910.876555896	0.9991978	0.0005400321
2460910.8779448285	1.0001189	0.00054011017
2460910.8793337615	0.998973	0.0005399876
2460910.880722694	0.99907815	0.000540154
2460910.882111627	0.9995567	0.0005402268
2460910.8835005597	1.0001036	0.0005403972
2460910.8848894928	1.0006094	0.0005403195
2460910.886278426	0.9995402	0.0005400824
2460910.887667359	1.0004638	0.0005404765
2460910.8890562914	0.99940085	0.00054009265
2460910.8904452245	1.0006777	0.00054019515
2460910.891834157	1.0005043	0.0005403291
2460910.89322309	1.0004088	0.0005403717
2460910.8946120227	1.0000464	0.00054035336
2460910.8960009557	1.00046	0.0005403254
2460910.8973898888	1.0003557	0.0005402512
2460910.8987788213	0.99985075	0.00054020825
2460910.9001677544	1.000019	0.00054009823
2460910.901556687	0.9997197	0.00054034666
2460910.90294562	1.0001315	0.0005403815
2460910.904334553	1.0012486	0.00054037233
2460910.9057234856	0.99967563	0.00054032984
2460910.9071124187	0.99976337	0.00054014905
2460910.9085013513	0.9999869	0.00054020947
2460910.9098902843	0.99984103	0.0005400077
2460910.911279217	0.9992951	0.00054026826
2460910.91266815	1.0004089	0.00054029224
2460910.9140570825	1.0005445	0.0005403064
2460910.9154460155	1.0006841	0.000540379
2460910.916834948	1.0012633	0.00054056617
2460910.918223881	0.9999172	0.0005400572
2460910.9196128137	1.0003444	0.0005405149
2460910.921001747	0.99943066	0.00054024195
2460910.9223906794	0.999342	0.0005400996
2460910.9237796124	1.0008043	0.0005402017
2460910.925168545	0.9995528	0.0005402643
2460910.926557478	0.9995318	0.00054009067
2460910.9279464106	1.0002737	0.00054023264
2460910.9293353437	0.99977624	0.00054029824
2460910.930724276	1.0002791	0.00054021773
2460910.9321132093	0.99900866	0.00054002996
2460910.9335021423	0.9988471	0.00053983385
2460910.934891075	0.9990756	0.0005401626
2460910.9362800075	1.0005097	0.00054029044
2460910.9376689405	0.9995239	0.00054003886
2460910.939057873	0.9990225	0.000540014
2460910.940446806	0.99920774	0.0005400351
2460910.9418357387	0.99976337	0.00054021925
2460910.9432246713	1.0003374	0.00054037647
2460910.9446136043	0.9997793	0.0005402294
2460910.946002537	1.0004025	0.00054015795
2460910.94739147	0.99930525	0.0005400904
2460910.9487804025	0.9996333	0.0005401981
2460910.9501693356	0.9986401	0.000540108
2460910.951558268	0.99972415	0.0005403056
2460910.952947201	1.0003246	0.00054058136
2460910.954336134	0.9994972	0.0005401484
2460910.9557250664	0.99951535	0.00054008886
2460910.957113999	0.9999941	0.00054018624
2460910.958502932	0.99944234	0.000540204
2460910.9598918646	1.000222	0.00054032635
2460910.9612807976	0.9991153	0.0005400332
2460910.96266973	0.99852127	0.00053999596
2460910.964058663	0.99917096	0.00053997774
2460910.965447596	0.99962425	0.0005401494
2460910.9668365284	0.9996768	0.000540343
2460910.968225461	0.9996033	0.00054004125
2460910.969614394	0.99928784	0.0005400237
2460910.9710033266	0.9994384	0.0005401446
2460910.9723922596	0.99854255	0.0005401346
2460910.973781192	0.9984051	0.0005399256
2460910.975170125	0.99972284	0.00054040115
2460910.9765590574	0.9992743	0.0005399811
2460910.9779479904	0.9991234	0.00054018456
2460910.979336923	0.99894977	0.0005400977
2460910.9807258556	0.99955636	0.0005401633
2460910.9821147886	0.99960166	0.00054020993
2460910.983503721	0.99934554	0.0005399278
2460910.9848926538	0.99956596	0.00054030336
2460910.986281587	0.99881625	0.00054031756
2460910.9876705194	0.99960667	0.0005402186
2460910.989059452	1.0001142	0.0005401698
2460910.9904483845	0.9991051	0.00053999806
2460910.9918373176	1.000056	0.0005402873
2460910.99322625	0.9997828	0.00054028095
2460910.9946151827	0.99890393	0.0005398627
2460910.9960041153	0.99931335	0.00054010574
2460910.9973930484	0.9990115	0.00053992757
2460910.998781981	0.9993528	0.0005401204
2460911.0001709135	1.0000582	0.0005403285
2460911.001559846	1.0000997	0.00054032245
2460911.002948779	0.99960536	0.0005402416
2460911.0043377117	0.9990755	0.00053998857
2460911.0057266443	0.9993508	0.00054008915
2460911.007115577	0.99972	0.0005400836
2460911.00850451	0.9995045	0.0005401881
2460911.009893442	0.99936295	0.0005400677
2460911.011282375	0.9995038	0.0005399987
2460911.0126713077	0.9995799	0.0005400486
2460911.0140602402	0.9999039	0.0005401039
2460911.015449173	0.99973667	0.00054039457
2460911.016838106	0.9995573	0.0005401844
2460911.0182270384	1.0002369	0.0005402678
2460911.019615971	1.000233	0.00054041744
2460911.0210049036	0.9989406	0.00054027286
2460911.022393836	0.99951893	0.00054025726
2460911.0237827688	0.9993027	0.00054014754
2460911.025171702	0.9994285	0.0005399384
2460911.026560634	0.9991681	0.0005403584
2460911.027949567	0.99947166	0.0005401298
2460911.0293384995	0.99992377	0.0005402289
2460911.030727432	0.999729	0.0005401812
2460911.0321163647	0.99917907	0.00054027815
2460911.0335052973	1.0009727	0.0005402694
2460911.03489423	0.9995187	0.00054008665
2460911.036283163	0.9997814	0.00054019276
2460911.037672095	1.0003095	0.0005403838
2460911.039061028	0.9996824	0.00054007093
2460911.0404499606	1.0009435	0.0005403678
2460911.041838893	1.0001079	0.00054028106
2460911.043227826	1.0004666	0.0005402045
2460911.0446167584	1.0011299	0.0005402248
2460911.046005691	1.000208	0.00054018747
2460911.0473946235	0.9997352	0.000540178
2460911.048783556	1.0010836	0.0005405417
2460911.0501724887	0.99944973	0.0005400853
2460911.0515614212	1.0003463	0.0005402482
2460911.0529503543	0.99952173	0.0005399838
2460911.0543392864	0.99873894	0.0005398146
2460911.0557282194	0.99995035	0.0005403045
2460911.057117152	0.9988044	0.0005401079
2460911.0585060846	0.9994208	0.0005401084
2460911.059895017	0.9998742	0.0005401598
2460911.0612839498	0.9992876	0.0005401165
2460911.0626728823	0.99923533	0.00054000213
2460911.064061815	1.0006415	0.0005404866
2460911.0654507475	1.0005639	0.0005405222
2460911.06683968	1.0000538	0.00054010394
2460911.0682286127	0.9999201	0.0005401745
2460911.069617545	0.99991685	0.000540084
2460911.071006478	0.9989919	0.0005400507
2460911.0723954104	1.001037	0.0005405778
2460911.073784343	1.000582	0.00054048724
2460911.0751732755	1.0003091	0.0005403068
2460911.076562208	0.99913317	0.00054016337
2460911.0779511407	0.99948627	0.0005401174
2460911.0793400733	1.0001183	0.000540122
2460911.080729006	1.0005019	0.00054042914
2460911.0821179384	1.000711	0.00054027035
2460911.0835068705	0.9999195	0.00054013135
2460911.0848958036	1.0001533	0.0005401586
2460911.0862847357	0.99966466	0.0005401191
2460911.0876736683	1.0002133	0.0005402927
2460911.089062601	1.0005399	0.0005403492
2460911.0904515334	1.0002639	0.0005405692
2460911.091840466	1.0001042	0.0005404503
2460911.0932293986	0.99942446	0.0005402491
2460911.094618331	1.0001327	0.00054030615
2460911.0960072638	0.9996049	0.00054015813
2460911.0973961963	1.0011594	0.0005403655
2460911.098785129	1.0000117	0.00054023915
2460911.100174061	1.0005041	0.0005402938
2460911.101562994	1.0004207	0.00054037553
2460911.102951926	1.0007362	0.0005406135
2460911.1043408588	1.0000666	0.0005404301
2460911.1057297913	0.9999738	0.00054034556
2460911.107118724	1.0000348	0.0005401333
2460911.1085076565	0.9998437	0.0005403032
2460911.109896589	1.0015211	0.00054038764
2460911.111285521	1.0003986	0.00054011325
2460911.1126744538	0.9997572	0.0005401511
2460911.1140633863	0.9993805	0.0005401011
2460911.115452319	0.9996966	0.0005402525
2460911.1168412515	1.0006591	0.0005403672
2460911.118230184	1.0009617	0.000540423
2460911.119619116	0.9997614	0.00054027466
2460911.1210080488	1.0000285	0.00054011145
2460911.1223969813	0.9999525	0.0005402239
2460911.123785914	0.99967015	0.00054030056
2460911.125174846	0.999588	0.0005400323
2460911.1265637786	1.0005393	0.0005403271
2460911.127952711	1.0000576	0.00054040377
2460911.129341644	1.0001041	0.00054017326
2460911.1307305763	1.0000507	0.00054020487
2460911.132119509	0.99855715	0.00053989986
2460911.133508441	0.99991226	0.0005402076
2460911.1348973736	0.9990948	0.000540018
2460911.136286306	1.0000831	0.0005401792
2460911.137675239	1.0005559	0.00054031773
2460911.139064171	1.0008184	0.0005404403
2460911.1404531035	1.0010067	0.0005404101
2460911.141842036	1.0010071	0.00054028735
2460911.1432309686	0.99995065	0.0005401556
2460911.1446199007	1.0006299	0.0005401501
2460911.1460088333	0.9999059	0.0005403675
2460911.147397766	1.0007756	0.00054052
2460911.148786698	1.0006033	0.0005403964
2460911.1501756306	1.0008724	0.00054037047
2460911.151564563	1.0008781	0.0005402272
2460911.1529534953	0.999717	0.00054003665
2460911.154342428	0.99964666	0.00053994457
2460911.1557313604	0.99971735	0.00054015813
2460911.157120293	0.9997602	0.00054008444
2460911.158509225	1.0008397	0.00054078584
2460911.1598981577	1.0001456	0.0005401451
2460911.16128709	1.0005213	0.00054031465
2460911.1626760224	1.0001777	0.00054011954
2460911.164064955	1.0001482	0.0005405138
2460911.1654538875	0.9997323	0.0005401586
2460911.1668428197	1.0000932	0.00054023194
2460911.1682317522	1.0001642	0.0005402411
2460911.1696206843	1.0007975	0.00054032425
2460911.171009617	0.99976975	0.0005401128
2460911.1723985495	1.0001541	0.0005402242
2460911.1737874816	1.0002604	0.00054025295
2460911.175176414	1.0004086	0.00054017414
2460911.176565347	0.9998229	0.0005402743
2460911.177954279	1.0005186	0.0005402706
2460911.1793432115	1.000233	0.00054012914
2460911.1807321436	0.99995685	0.0005402644
2460911.182121076	1.000604	0.0005404543
2460911.1835100087	1.0001746	0.000540197
2460911.184898941	1.000729	0.0005404396
2460911.1862878734	0.99954814	0.00054022146
2460911.1876768055	0.9998371	0.0005401695
2460911.189065738	0.9997048	0.00054002804
2460911.19045467	1.000452	0.0005403016
2460911.191843603	1.0004452	0.00054046646
2460911.1932325354	0.9999801	0.00054038677
2460911.1946214675	0.9997362	0.00054007734
2460911.1960104	1.0013689	0.0005404974
2460911.197399332	0.9999161	0.00054029026
2460911.1987882648	1.0005355	0.0005402522
2460911.200177197	1.0002583	0.0005403702
2460911.2015661295	1.0001395	0.00054008054
2460911.2029550616	0.9998279	0.00054015726
2460911.204343994	0.99963826	0.0005400512
2460911.2057329267	1.0006171	0.0005402812
2460911.207121859	0.99962807	0.0005403042
2460911.208510791	1.0000777	0.0005401999
2460911.2098997235	0.9997548	0.00054030336
2460911.2112886556	0.99944055	0.0005402194
2460911.212677588	0.9996779	0.0005400595
2460911.2140665203	1.0009491	0.0005403371
2460911.215455453	1.0007132	0.0005403013
2460911.216844385	1.0003345	0.00054025784
2460911.2182333176	1.0005442	0.00054022914
2460911.2196222497	0.9995088	0.0005400556
2460911.221011182	0.99942863	0.00054018997
2460911.2224001144	1.00051	0.00054044556
2460911.2237890465	1.0000371	0.00054032763
2460911.225177979	1.0000641	0.0005400747
2460911.226566911	1.0003616	0.0005403757
2460911.227955844	0.9989541	0.000540067
2460911.229344776	1.0003097	0.00054035085
2460911.2307337085	1.000304	0.00054025487
2460911.2321226406	0.99950564	0.0005400974
2460911.233511573	0.99990934	0.0005401655
2460911.2349005053	1.0008837	0.00054038246
2460911.2362894374	0.9993534	0.0005400625
2460911.2376783695	1.0003772	0.0005402193
2460911.239067302	0.99950045	0.0005400228
2460911.240456234	1.0006399	0.00054030825
2460911.241845167	1.0000534	0.00054029305
2460911.243234099	0.999272	0.0005400066
2460911.2446230315	0.9994732	0.0005401527
2460911.2460119636	0.99972886	0.0005401961
2460911.2474008957	0.99973935	0.0005401064
2460911.248789828	1.0007504	0.0005404445
2460911.2501787604	1.0000856	0.00054015446
2460911.2515676925	1.0002428	0.0005404385
2460911.252956625	0.99990714	0.0005402479
2460911.254345557	1.0001354	0.000540221
2460911.2557344893	0.99974364	0.00054028246
2460911.2571234214	0.9994718	0.0005400859
2460911.258512354	0.99989426	0.00054017524
2460911.259901286	0.99999845	0.0005401401
2460911.261290218	0.9996114	0.00054013444
2460911.262679151	1.0008212	0.00054045185
2460911.264068083	1.0005727	0.00054026337
2460911.265457015	0.9997725	0.0005401735
2460911.2668459476	0.9998596	0.0005401555
2460911.2682348797	0.99992204	0.0005402402
2460911.269623812	0.99986565	0.0005401914
2460911.271012744	1.000309	0.00054019486
2460911.2724016765	0.99864036	0.000539746
2460911.2737906086	1.0007073	0.00054026884
2460911.2751795407	0.99991	0.0005401045
2460911.276568473	1.0001359	0.00054026
2460911.2779574054	1.0006617	0.00054019864
2460911.2793463375	0.9991458	0.00053995027
2460911.2807352697	0.9999481	0.0005402404
2460911.2821242018	1.0007795	0.00054060214
2460911.2835131343	1.0004905	0.00054054114
2460911.284902066	1.0000255	0.000540219
2460911.2862909986	0.9997382	0.0005401854
2460911.2876799307	1.0000101	0.00054013927
2460911.289068863	0.99894524	0.0005400721
2460911.290457795	0.9995361	0.000540105
2460911.2918467275	1.001053	0.00054048875
2460911.2932356596	1.0003148	0.00054017745
2460911.2946245917	0.99993277	0.00054022577
2460911.296013524	0.99927294	0.0005399556
2460911.297402456	1.0009658	0.0005404466
2460911.298791388	1.0002862	0.00054042024
2460911.3001803206	0.9990307	0.0005400865
2460911.3015692527	1.0000691	0.0005402094
2460911.302958185	0.99938256	0.0005400008
2460911.304347117	0.9995167	0.00054011104
2460911.305736049	1.0004239	0.0005404899
2460911.3071249817	1.0006533	0.0005402644
2460911.308513914	1.0002372	0.00054021255
2460911.309902846	0.99991924	0.0005402548
2460911.311291778	1.0006399	0.0005401602
2460911.31268071	1.0000169	0.0005403774
2460911.314069642	1.0000983	0.0005401302
2460911.3154585743	0.9994425	0.0005400047
2460911.3168475064	1.0002265	0.0005405579
2460911.3182364386	0.99968624	0.0005402117
2460911.3196253707	1.0008228	0.0005404425
2460911.3210143032	1.0000201	0.0005401662
2460911.322403235	0.9996717	0.0005401921
2460911.3237921675	0.99968106	0.0005401675
2460911.3251810996	0.99922514	0.00054012344
2460911.3265700317	0.9998996	0.0005400946
2460911.327958964	0.99961793	0.0005400527
2460911.329347896	0.9998113	0.0005403294
2460911.330736828	0.9997515	0.0005400866
2460911.33212576	1.000649	0.0005403537
2460911.3335146923	0.99926305	0.00054006407
2460911.3349036244	0.99924266	0.0005399833
2460911.3362925565	0.9996435	0.0005400544
2460911.3376814886	1.0001588	0.00054020673
2460911.3390704207	0.99929714	0.000540186
2460911.340459353	1.0000093	0.0005403032
2460911.341848285	0.9993771	0.00053992216
2460911.343237217	0.99980307	0.0005400809
2460911.344626149	0.9991956	0.0005400423
2460911.3460150813	1.0001638	0.0005403499
2460911.5321319606	1.0004004	0.0005402614
2460911.5335208927	0.99934775	0.00053989195
2460911.5349098244	0.999342	0.0005401641
2460911.536298756	0.9988713	0.00053989433
2460911.5376876877	1.0003332	0.000540277
2460911.53907662	0.9991987	0.0005401253
2460911.5404655514	0.99963444	0.0005401141
2460911.541854483	0.9991932	0.0005399916
2460911.5432434147	1.0002294	0.0005401598
2460911.544632347	0.99932665	0.0005401121
2460911.5460212785	0.9998541	0.00054014305
2460911.54741021	1.000111	0.0005401743
2460911.548799142	0.99935114	0.00054015004
2460911.550188074	1.0001758	0.0005401532
2460911.5515770055	1.0007132	0.00054031773
2460911.552965937	1.000152	0.00054018624
2460911.554354869	1.0002725	0.0005402588
2460911.5557438005	1.0006284	0.000540285
2460911.5571327326	1.0003124	0.0005403505
2460911.5585216642	1.000386	0.00054034067
2460911.559910596	1.0005805	0.0005401544
2460911.5612995275	0.9997212	0.0005398931
2460911.562688459	0.9997134	0.00054006814
2460911.564077391	1.0000978	0.00054008263
2460911.565466323	0.9996477	0.0005401772
2460911.566855254	0.99973184	0.0005401898
2460911.568244186	1.0002576	0.00054039445
2460911.569633118	1.0014064	0.00054056075
2460911.5710220495	0.9997445	0.000540264
2460911.572410981	0.99917287	0.0005401019
2460911.573799913	1.0002841	0.00054032245
2460911.5751888445	0.99912757	0.00054016965
2460911.576577776	1.0001377	0.00054023525
2460911.5779667078	1.0001547	0.0005401961
2460911.57935564	0.99922305	0.00054001727
2460911.580744571	0.9989171	0.0005400129
2460911.582133503	0.9998825	0.00054019387
2460911.583522435	0.9993025	0.00053994753
2460911.5849113665	0.9993623	0.00053998193
2460911.586300298	0.99986744	0.0005402137
2460911.5876892298	1.0003716	0.0005402883
2460911.5890781614	1.0008402	0.00054019794
2460911.590467093	0.999468	0.000540029
2460911.5918560247	0.9998128	0.00054003857
2460911.5932449563	0.9991622	0.0005400556
2460911.594633888	1.0004005	0.0005403242
2460911.5960228196	0.99991155	0.00054022676
2460911.5974117513	1.0004984	0.0005401387
2460911.598800683	1.0003637	0.0005401054
2460911.6001896146	1.0007253	0.0005404642
2460911.601578546	0.99965787	0.00054010167
2460911.602967478	0.99888027	0.0005398587
2460911.6043564095	0.99949646	0.0005401141
2460911.605745341	0.99937254	0.00054001476
2460911.607134273	1.0000023	0.0005401993
2460911.6085232045	1.0006831	0.00054003374
2460911.609912136	1.0002661	0.00054045755
2460911.6113010678	1.0008007	0.0005405027
2460911.6126899994	0.9992531	0.00054028555
2460911.6140789306	0.99962425	0.0005401086
2460911.6154678627	1.0007414	0.0005402914
2460911.616856794	1.0001453	0.0005401783
2460911.6182457255	1.0008649	0.00054038357
2460911.619634657	0.99998355	0.00054017507
2460911.621023589	0.99939585	0.0005400148
2460911.6224125205	1.0002267	0.0005402075
2460911.623801452	1.0005037	0.000540307
2460911.6251903838	1.0003079	0.000540274
2460911.6265793154	1.0005071	0.0005401926
2460911.627968247	0.9999191	0.0005400896
2460911.6293571787	1.0001463	0.00054021005
2460911.63074611	0.99977404	0.0005401812
2460911.6321350415	1.000515	0.00054032454
2460911.633523973	0.9997775	0.00054019736
2460911.634912905	1.0	0.0005402387
2460911.6363018365	0.9997435	0.00054017734
2460911.637690768	0.99998236	0.0005401051
2460911.6390796993	0.99950594	0.0005400241
2460911.640468631	0.99975353	0.0005403818
2460911.6418575626	0.9996349	0.0005399455
2460911.6432464942	0.99878806	0.00053991796
2460911.644635426	1.0005622	0.0005403253
2460911.6460243575	1.0000749	0.0005402956
2460911.6474132887	1.0004814	0.0005402852
2460911.6488022204	1.0007995	0.0005403254
2460911.650191152	1.0004508	0.00054031616
2460911.6515800836	1.0008981	0.0005401563
2460911.652969015	1.0002533	0.00054053473
2460911.6543579465	1.0005264	0.00054035586
2460911.655746878	1.0004239	0.00054027356
2460911.65713581	0.9998025	0.00054008723
2460911.6585247414	1.0004618	0.00054059154
2460911.659913673	1.0010531	0.0005402921
2460911.6613026042	0.99975437	0.0005401517
2460911.662691536	1.000105	0.00054023095
2460911.6640804675	1.0010449	0.0005403241
2460911.6654693987	0.9995891	0.0005400811
2460911.6668583304	1.000022	0.00054021465
2460911.668247262	1.0005893	0.00054042984
2460911.669636193	0.9997496	0.00054011046
2460911.671025125	0.99959445	0.0005399097
2460911.6724140565	1.000683	0.0005401981
2460911.673802988	1.0002705	0.0005402937
2460911.6751919193	1.0001557	0.0005403067
2460911.676580851	0.99966466	0.0005399566
2460911.6779697826	0.9997593	0.00054019823
2460911.6793587143	1.0007193	0.00054015755
2460911.6807476454	0.9993688	0.0005401037
2460911.682136577	1.0004478	0.0005402949
2460911.6835255087	1.0008807	0.0005405007
2460911.68491444	1.0002588	0.00054022454
2460911.6863033716	1.0010744	0.00054046
2460911.6876923027	1.0002525	0.00054037716
2460911.6890812344	1.0003492	0.0005401434
2460911.690470166	1.0000142	0.00054019986
2460911.6918590977	0.99961483	0.0005400818
2460911.693248029	0.99978095	0.0005402949
2460911.6946369605	1.0001925	0.0005403322
2460911.6960258917	1.000756	0.00054045377
2460911.6974148233	1.0001308	0.0005403032
2460911.6988037545	1.0004518	0.00054018036
2460911.700192686	0.99876255	0.00054002076
2460911.701581618	0.998924	0.00054009625
2460911.702970549	0.9996076	0.00054003287
2460911.7043594806	1.0003608	0.0005403476
2460911.7057484123	1.0003105	0.00054025673
2460911.7071373435	1.0001347	0.0005400724
2460911.708526275	0.99991155	0.0005400598
2460911.7099152063	0.9997524	0.0005404233
2460911.711304138	1.00053	0.0005402376
2460911.712693069	0.9993737	0.00054008747
2460911.714082001	1.0007325	0.0005403131
2460911.715470932	0.9993094	0.00054003176
2460911.7168598636	1.0000867	0.0005400853
2460911.718248795	0.99938995	0.00054028555
2460911.7196377264	0.9998058	0.0005401424
2460911.7210266576	1.0004025	0.0005401475
2460911.7224155893	0.9998705	0.0005402638
2460911.7238045204	0.99974793	0.00054015673
2460911.725193452	1.0005267	0.0005402459
2460911.7265823833	1.0009593	0.00054051075
2460911.727971315	1.0004455	0.00054028427
2460911.729360246	1.0005268	0.0005402829
2460911.7307491777	0.99976003	0.0005402104
2460911.732138109	1.0000117	0.00054022635
2460911.7335270406	1.0006276	0.0005401606
2460911.7349159718	0.9995149	0.0005402671
2460911.7363049034	0.99993867	0.0005401091
2460911.7376938346	0.9995711	0.0005401113
2460911.739082766	1.0001884	0.0005403237
2460911.7404716974	0.9998037	0.0005401671
2460911.7418606286	1.0014485	0.0005403485
2460911.7432495602	0.9999598	0.00054000004
2460911.7446384914	0.9996493	0.0005401046
2460911.7460274226	1.0000962	0.00054046063
2460911.7474163543	1.0007807	0.00054034666
2460911.7488052854	0.99966174	0.0005403551
2460911.750194217	0.99988073	0.0005402625
2460911.7515831483	1.0007186	0.0005401816
2460911.75297208	1.0016044	0.000540422
2460911.754361011	1.0002241	0.00054022216
2460911.7557499423	0.99976903	0.00054012064
2460911.7571388735	0.99928945	0.0005399038
2460911.758527805	1.0004464	0.000540193
2460911.7599167363	1.001262	0.00054049323
2460911.761305668	0.9997521	0.0005402078
2460911.762694599	0.99979734	0.0005403117
2460911.7640835303	1.0009092	0.00054034987
2460911.7654724615	0.9997023	0.00054008997
2460911.766861393	0.99942535	0.0005401152
2460911.7682503243	0.9993898	0.000540117
2460911.769639256	1.0010048	0.00054032856
2460911.771028187	0.9996608	0.0005401836
2460911.7724171183	0.99988514	0.00054024404
2460911.7738060495	0.9993122	0.00054004043
2460911.775194981	1.0007017	0.000540232
2460911.7765839123	1.0004556	0.0005403644
2460911.7779728435	1.00013	0.00054036075
2460911.7793617747	1.0000147	0.00054015795
2460911.7807507063	1.0005231	0.0005401451
2460911.7821396375	1.0003301	0.0005405313
2460911.7835285687	1.000084	0.00054034276
2460911.7849175	1.0010717	0.00054023176
2460911.7863064315	0.9996116	0.0005403274
2460911.7876953627	0.9998558	0.0005402183
2460911.789084294	1.0006931	0.0005402213
2460911.790473225	0.99978715	0.0005400376
2460911.7918621567	0.99958634	0.0005399826
2460911.793251088	1.0007284	0.0005403186
2460911.794640019	0.9998857	0.00054034154
2460911.7960289503	0.99897146	0.00054003467
2460911.797417882	0.99932927	0.0005400109
2460911.798806813	0.99958533	0.0005399824
2460911.8001957443	0.99967724	0.0005401296
2460911.8015846754	0.9996598	0.0005402199
2460911.8029736066	0.99936604	0.0005400791
2460911.8043625383	0.99975854	0.0005402152
2460911.8057514695	1.0004086	0.0005400124
2460911.8071404006	1.0007144	0.0005404525
2460911.808529332	1.0000838	0.0005401202
2460911.809918263	0.999271	0.00054004905
2460911.811307194	1.000036	0.00054027623
2460911.812696126	0.9999606	0.00054022885
2460911.814085057	0.9996202	0.00054034847
2460911.815473988	0.9996933	0.0005404915
2460911.8168629194	1.0001197	0.0005401887
2460911.8182518505	0.9999296	0.0005401941
2460911.8196407817	1.0008823	0.00054041983
2460911.821029713	1.000258	0.0005402472
2460911.822418644	1.0001704	0.00054015475
2460911.8238075757	0.99980515	0.00054003997
2460911.8251965065	1.0001636	0.000540301
2460911.826585438	1.0007752	0.0005403673
2460911.8279743693	1.0000833	0.0005402829
2460911.8293633005	0.9998518	0.0005401193
2460911.8307522316	1.0001084	0.000540425
2460911.832141163	0.99988455	0.00054018426
2460911.833530094	0.99988073	0.0005402296
2460911.834919025	1.0007279	0.00054036366
2460911.8363079564	0.9991985	0.00053985196
2460911.8376968876	1.0005666	0.0005401818
2460911.8390858187	1.0000423	0.0005400409
2460911.84047475	1.0000238	0.00054027315
2460911.841863681	0.999362	0.00053991727
2460911.8432526123	1.000457	0.00054009573
2460911.8446415435	1.0008093	0.0005402402
2460911.8460304746	1.0001185	0.0005403599
2460911.847419406	1.0001943	0.0005403949
2460911.848808337	1.0002596	0.00054030085
2460911.850197268	1.0006632	0.00054014404
2460911.8515861994	0.99996686	0.0005403144
2460911.8529751305	0.9997495	0.00054029806
2460911.8543640617	1.0001628	0.0005399527
2460911.855752993	0.99973977	0.0005402966
2460911.857141924	0.999555	0.0005398921
2460911.8585308553	0.9994922	0.0005401161
2460911.8599197865	0.99892205	0.00053995516
2460911.861308717	0.9990985	0.00053989154
2460911.862697649	1.0008451	0.0005403731
2460911.8640865795	0.9999775	0.0005400535
2460911.865475511	1.0005163	0.0005403875
2460911.866864442	0.99932504	0.00054012047
2460911.868253373	0.99937576	0.00054018287
2460911.8696423043	0.99976844	0.00054009847
2460911.8710312354	1.0000604	0.0005403537
2460911.8724201666	1.0000443	0.00054022536
2460911.873809098	0.99990374	0.0005401818
2460911.875198029	1.0004256	0.00054021267
2460911.87658696	0.9997096	0.0005400854
2460911.877975891	1.0000437	0.00054020685
2460911.879364822	0.99922687	0.00053999847
2460911.8807537532	0.99928516	0.0005399463
2460911.8821426844	0.9998811	0.0005402233
2460911.8835316156	0.9999485	0.00054024084
2460911.884920547	0.9995416	0.0005402706
2460911.8863094775	0.9991118	0.00053988234
2460911.8876984087	1.0001419	0.0005400228
2460911.88908734	0.99994814	0.00054024166
2460911.890476271	0.99875903	0.00054010923
2460911.891865202	0.9996164	0.0005401528
2460911.8932541334	0.99975175	0.0005402414
2460911.894643064	0.9989967	0.0005400332
2460911.8960319953	1.0000412	0.0005402566
2460911.8974209265	1.0001532	0.000540154
2460911.8988098577	0.999297	0.00053999864
2460911.9001987884	0.9997033	0.00053999014
2460911.9015877196	0.99982065	0.00054023054
2460911.9029766507	0.9991873	0.00054007064
2460911.904365582	0.99933267	0.00054004823
2460911.9057545126	1.000068	0.0005401076
2460911.907143444	0.9994762	0.00053999136
2460911.908532375	0.9995494	0.0005399225
2460911.909921306	1.0004594	0.00054022163
2460911.911310237	0.999735	0.00054018886
2460911.912699168	0.9991527	0.000540101
2460911.9140880993	0.9995677	0.0005400887
2460911.9154770304	0.9997548	0.0005402432
2460911.916865961	1.0000697	0.000540232
2460911.9182548923	0.9994063	0.0005400356
2460911.919643823	0.9998203	0.00053997687
2460911.9210327542	0.9993796	0.00053994666
2460911.9224216854	0.99977475	0.0005401213
2460911.9238106166	0.99948585	0.0005400761
2460911.9251995473	0.9989088	0.0005400091
2460911.9265884785	0.99988294	0.0005399918
2460911.9279774097	0.99879086	0.000539746
2460911.9293663404	0.99906135	0.00054011896
2460911.9307552716	0.99898535	0.0005397839
2460911.9321442028	0.9995496	0.0005399673
2460911.933533134	1.0001595	0.0005403428
2460911.9349220647	0.9994896	0.00053997006
2460911.936310996	0.9988612	0.00054006616
2460911.9376999266	0.999482	0.0005399753
2460911.9390888577	0.99910545	0.000539706
2460911.9404777884	1.0001668	0.00054016645
2460911.9418667196	0.9998471	0.0005400639
2460911.943255651	1.0001302	0.00054005225
2460911.9446445815	1.0002741	0.0005401529
2460911.9460335127	0.99961114	0.00054004474
2460911.947422444	1.0004508	0.00054028793
2460911.9488113746	1.0001551	0.0005402183
2460911.950200306	0.9988714	0.0005401408
2460911.9515892365	1.00074	0.0005402502
2460911.9529781677	0.9996415	0.0005399974
2460911.9543670984	0.9997024	0.00053995056
2460911.9557560296	1.0000166	0.00054031657
2460911.9571449603	0.99920934	0.0005398674
2460911.9585338915	1.0001704	0.0005402927
2460911.959922822	1.0007266	0.00054033514
2460911.9613117534	0.9995205	0.0005399103
2460911.962700684	1.0000874	0.000540144
2460911.9640896153	0.9997328	0.0005399692
2460911.965478546	1.0003774	0.00054033106
2460911.966867477	1.0000073	0.00054006133
2460911.968256408	0.9996897	0.0005400681
2460911.969645339	0.99912566	0.0005399627
2460911.97103427	1.00022	0.0005403514
2460911.972423201	1.0005087	0.00054027623
2460911.9738121317	1.0000386	0.00054022146
2460911.975201063	1.0010478	0.0005402612
2460911.9765899936	0.9992917	0.0005400551
2460911.9779789248	0.9999279	0.00054012914
2460911.9793678555	1.0004634	0.0005403111
2460911.9807567867	0.9997554	0.00054030924
2460911.9821457174	1.0000924	0.0005402472
2460911.983534648	0.99994516	0.00054009916
2460911.9849235793	1.000255	0.0005402789
2460911.98631251	0.9995835	0.0005399712
2460911.9877014407	1.0001273	0.00054049294
2460911.989090372	1.0003438	0.0005402223
2460911.9904793026	1.0004973	0.0005404308
2460911.991868234	0.9999185	0.0005401592
2460911.9932571645	1.0003285	0.0005402033
2460911.9946460957	1.0003464	0.0005401237
2460911.9960350264	1.0003257	0.0005402259
2460911.997423957	1.0004921	0.00054036384
2460911.998812888	1.0003996	0.0005401856
2460912.000201819	1.0005729	0.0005403383
2460912.0015907497	1.0002204	0.0005402523
2460912.002979681	1.0000353	0.00054017623
2460912.0043686116	1.0000783	0.0005401988
2460912.0057575423	0.9995954	0.0005399838
2460912.007146473	1.001213	0.00054044946
2460912.008535404	0.9988181	0.00053997576
2460912.009924335	0.99957585	0.0005402795
2460912.011313266	1.0002229	0.00054014055
2460912.012702197	0.9998792	0.00053995353
2460912.0140911276	1.0004854	0.00054021034
2460912.0154800583	1.0007892	0.0005404752
2460912.0168689894	0.99991566	0.0005401345
2460912.01825792	1.0004796	0.00054011086
2460912.019646851	1.001281	0.00054030865
2460912.0210357816	1.0003394	0.00054014724
2460912.022424713	0.9998282	0.0005400726
2460912.0238136435	1.0006728	0.000540319
2460912.025202574	0.99979347	0.000540195
2460912.026591505	1.0001445	0.00054009137
2460912.027980436	1.0008706	0.00054041087
2460912.029369367	1.0000596	0.00054033543
2460912.0307582975	1.0004311	0.0005402871
2460912.0321472283	1.0005057	0.00054017006
2460912.0335361594	0.9998369	0.00054021226
2460912.03492509	1.0005249	0.0005402967
2460912.036314021	1.0007374	0.0005402757
2460912.0377029516	1.0003124	0.00054033665
2460912.0390918823	0.99991107	0.00054025813
2460912.040480813	0.99915683	0.0005400621
2460912.041869744	1.0002637	0.0005402075
2460912.043258675	1.0004449	0.0005403511
2460912.0446476056	0.99998856	0.00054016593
2460912.0460365363	1.0001554	0.0005402061
2460912.047425467	1.0000768	0.000540215
2460912.048814398	1.0001196	0.0005400388
2460912.050203329	1.0005199	0.00054033176
2460912.0515922597	1.0001804	0.00054001005
2460912.0529811904	1.0003183	0.00054032117
2460912.054370121	1.0008627	0.0005403706
2460912.055759052	1.0006839	0.000540184
2460912.057147983	1.0002111	0.0005400093
2460912.0585369132	1.0000805	0.00054029044
2460912.0599258444	0.9993568	0.00053994026
2460912.061314775	1.0002036	0.00054017967
2460912.062703706	0.999698	0.0005399321
2460912.0640926366	1.0000671	0.00054007
2460912.0654815673	1.0002784	0.00054008287
2460912.066870498	1.0000275	0.0005400896
2460912.0682594287	0.9998266	0.00054027396
2460912.0696483594	1.000734	0.0005401713
2460912.07103729	1.000254	0.0005401237
2460912.072426221	1.000785	0.00054023514
2460912.0738151516	0.99981374	0.0005401691
2460912.0752040823	1.0009292	0.0005402838
2460912.0765930135	1.0005956	0.00054023875
2460912.0779819437	0.99989396	0.00054014503
2460912.079370875	0.99993265	0.0005401262
2460912.080759805	0.9999855	0.00053999154
2460912.0821487363	0.9996961	0.00054017
2460912.0835376666	0.9997785	0.00054013554
2460912.084926598	1.0006595	0.00054019474
2460912.086315528	1.0007725	0.0005402747
2460912.087704459	0.9999657	0.00054010673
2460912.0890933895	1.0006264	0.000540419
2460912.09048232	1.0016065	0.00054051884
2460912.091871251	0.99943244	0.0005398456
2460912.0932601816	0.99932206	0.0005399231
2460912.0946491123	1.0005558	0.0005402212
2460912.096038043	0.9985032	0.000539823
2460912.0974269737	1.0000179	0.0005402906
2460912.0988159045	1.000797	0.00054033264
2460912.100204835	1.0010912	0.0005404326
2460912.101593766	0.9997611	0.00053989986
2460912.1029826966	1.0009178	0.0005402108
2460912.1043716273	1.0004615	0.00054026645
2460912.1057605576	1.0006974	0.00054035394
2460912.1071494888	1.0001975	0.0005401527
2460912.108538419	1.0003198	0.0005401063
2460912.1099273497	1.0008398	0.0005403852
2460912.1113162804	0.9992675	0.00054014445
2460912.112705211	1.0009035	0.0005403806
2460912.114094142	0.9999816	0.0005403239
2460912.1154830726	1.0003836	0.0005401241
2460912.1168720033	1.0004852	0.0005402279
2460912.118260934	1.0011195	0.0005404594
2460912.1196498643	1.0014687	0.00054051704
2460912.121038795	1.0006137	0.00054033834
2460912.1224277257	0.9997533	0.00054014946
2460912.1238166564	0.99959254	0.00053999026
2460912.125205587	0.9997565	0.0005401806
2460912.126594518	1.0007844	0.0005403503
2460912.127983448	0.99968857	0.0005399584
2460912.129372379	1.0001129	0.0005403065
2460912.1307613095	1.0004146	0.0005401554
2460912.1321502402	1.0005423	0.0005404823
2460912.1335391705	0.99931526	0.0005400645
2460912.134928101	1.0005709	0.00054015423
2460912.136317032	1.000319	0.00054020603
2460912.1377059626	1.0004442	0.0005402492
2460912.139094893	1.0007092	0.00054044987
2460912.1404838236	0.9999983	0.00054006645
2460912.1418727543	0.99995697	0.0005400814
2460912.143261685	1.0004232	0.000540382
2460912.1446506153	1.0000912	0.0005401319
2460912.146039546	1.0001131	0.0005401877
2460912.1474284767	1.0000223	0.00054030225
2460912.1488174074	1.0012555	0.0005404956
2460912.1502063377	1.0001215	0.0005402344
2460912.1515952684	1.0006005	0.0005402569
2460912.152984199	1.0004356	0.00054035307
2460912.15437313	0.9989422	0.0005397963
2460912.15576206	0.999707	0.0005401146
2460912.157150991	1.0011531	0.0005402686
2460912.158539921	1.0000603	0.00054038566
2460912.1599288518	0.9999543	0.00054028706
2460912.1613177825	0.99973387	0.000539984
2460912.162706713	1.0003662	0.0005401498
2460912.1640956434	1.0007869	0.0005404754
2460912.165484574	1.0006387	0.00054033234
2460912.1668735044	0.99982065	0.00054024404
2460912.168262435	0.9994245	0.000540082
2460912.169651366	1.0008196	0.0005404297
2460912.171040296	0.99912846	0.0005402759
2460912.172429227	0.99928963	0.0005399674
2460912.1738181575	1.0002996	0.0005401117
2460912.1752070882	1.0005008	0.0005401919
2460912.1765960185	0.9997496	0.0005402092
2460912.177984949	1.0003794	0.00054050353
2460912.1793738795	0.99972916	0.0005400667
2460912.18076281	1.0009099	0.00054040086
2460912.1821517404	1.0002778	0.0005401325
2460912.183540671	0.99906653	0.00054009474
2460912.1849296014	0.99989295	0.00054014265
2460912.186318532	0.9997734	0.0005400151
2460912.1877074623	1.0002778	0.0005403197
2460912.189096393	1.000023	0.00054019486
2460912.190485324	1.0006521	0.0005402618
2460912.191874254	1.0010273	0.00054042105
2460912.1932631847	1.0010266	0.00054025237
2460912.194652115	1.0007368	0.0005401392
2460912.1960410457	1.0001171	0.00054019736
2460912.197429976	0.99998015	0.0005402686
2460912.1988189067	1.0006267	0.0005401966
2460912.200207837	0.9998245	0.000540024
2460912.2015967676	0.99997234	0.0005402346
2460912.202985698	1.0002055	0.0005402323
2460912.2043746286	1.0005208	0.0005400966
2460912.205763559	0.9991555	0.00053994876
2460912.2071524896	1.0001208	0.0005401988
2460912.20854142	1.0008001	0.00054042775
2460912.20993035	1.0008048	0.000540384
2460912.211319281	0.9999749	0.00054021896
2460912.212708211	1.0001426	0.0005402206
2460912.2140971418	0.9996448	0.00054010906
2460912.215486072	0.9999712	0.0005400546
2460912.2168750027	0.99957967	0.0005400124
2460912.218263933	0.99971586	0.0005402623
2460912.2196528637	1.000053	0.00054009375
2460912.221041794	1.0004297	0.0005400779
2460912.2224307247	1.0002362	0.0005401855
2460912.223819655	1.0001054	0.0005401076
2460912.225208585	0.99955326	0.000540153
2460912.2265975154	0.99951565	0.0005401835
2460912.227986446	1.0001372	0.00054036477
2460912.2293753764	1.0004531	0.0005403482
2460912.230764307	1.0002187	0.0005401237
2460912.2321532373	1.0001018	0.00054001436
2460912.233542168	0.9992932	0.0005399472
2460912.2349310983	0.9991978	0.00053988036
2460912.2363200285	1.00152	0.00054047175
2460912.237708959	0.9985926	0.0005398309
2460912.2390978895	1.0002073	0.00054021407
2460912.2404868198	0.999805	0.0005399516
2460912.2418757505	1.00042	0.0005404579
2460912.2432646807	1.000202	0.0005400616
2460912.244653611	1.0002202	0.00054039806
2460912.246042541	1.0004132	0.0005401747
2460912.247431472	0.9996649	0.0005401288
2460912.248820402	1.0002466	0.00054003904
2460912.2502093324	0.9999544	0.00054013135
2460912.2515982627	0.9992887	0.000539842
2460912.2529871934	0.99842846	0.00053986424
2460912.2543761237	0.9999712	0.0005401108
2460912.255765054	0.99943686	0.00054013997
2460912.257153984	0.99958783	0.00054008875
2460912.258542915	0.9997636	0.000540085
2460912.259931845	1.0001006	0.00054021756
2460912.2613207754	1.0005493	0.0005402365
2460912.2627097056	0.9998392	0.0005401943
2460912.2640986363	1.0006957	0.00054020947
2460912.2654875666	0.99986416	0.0005400377
2460912.266876497	1.0009049	0.00054033543
2460912.268265427	0.9999556	0.00054006523
2460912.269654358	1.0003332	0.00054028333
2460912.271043288	0.99873585	0.0005397976
2460912.2724322183	0.9999878	0.0005399223
2460912.2738211486	0.9996922	0.0005399011
2460912.275210079	1.000222	0.00054034207
2460912.276599009	0.99997413	0.00054012815
2460912.27798794	0.9999991	0.0005401063
2460912.27937687	0.99953854	0.0005398558
2460912.2807658003	0.9995127	0.0005400009
2460912.2821547305	1.0000795	0.0005402808
2460912.283543661	0.9999289	0.00054017303
2460912.284932591	1.0000196	0.0005400629
2460912.2863215213	1.0000647	0.00054010365
2460912.2877104515	0.999788	0.00054023846
2460912.473827087	1.0009102	0.0005403343
2460912.475216017	0.99988097	0.00054004317
2460912.476604947	0.9989604	0.0005399373
2460912.4779938767	0.99851614	0.00054000237
2460912.479382807	1.0000023	0.0005400844
2460912.4807717367	1.0004046	0.0005402075
2460912.4821606665	0.99992293	0.0005403338
2460912.4835495967	0.99999994	0.0005401377
2460912.4849385265	1.0005974	0.0005402896
2460912.4863274563	1.0002894	0.0005402251
2460912.487716386	1.0000211	0.0005402133
2460912.4891053163	0.9992074	0.0005399074
2460912.4904942457	1.0005205	0.00054020796
2460912.491883176	1.0003139	0.0005404552
2460912.4932721057	1.0006391	0.00054036634
2460912.4946610355	1.0004872	0.00053994026
2460912.4960499653	0.999647	0.0005400011
2460912.4974388955	0.9994085	0.00054025394
2460912.4988278253	0.999613	0.0005400319
2460912.500216755	1.0000725	0.0005402184
2460912.501605685	1.000128	0.0005402896
2460912.5029946147	1.0005596	0.0005400852
2460912.5043835444	1.0014262	0.0005403664
2460912.5057724747	1.0001557	0.0005399979
2460912.5071614045	0.9988097	0.0005399189
2460912.5085503343	0.9998528	0.0005401992
2460912.509939264	1.0010338	0.00054029323
2460912.511328194	0.99999475	0.0005401704
2460912.5127171236	1.0001147	0.00054005237
2460912.514106054	1.0002548	0.0005401582
2460912.515494983	1.0003524	0.0005400574
2460912.5168839134	1.0008981	0.00054017414
2460912.518272843	1.0001802	0.00054023403
2460912.519661773	1.0001284	0.0005402421
2460912.521050703	0.9996847	0.0005400812
2460912.5224396326	0.9997413	0.0005400656
2460912.5238285623	1.0003393	0.0005402525
2460912.525217492	0.9999648	0.0005400886
2460912.526606422	1.0014117	0.0005405235
2460912.5279953517	1.0022911	0.0005405903
2460912.5293842815	1.0004082	0.0005401915
2460912.5307732117	1.0010245	0.00054014043
2460912.532162141	1.0006316	0.0005401983
2460912.5335510713	1.0012466	0.00054024736
2460912.5349400006	0.9997763	0.0005401463
2460912.536328931	0.9995292	0.0005400971
2460912.53771786	0.99942195	0.00053988496
2460912.5391067904	0.9997597	0.00054002204
2460912.5404957198	1.0005664	0.0005402149
2460912.54188465	0.999876	0.00054009916
2460912.5432735793	1.0005649	0.0005403427
2460912.5446625096	0.9996951	0.00054027856
2460912.546051439	1.0001966	0.0005400973
2460912.547440369	1.0006886	0.00054014893
2460912.548829299	1.0000014	0.0005402565
2460912.5502182283	0.9996832	0.0005400505
2460912.5516071585	1.0003024	0.000540174
2460912.552996088	0.9994716	0.00053989
2460912.554385018	1.0001351	0.00054027856
2460912.5557739474	0.99933046	0.0005401612
2460912.557162877	1.0009111	0.00054023735
2460912.558551807	0.9996924	0.000539997
2460912.5599407367	0.99935496	0.0005399781
2460912.5613296665	1.0001448	0.0005400813
2460912.5627185963	0.99930453	0.000539846
2460912.564107526	0.9999448	0.0005401517
2460912.565496456	1.0001379	0.0005400753
2460912.566885385	1.0007762	0.0005402546
2460912.5682743154	0.99983263	0.00054009765
2460912.5696632448	1.0001979	0.000540151
2460912.5710521745	1.0004218	0.0005401813
2460912.5724411043	1.000774	0.00054030365
2460912.573830034	0.999563	0.000540109
2460912.575218964	1.0013875	0.00054046366
2460912.5766078937	1.0000626	0.0005402727
2460912.577996823	1.000096	0.00054031354
2460912.579385753	1.0006166	0.0005400982
2460912.5807746826	1.0007901	0.0005404213
2460912.5821636124	1.0002346	0.00054007367
2460912.583552542	1.0005785	0.0005401348
2460912.584941472	1.000445	0.0005400907
2460912.5863304012	1.0005581	0.00054031145
2460912.587719331	1.0001005	0.0005401315
2460912.589108261	1.0005397	0.000540171
2460912.5904971906	1.0012115	0.0005403483
2460912.59188612	1.0000572	0.00054011965
2460912.5932750497	1.0016522	0.00054063165
2460912.5946639795	1.0003687	0.0005402792
2460912.5960529093	0.9993575	0.0005400781
2460912.5974418386	0.99988323	0.0005401425
2460912.5988307684	0.99898964	0.00053997035
2460912.600219698	1.0007687	0.0005402462
2460912.601608628	0.9994976	0.000540104
2460912.6029975573	1.0004513	0.00054045743
2460912.604386487	0.99969876	0.0005400619
2460912.605775417	0.99974835	0.0005400628
2460912.6071643466	1.0000892	0.0005402313
2460912.608553276	1.0008675	0.0005400806
2460912.6099422057	0.9998902	0.0005402051
2460912.611331135	1.0006915	0.0005401213
2460912.612720065	1.0006628	0.00054022216
2460912.6141089946	1.0004078	0.00054000266
2460912.6154979244	1.0015413	0.00054046576
2460912.6168868537	1.0002568	0.00054012676
2460912.6182757835	1.0004282	0.0005402118
2460912.619664713	1.0004389	0.00054041203
2460912.6210536426	1.0004394	0.0005403637
2460912.6224425724	1.0012147	0.00054040184
2460912.6238315017	1.0002449	0.0005400895
2460912.6252204315	1.0002627	0.0005401142
2460912.6266093613	0.99944866	0.0005400701
2460912.6279982906	0.99992853	0.0005402467
2460912.6293872204	0.99873286	0.00053965143
2460912.6307761497	1.0016245	0.0005403752
2460912.6321650795	1.0014452	0.000540466
2460912.633554009	1.0005952	0.0005400961
2460912.6349429386	1.0012041	0.0005401155
2460912.6363318684	0.9996074	0.0005399484
2460912.6377207977	1.0007193	0.0005404557
2460912.6391097275	1.0004873	0.000540191
2460912.6404986572	1.0010775	0.00054023106
2460912.6418875866	0.99999934	0.0005401208
2460912.6432765163	1.0016241	0.00054059766
2460912.6446654457	1.0002451	0.00054027303
2460912.6460543755	1.000589	0.0005401652
2460912.647443305	1.0006142	0.00054016884
2460912.6488322346	1.0003847	0.0005402706
2460912.650221164	1.0007184	0.0005402592
2460912.6516100937	1.0016364	0.0005404701
2460912.652999023	1.0005378	0.00054011313
2460912.6543879528	1.0000457	0.00054029183
2460912.655776882	1.0012293	0.0005403865
2460912.657165812	1.0008038	0.00054028985
2460912.658554741	1.0005013	0.0005402228
2460912.659943671	1.0006378	0.00054010615
2460912.6613326003	1.0005547	0.00054020487
2460912.6627215296	0.9994701	0.0005402234
2460912.6641104594	0.99939626	0.0005400258
2460912.6654993887	1.0013434	0.000540351
2460912.6668883185	1.0009555	0.00054025813
2460912.668277248	1.0011094	0.00054019364
2460912.669666177	1.0009438	0.00054032693
2460912.671055107	1.0003216	0.000540082
2460912.6724440367	0.99992406	0.0005400827
2460912.673832966	1.0001894	0.00054014404
2460912.6752218953	0.9996568	0.0005402494
2460912.676610825	1.0011938	0.0005402683
2460912.6779997544	1.0001417	0.0005402521
2460912.6793886838	0.99954337	0.00054000015
2460912.6807776135	1.0009109	0.00054026215
2460912.682166543	0.99978733	0.0005400454
2460912.6835554726	1.0005106	0.0005401454
2460912.684944402	1.0008414	0.0005401556
2460912.6863333313	0.99985933	0.0005400938
2460912.687722261	1.0003182	0.0005402884
2460912.6891111904	1.0002342	0.0005402691
2460912.6905001197	1.0007948	0.0005401489
2460912.6918890495	1.0000811	0.0005401741
2460912.693277979	1.0003533	0.000540248
2460912.694666908	1.0008138	0.00054026616
2460912.6960558374	1.00014	0.0005401114
2460912.697444767	1.000652	0.00054040976
2460912.6988336965	1.0002345	0.00054027006
2460912.7002226263	1.0006942	0.0005401943
2460912.7016115556	1.0008677	0.00054037565
2460912.703000485	1.0000479	0.0005401684
2460912.7043894143	1.0004139	0.0005400732
2460912.705778344	1.0003986	0.000540071
2460912.7071672734	1.000498	0.0005403111
2460912.7085562027	0.9999651	0.00054010894
2460912.709945132	1.0007781	0.0005403655
2460912.711334062	1.0008185	0.0005402834
2460912.7127229907	1.000951	0.0005405334
2460912.7141119204	1.000681	0.0005402012
2460912.7155008498	1.0003808	0.0005402296
2460912.716889779	1.0001361	0.00054005
2460912.7182787084	1.0002415	0.00054022466
2460912.719667638	1.0008492	0.0005402583
2460912.7210565675	1.0014838	0.0005403968
2460912.722445497	1.0006287	0.0005403305
2460912.723834426	1.0007368	0.00054032565
2460912.7252233555	1.0013468	0.00054046063
2460912.726612285	1.0003177	0.00054002437
2460912.7280012146	1.0002769	0.00054036727
2460912.729390144	1.0003954	0.0005401364
2460912.730779073	1.0004811	0.00054003217
2460912.7321680025	1.0005251	0.0005402176
2460912.733556932	1.0011843	0.00054031744
2460912.734945861	0.9999465	0.00054015324
2460912.736334791	1.0007982	0.0005402072
2460912.73772372	1.0003942	0.0005402104
2460912.7391126496	1.0011619	0.0005403164
2460912.740501579	1.0006924	0.00054047594
2460912.741890508	1.0002326	0.0005401988
2460912.7432794375	0.99996036	0.00054031756
2460912.744668367	1.0008069	0.0005405138
2460912.746057296	1.0001318	0.00053996826
2460912.7474462255	1.0008882	0.00054018205
2460912.748835155	1.000238	0.0005401544
2460912.750224084	0.9998281	0.0005400752
2460912.7516130134	1.0011748	0.0005404459
2460912.7530019428	1.0012276	0.00054034067
2460912.754390872	1.000068	0.0005403088
2460912.755779802	1.0006956	0.0005401646
2460912.7571687307	0.9998661	0.0005401179
2460912.7585576605	1.000291	0.00054026925
2460912.7599465894	1.0010072	0.0005402183
2460912.761335519	1.0007724	0.0005403543
2460912.762724448	0.9998685	0.00054007093
2460912.764113378	0.99969757	0.0005400756
2460912.7655023066	0.9995481	0.00054001884
2460912.7668912364	1.0000876	0.00054014503
2460912.7682801653	1.0004634	0.00054029946
2460912.7696690946	1.0001563	0.00054010324
2460912.771058024	0.9993701	0.0005399494
2460912.772446953	1.0006177	0.0005403117
2460912.7738358825	1.0001091	0.0005400297
2460912.775224812	1.0001286	0.0005402488
2460912.776613741	1.0003552	0.0005402207
2460912.7780026705	0.99954534	0.00053987716
2460912.7793916	1.0003444	0.0005404536
2460912.780780529	0.9999758	0.00054026634
2460912.7821694585	1.0006974	0.0005402345
2460912.783558388	1.0012469	0.00054043037
2460912.7849473166	1.0005761	0.000540152
2460912.7863362464	1.0003539	0.0005400735
2460912.7877251753	1.0011119	0.00054034195
2460912.7891141046	1.000447	0.0005399988
2460912.790503034	1.00032	0.00054019026
2460912.791891963	1.0007144	0.00054016255
2460912.7932808925	0.99968785	0.0005400206
2460912.794669822	1.0018471	0.0005405445
2460912.796058751	1.0008061	0.000540349
2460912.79744768	1.0001986	0.000540089
2460912.79883661	1.0001088	0.00054009265
2460912.8002255387	1.0007439	0.0005401913
2460912.801614468	1.0005579	0.000540052
2460912.8030033973	1.0006622	0.0005401729
2460912.8043923266	1.0008813	0.00054022577
2460912.8057812555	0.9999473	0.0005400661
2460912.807170185	0.99985045	0.0005401269
2460912.808559114	0.9992198	0.00053999
2460912.8099480434	0.9997798	0.00054003205
2460912.8113369723	0.9999606	0.00054007344
2460912.8127259016	0.99983543	0.0005401971
2460912.814114831	1.0001667	0.0005401051
2460912.8155037602	1.0002838	0.0005401702
2460912.816892689	1.0002398	0.0005402314
2460912.8182816184	1.0002058	0.0005401227
2460912.8196705477	0.9997961	0.00053997483
2460912.821059477	0.9993099	0.00054015365
2460912.822448406	0.9994015	0.0005400359
2460912.823837335	1.0007427	0.00054019043
2460912.8252262645	0.9991537	0.0005398588
2460912.826615194	0.9998775	0.0005400292
2460912.8280041227	0.9996967	0.0005400212
2460912.829393052	0.99975574	0.00054004753
2460912.8307819813	1.0001687	0.00054013095
2460912.8321709107	1.0006627	0.0005402706
2460912.8335598395	0.99982053	0.0005400076
2460912.834948769	1.0002958	0.00054016674
2460912.8363376977	0.99934584	0.0005399909
2460912.837726627	0.99969167	0.00053998054
2460912.8391155563	0.999952	0.00054011546
2460912.840504485	0.9995124	0.00053996884
2460912.8418934145	1.0007074	0.0005400497
2460912.843282344	1.0006332	0.00054032146
2460912.8446712727	1.0002444	0.0005401578
2460912.846060202	1.0001787	0.0005402497
2460912.847449131	0.9998511	0.0005400583
2460912.84883806	0.999616	0.00054007693
2460912.8502269895	0.99973136	0.0005399272
2460912.8516159183	0.9993855	0.00054006383
2460912.8530048477	0.9998178	0.0005400732
2460912.854393777	1.0004771	0.0005403265
2460912.855782706	0.9988478	0.0005397423
2460912.857171635	0.9990472	0.0005400079
2460912.858560564	1.0003238	0.0005402782
2460912.8599494933	1.0007441	0.0005401592
2460912.861338422	1.0002297	0.000540219
2460912.8627273515	0.99993414	0.0005401548
2460912.8641162803	1.0002904	0.00054022
2460912.8655052097	0.99854517	0.0005399638
2460912.8668941385	1.000234	0.0005403192
2460912.868283068	1.0005771	0.00054012024
2460912.8696719967	1.0006506	0.0005402328
2460912.871060926	0.99991786	0.0005401555
2460912.872449855	0.99961746	0.0005400811
2460912.873838784	0.9996022	0.00053998455
2460912.875227713	0.9999856	0.00054011634
2460912.8766166423	0.9997828	0.0005400918
2460912.878005571	0.9999463	0.0005399529
2460912.8793945005	1.0004126	0.0005401761
2460912.8807834294	0.9992323	0.00053984806
2460912.8821723587	0.9991216	0.00053996535
2460912.8835612875	1.000464	0.0005401286
2460912.884950217	1.0000641	0.00054009026
2460912.8863391457	0.9998272	0.00054006267
2460912.8877280746	1.0001514	0.0005401105
2460912.889117004	0.9992807	0.000539978
2460912.8905059327	0.9997287	0.0005400314
2460912.8918948616	1.0006201	0.00054029253
2460912.893283791	1.0009806	0.00054039643
2460912.8946727198	0.99992543	0.0005400563
2460912.896061649	0.9995393	0.0005400443
2460912.897450578	0.9996116	0.00054021116
2460912.8988395073	1.0003875	0.0005401618
2460912.900228436	0.99986553	0.0005400919
2460912.901617365	0.9998904	0.00054020167
2460912.903006294	1.0000849	0.0005401154
2460912.904395223	1.0009792	0.00054015865
2460912.905784152	1.000664	0.0005401544
2460912.9071730813	0.99971247	0.000540057
2460912.90856201	0.9996998	0.0005400378
2460912.909950939	1.0003747	0.00054002553
2460912.911339868	1.0000242	0.0005401266
2460912.912728797	1.0014907	0.00054030056
2460912.914117726	0.9996035	0.00054002606
2460912.9155066554	1.0003694	0.00054026727
2460912.916895584	1.000744	0.00054027
2460912.918284513	1.0002956	0.00054012507
2460912.9196734424	1.0005481	0.0005405721
2460912.921062371	1.0000024	0.00054006005
2460912.9224513	1.0001384	0.0005401892
2460912.923840229	1.0002356	0.00054010074
2460912.9252291583	1.0009713	0.00054031314
2460912.926618087	1.0005032	0.00054017414
2460912.928007016	0.9996137	0.00054010196
2460912.929395945	1.0001465	0.0005401672
2460912.930784874	1.0007656	0.00054041704
2460912.932173803	0.99968135	0.00054012495
2460912.933562732	1.0000597	0.0005401617
2460912.9349516607	1.0005656	0.000540154
2460912.9363405895	0.9994059	0.00053988374
2460912.9377295184	1.0005579	0.0005401557
2460912.9391184477	1.0001405	0.0005401351
2460912.9405073766	0.99952006	0.00054006133
2460912.9418963054	1.0000497	0.00054006674
2460912.9432852343	1.0009614	0.00054036296
2460912.944674163	1.000015	0.0005400524
2460912.946063092	1.000097	0.0005401451
2460912.9474520213	1.000068	0.000539861
2460912.94884095	0.9993823	0.00054004043
2460912.950229879	0.9998868	0.00054000015
2460912.951618808	0.99947554	0.0005400286
2460912.9530077367	1.0008011	0.00054030283
2460912.9543966656	0.99914575	0.0005398067
2460912.955785595	1.0000434	0.0005401388
2460912.9571745233	1.0004715	0.00054029253
2460912.9585634526	1.0006541	0.0005403961
2460912.9599523814	1.0004728	0.0005401834
2460912.9613413103	1.0008814	0.0005402486
2460912.962730239	1.0014715	0.0005404635
2460912.964119168	1.000323	0.00054013956
2460912.965508097	1.0006253	0.0005402422
2460912.9668970257	1.0004776	0.0005402941
2460912.9682859546	1.0005732	0.00054044864
2460912.9696748834	1.0000689	0.00054001046
2460912.9710638123	0.9997641	0.0005400986
2460912.972452741	1.0004896	0.0005403102
2460912.97384167	1.0002946	0.0005401034
2460912.975230599	1.0001243	0.0005402203
2460912.9766195277	1.000451	0.0005402031
2460912.9780084565	1.0012028	0.00054038555
2460912.9793973854	1.0009149	0.00054031267
2460912.9807863142	1.0004692	0.00054031576
2460912.982175243	1.0006334	0.00054029847
2460912.983564172	1.0003583	0.0005402958
2460912.984953101	1.0009533	0.0005402438
2460912.9863420296	1.0002152	0.0005401337
2460912.9877309585	1.0007637	0.000540386
2460912.9891198874	1.0003015	0.0005400616
2460912.990508816	1.0000286	0.0005401156
2460912.991897745	0.9996488	0.00054018514
2460912.993286674	1.0001532	0.00054001453
2460912.9946756028	1.0004805	0.000540125
2460912.9960645316	0.99948764	0.0005400986
2460912.9974534605	1.0001199	0.00054015196
2460912.998842389	1.0009601	0.0005404119
2460913.000231318	1.0005451	0.0005402408
2460913.0016202466	0.9991951	0.0005398937
2460913.0030091754	1.0003589	0.0005401417
2460913.0043981043	1.0009986	0.000540254
2460913.005787033	0.99964285	0.000539912
2460913.007175962	1.0001352	0.0005402142
2460913.008564891	1.0000743	0.000540206
2460913.009953819	1.001117	0.0005403209
2460913.0113427485	1.0007901	0.00054039055
2460913.012731677	1.0001727	0.00054033706
2460913.014120606	0.99968195	0.0005401426
2460913.0155095346	1.0007724	0.00054025016
2460913.0168984635	0.9996607	0.00054009573
2460913.018287392	1.0006121	0.0005401456
2460913.019676321	0.9999547	0.00054010376
2460913.0210652496	1.000933	0.00054057076
2460913.0224541784	1.0007414	0.0005403494
2460913.0238431073	0.9997916	0.0005401051
2460913.025232036	0.9995233	0.0005400964
2460913.0266209645	0.99977183	0.0005399882
2460913.0280098934	1.0002831	0.00054013927
2460913.029398822	0.9999137	0.000540047
2460913.030787751	1.0001686	0.00054025697
2460913.0321766795	0.9995454	0.00054022
2460913.0335656083	1.0013708	0.00054035045
2460913.034954537	1.0000122	0.00054008997
2460913.036343466	1.000337	0.000540189
2460913.0377323944	1.0009965	0.0005403529
2460913.0391213233	0.9992917	0.00053995673
2460913.040510252	0.99983644	0.0005402626
2460913.041899181	1.000465	0.00054039527
2460913.04328811	1.0001519	0.00054021453
2460913.044677038	1.0002165	0.00054022286
2460913.046065967	1.0003152	0.0005402286
2460913.0474548955	1.0008668	0.0005402519
2460913.0488438243	1.000414	0.00054009806
2460913.050232753	1.0006707	0.0005402744
2460913.051621682	1.0002797	0.0005400882
2460913.0530106104	1.0009933	0.0005401746
2460913.0543995393	0.9994784	0.0005399107
2460913.0557884676	0.9997574	0.0005400314
2460913.0571773965	1.0003669	0.00054017955
2460913.0585663253	1.0008569	0.0005403196
2460913.0599552537	1.0009366	0.0005403627
2460913.0613441826	1.0007683	0.0005401741
2460913.0627331114	0.99945724	0.00054015877
2460913.06412204	0.9993052	0.00053997716
2460913.0655109687	1.0011424	0.00054007105
2460913.066899897	1.0008132	0.0005403588
2460913.068288826	1.0012976	0.0005403732
2460913.0696777543	1.0012664	0.00054058415
2460913.071066683	1.0005821	0.0005402729
2460913.072455612	1.0000265	0.0005402432
2460913.0738445404	1.0008321	0.00054030307
2460913.0752334693	1.0008123	0.0005402299
2460913.0766223976	0.99957246	0.0005400611
2460913.0780113265	0.9999984	0.000540175
2460913.0794002553	1.0001822	0.00054006494
2460913.0807891837	1.00021	0.0005401259
2460913.0821781126	1.0006591	0.00054023514
2460913.083567041	0.99940187	0.0005400899
2460913.08495597	1.0000188	0.0005399994
2460913.086344898	1.000068	0.00054036407
2460913.087733827	0.99981344	0.0005401079
2460913.0891227555	1.0009751	0.0005403233
2460913.0905116843	1.0004606	0.00054013793
2460913.0919006127	1.0013124	0.0005401543
2460913.093289541	1.0007789	0.0005403922
2460913.09467847	1.0009831	0.00054052233
2460913.0960673983	1.0007601	0.00054036774
2460913.097456327	1.0007497	0.0005405536
2460913.0988452556	1.0009055	0.00054023723
2460913.100234184	1.000638	0.0005403333
2460913.101623113	1.0006394	0.00054042344
2460913.103012041	1.000561	0.0005401717
2460913.10440097	1.0001305	0.0005400537
2460913.1057898984	0.99991745	0.00054020376
2460913.1071788273	1.0001818	0.00053999835
2460913.1085677557	0.9995887	0.0005400984
2460913.1099566845	0.99982756	0.0005399877
2460913.111345613	1.0002917	0.00054008473
2460913.1127345413	1.0009471	0.0005403402
2460913.1141234697	1.001436	0.00054045033
2460913.1155123985	1.0000184	0.0005399656
2460913.116901327	0.9998622	0.0005399624
2460913.118290256	0.9997587	0.0005402861
2460913.119679184	1.0002766	0.0005402298
2460913.1210681126	0.99990153	0.00054010324
2460913.1224570414	0.9991791	0.00054009404
2460913.12384597	1.0009757	0.0005403394
2460913.125234898	0.99977875	0.00054006226
2460913.126623827	1.0006053	0.00054022437
2460913.1280127554	1.0006045	0.00054056075
2460913.129401684	0.9997927	0.00053996075
2460913.130790612	0.9998374	0.0005401864
2460913.132179541	1.0004991	0.0005401626
2460913.1335684694	1.0000827	0.0005400986
2460913.134957398	1.0003217	0.00054024404
2460913.136346326	1.0003747	0.0005401156
2460913.137735255	1.0004936	0.00054027216
2460913.1391241834	0.99974066	0.0005399856
2460913.140513112	1.0004009	0.00054016395
2460913.14190204	1.0000064	0.0005402496
2460913.143290969	1.000582	0.0005404408
2460913.1446798975	1.0006478	0.00054016977
2460913.146068826	0.9996088	0.000540123
2460913.1474577542	1.0006205	0.0005402354
2460913.148846683	1.0002148	0.0005399619
2460913.1502356115	1.0000006	0.0005401519
2460913.15162454	1.0004046	0.00054020144
2460913.1530134683	0.9998071	0.0005402543
2460913.154402397	1.0000944	0.0005399287
2460913.155791325	1.0006166	0.0005404075
2460913.157180254	0.99942815	0.000540122
2460913.1585691823	1.0001072	0.000540164
2460913.1599581107	0.99979776	0.0005399107
2460913.161347039	1.0000616	0.0005401405
2460913.162735968	1.0006407	0.0005401371
2460913.164124896	1.0000654	0.000539948
2460913.1655138247	0.99985087	0.00054000865
2460913.166902753	1.0008472	0.00053996814
2460913.1682916814	1.0007031	0.0005402672
2460913.16968061	1.0008034	0.0005402743
2460913.171069538	0.99972534	0.0005399535
2460913.172458467	1.0000443	0.0005400444
2460913.173847395	1.0001309	0.0005400913
2460913.175236324	1.0002601	0.00054020894
2460913.1766252522	1.0000762	0.00054025784
2460913.1780141806	1.0005093	0.00054028264
2460913.179403109	1.0000799	0.00054022
2460913.1807920374	1.0004047	0.00054035307
2460913.182180966	0.99983877	0.0005400318
2460913.183569894	0.9997713	0.0005401727
2460913.1849588226	0.9984489	0.0005399589
2460913.186347751	1.0004106	0.0005401125
2460913.1877366793	1.0001947	0.00054013985
2460913.1891256077	1.0002922	0.0005401717
2460913.190514536	1.0004845	0.0005401462
2460913.1919034645	0.9997977	0.00054004585
2460913.193292393	0.9997441	0.00054000533
2460913.1946813213	1.0005115	0.0005403059
2460913.1960702497	0.9999473	0.0005401983
2460913.197459178	0.99994516	0.0005403456
2460913.1988481064	1.0003335	0.00054011337
2460913.200237035	0.9997361	0.0005401273
2460913.201625963	0.99996954	0.00054009294
2460913.2030148916	0.9998022	0.00054005656
2460913.20440382	1.0005653	0.00054017635
2460913.2057927484	0.99968886	0.000540209
2460913.2071816768	0.999652	0.00053989515
2460913.208570605	1.000233	0.0005401061
2460913.209959533	0.999337	0.00054000685
2460913.211348462	1.0004717	0.00054029207
2460913.21273739	0.99998176	0.0005399168
2460913.214126318	1.001164	0.0005404475
2460913.2155152466	1.0006696	0.0005405404
2460913.216904175	0.99966174	0.0005400466
2460913.2182931034	0.9993785	0.00054011063
2460913.219682032	1.000291	0.0005403611
2460913.2210709597	1.0003194	0.0005399802
2460913.2224598886	1.0000015	0.00054003944
2460913.2238488165	0.99958265	0.0005399832
2460913.225237745	0.9995541	0.00054013304
2460913.2266266732	0.9988233	0.0005399287
2460913.2280156016	0.99896777	0.0005398854
2460913.22940453	0.99986917	0.00054025353
2460913.4141319674	0.9992184	0.00054010324
2460913.4155208953	0.99814606	0.0005397903
2460913.416909823	1.0001382	0.00054001954
2460913.418298751	0.99874765	0.00053988444
2460913.419687679	1.0000871	0.000540012
2460913.421076607	1.0001154	0.0005401515
2460913.422465535	0.9994509	0.0005400619
2460913.4238544623	0.9988629	0.0005398536
2460913.4252433907	1.000302	0.0005401793
2460913.426632318	1.0009637	0.00054036395
2460913.428021246	1.0003399	0.00054011145
2460913.429410174	0.99951327	0.0005398121
2460913.430799102	1.0006785	0.0005400926
2460913.43218803	0.99922	0.000540007
2460913.433576958	1.0009481	0.0005403133
2460913.4349658852	0.99980116	0.0005400422
2460913.436354813	0.99982876	0.00053994777
2460913.437743741	1.000586	0.0005402568
2460913.439132669	0.99948466	0.0005399057
2460913.440521597	0.9993887	0.00053990714
2460913.441910525	1.0002886	0.0005401128
2460913.4432994523	0.99988365	0.0005402021
2460913.44468838	1.0008049	0.000540242
2460913.446077308	1.0003546	0.0005401259
2460913.447466236	1.0007932	0.00054026686
2460913.4488551635	1.0006629	0.0005401881
2460913.4502440915	1.0002928	0.00054010213
2460913.4516330194	0.9998351	0.00054011587
2460913.4530219473	0.99967974	0.00054015586
2460913.4544108748	1.0002227	0.0005402173
2460913.4557998027	0.99993646	0.0005400493
2460913.4571887306	1.0008374	0.0005404197
2460913.4585776585	1.0003668	0.00053998287
2460913.459966586	1.0003841	0.000540244
2460913.461355514	1.0001484	0.00054018263
2460913.462744442	0.9996379	0.00053983903
2460913.4641333697	0.99924767	0.0005400064
2460913.465522297	1.000178	0.00054025016
2460913.466911225	1.000164	0.0005399977
2460913.468300153	1.0008223	0.00054025784
2460913.469689081	1.0004332	0.00054023234
2460913.4710780084	1.0010178	0.0005403816
2460913.4724669363	1.0006137	0.00054028846
2460913.473855864	1.0002793	0.0005400993
2460913.4752447917	1.0007532	0.00054022897
2460913.4766337196	0.99968886	0.0005401099
2460913.478022647	1.000379	0.00054017844
2460913.479411575	1.0005037	0.00054019684
2460913.480800503	0.999785	0.0005400422
2460913.4821894304	1.0007498	0.00054015033
2460913.4835783583	0.99991506	0.00053996424
2460913.484967286	0.99986905	0.0005400226
2460913.4863562137	1.0005927	0.0005404202
2460913.487745141	1.0007241	0.0005401583
2460913.489134069	1.0005541	0.00054034975
2460913.490522997	0.99958	0.0005400955
2460913.4919119244	1.0000207	0.0005402007
2460913.4933008524	1.0000355	0.0005399194
2460913.4946897803	1.000086	0.00054021453
2460913.4960787077	1.00054	0.0005402073
2460913.4974676357	0.99942863	0.00054003723
2460913.498856563	0.99981713	0.00054010603
2460913.500245491	1.0005853	0.0005404959
2460913.5016344185	1.0002267	0.0005400241
2460913.5030233464	1.0000737	0.000540103
2460913.504412274	1.0002514	0.00054012815
2460913.505801202	1.0003127	0.00054013956
2460913.5071901293	1.0001361	0.00054015184
2460913.508579057	1.0002236	0.0005401721
2460913.5099679846	1.0001853	0.0005401337
2460913.5113569126	1.0005008	0.0005401228
2460913.51274584	1.0001057	0.00053999637
2460913.514134768	1.0004565	0.00054023735
2460913.5155236954	1.0003648	0.0005400403
2460913.5169126233	0.99979144	0.00053999457
2460913.5183015508	1.0002228	0.00054015015
2460913.519690478	1.000864	0.0005404092
2460913.521079406	1.0000163	0.0005401103
2460913.5224683336	1.0003977	0.00054009916
2460913.523857261	1.0008126	0.0005402426
2460913.525246189	1.0006182	0.000540346
2460913.5266351164	1.0008521	0.0005401808
2460913.5280240444	1.0001855	0.000540324
2460913.529412972	0.9999352	0.0005399797
2460913.5308018997	0.9993184	0.000540042
2460913.532190827	1.0006387	0.00054023985
2460913.5335797546	1.000398	0.00054015557
2460913.5349686826	1.0000479	0.00054021785
2460913.53635761	1.001517	0.00054049277
2460913.537746538	1.0003142	0.00054013956
2460913.5391354654	1.0003684	0.0005400956
2460913.540524393	1.000593	0.0005404334
2460913.541913321	1.0001607	0.0005400317
2460913.543302248	1.0010215	0.00054046395
2460913.5446911757	0.99958634	0.00054000434
2460913.5460801036	0.99951094	0.0005398575
2460913.547469031	1.0005052	0.0005402586
2460913.5488579585	1.0005542	0.00054017536
2460913.550246886	0.999433	0.0005401118
2460913.551635814	1.0003949	0.00054023624
2460913.5530247414	0.99971944	0.00054005533
2460913.554413669	1.0000604	0.00054017844
2460913.5558025963	0.9997291	0.0005399627
2460913.557191524	1.0000937	0.0005401882
2460913.5585804516	0.99969393	0.00053994247
2460913.559969379	1.0009744	0.00054035755
2460913.5613583066	1.0007952	0.0005402653
2460913.5627472345	0.99936604	0.0005399199
2460913.564136162	1.0006088	0.00054046715
2460913.5655250894	1.0008602	0.00054024754
2460913.566914017	1.0013101	0.000540283
2460913.568302945	0.999272	0.00054017105
2460913.569691872	1.000621	0.0005402021
2460913.5710807997	1.0001264	0.0005400797
2460913.572469727	1.0003297	0.000540065
2460913.5738586546	0.9998153	0.00054016936
2460913.575247582	1.000286	0.0005402183
2460913.57663651	0.9995082	0.0005399734
2460913.5780254374	1.0008142	0.0005402523
2460913.579414365	1.0011568	0.0005402407
2460913.5808032923	1.0006888	0.0005403153
2460913.58219222	1.0007674	0.00054023444
2460913.5835811472	0.99937695	0.000540016
2460913.584970075	1.0010805	0.00054021354
2460913.586359002	1.0000148	0.00054005213
2460913.58774793	0.9997964	0.00053996174
2460913.5891368575	1.0004323	0.0005400932
2460913.590525785	1.0007076	0.00054031546
2460913.5919147125	1.0009518	0.00054022606
2460913.59330364	1.0004789	0.0005401775
2460913.5946925674	1.0001746	0.00054007146
2460913.596081495	1.000538	0.00054006337
2460913.5974704223	0.9990702	0.0005400465
2460913.5988593497	1.00139	0.000540385
2460913.600248277	1.0002552	0.0005401434
2460913.6016372046	1.0004859	0.00054021715
2460913.603026132	0.9990627	0.0005399964
2460913.60441506	1.0011928	0.00054042717
2460913.605803987	1.0004739	0.0005400868
2460913.607192915	1.0002992	0.0005401291
2460913.608581842	1.0005964	0.0005401868
2460913.60997077	1.0010774	0.0005402598
2460913.611359697	1.0002326	0.0005402659
2460913.6127486248	0.9997395	0.00054006855
2460913.6141375517	1.0006286	0.0005401348
2460913.6155264797	1.0001819	0.0005402226
2460913.6169154067	0.9994173	0.00053999235
2460913.618304334	1.0004404	0.0005401359
2460913.6196932616	1.0006745	0.00054015947
2460913.621082189	1.0016377	0.00054036675
2460913.6224711165	0.9999317	0.00054014905
2460913.623860044	0.9999556	0.00053981907
2460913.6252489714	0.9990139	0.00053979293
2460913.626637899	1.0009052	0.0005405795
2460913.6280268263	0.9998157	0.0005400951
2460913.6294157538	1.0005726	0.00054023374
2460913.6308046808	1.0002159	0.0005401751
2460913.6321936087	0.99995446	0.00054002943
2460913.6335825357	1.0004548	0.00054001756
2460913.634971463	1.0000076	0.0005401801
2460913.6363603906	1.0006036	0.00054015586
2460913.637749318	0.99914694	0.0005398743
2460913.6391382455	1.0012835	0.00054028875
2460913.640527173	1.0006182	0.0005402592
2460913.6419161	1.000039	0.00054006575
2460913.6433050274	1.0000666	0.00054002774
2460913.644693955	1.0003309	0.00054025056
2460913.6460828823	0.99971336	0.00054003845
2460913.6474718098	1.000365	0.0005403559
2460913.648860737	1.0006241	0.0005401213
2460913.650249664	1.000931	0.0005403993
2460913.6516385917	1.0016922	0.0005406576
2460913.653027519	0.9995347	0.0005402247
2460913.6544164466	0.9998374	0.00053995225
2460913.6558053736	1.0001891	0.00054017414
2460913.657194301	1.0010436	0.00054024317
2460913.6585832285	1.0006434	0.00054029725
2460913.659972156	1.0008744	0.0005401271
2460913.6613610834	1.0003875	0.0005404122
2460913.6627500104	0.9998135	0.0005399123
2460913.664138938	1.0002835	0.000540009
2460913.6655278653	1.0005796	0.0005404
2460913.6669167927	0.9999761	0.0005400745
2460913.6683057197	1.0001566	0.0005404004
2460913.669694647	0.9995531	0.00054011855
2460913.6710835746	1.0001546	0.00054007623
2460913.672472502	1.0006628	0.0005403517
2460913.673861429	1.0010713	0.0005403578
2460913.6752503566	1.0004191	0.00053996197
2460913.676639284	1.000025	0.000540084
2460913.678028211	1.0009356	0.00054022064
2460913.6794171385	1.0007045	0.00054024317
2460913.680806066	0.9999057	0.0005400225
2460913.682194993	0.9999195	0.00054007606
2460913.6835839204	0.99963903	0.00053999276
2460913.6849728473	1.0011144	0.0005404072
2460913.686361775	0.99897796	0.0005399439
2460913.6877507023	1.0003139	0.00054041797
2460913.6891396292	1.0001916	0.00054022815
2460913.6905285567	0.99929136	0.0005399988
2460913.691917484	0.9999993	0.00054034265
2460913.693306411	0.99930274	0.0005399045
2460913.6946953386	1.0006658	0.0005400261
2460913.6960842656	1.0007184	0.00054016954
2460913.697473193	1.0006717	0.00054013
2460913.69886212	0.9997803	0.00053978653
2460913.7002510475	1.00039	0.00054021087
2460913.7016399745	1.0006189	0.00054000417
2460913.703028902	0.99861836	0.00053989235
2460913.7044178294	1.0004451	0.0005402182
2460913.7058067564	1.0002624	0.0005402907
2460913.707195684	0.9999343	0.0005400717
2460913.708584611	1.00106	0.0005401946
2460913.7099735383	0.999964	0.00054011005
2460913.7113624653	0.9995284	0.00054011325
2460913.7127513927	1.0002614	0.0005400814
2460913.7141403197	0.999865	0.0005400249
2460913.715529247	1.0015318	0.0005404364
2460913.716918174	1.0007879	0.0005401713
2460913.7183071016	1.0006031	0.0005402207
2460913.7196960286	0.9996091	0.0005399415
2460913.7210849556	0.99958694	0.0005402178
2460913.722473883	0.99985546	0.00054002524
2460913.72386281	1.0009053	0.0005403559
2460913.7252517375	1.000983	0.0005402996
2460913.7266406645	0.99990433	0.00054003537
2460913.728029592	1.0003182	0.00054015015
2460913.729418519	1.000269	0.00053989136
2460913.7308074464	1.0014354	0.0005405429
2460913.7321963734	0.9997811	0.00054012437
2460913.7335853004	1.0006227	0.0005401096
2460913.734974228	0.9997323	0.00054003176
2460913.736363155	1.000225	0.00054044963
2460913.737752082	1.0001681	0.00054008036
2460913.7391410093	1.0008419	0.0005403563
2460913.7405299363	1.0003095	0.00054008164
2460913.7419188637	0.9998311	0.0005402985
2460913.7433077907	1.0001699	0.0005402941
2460913.7446967177	1.0006812	0.0005403271
2460913.7460856447	1.0007935	0.00054018374
2460913.747474572	0.9998025	0.0005402088
2460913.748863499	1.000295	0.0005398776
2460913.7502524266	0.99990326	0.00054022437
2460913.7516413536	1.0002353	0.0005400625
2460913.7530302806	1.0001394	0.0005401303
2460913.7544192076	1.0002502	0.000540109
2460913.755808135	0.9992113	0.0005396659
2460913.757197062	1.00001	0.00053993426
2460913.758585989	0.9994191	0.0005400724
2460913.759974916	1.0000919	0.0005402546
2460913.7613638435	1.0002898	0.00054020004
2460913.7627527704	1.0007722	0.0005402992
2460913.7641416974	1.0001402	0.000540075
2460913.7655306244	1.0002252	0.00054010237
2460913.766919552	1.0008537	0.00054023956
2460913.768308479	1.0000874	0.00053998386
2460913.769697406	1.0008907	0.0005404536
2460913.771086333	1.0000179	0.0005399395
2460913.7724752603	0.99958843	0.0005401687
2460913.7738641873	0.99986196	0.0005398596
2460913.7752531143	0.99977463	0.0005401532
2460913.7766420413	0.9992522	0.0005396797
2460913.7780309683	0.99962807	0.00054001727
2460913.7794198953	0.9998635	0.0005401338
2460913.7808088227	0.99913603	0.00053970615
2460913.7821977497	1.0004361	0.0005401133
2460913.7835866767	0.9999547	0.00054003054
2460913.7849756037	1.0005386	0.0005401571
2460913.7863645307	1.0000815	0.0005399912
2460913.787753458	1.0002024	0.00054015993
2460913.789142385	1.000865	0.0005401527
2460913.790531312	0.99990875	0.0005396955
2460913.791920239	0.9988652	0.0005398937
2460913.793309166	0.9992858	0.0005398442
2460913.794698093	0.9994651	0.00053993624
2460913.79608702	0.9992747	0.00054002693
2460913.797475947	0.9995661	0.00053979177
2460913.798864874	1.0003338	0.0005399779
2460913.800253801	1.0004559	0.0005400116
2460913.8016427285	0.99997175	0.00054001325
2460913.803031655	0.9995788	0.00053978025
2460913.8044205825	1.0006765	0.0005399532
2460913.805809509	1.0003196	0.0005400105
2460913.8071984365	1.0003273	0.00054025056
2460913.8085873635	0.9997303	0.00053990807
2460913.8099762904	1.0002935	0.00054019934
2460913.8113652174	1.0005575	0.0005401706
2460913.8127541444	0.999809	0.00053997344
2460913.8141430714	0.99967706	0.0005401179
2460913.8155319984	1.0001317	0.00053992524
2460913.816920925	1.0001607	0.0005400123
2460913.8183098524	0.9996362	0.00054005376
2460913.819698779	0.99914783	0.0005400809
2460913.8210877064	0.999931	0.0005400389
2460913.822476633	0.9991789	0.00053982716
2460913.8238655603	1.0002425	0.0005402065
2460913.825254487	0.99983555	0.0005401296
2460913.826643414	0.9997213	0.0005400964
2460913.828032341	1.0002266	0.00054038555
2460913.829421268	0.99883956	0.0005398422
2460913.830810195	0.9992046	0.00054004026
2460913.832199122	0.99997723	0.0005400067
2460913.833588049	0.999676	0.000539749
2460913.834976976	1.0009379	0.00054011546
2460913.836365903	0.99999475	0.00054001145
2460913.83775483	0.9993959	0.00053999416
2460913.8391437563	1.0001557	0.00054008607
2460913.8405326833	0.99991816	0.0005401576
2460913.8419216103	1.0001374	0.00054013944
2460913.8433105373	0.9999251	0.000540117
2460913.8446994643	1.0004861	0.0005402012
2460913.8460883913	0.9997828	0.00054009235
2460913.847477318	0.9999091	0.00053998403
2460913.848866245	0.9991757	0.0005399284
2460913.850255172	1.0011696	0.0005402978
2460913.8516440988	1.0007163	0.00054022484
2460913.8530330257	1.0000795	0.00054007466
2460913.8544219527	1.0001501	0.0005402603
2460913.8558108793	1.0001225	0.00054013956
2460913.8571998063	1.0005386	0.00054032303
2460913.8585887332	1.0011361	0.0005403134
2460913.8599776602	0.9995947	0.0005401306
2460913.8613665868	1.0007544	0.00054038543
2460913.8627555138	1.0001332	0.00054016
2460913.8641444407	1.0001467	0.0005401674
2460913.8655333677	1.0006157	0.00054022024
2460913.8669222943	0.9999926	0.0005403209
2460913.8683112212	1.0001935	0.00053998525
2460913.8697001482	0.9999695	0.0005399975
2460913.871089075	1.0000765	0.000540327
2460913.8724780018	0.9997655	0.0005400796
2460913.8738669287	0.99991924	0.0005399696
2460913.8752558557	1.0013516	0.0005402585
2460913.8766447823	1.0000525	0.000540064
2460913.8780337092	1.0006205	0.0005404293
2460913.8794226362	1.0004641	0.00054032
2460913.8808115628	1.0005465	0.00054004276
2460913.8822004898	1.0005606	0.00054025743
2460913.8835894167	0.99952424	0.0005398655
2460913.8849783433	1.0004085	0.00054023525
2460913.8863672703	1.0000645	0.0005399779
2460913.8877561972	1.0005262	0.0005401647
2460913.889145124	0.999707	0.00054015225
2460913.8905340508	1.0002209	0.00054003065
2460913.8919229773	0.9997326	0.0005400922
2460913.8933119043	1.0008548	0.0005401139
2460913.8947008313	1.0003222	0.00054010126
2460913.896089758	1.0005456	0.00054031186
2460913.897478685	1.0005219	0.00054034527
2460913.898867612	1.0006357	0.0005402625
2460913.9002565383	1.0005972	0.0005402444
2460913.9016454653	1.0001186	0.00054008275
2460913.903034392	1.0000777	0.00054030947
2460913.904423319	0.9998983	0.00053995434
2460913.905812246	0.99986666	0.00053999474
2460913.9072011723	1.0007445	0.00054033
2460913.9085900993	0.9998932	0.0005398646
2460913.909979026	1.0007161	0.00054013595
2460913.911367953	1.0000339	0.0005401835
2460913.9127568793	1.0005403	0.00054018106
2460913.9141458063	0.9993178	0.00053993927
2460913.915534733	0.9997325	0.00054011535
2460913.91692366	1.0006155	0.0005400662
2460913.9183125864	1.000179	0.0005401977
2460913.9197015134	1.0003982	0.0005399877
2460913.92109044	0.99989825	0.0005400183
2460913.9224793664	1.000166	0.000539958
2460913.9238682934	1.0007516	0.00054047495
2460913.92525722	0.99949396	0.0005400725
2460913.926646147	1.0010929	0.00054028665
2460913.9280350734	1.0003315	0.00053995417
2460913.929424	1.0001158	0.0005401693
2460913.930812927	1.0006768	0.00054009975
2460913.9322018535	1.0001199	0.0005401345
2460913.9335907805	0.999825	0.00054018945
2460913.934979707	1.0012408	0.00054039503
2460913.936368634	1.0012623	0.00054030825
2460913.9377575605	1.0009707	0.0005404574
2460913.939146487	1.0000881	0.0005401118
2460913.940535414	1.0006894	0.00053987914
2460913.9419243406	1.001875	0.00054030435
2460913.943313267	1.0006288	0.0005401414
2460913.944702194	1.0003647	0.0005401205
2460913.9460911206	1.0003726	0.00054005004
2460913.9474800476	0.9997768	0.00053993374
2460913.948868974	1.0009335	0.000540248
2460913.9502579006	1.0003769	0.00053999777
2460913.951646827	0.99966496	0.00053993834
2460913.953035754	1.0003672	0.0005401513
2460913.9544246807	1.0010666	0.00054019276
2460913.955813607	0.9989843	0.0005399511
2460913.9572025337	0.99921244	0.00053993706
2460913.9585914607	1.000467	0.0005402565
2460913.9599803872	0.9995019	0.0005398234
2460913.961369314	1.000181	0.0005398862
2460913.9627582408	0.99997985	0.0005400463
2460913.9641471673	1.0000067	0.00054012926
2460913.965536094	1.0005562	0.0005400769
2460913.9669250203	1.0002089	0.000539784
2460913.968313947	1.000336	0.0005400356
2460913.969702874	1.0003803	0.0005401239
2460913.9710918004	1.0003643	0.0005402761
2460913.972480727	0.99943393	0.0005399231
2460913.9738696534	1.0002155	0.00054019655
2460913.9752585804	1.0004534	0.0005403659
2460913.976647507	0.99993914	0.00054016453
2460913.9780364335	0.9998994	0.0005401077
2460913.97942536	0.99963063	0.0005400783
2460913.9808142865	1.0007548	0.0005402135
2460913.982203213	0.9999701	0.0005400867
2460913.98359214	0.9997687	0.00054010574
2460913.9849810665	1.0005817	0.00054021116
2460913.986369993	1.0001618	0.000540065
2460913.9877589196	1.0008688	0.0005402001
2460913.989147846	0.99948907	0.0005398672
2460913.9905367726	0.9992926	0.00053995673
2460913.9919256996	1.001242	0.00054033723
2460913.9933146257	1.000061	0.000539945
2460913.9947035527	0.999005	0.00054012507
2460913.996092479	0.99996024	0.0005401319
2460913.9974814057	1.0008624	0.0005400248
2460913.9988703323	1.0006844	0.000540268
2460914.000259259	1.0002127	0.0005403253
2460914.0016481853	0.99994785	0.00054009777
2460914.003037112	1.0004725	0.000540126
2460914.0044260384	0.9998083	0.0005400691
2460914.005814965	0.9998593	0.0005399126
2460914.0072038914	1.0003295	0.00054015295
2460914.008592818	1.0003703	0.00054011494
2460914.0099817445	1.0002588	0.00053995545
2460914.011370671	1.0015471	0.00054030766
2460914.0127595975	1.0000688	0.00054005504
2460914.014148524	1.0000896	0.00054014835
2460914.0155374506	1.0009035	0.00054032746
2460914.016926377	1.0005977	0.00054012676
2460914.0183153036	1.0002037	0.00054027163
2460914.01970423	1.000599	0.00054020254
2460914.0210931567	0.9999028	0.00054028054
2460914.022482083	1.000782	0.00054018054
2460914.0238710097	1.0001184	0.0005400919
2460914.025259936	0.9988499	0.0005399546
2460914.0266488628	1.000309	0.0005398907
2460914.0280377893	1.0001758	0.00054002804
2460914.029426716	1.0001622	0.00054011267
2460914.0308156423	1.0004674	0.0005401141
2460914.032204569	1.0011201	0.0005401652
2460914.0335934954	1.0000236	0.00053982023
2460914.034982422	1.0007944	0.00054007105
2460914.036371348	1.0012926	0.00054048694
2460914.037760275	0.99920017	0.0005399377
2460914.039149201	0.9999055	0.0005401346
2460914.0405381275	1.0005327	0.0005402003
2460914.041927054	1.0007138	0.0005402324
2460914.0433159806	1.0007025	0.00054037076
2460914.044704907	1.0004874	0.0005400755
2460914.0460938336	1.0002558	0.00054013095
2460914.0474827597	1.0003237	0.00054013723
2460914.048871686	1.0008061	0.00054043235
2460914.0502606127	0.9994974	0.000539977
2460914.0516495393	1.0000598	0.0005400248
2460914.053038466	1.0015941	0.0005404333
2460914.0544273923	0.9995868	0.0005401373
2460914.0558163184	1.0007439	0.0005400351
2460914.057205245	0.99949026	0.00053996575
2460914.0585941714	1.0002674	0.000540115
2460914.059983098	1.0005339	0.0005398511
2460914.061372024	1.0000435	0.0005401198
2460914.0627609505	0.9996894	0.0005401612
2460914.064149877	0.99886066	0.00053988025
2460914.0655388036	1.0006169	0.00054032693
2460914.0669277296	1.0000674	0.0005401333
2460914.068316656	1.000393	0.0005400768
2460914.0697055827	1.0004303	0.00054003857
2460914.071094509	1.0003973	0.00054013036
2460914.0724834353	0.99924004	0.000539793
2460914.073872362	1.0004951	0.0005402087
2460914.075261288	1.0005019	0.0005402247
2460914.0766502144	1.0007957	0.0005401032
2460914.078039141	1.000405	0.0005400816
2460914.0794280674	1.000565	0.00054027425
2460914.0808169935	1.000495	0.00054032385
2460914.08220592	0.9995429	0.00054001313
2460914.083594846	1.0012732	0.00054053887
2460914.0849837726	0.9998237	0.0005399759
2460914.086372699	0.99958485	0.00054005045
2460914.0877616256	0.9995835	0.0005398862
2460914.0891505517	0.9997512	0.0005399999
2460914.090539478	1.0003952	0.00053988467
2460914.0919284043	0.9991092	0.0005397
2460914.093317331	1.0004566	0.00054009375
2460914.094706257	1.000105	0.00053989404
2460914.0960951834	1.00069	0.00054019684
2460914.09748411	1.0001848	0.0005400891
2460914.098873036	0.99996567	0.00053996604
2460914.1002619625	1.0005721	0.00054007606
2460914.101650889	1.0000451	0.0005400501
2460914.103039815	1.0011101	0.0005404535
2460914.1044287416	1.0009242	0.00054035586
2460914.1058176677	0.9998468	0.00054004486
2460914.107206594	1.0006617	0.0005403723
2460914.1085955203	0.9995938	0.00054001185
2460914.109984447	1.0000714	0.00053970877
2460914.111373373	1.0007296	0.00054029626
2460914.1127622994	1.0004723	0.0005401682
2460914.1141512254	1.0004735	0.00054011744
2460914.115540152	0.9998947	0.0005400005
2460914.116929078	1.0000743	0.00054005854
2460914.1183180045	1.0003073	0.0005401281
2460914.1197069306	1.0007595	0.0005400445
2460914.121095857	0.99986583	0.0005396361
2460914.122484783	0.9995016	0.00053992413
2460914.1238737097	1.0007939	0.00054017885
2460914.1252626358	1.0000156	0.0005400412
2460914.126651562	1.000106	0.0005401855
2460914.1280404883	0.99986064	0.00053994387
2460914.1294294144	1.0002908	0.0005399972
2460914.1308183405	1.0003452	0.00053996115
2460914.132207267	0.9998723	0.00054010464
2460914.133596193	1.0004741	0.00054027693
2460914.1349851196	1.0010357	0.0005403456
2460914.1363740456	1.0001975	0.000539929
2460914.137762972	0.999977	0.0005399616
2460914.139151898	1.0013702	0.000540469
2460914.1405408243	0.9999944	0.0005401316
2460914.141929751	0.99923193	0.0005399054
2460914.143318677	0.9999418	0.00054011145
2460914.144707603	1.0006557	0.0005400917
2460914.1460965294	0.9999094	0.000540226
2460914.1474854555	0.999502	0.0005397978
2460914.1488743816	1.000336	0.00053999637
2460914.1502633076	0.9998471	0.00054005015
2460914.151652234	1.0008453	0.00054012693
2460914.1530411607	1.0000992	0.0005400002
2460914.1544300867	1.0005143	0.00053989573
2460914.155819013	1.0002706	0.0005403264
2460914.157207939	1.0002245	0.0005400446
2460914.1585968654	0.99902326	0.00053976156
2460914.1599857914	0.9994696	0.0005398664
2460914.1613747175	0.999931	0.000540178
2460914.1627636435	1.0000175	0.0005401162
2460914.16415257	0.9996583	0.0005401272
2460914.165541496	0.9998717	0.00054000696
2460914.166930422	0.9998602	0.0005402751
2460914.1683193482	1.0000969	0.00054012757
2460914.169708275	1.0003068	0.00054010784
2460914.171097201	1.0001296	0.0005401543
2460914.409992463	0.9992457	0.0005397633
2460914.411381388	0.99871117	0.0005396444
2460914.4127703137	0.9983501	0.00053946796
2460914.4141592393	0.99931955	0.00053962466
2460914.415548165	0.9988941	0.0005397797
2460914.4169370905	0.99844694	0.00053959107
2460914.418326016	0.99964625	0.00053966243
2460914.4197149416	0.9985042	0.0005395085
2460914.4211038672	0.99966896	0.0005397326
2460914.422492793	1.0002565	0.0005398347
2460914.4238817184	0.99899226	0.0005395007
2460914.425270644	0.9985438	0.0005395991
2460914.4266595696	1.0000204	0.00053994433
2460914.428048495	0.9990247	0.00053965556
2460914.429437421	0.9990435	0.0005395867
2460914.4308263464	0.99984175	0.00053987006
2460914.4322152715	0.9987835	0.0005396175
2460914.433604197	0.9991241	0.00053992524
2460914.4349931227	0.9995469	0.0005398561
2460914.4363820483	0.9996824	0.0005398575
2460914.437770974	1.0016295	0.0005403471
2460914.4391598995	0.9996073	0.0005400114
2460914.4405488246	0.99903566	0.0005397512
2460914.44193775	1.0006559	0.000540056
2460914.443326676	1.0002179	0.0005400583
2460914.4447156014	0.99950093	0.0005398326
2460914.446104527	0.9996108	0.00053987285
2460914.4474934526	1.0007293	0.00054000906
2460914.4488823777	0.999696	0.0005397679
2460914.4502713033	0.99949646	0.0005399112
2460914.451660229	1.0000052	0.00053993525
2460914.4530491545	1.0005859	0.00054011185
2460914.4544380796	0.99884146	0.0005397596
2460914.455827005	0.9997309	0.00053981814
2460914.457215931	1.0002998	0.00054014375
2460914.4586048564	0.99999565	0.0005400857
2460914.459993782	0.9997559	0.0005399472
2460914.461382707	0.99992925	0.0005399052
2460914.4627716327	1.0004594	0.0005400215
2460914.4641605583	0.9985392	0.00053957955
2460914.465549484	1.000113	0.00053987914
2460914.466938409	0.99871147	0.0005396886
2460914.4683273346	1.0001893	0.00054003426
2460914.4697162597	1.000404	0.0005398621
2460914.4711051853	1.0002552	0.000539991
2460914.472494111	1.000428	0.0005399016
2460914.4738830365	0.99961525	0.0005397939
2460914.4752719617	1.0001979	0.0005399271
2460914.4766608872	1.0004272	0.0005400009
2460914.4780498124	0.99948114	0.0005398808
2460914.479438738	0.9993979	0.00053985964
2460914.4808276636	1.00135	0.000540145
2460914.4822165887	0.9993848	0.00053983246
2460914.4836055143	0.99988043	0.0005400727
2460914.48499444	0.9999826	0.000539995
2460914.486383365	1.000327	0.00053993287
2460914.4877722906	0.9995223	0.00053976604
2460914.489161216	1.0009507	0.0005401335
2460914.4905501413	0.9992597	0.0005397629
2460914.491939067	0.9996752	0.00053981226
2460914.493327992	1.0004791	0.00054003607
2460914.4947169176	1.0006665	0.0005400855
2460914.4961058428	1.0001992	0.0005399074
2460914.4974947684	1.0006144	0.0005401484
2460914.4988836935	1.001199	0.0005400629
2460914.500272619	1.0001253	0.00053994823
2460914.501661544	1.0004524	0.0005400544
2460914.50305047	1.0008507	0.00054012204
2460914.504439395	0.99970204	0.00053982076
2460914.5058283205	1.0008004	0.00054019503
2460914.5072172456	0.9997923	0.00054011017
2460914.5086061712	0.9988619	0.0005397893
2460914.5099950964	0.9998789	0.0005397994
2460914.511384022	0.999387	0.00053982163
2460914.512772947	0.99974	0.0005398822
2460914.5141618727	1.0000019	0.00053984026
2460914.515550798	0.99963176	0.0005400881
2460914.5169397234	1.0006223	0.0005400048
2460914.5183286485	0.99912494	0.00053987576
2460914.5197175737	1.0010388	0.0005401825
2460914.5211064992	1.0007731	0.00054004136
2460914.5224954244	0.9999574	0.0005399386
2460914.52388435	0.9990467	0.00053974666
2460914.525273275	1.000296	0.00053983135
2460914.5266622007	0.99925923	0.0005397038
2460914.528051126	1.0004715	0.00053996855
2460914.529440051	0.9994874	0.0005400148
2460914.5308289765	1.0012938	0.0005402237
2460914.5322179017	1.0006872	0.0005400463
2460914.533606827	1.0004221	0.0005399545
2460914.5349957524	0.99953115	0.0005398979
2460914.5363846775	0.99940336	0.0005399378
2460914.5377736026	0.99990684	0.00054004125
2460914.5391625282	1.0000939	0.00053996546
2460914.5405514534	0.9997486	0.00053991063
2460914.5419403785	1.0007854	0.0005400345
2460914.543329304	0.99918425	0.00053973723
2460914.544718229	0.99941665	0.0005397879
2460914.5461071543	1.000072	0.0005399584
2460914.54749608	1.0009291	0.00054001756
2460914.548885005	1.0005327	0.00053990417
2460914.55027393	0.9999669	0.00054001383
2460914.5516628553	1.0002493	0.00053989125
2460914.553051781	1.0006443	0.00054012233
2460914.554440706	1.0002179	0.0005397994
2460914.555829631	1.000055	0.0005400211
2460914.5572185563	1.0001397	0.00054001354
2460914.558607482	1.0002142	0.0005399116
2460914.559996407	1.0007722	0.00053991773
2460914.561385332	0.9993605	0.0005398031
2460914.5627742573	1.0000246	0.00054000586
2460914.5641631824	1.0006586	0.00054009573
2460914.5655521075	0.9985678	0.00053965097
2460914.566941033	0.9997793	0.0005398404
2460914.5683299582	1.0001853	0.0005399767
2460914.5697188834	1.0004913	0.000540127
2460914.5711078085	1.0002867	0.0005399389
2460914.5724967336	0.99997675	0.00054000656
2460914.5738856588	0.9992868	0.0005397927
2460914.5752745843	1.0001208	0.0005401027
2460914.5766635095	1.0001941	0.00053989835
2460914.5780524346	0.9998015	0.00053989276
2460914.5794413597	0.99991655	0.0005398977
2460914.580830285	0.9998946	0.00053983973
2460914.58221921	1.0001799	0.0005400227
2460914.583608135	1.0005689	0.00054005766
2460914.5849970607	0.9997449	0.00053983397
2460914.5863859854	0.9991908	0.00053985877
2460914.587774911	0.9994472	0.0005397512
2460914.589163836	1.0001981	0.0005401293
2460914.590552761	1.0007184	0.0005400483
2460914.5919416863	0.9993868	0.00053967716
2460914.5933306115	0.99915934	0.00053977664
2460914.5947195366	1.0004647	0.00054006616
2460914.5961084617	0.99951226	0.0005399065
2460914.597497387	0.9998158	0.00053994474
2460914.598886312	0.9997625	0.00053990516
2460914.600275237	0.9996416	0.00053993793
2460914.6016641622	0.9994795	0.0005397808
2460914.6030530874	0.9995929	0.0005401257
2460914.6044420125	1.0001054	0.0005399351
2460914.6058309376	1.0006002	0.00054007274
2460914.6072198628	1.0006922	0.00053988746
2460914.608608788	0.9987335	0.0005396693
2460914.609997713	0.9993739	0.0005398667
2460914.611386638	0.9994937	0.00053983135
2460914.6127755633	1.0002159	0.00053998915
2460914.6141644884	0.9996077	0.0005399971
2460914.615553413	0.99991065	0.00053985347
2460914.6169423386	0.99988633	0.00054015074
2460914.6183312633	0.9993801	0.0005398054
2460914.6197201884	1.0008259	0.0005401578
2460914.6211091136	0.9993629	0.0005398656
2460914.6224980387	0.99923015	0.00053974724
2460914.623886964	0.99983805	0.00053984555
2460914.625275889	1.0002426	0.00053997507
2460914.626664814	0.9992304	0.00053981185
2460914.628053739	1.000699	0.0005399053
2460914.629442664	0.9998893	0.00054008054
2460914.630831589	0.9995111	0.00053991965
2460914.632220514	1.0004842	0.00054013723
2460914.6336094392	1.0005318	0.0005399592
2460914.6349983644	0.9995377	0.00053976674
2460914.6363872895	1.0000049	0.00053988025
2460914.6377762146	0.9989107	0.0005396509
2460914.6391651393	1.0008548	0.0005401941
2460914.6405540644	1.0005499	0.0005399497
2460914.6419429895	1.0007105	0.00054002897
2460914.6433319147	0.9988221	0.0005397512
2460914.6447208393	1.0002578	0.00053978874
2460914.6461097645	0.99999183	0.0005397487
2460914.6474986896	1.0001966	0.0005399031
2460914.6488876147	0.99992037	0.00054008566
2460914.6502765394	0.9994073	0.0005397816
2460914.6516654645	1.0004022	0.00053998857
2460914.6530543896	0.9996633	0.0005399413
2460914.6544433148	0.99955666	0.00053985696
2460914.6558322394	1.0000226	0.00053978444
2460914.6572211646	0.9998615	0.00053978886
2460914.6586100897	1.0004904	0.000539995
2460914.6599990143	1.0007641	0.0005399063
2460914.6613879395	1.0004896	0.0005398479
2460914.6627768646	0.9998061	0.00053969567
2460914.6641657893	0.9996633	0.00053983973
2460914.6655547144	0.9999194	0.00053978135
2460914.6669436395	0.999768	0.0005398564
2460914.668332564	0.9995264	0.000539832
2460914.6697214893	0.99993294	0.0005399251
2460914.6711104144	0.9989185	0.00053983333
2460914.6724993396	1.0000757	0.00054002856
2460914.673888264	1.0001824	0.00054000685
2460914.6752771894	1.0000439	0.0005400451
2460914.676666114	1.0010957	0.0005401751
2460914.678055039	0.9997835	0.00053983286
2460914.679443964	1.0000231	0.0005397846
2460914.680832889	1.0003002	0.00053989136
2460914.6822218136	0.99987125	0.0005398365
2460914.6836107387	1.0001612	0.0005398328
2460914.684999664	0.9993751	0.0005397855
2460914.6863885885	1.0000609	0.0005400649
2460914.6877775136	0.99941283	0.0005398027
2460914.6891664383	0.99950904	0.0005399527
2460914.6905553634	1.0012826	0.0005402486
2460914.691944288	1.0003716	0.00054000877
2460914.693333213	0.9992091	0.0005397161
2460914.694722138	1.0002046	0.0005400352
2460914.696111063	0.99936736	0.00053989975
2460914.6974999877	0.9994786	0.00053983537
2460914.698888913	0.99912345	0.0005397655
2460914.7002778375	0.9998983	0.00053989835
2460914.7016667626	0.9993965	0.0005398473
2460914.7030556872	0.99897873	0.00053958246
2460914.7044446124	0.9990618	0.0005397877
2460914.705833537	1.0002083	0.0005398966
2460914.707222462	0.9989331	0.0005396744
2460914.708611387	0.99900454	0.0005398468
2460914.710000312	0.99991506	0.00053989445
2460914.7113892366	1.0003418	0.0005400127
2460914.7127781613	0.99965364	0.00053990015
2460914.7141670864	0.99918497	0.0005397891
2460914.715556011	0.9995652	0.0005397562
2460914.7169449357	1.0000827	0.0005398137
2460914.718333861	1.0001034	0.0005398277
2460914.7197227855	0.99984455	0.00053963135
2460914.7211117106	0.99966484	0.0005397006
2460914.7225006353	1.0000119	0.0005398404
2460914.72388956	0.99990237	0.00053994975
2460914.725278485	0.9993533	0.00053965143
2460914.7266674098	0.99921525	0.0005398458
2460914.728056335	0.9995501	0.0005398785
2460914.7294452596	1.0001333	0.00053975725
2460914.730834184	0.99959505	0.00054003036
2460914.732223109	0.9983861	0.0005397928
2460914.733612034	0.99953854	0.00053992
2460914.7350009587	0.99890625	0.00053966715
2460914.7363898833	0.9994076	0.00053989276
2460914.7377788085	0.99962866	0.0005398839
2460914.739167733	1.0002674	0.00054004724
2460914.740556658	0.9995211	0.0005400418
2460914.741945583	0.9999572	0.00053987285
2460914.7433345076	0.99908376	0.0005397107
2460914.744723432	0.99957263	0.0005398811
2460914.746112357	0.9992974	0.0005398489
2460914.7475012816	1.0011442	0.00054021104
2460914.748890206	0.9993047	0.00053983665
2460914.7502791313	0.9992188	0.00053970027
2460914.751668056	1.0002133	0.00053994043
2460914.7530569807	0.99914914	0.0005398692
2460914.754445906	0.99973685	0.00053984084
2460914.7558348305	0.99935913	0.00053975236
2460914.757223755	0.99912745	0.00053981534
2460914.75861268	0.9993011	0.0005400826
2460914.7600016044	0.99909765	0.00053959846
2460914.761390529	0.9998383	0.0005400176
2460914.7627794542	0.9994853	0.000539763
2460914.764168379	1.0001084	0.0005398953
2460914.7655573036	0.99961805	0.0005398576
2460914.766946228	1.0001324	0.00054015033
2460914.768335153	0.99942017	0.00053987297
2460914.7697240775	0.9987903	0.00053969875
2460914.771113002	0.9986923	0.0005396906
2460914.772501927	0.99882865	0.0005397592
2460914.773890852	0.99924415	0.00053975766
2460914.775279776	1.0006682	0.0005400744
2460914.7766687013	1.0001721	0.00053983985
2460914.7780576255	0.9999569	0.0005399215
2460914.7794465506	1.0005916	0.0005401046
2460914.7808354753	0.9992736	0.000539761
2460914.7822244	0.9990319	0.0005398514
2460914.7836133246	0.9993289	0.00053961034
2460914.7850022493	0.9999398	0.0005400356
2460914.786391174	0.99972916	0.0005400449
2460914.7877800986	0.99937516	0.0005396733
2460914.7891690233	1.000247	0.0005399947
2460914.790557948	0.9998661	0.0005399093
2460914.7919468726	0.9991609	0.0005397797
2460914.7933357973	0.99978197	0.0005398046
2460914.794724722	1.0000168	0.0005398621
2460914.7961136466	0.9992526	0.0005396948
2460914.7975025713	0.99935466	0.00053987565
2460914.798891496	1.0004748	0.00054023013
2460914.8002804206	1.0003139	0.0005399073
2460914.8016693452	0.99992853	0.0005400316
2460914.80305827	0.999493	0.0005399407
2460914.804447194	0.9997536	0.0005400435
2460914.805836119	1.000344	0.0005399189
2460914.8072250434	0.99943084	0.00053982355
2460914.808613968	1.0005409	0.00054023153
2460914.8100028927	0.99970293	0.00053984503
2460914.8113918174	1.0006026	0.00053999515
2460914.812780742	1.0003903	0.00054006284
2460914.8141696667	0.9992125	0.00053978484
2460914.8155585914	1.0002006	0.00053987163
2460914.816947516	0.99992394	0.00054003985
2460914.8183364407	0.99903184	0.0005398843
2460914.819725365	1.0010335	0.0005400288
2460914.8211142896	0.99980116	0.0005399509
2460914.8225032142	0.9994245	0.0005398146
2460914.823892139	0.9991386	0.0005397232
2460914.8252810636	0.99949807	0.00053972343
2460914.826669988	1.0005049	0.0005401835
2460914.8280589124	1.0012287	0.00054005004
2460914.829447837	0.999732	0.00053990784
2460914.8308367617	0.9992807	0.0005396913
2460914.8322256864	1.0000879	0.00053994224
2460914.8336146106	1.000279	0.0005398992
2460914.8350035353	1.0001132	0.0005399391
2460914.83639246	1.000683	0.0005401138
2460914.8377813846	1.0005068	0.00053985964
2460914.839170309	1.0003804	0.0005400788
2460914.8405592334	1.0002491	0.0005399635
2460914.841948158	1.0008589	0.00054005027
2460914.843337083	1.0002366	0.00053995475
2460914.8447260074	1.000298	0.0005399853
2460914.8461149316	0.99986315	0.0005399699
2460914.8475038563	1.0004222	0.0005400489
2460914.8488927805	0.9998459	0.0005397859
2460914.850281705	0.99921364	0.0005396711
2460914.85167063	1.0002947	0.0005399319
2460914.8530595545	0.99938804	0.0005396603
2460914.8544484787	0.9998361	0.0005397926
2460914.8558374033	1.0001212	0.00054006715
2460914.8572263275	1.0001391	0.00054002024
2460914.858615252	1.0001353	0.0005399609
2460914.860004177	0.99990976	0.00053999684
2460914.861393101	1.000881	0.000540052
2460914.8627820257	0.9993446	0.0005397999
2460914.8641709504	0.9997285	0.00053991313
2460914.8655598746	0.99981505	0.0005399245
2460914.866948799	1.0007457	0.0005402288
2460914.8683377234	0.9996796	0.0005399006
2460914.869726648	0.99897873	0.0005397442
2460914.8711155723	0.9997332	0.00053995976
2460914.872504497	0.9990378	0.0005397214
2460914.8738934216	1.0002363	0.0005398795
2460914.875282346	0.9998434	0.0005400592
2460914.8766712705	1.0001973	0.00054007274
2460914.8780601947	1.0001725	0.00053998124
2460914.8794491193	1.0008433	0.0005401943
2460914.8808380435	0.99922156	0.0005397786
2460914.882226968	1.0001459	0.00054003205
2460914.8836158924	0.99971044	0.00054004276
2460914.885004817	0.9999104	0.0005398698
2460914.8863937412	0.9999448	0.0005398448
2460914.887782666	1.0001415	0.0005398315
2460914.88917159	0.99920815	0.0005399436
2460914.8905605148	1.000057	0.00053995755
2460914.891949439	1.0005167	0.000539995
2460914.8933383636	1.0003444	0.00054006994
2460914.894727288	1.000466	0.0005398399
2460914.8961162125	0.9998864	0.00053987565
2460914.8975051367	0.999729	0.0005399544
2460914.8988940613	1.0003679	0.0005400172
2460914.9002829855	0.99950814	0.00053989666
2460914.9016719097	0.99950886	0.0005397438
2460914.903060834	0.999512	0.0005398688
2460914.9044497586	1.0003334	0.0005399659
2460914.9058386832	1.0002419	0.00053995085
2460914.9072276074	1.0004991	0.00054008636
2460914.9086165316	1.0007826	0.00054023095
2460914.9100054563	1.0014977	0.00054018904
2460914.9113943805	1.0006548	0.00054027216
2460914.9127833047	1.0003247	0.0005399233
2460914.9141722294	0.9991941	0.0005399379
2460914.9155611536	1.0005112	0.0005401042
2460914.9169500777	0.99997675	0.00054012216
2460914.9183390024	0.9999075	0.00053997064
2460914.9197279266	1.0005741	0.00054008
2460914.921116851	1.00064	0.00054015324
2460914.9225057755	1.000585	0.0005400145
2460914.9238946997	0.9999044	0.0005398778
2460914.925283624	1.0004917	0.00054001884
2460914.926672548	0.99954313	0.00053968205
2460914.9280614727	0.99968684	0.0005399851
2460914.929450397	1.0007479	0.0005401376
2460914.930839321	0.9998002	0.0005399646
2460914.9322282453	0.9996516	0.000539789
2460914.93361717	0.9995481	0.0005399003
2460914.935006094	1.0000439	0.0005399273
2460914.9363950184	0.99974	0.00054006954
2460914.937783943	0.99982846	0.0005400271
2460914.939172867	1.0009677	0.00054030167
2460914.9405617914	0.99930865	0.0005397347
2460914.9419507156	1.000516	0.00054014305
2460914.94333964	1.00012	0.0005399495
2460914.944728564	1.0011324	0.00054012524
2460914.9461174887	1.0004103	0.0005402203
2460914.947506413	0.9999024	0.00053985475
2460914.948895337	1.0005877	0.0005401818
2460914.9502842613	1.0001147	0.000539924
2460914.9516731855	1.0003537	0.0005400881
2460914.9530621096	0.9999865	0.0005399083
2460914.954451034	1.0003438	0.00053986115
2460914.955839958	1.0002444	0.0005401935
2460914.9572288827	1.0008316	0.00054008065
2460914.958617807	1.0004476	0.00053994247
2460914.960006731	0.9997303	0.00054001756
2460914.9613956553	0.99981713	0.0005398461
2460914.9627845795	1.0002561	0.0005399255
2460914.9641735037	1.0002036	0.0005401272
2460914.965562428	0.99997264	0.00053996453
2460914.966951352	1.0005943	0.0005400308
2460914.9683402763	0.9996201	0.00053970364
2460914.969729201	1.000589	0.00054024684
2460914.9711181247	1.0000238	0.000539992
2460914.9725070493	0.9998713	0.0005398097
2460914.973895973	1.0003463	0.00053997646
2460914.9752848977	0.99941003	0.00053964683
2460914.9766738215	0.9999499	0.0005400057
2460914.978062746	1.0007366	0.00054006756
2460914.97945167	0.999502	0.00053974474
2460914.9808405945	0.9998128	0.0005398915
2460914.9822295182	0.9997998	0.0005399711
2460914.9836184424	1.0001056	0.000540044
2460914.9850073666	0.99993914	0.0005399525
2460914.986396291	1.0007669	0.0005399999
2460914.987785215	0.9993428	0.00053989835
2460914.989174139	1.0000569	0.0005398187
2460914.9905630634	0.9999378	0.0005399824
2460914.9919519876	1.0002108	0.0005398959
2460914.993340912	1.0001812	0.00054007117
2460914.994729836	1.0008081	0.0005400039
2460914.99611876	0.99955636	0.0005398836
2460914.9975076844	1.000802	0.00053998304
2460914.9988966086	0.99964035	0.0005400757
2460915.0002855323	1.0003488	0.0005399655
2460915.0016744565	1.00038	0.0005401736
2460915.0030633807	0.9997533	0.000539945
2460915.004452305	0.9997303	0.0005399783
2460915.005841229	0.99930716	0.0005396964
2460915.0072301533	0.9992833	0.00053986727
2460915.008619077	1.0007502	0.0005401205
2460915.0100080012	1.0006287	0.00053991814
2460915.0113969254	0.9996315	0.0005399274
2460915.0127858496	1.0007896	0.0005400761
2460915.014174774	1.000374	0.0005399533
2460915.015563698	0.9994421	0.0005399068
2460915.0169526218	1.0004119	0.0005401572
2460915.018341546	1.0003086	0.00053995167
2460915.01973047	0.99964684	0.0005399233
2460915.0211193943	1.0000883	0.0005399235
2460915.022508318	1.0003061	0.0005401907
2460915.0238972423	0.9992377	0.00054003525
2460915.0252861665	1.000026	0.00053991453
2460915.0266750907	1.0011019	0.00054011255
2460915.028064015	0.9996091	0.00053990434
2460915.0294529386	1.0000049	0.00053993094
2460915.030841863	0.9994148	0.00053977483
2460915.032230787	0.9996743	0.0005398116
2460915.0336197107	0.99998224	0.0005400679
2460915.035008635	1.000586	0.00054027553
2460915.036397559	0.99969596	0.00053975516
2460915.037786483	1.0004668	0.00053999544
2460915.039175407	1.0003703	0.0005400822
2460915.040564331	1.0008277	0.0005399668
2460915.041953255	0.99958616	0.00053978607
2460915.043342179	1.0005426	0.0005400446
2460915.0447311033	0.9999342	0.00053990964
2460915.046120027	0.99939114	0.0005398557
2460915.0475089513	0.99975264	0.0005397716
2460915.048897875	0.9999119	0.0005398832
2460915.050286799	1.0003148	0.0005399706
2460915.051675723	0.9999783	0.00054008176
2460915.053064647	0.9992678	0.00053966435
2460915.0544535713	0.99980646	0.000539829
2460915.055842495	0.99976337	0.0005400583
2460915.0572314193	0.99919146	0.0005398549
2460915.0586203435	0.99978125	0.0005398769
2460915.060009267	0.99967253	0.00053985626
2460915.0613981914	1.0000752	0.00053985993
2460915.062787115	0.999243	0.0005397846
2460915.0641760393	1.000415	0.00053999235
2460915.065564963	0.9997427	0.0005398936
2460915.066953887	0.9987931	0.0005397375
2460915.068342811	0.9992484	0.0005397493
2460915.069731735	0.99863565	0.0005396974
2460915.071120659	1.0000471	0.00053994346
2460915.072509583	1.0003833	0.0005399978
2460915.073898507	1.0000402	0.00053995237
2460915.075287431	0.9999197	0.0005401602
2460915.0766763547	0.9999321	0.000539784
2460915.0780652785	0.99998087	0.00053999654
2460915.0794542027	0.99977654	0.0005399211
2460915.0808431264	0.99962544	0.00053963176
2460915.0822320506	0.99997205	0.00054010475
2460915.083620975	0.9998523	0.0005399451
2460915.0850098985	0.99961656	0.0005397591
2460915.0863988223	0.9994393	0.0005397699
2460915.0877877465	0.9993889	0.0005398819
2460915.08917667	0.9996308	0.0005399483
2460915.090565594	0.9998644	0.0005396655
2460915.091954518	0.99985456	0.00053998013
2460915.093343442	0.99921876	0.00053985615
2460915.094732366	0.99992645	0.00054009096
2460915.09612129	0.9988131	0.00053960364
2460915.0975102135	0.9988862	0.0005397917
2460915.0988991377	1.0005302	0.00054005225
2460915.1002880614	0.9995937	0.0005398587
2460915.101676985	0.99990684	0.0005398491
2460915.1030659094	1.0000098	0.00053992006
2460915.104454833	1.0009567	0.000539969
2460915.105843757	1.0002245	0.000539857
2460915.1072326805	1.0005001	0.00054010376
2460915.1086216047	0.9996963	0.00053980073
2460915.1100105285	0.9993101	0.00053977023
2460915.111399452	0.999892	0.0005399067
2460915.297515217	0.9985473	0.0005396172
2460915.298904141	1.0000179	0.00053990475
2460915.300293064	0.99877167	0.00053976104
2460915.3016819875	1.0003142	0.00053992274
2460915.3030709107	1.0004086	0.00054011453
2460915.3044598345	1.0004789	0.0005401627
2460915.3058487577	0.9999883	0.0005399497
2460915.307237681	0.9993343	0.0005397707
2460915.3086266043	1.0005671	0.00054006535
2460915.310015528	0.9994324	0.0005399072
2460915.311404451	1.0006626	0.00054011156
2460915.3127933745	0.99971706	0.0005399048
2460915.314182298	1.0004345	0.00054008723
2460915.315571221	1.0004206	0.0005399976
2460915.3169601443	1.0006557	0.00054004317
2460915.3183490676	1.0008746	0.00054003176
2460915.319737991	0.9993705	0.00053975947
2460915.3211269146	0.9995369	0.00053987495
2460915.322515838	1.0003555	0.00053994136
2460915.323904761	0.9999851	0.0005398454
2460915.3252936844	1.0003952	0.00053997483
2460915.3266826076	0.9993956	0.0005397505
2460915.328071531	0.9998166	0.0005398961
2460915.329460454	0.9987337	0.0005397689
2460915.3308493774	0.9995136	0.00053980923
2460915.3322383007	0.9998879	0.0005398771
2460915.3336272244	1.0006088	0.00054008624
2460915.3350161472	1.0009669	0.0005402002
2460915.336405071	0.9996976	0.0005398942
2460915.3377939938	0.99963784	0.0005399552
2460915.3391829175	0.9994505	0.00053985993
2460915.3405718403	1.0007806	0.0005401377
2460915.341960764	0.99914694	0.00053979066
2460915.343349687	0.9991304	0.00054022105
2460915.3447386106	0.99906164	0.0005398965
2460915.3461275334	0.99987847	0.00053973234
2460915.347516457	0.9992031	0.00053986104
2460915.34890538	0.9995963	0.0005397951
2460915.350294303	0.99990976	0.0005399191
2460915.3516832264	1.000015	0.00053985976
2460915.3530721497	0.9995643	0.00053974526
2460915.354461073	1.0001749	0.0005399306
2460915.355849996	0.99952865	0.000539849
2460915.3572389195	1.000897	0.00054008164
2460915.3586278427	0.9996903	0.00053979544
2460915.360016766	0.9996378	0.0005399764
2460915.3614056893	0.99988383	0.0005398963
2460915.3627946125	1.0012547	0.00054028135
2460915.364183536	1.0001391	0.0005399285
2460915.365572459	1.0001345	0.0005399679
2460915.366961382	1.0002466	0.0005399696
2460915.368350305	0.9996938	0.00053981814
2460915.3697392284	0.9995979	0.0005400334
2460915.3711281517	1.0006883	0.0005402194
2460915.372517075	1.0001501	0.00053992774
2460915.373905998	0.9999396	0.00053993106
2460915.375294921	0.9994413	0.0005398808
2460915.3766838443	1.0002495	0.0005401646
2460915.3780727675	1.0002965	0.0005399667
2460915.379461691	0.9989331	0.0005397024
2460915.3808506136	1.0005676	0.00054019084
2460915.382239537	1.0011652	0.000540206
2460915.38362846	0.9991929	0.0005397402
2460915.3850173834	1.0001212	0.00053977565
2460915.3864063066	0.9988779	0.00053962786
2460915.3877952294	0.9997957	0.0005399036
2460915.3891841527	1.0002283	0.0005401335
2460915.390573076	1.0001818	0.0005401434
2460915.3919619992	1.0002816	0.000540004
2460915.393350922	1.0004437	0.00053985487
2460915.3947398453	0.9998836	0.0005397968
2460915.3961287686	0.99997354	0.0005404364
2460915.397517692	1.0014819	0.0005400737
2460915.3989066146	1.00138	0.0005401696
2460915.400295538	0.9996742	0.00054013066
2460915.4016844607	0.9998253	0.0005398941
2460915.403073384	0.9994494	0.00053991965
2460915.404462307	0.9994849	0.0005397767
2460915.4058512305	0.9994853	0.0005399887
2460915.4072401533	0.99952215	0.0005399352
2460915.4086290766	0.99990094	0.000539908
2460915.4100179994	0.99967015	0.0005398716
2460915.4114069226	0.99882615	0.0005397346
2460915.412795846	1.0004704	0.0005401422
2460915.4141847687	0.9999499	0.0005398739
2460915.415573692	0.99966866	0.00054000143
2460915.4169626147	0.9995852	0.0005398398
2460915.418351538	0.998861	0.00053998287
2460915.419740461	0.99976254	0.0005397592
2460915.421129384	0.999472	0.00053977803
2460915.4225183073	1.0004171	0.00054008263
2460915.42390723	1.0004605	0.0005400424
2460915.4252961534	1.0009291	0.00054024265
2460915.426685076	0.999737	0.0005399704
2460915.4280739995	1.0000095	0.00053992186
2460915.4294629223	0.9999129	0.00054005516
2460915.4308518455	1.0000403	0.00054001634
2460915.4322407683	1.0005573	0.00054012495
2460915.4336296916	0.999746	0.000539829
2460915.4350186144	1.0004355	0.00054009433
2460915.4364075377	0.9997235	0.00054007204
2460915.4377964605	1.0004244	0.00053993263
2460915.4391853833	1.0010624	0.0005404011
2460915.4405743065	1.0001345	0.00053990545
2460915.44196323	1.0007533	0.0005400797
2460915.4433521526	1.0010524	0.0005399557
2460915.444741076	1.000341	0.0005401027
2460915.4461299987	0.9996841	0.0005398907
2460915.447518922	1.0006726	0.000540084
2460915.4489078447	1.0007589	0.00054016645
2460915.4502967675	0.99994797	0.00053993997
2460915.4516856903	1.0010086	0.0005402048
2460915.4530746136	1.0002838	0.00054013316
2460915.4544635364	1.0005283	0.0005400063
2460915.4558524597	1.0002904	0.00053994765
2460915.4572413824	0.9994685	0.00053989555
2460915.4586303052	1.0003023	0.0005399279
2460915.4600192285	1.0009342	0.00054015033
2460915.4614081513	1.0003071	0.0005398716
2460915.462797074	1.0007355	0.0005400379
2460915.4641859974	1.0005393	0.0005400934
2460915.46557492	0.99997795	0.0005399265
2460915.466963843	1.0014267	0.00054025796
2460915.468352766	1.0001396	0.00054001005
2460915.469741689	1.0003675	0.0005400746
2460915.471130612	0.99920434	0.0005397824
2460915.4725195346	0.99962586	0.0005398067
2460915.473908458	1.0009766	0.0005399978
2460915.4752973807	1.0001808	0.0005399899
2460915.4766863035	1.0005727	0.0005403347
2460915.4780752263	1.0005509	0.0005399987
2460915.4794641496	1.000667	0.0005399839
2460915.4808530724	0.9994475	0.00053999963
2460915.482241995	1.0005014	0.0005399732
2460915.483630918	1.0004272	0.0005400218
2460915.485019841	1.0004363	0.0005400209
2460915.486408764	1.0002191	0.0005400079
2460915.487797687	1.000702	0.0005400391
2460915.4891866096	0.99986583	0.00054005184
2460915.4905755324	1.0002933	0.00053993793
2460915.491964455	1.0002536	0.0005398416
2460915.4933533785	0.99985206	0.0005398806
2460915.4947423013	1.0006969	0.0005400759
2460915.496131224	1.0004586	0.0005399842
2460915.497520147	0.9999525	0.0005398575
2460915.4989090697	1.0006672	0.000540164
2460915.5002979925	1.0009811	0.00054013066
2460915.5016869153	1.0004114	0.0005399595
2460915.5030758386	1.0008149	0.00054005365
2460915.5044647614	0.99881667	0.0005397695
2460915.505853684	1.000391	0.000539951
2460915.507242607	1.0004814	0.0005400056
2460915.5086315298	0.99923253	0.00053975545
2460915.5100204526	1.0002867	0.0005400011
2460915.5114093754	0.9998608	0.00053981243
2460915.512798298	1.0005901	0.0005400287
2460915.514187221	0.99914694	0.0005397739
2460915.5155761437	0.9997747	0.0005398432
2460915.5169650665	1.0004679	0.0005400924
2460915.5183539893	0.99980086	0.00053982175
2460915.519742912	0.9992822	0.0005398403
2460915.521131835	1.000105	0.0005400809
2460915.5225207577	0.9994768	0.00053966476
2460915.5239096805	0.9997608	0.0005399798
2460915.5252986033	1.0004586	0.00054011575
2460915.526687526	1.0008982	0.0005401555
2460915.528076449	1.0004861	0.0005399443
2460915.5294653717	1.0001664	0.00053999707
2460915.5308542945	1.000029	0.0005397573
2460915.5322432173	1.0004256	0.00053996796
2460915.53363214	1.0005131	0.00053996296
2460915.535021063	1.0010585	0.00054010557
2460915.5364099857	0.9998234	0.00053978956
2460915.5377989085	1.0010023	0.0005401041
2460915.539187831	1.0005207	0.00053991
2460915.540576754	1.0010121	0.0005398589
2460915.5419656765	0.99927753	0.00053989486
2460915.5433545993	0.9998282	0.00053982023
2460915.544743522	0.99957055	0.00053980126
2460915.546132445	0.9993541	0.0005397352
2460915.5475213677	1.0006374	0.0005400832
2460915.5489102905	1.0007181	0.0005399616
2460915.550299213	1.0004228	0.00053994276
2460915.5516881356	1.0005721	0.00054004614
2460915.5530770584	0.9996087	0.00053993356
2460915.554465981	0.9997923	0.00054002675
2460915.5558549035	1.0000242	0.00054006587
2460915.5572438263	1.0000116	0.0005399921
2460915.558632749	0.99930364	0.0005397888
2460915.560021672	1.0001036	0.0005400205
2460915.5614105947	1.0000501	0.0005399635
2460915.5627995175	1.0006315	0.00054002047
2460915.5641884403	0.99944305	0.00053989387
2460915.5655773627	1.00014	0.00054000237
2460915.5669662855	1.0002437	0.00054009154
2460915.568355208	1.0001817	0.0005399768
2460915.5697441306	1.000393	0.00054009765
2460915.5711330534	1.0005869	0.00054003013
2460915.572521976	0.99995536	0.0005399616
2460915.5739108985	1.0003903	0.0005399304
2460915.5752998213	0.9995544	0.000539818
2460915.576688744	1.000084	0.0005399867
2460915.578077667	1.0000242	0.0005400209
2460915.5794665893	0.99964285	0.0005397947
2460915.580855512	1.0000584	0.00053995167
2460915.5822444344	1.000519	0.0005400036
2460915.583633357	0.9998162	0.0005400268
2460915.5850222795	1.0000731	0.00053984724
2460915.5864112023	0.9998728	0.00053978054
2460915.587800125	1.0010527	0.00054014014
2460915.589189048	1.0007282	0.00054009724
2460915.5905779703	1.0008415	0.0005399968
2460915.591966893	0.9997211	0.00053975085
2460915.593355816	0.9999292	0.00054000743
2460915.594744738	1.0000427	0.0005399546
2460915.596133661	1.0004998	0.0005400554
2460915.5975225833	1.0000919	0.0005398888
2460915.598911506	1.000315	0.000539863
2460915.6003004285	1.0003718	0.00054000545
2460915.6016893513	0.9995374	0.0005398358
2460915.6030782736	1.0003892	0.00054015475
2460915.6044671964	0.99945974	0.00053993496
2460915.6058561187	1.0004076	0.00053979974
2460915.6072450415	0.9999919	0.00053997396
2460915.608633964	0.9991448	0.0005397527
2460915.6100228867	0.9995072	0.00053983147
2460915.611411809	1.0001484	0.0005400334
2460915.612800732	0.99917215	0.00053980754
2460915.614189654	0.99993104	0.0005398931
2460915.615578577	0.9989799	0.0005397831
2460915.6169674993	1.000167	0.00053994876
2460915.618356422	1.0001547	0.00054006977
2460915.6197453444	1.0008297	0.000540104
2460915.621134267	1.000268	0.00054003246
2460915.6225231895	1.0006275	0.0005401272
2460915.623912112	0.999515	0.00053993246
2460915.6253010347	1.0002961	0.0005401018
2460915.626689957	1.0000691	0.000539993
2460915.62807888	0.9984606	0.0005397992
2460915.629467802	1.0015523	0.00054016366
2460915.6308567245	1.0003122	0.0005399492
2460915.6322456473	0.999768	0.0005398549
2460915.6336345696	0.9993629	0.0005395527
2460915.635023492	1.0000764	0.00053992064
2460915.6364124147	0.99948514	0.0005398077
2460915.637801337	0.9994323	0.00053970696
2460915.6391902594	1.0000939	0.00054006325
2460915.640579182	1.0002128	0.0005399329
2460915.6419681045	0.9997305	0.000540015
2460915.643357027	0.99949193	0.00053976866
2460915.6447459497	0.99927264	0.00053998193
2460915.646134872	0.9995963	0.0005398469
2460915.6475237943	0.998968	0.00053963886
2460915.6489127167	0.9996397	0.00053987
2460915.6503016395	0.99969625	0.00053984777
2460915.651690562	0.9993379	0.000539794
2460915.653079484	0.99849516	0.0005397166
2460915.654468407	1.0000532	0.00054002966
2460915.6558573293	0.9994959	0.000539769
2460915.6572462516	0.9994811	0.0005400277
2460915.658635174	1.0000896	0.00053997256
2460915.6600240967	0.99939924	0.00053981174
2460915.6614130186	1.0001205	0.000540083
2460915.6628019414	0.9995885	0.00053980754
2460915.6641908637	0.99990475	0.0005400571
2460915.665579786	1.0001888	0.000539889
2460915.6669687084	0.99995303	0.00053989224
2460915.668357631	0.99941975	0.0005399311
2460915.669746553	1.0003651	0.0005399321
2460915.671135476	0.9996244	0.00053984905
2460915.672524398	0.9996268	0.00053985475
2460915.6739133205	0.99944776	0.00053982146
2460915.675302243	0.9987583	0.00053985784
2460915.676691165	1.0002542	0.00053997827
2460915.6780800875	1.0001992	0.00053989876
2460915.67946901	1.0006267	0.00054011267
2460915.6808579327	0.99983203	0.0005400169
2460915.682246855	0.99955916	0.00053986843
2460915.6836357773	1.0006589	0.0005400236
2460915.6850246997	1.0004315	0.00054004154
2460915.686413622	0.9991526	0.0005397808
2460915.6878025443	0.99991745	0.00053988304
2460915.6891914667	0.9995173	0.0005399532
2460915.690580389	0.9988941	0.00053965923
2460915.6919693113	0.998324	0.0005397244
2460915.6933582337	0.999113	0.00053975626
2460915.694747156	0.99927896	0.0005399719
2460915.6961360783	1.0001098	0.0005398479
2460915.6975250007	0.9996958	0.0005400543
2460915.698913923	0.9995655	0.0005398796
2460915.7003028453	0.9994331	0.00053975394
2460915.7016917677	0.99870515	0.0005397765
2460915.70308069	0.9996426	0.00053973746
2460915.7044696123	0.99996	0.0005397318
2460915.7058585347	0.9998288	0.00053993287
2460915.707247457	0.9997197	0.000540013
2460915.7086363793	0.99897736	0.00053962227
2460915.710025301	0.9987108	0.00053965725
2460915.711414224	0.99872106	0.00053960376
2460915.7128031463	0.9993959	0.0005397427
2460915.714192068	0.99851024	0.000539841
2460915.7155809905	1.0001718	0.0005399635
2460915.716969913	0.99893904	0.00053957466
2460915.718358835	0.99871284	0.00053969957
2460915.7197477575	1.0002416	0.0005401354
2460915.72113668	0.99879146	0.0005399552
2460915.7225256017	1.0001787	0.00053996354
2460915.7239145245	1.0004672	0.0005400319
2460915.7253034464	0.99895704	0.0005398147
2460915.7266923687	0.9990422	0.0005397274
2460915.728081291	1.0000246	0.00054003886
2460915.7294702134	0.99948716	0.00054015074
2460915.7308591353	1.0000689	0.00054012996
2460915.7322480576	1.0016967	0.0005401677
2460915.73363698	0.9996725	0.0005399525
2460915.7350259023	1.0003977	0.0005401331
2460915.736414824	0.99927694	0.00053986406
2460915.7378037465	0.9985802	0.00053975143
2460915.739192669	0.99982405	0.0005399411
2460915.740581591	0.99983555	0.0005399027
2460915.7419705135	0.99997723	0.0005397894
2460915.7433594353	1.0001056	0.0005398497
2460915.7447483577	0.9992621	0.00053988496
2460915.74613728	0.99957734	0.0005398286
2460915.7475262024	0.9998514	0.00053990824
2460915.748915124	1.0006236	0.0005399312
2460915.7503040466	0.9994759	0.0005397043
2460915.7516929684	0.99986625	0.0005400037
2460915.7530818908	0.9998967	0.0005399735
2460915.754470813	0.9999812	0.00054010254
2460915.7558597354	1.0007702	0.0005401044
2460915.7572486573	1.0003679	0.0005400781
2460915.7586375796	1.0003194	0.0005400431
2460915.7600265015	0.9995046	0.00053972105
2460915.761415424	1.0006334	0.00054012943
2460915.762804346	0.9996337	0.00054006453
2460915.764193268	0.99892855	0.00053973455
2460915.7655821904	0.9995217	0.0005398233
2460915.7669711127	1.0000921	0.0005400129
2460915.7683600346	0.99944	0.000539822
2460915.769748957	1.0002089	0.00053982297
2460915.771137879	0.9996785	0.00053968973
2460915.772526801	1.0005755	0.000540112
2460915.7739157234	1.0002731	0.0005399658
2460915.7753046453	0.999977	0.00053988025
2460915.7766935676	1.0009769	0.0005403075
2460915.7780824895	1.0000558	0.00053998386
2460915.779471412	0.999692	0.0005398532
2460915.7808603337	1.0000651	0.00054009515
2460915.782249256	0.99979776	0.00053985073
2460915.783638178	0.9998942	0.00053987757
2460915.7850271002	1.0000368	0.0005398968
2460915.786416022	1.0004141	0.0005400193
2460915.7878049444	0.9991659	0.0005398263
2460915.7891938663	0.9996807	0.00053997536
2460915.7905827886	0.9997995	0.00054006826
2460915.7919717105	0.9999238	0.00053994876
2460915.7933606324	1.0000526	0.00054012216
2460915.7947495547	1.0002077	0.00053995085
2460915.7961384766	0.99954915	0.0005398493
2460915.7975273984	0.9996764	0.00053983234
2460915.798916321	0.9995664	0.0005398057
2460915.800305243	0.9997986	0.00053982047
2460915.801694165	1.0005478	0.0005401241
2460915.803083087	0.9997957	0.00053987297
2460915.804472009	0.999593	0.0005398364
2460915.805860931	1.0003911	0.000540004
2460915.807249853	0.99859625	0.0005395596
2460915.8086387753	1.0014118	0.0005402406
2460915.810027697	0.9994428	0.0005398291
2460915.811416619	0.9995147	0.0005399757
2460915.8128055413	1.0005168	0.00053999084
2460915.814194463	0.999972	0.0005400722
2460915.815583385	1.0003142	0.000540082
2460915.8169723074	1.0004406	0.0005400162
2460915.8183612293	1.0009444	0.0005400988
2460915.819750151	1.0006685	0.0005399509
2460915.821139073	0.9986415	0.0005398095
2460915.8225279953	1.0008188	0.00054014585
2460915.823916917	0.9998284	0.00054007565
2460915.825305839	1.0002221	0.0005400888
2460915.826694761	0.9997476	0.00053985766
2460915.8280836833	1.0006548	0.000540104
2460915.829472605	1.0010382	0.00054024754
2460915.830861527	1.0006789	0.0005401725
2460915.8322504493	1.0006026	0.00054002943
2460915.833639371	1.0009191	0.0005402002
2460915.835028293	0.99992	0.00053989666
2460915.836417215	1.0006249	0.00054003927
2460915.837806137	0.9998775	0.0005399378
2460915.8391950587	1.0002263	0.00053987047
2460915.840583981	0.9996752	0.0005399177
2460915.841972903	0.9999509	0.0005402333
2460915.8433618248	0.9996973	0.00053972553
2460915.8447507466	0.9994833	0.00053992175
2460915.8461396685	0.9998493	0.0005398809
2460915.8475285904	1.0007082	0.00054028403
2460915.848917512	0.9994276	0.0005399558
2460915.850306434	0.9990375	0.0005396513
2460915.8516953564	0.99980015	0.00053990184
2460915.853084278	0.9992526	0.00053979136
2460915.8544732	0.9997063	0.0005399398
2460915.855862122	0.9998462	0.0005398401
2460915.857251044	0.99989	0.00053993415
2460915.8586399658	1.0002378	0.0005399858
2460915.8600288876	1.0003783	0.00053996226
2460915.8614178095	0.9994871	0.0005399317
2460915.8628067314	0.9996712	0.0005398635
2460915.8641956532	0.9992583	0.000539728
2460915.865584575	1.000208	0.0005401395
2460915.866973497	1.0003468	0.00053995615
2460915.868362419	1.0002054	0.00053988304
2460915.8697513407	0.9993214	0.00053995854
2460915.8711402626	1.0008619	0.00054002774
2460915.8725291844	1.000718	0.0005401063
2460915.8739181063	0.9990278	0.00053973246
2460915.875307028	1.0001116	0.0005401495
2460915.87669595	1.0012951	0.00054018403
2460915.878084872	0.99969536	0.0005398233
2460915.879473794	0.9994543	0.00053974445
2460915.8808627157	1.0000843	0.0005398404
2460915.8822516375	0.9999304	0.0005400076
2460915.8836405594	0.9998487	0.00053977896
2460915.885029481	0.99985516	0.0005400879
2460915.8864184027	1.0004442	0.0005401185
2460915.8878073245	1.0001514	0.0005400812
2460915.8891962464	0.99970835	0.00053991977
2460915.8905851683	0.99975085	0.00053978164
2460915.89197409	1.0001334	0.0005400578
2460915.893363012	1.0004492	0.00053992035
2460915.894751934	0.99971807	0.00053973513
2460915.8961408557	1.0006329	0.0005400498
2460915.897529777	0.9995704	0.0005398915
2460915.898918699	0.9987194	0.00053967774
2460915.900307621	0.9999114	0.0005398481
2460915.9016965427	1.0001441	0.00053995947
2460915.903085464	1.0002254	0.00054013246
2460915.904474386	0.9999371	0.00053996965
2460915.905863308	0.9995521	0.00053982245
2460915.9072522298	1.0004102	0.00054021477
2460915.9086411516	0.9999876	0.00054009794
2460915.9100300735	1.0003734	0.00053987175
2460915.911418995	0.9989831	0.00053966924
2460915.9128079168	1.000028	0.0005399993
2460915.914196838	0.9997482	0.0005399598
2460915.91558576	1.0007473	0.00054024725
2460915.916974682	1.0003464	0.0005401501
2460915.9183636038	1.0005094	0.0005400578
2460915.9197525256	1.0000181	0.0005399932
2460915.921141447	1.0000834	0.00053994905
2460915.922530369	1.000476	0.00054004026
2460915.923919291	1.0003848	0.0005402849
2460915.925308212	1.0001242	0.0005399868
2460915.926697134	1.0002592	0.0005399679
2460915.928086056	1.0010247	0.0005401465
2460915.9294749773	0.99975073	0.0005400939
2460915.930863899	0.99984616	0.00053980615
2460915.9322528206	0.9990749	0.00053978653
2460915.9336417424	0.9997219	0.0005400866
2460915.9350306643	0.9997709	0.0005399464
2460915.9364195857	0.9998394	0.0005399575
2460915.9378085076	1.0000635	0.000540046
2460915.9391974295	0.99993527	0.00053997623
2460915.940586351	0.99984145	0.00053981703
2460915.9419752727	0.99958116	0.0005398496
2460915.943364194	1.0006682	0.00054020947
2460915.944753116	0.99982566	0.00053976406
2460915.9461420374	0.9997589	0.00053977023
2460915.9475309593	1.0003225	0.0005399025
2460915.9489198807	0.9999296	0.00054027844
2460915.9503088025	1.0008726	0.00054013985
2460915.9516977244	0.99936515	0.0005399019
2460915.953086646	1.0008341	0.0005401512
2460915.9544755677	0.9990432	0.00053977466
2460915.955864489	1.0003486	0.00053999823
2460915.957253411	1.0004457	0.00053991756
2460915.9586423323	1.0003052	0.00054003537
2460915.960031254	0.99970704	0.000540139
2460915.9614201756	1.0006814	0.00054007286
2460915.962809097	0.9990014	0.00053985656
2460915.964198019	1.0007758	0.0005403507
2460915.9655869403	0.99942803	0.0005399079
2460915.9669758617	0.9990875	0.00053966104
2460915.9683647836	1.0008045	0.0005401398
2460915.969753705	0.99937445	0.00053975766
2460915.971142627	0.9995673	0.00054002216
2460915.9725315482	0.99966216	0.00053980126
2460915.97392047	0.99913824	0.00053975394
2460915.9753093915	0.99945915	0.00053978787
2460915.976698313	1.0003831	0.00054009364
2460915.9780872343	0.9989006	0.0005399278
2460915.979476156	0.9995158	0.0005398831
2460915.980865078	0.9996933	0.00053997507
2460915.9822539994	0.9994557	0.0005398064
2460915.983642921	1.0003291	0.00053998793
2460915.9850318423	0.99981916	0.0005397726
2460915.986420764	0.9997738	0.0005400737
2460915.9878096855	0.99984735	0.0005399289
2460915.989198607	0.99968225	0.0005400917
2460915.9905875283	0.999314	0.0005397209
2460915.99197645	1.000622	0.0005400884
2460915.9933653716	0.9993131	0.0005398602
2460915.994754293	0.9997018	0.00053980725
2460915.9961432144	0.9994719	0.00054000696
2460915.9975321363	0.9994299	0.0005399119
2460915.9989210577	1.0003327	0.0005401154
2460916.000309979	0.9996712	0.0005399303
2460916.0016989005	0.99900544	0.0005396989
2460916.0030878223	0.99960417	0.0005398174
2460916.0044767438	0.9992732	0.0005396594
2460916.005865665	1.0002568	0.00053993333
2460916.0072545866	0.9996734	0.000540106
2460916.008643508	0.99934894	0.0005398637
2460916.01003243	1.0002807	0.00054003706
2460916.011421351	1.0002389	0.00053999113
2460916.0128102726	0.9997788	0.000539905
2460916.014199194	1.0002209	0.00054004457
2460916.0155881154	0.9988614	0.00053986185
2460916.016977037	1.0001304	0.0005398742
2460916.0183659587	1.0001625	0.00053989573
2460916.01975488	0.9997191	0.0005398768
2460916.0211438015	0.9993532	0.0005399035
2460916.022532723	0.9995991	0.00053994334
2460916.0239216443	0.9989755	0.0005397389
2460916.0253105657	0.9988981	0.0005397807
2460916.026699487	0.9991916	0.0005397423
2460916.0280884085	0.9992398	0.0005398632
2460916.02947733	1.0002942	0.0005401849
2460916.0308662513	0.99982	0.00054004183
2460916.0322551727	0.99895513	0.00053990027
2460916.033644094	0.9996778	0.00054005766
2460916.0350330155	1.0005368	0.00054003054
2460916.036421937	1.0009968	0.00054028
2460916.0378108583	0.99960834	0.0005398232
2460916.03919978	0.999931	0.0005399962
2460916.040588701	1.0003836	0.000540132
2460916.0419776225	0.99962246	0.0005401764
2460916.043366544	0.99900687	0.0005397882
2460916.0447554654	0.9991172	0.00053991814
2460916.0461443868	0.9997269	0.00054004014
2460916.047533308	0.99969286	0.0005398982
2460916.0489222296	1.0006896	0.000540154
2460916.050311151	0.9997643	0.0005398296
2460916.0517000724	0.9996027	0.0005399227
2460916.0530889938	0.99975175	0.0005400815
2460916.239204421	1.0000684	0.0005401507
2460916.2405933416	0.9995282	0.0005397836
2460916.2419822626	0.9999228	0.000539926
2460916.2433711835	1.0010833	0.0005401886
2460916.2447601045	1.0000526	0.00053991127
2460916.246149025	0.9984394	0.0005396391
2460916.247537946	0.999167	0.0005399862
2460916.248926867	0.99986035	0.0005398452
2460916.2503157877	0.99977064	0.000539936
2460916.2517047087	1.0005101	0.00053988025
2460916.253093629	0.9994267	0.0005398617
2460916.25448255	0.99998176	0.0005397443
2460916.255871471	0.99927	0.0005398863
2460916.2572603915	0.99934465	0.00053983345
2460916.2586493124	0.9993172	0.00053990755
2460916.2600382334	0.9996096	0.00053996703
2460916.261427154	1.0010307	0.00054009986
2460916.262816075	0.9996613	0.00053984765
2460916.2642049952	0.9992915	0.0005399074
2460916.265593916	1.0000579	0.00054012384
2460916.266982837	0.99995804	0.0005400928
2460916.268371758	0.9990721	0.00053986936
2460916.2697606785	0.9991431	0.00053972227
2460916.2711495995	0.99920934	0.0005398843
2460916.27253852	1.0003729	0.0005400726
2460916.273927441	0.9994515	0.00053991814
2460916.2753163613	0.99976933	0.0005398441
2460916.2767052823	1.0006533	0.0005400116
2460916.278094203	0.9996372	0.0005400031
2460916.2794831237	0.99931353	0.0005398831
2460916.2808720446	0.9992031	0.000539794
2460916.282260965	1.0008086	0.0005401422
2460916.283649886	1.0008473	0.00054007856
2460916.2850388065	0.99991775	0.0005399523
2460916.2864277274	1.0003878	0.0005400444
2460916.287816648	1.0002178	0.0005400018
2460916.289205569	0.9996901	0.00054005336
2460916.2905944893	0.9994163	0.000539911
2460916.2919834103	0.99892527	0.0005397788
2460916.2933723307	1.000488	0.0005400669
2460916.2947612517	0.999017	0.0005397217
2460916.296150172	0.99946785	0.0005397426
2460916.297539093	1.0009543	0.00054028217
2460916.2989280135	0.9995057	0.0005399953
2460916.300316934	1.000408	0.0005401105
2460916.301705855	0.9995375	0.0005399114
2460916.3030947754	0.99994814	0.0005400336
2460916.304483696	0.9996475	0.0005400265
2460916.305872617	1.0003549	0.0005400387
2460916.3072615373	0.998359	0.00053956424
2460916.308650458	1.000332	0.00053988805
2460916.3100393787	0.99925804	0.00053973414
2460916.311428299	1.0002152	0.00053993554
2460916.31281722	0.9998115	0.0005398524
2460916.3142061406	0.99974036	0.0005400191
2460916.3155950615	0.99974096	0.0005397907
2460916.316983982	0.99999106	0.00053984544
2460916.3183729025	1.0000865	0.00053986826
2460916.319761823	0.9995918	0.00053996686
2460916.321150744	0.999776	0.00054011587
2460916.3225396643	0.99957424	0.00053983583
2460916.323928585	1.0002722	0.0005400343
2460916.3253175053	0.99979365	0.0005400572
2460916.326706426	0.9997219	0.0005398274
2460916.3280953467	0.9998814	0.000539928
2460916.329484267	0.9999313	0.0005399844
2460916.3308731876	1.0004201	0.0005400256
2460916.3322621086	1.0004786	0.000540113
2460916.333651029	0.99918926	0.00053977873
2460916.3350399495	1.000236	0.0005400672
2460916.33642887	1.0006211	0.00054008764
2460916.3378177905	1.0008665	0.0005402198
2460916.3392067114	0.99989605	0.0005400722
2460916.340595632	0.9996707	0.0005399115
2460916.3419845523	0.9997156	0.0005399451
2460916.343373473	0.99945724	0.0005399289
2460916.3447623933	0.9992269	0.0005399116
2460916.3461513137	1.0000477	0.00054000877
2460916.3475402347	0.99884695	0.000539724
2460916.348929155	0.99973977	0.0005398684
2460916.3503180756	1.000135	0.00054000685
2460916.351706996	1.0003573	0.00053995824
2460916.3530959166	1.0010111	0.0005401566
2460916.354484837	1.0006498	0.00054010795
2460916.3558737575	1.0001056	0.00053995935
2460916.357262678	0.9996073	0.00053988525
2460916.3586515984	0.9997426	0.00053978356
2460916.360040519	1.0002762	0.0005400109
2460916.3614294394	1.0001668	0.00054000336
2460916.36281836	1.0000474	0.0005401333
2460916.3642072803	0.99969506	0.0005400341
2460916.365596201	1.0004141	0.00054005394
2460916.3669851213	0.9996135	0.0005401246
2460916.368374042	0.9999991	0.00053989503
2460916.369762962	0.99985594	0.00054007705
2460916.371151883	0.9999138	0.0005399637
2460916.372540803	1.0003585	0.0005400726
2460916.373929724	1.0004959	0.0005402323
2460916.375318644	0.99959934	0.0005399134
2460916.3767075646	0.9995677	0.0005398294
2460916.378096485	1.0001433	0.00053989975
2460916.3794854055	1.0001812	0.0005402015
2460916.380874326	1.0008794	0.00054001575
2460916.3822632465	0.9999314	0.0005399483
2460916.383652167	1.0001336	0.00053993874
2460916.3850410874	0.9996551	0.0005398023
2460916.3864300074	0.9998322	0.0005398394
2460916.3878189283	0.9995835	0.0005398552
2460916.3892078483	1.0002731	0.00054022524
2460916.390596769	1.0014521	0.0005400569
2460916.3919856893	0.99914217	0.0005396994
2460916.3933746098	0.99960077	0.000539857
2460916.39476353	1.0008422	0.0005400303
2460916.3961524507	0.99975824	0.00053993886
2460916.397541371	1.0007793	0.0005400379
2460916.398930291	0.99976486	0.0005400227
2460916.4003192117	0.99923205	0.00053984823
2460916.401708132	1.0007151	0.00054005336
2460916.4030970526	0.9995429	0.00053990877
2460916.4044859726	1.0004996	0.000540081
2460916.405874893	0.9991724	0.0005397389
2460916.4072638135	1.0005902	0.000540206
2460916.408652734	1.0005965	0.0005402234
2460916.410041654	0.99945873	0.0005398296
2460916.4114305745	0.9991036	0.0005399547
2460916.412819495	1.0003184	0.00053995487
2460916.4142084154	0.9994944	0.00054000155
2460916.4155973354	0.99997336	0.00054000336
2460916.416986256	1.0000705	0.00053997297
2460916.4183751764	0.9993613	0.00053967413
2460916.4197640964	0.9994805	0.00053995074
2460916.421153017	1.0000144	0.0005398016
2460916.4225419373	1.0009389	0.0005400293
2460916.4239308573	0.9999253	0.0005399217
2460916.425319778	1.0001234	0.0005399495
2460916.426708698	1.0010656	0.00054030557
2460916.4280976183	1.0006137	0.00054009777
2460916.4294865387	0.9998376	0.0005399744
2460916.430875459	1.0007899	0.00053982163
2460916.432264379	1.0005084	0.0005401598
2460916.4336532997	1.0005102	0.00054005877
2460916.43504222	1.0002737	0.0005400291
2460916.43643114	0.99972284	0.00053976866
2460916.4378200606	0.99972963	0.000539794
2460916.4392089806	1.0000019	0.0005397742
2460916.440597901	1.0002658	0.00054006686
2460916.441986821	0.9998178	0.0005398621
2460916.4433757416	1.0003427	0.0005400153
2460916.4447646616	0.99950147	0.0005400017
2460916.446153582	1.0004303	0.000539947
2460916.447542502	1.000519	0.0005400124
2460916.4489314226	1.000688	0.00054009375
2460916.4503203426	1.0002697	0.000540103
2460916.451709263	0.99949396	0.00053997297
2460916.453098183	1.0010312	0.0005404027
2460916.4544871035	1.0004745	0.00053994294
2460916.4558760235	1.0000988	0.0005398578
2460916.457264944	1.0004305	0.00053996017
2460916.458653864	1.0006579	0.00054005126
2460916.460042784	0.99932164	0.00053984276
2460916.4614317045	1.0001171	0.00054009206
2460916.4628206245	0.99998826	0.0005399872
2460916.464209545	0.9995164	0.00053990964
2460916.465598465	0.99958163	0.00054004474
2460916.4669873854	1.0006837	0.00054023974
2460916.4683763054	1.0006378	0.00054010114
2460916.4697652254	0.9998027	0.0005398036
2460916.4711541454	0.99993575	0.00053983
2460916.472543066	0.99954826	0.0005399746
2460916.473931986	0.9999804	0.00053986313
2460916.4753209064	1.0003223	0.00054011587
2460916.4767098264	0.9999779	0.00053993694
2460916.4780987464	1.0010269	0.00053985347
2460916.4794876664	0.99996734	0.0005398468
2460916.480876587	1.0002282	0.00054004916
2460916.482265507	1.0000808	0.00054001104
2460916.4836544273	1.0000638	0.0005399126
2460916.4850433473	1.0003898	0.00053994014
2460916.4864322674	1.000165	0.00053994916
2460916.487821188	0.99994135	0.00053977675
2460916.489210108	1.0002961	0.00053994043
2460916.490599028	1.0001941	0.00053992064
2460916.491987948	0.99968594	0.0005399558
2460916.493376868	1.0015548	0.00054030487
2460916.494765788	0.9996074	0.0005399332
2460916.4961547083	1.000305	0.0005399472
2460916.4975436283	1.0006076	0.0005402035
2460916.4989325483	0.9996074	0.00053982507
2460916.5003214683	1.0004232	0.0005399132
2460916.501710389	0.9999093	0.00053978356
2460916.5030993083	0.9999767	0.00053994934
2460916.504488229	0.9995541	0.0005398506
2460916.505877149	0.9997936	0.00053998857
2460916.507266069	1.0001745	0.0005399962
2460916.508654989	1.0001961	0.0005400145
2460916.510043909	1.0004908	0.00054017635
2460916.511432829	0.9998354	0.0005400057
2460916.512821749	0.99952525	0.0005398438
2460916.514210669	0.999883	0.0005399303
2460916.5155995893	1.0009224	0.00054007507
2460916.5169885093	0.99985945	0.0005397848
2460916.5183774293	1.0001678	0.00053991633
2460916.5197663493	0.99993545	0.0005399736
2460916.5211552694	1.0002656	0.000540055
2460916.5225441894	1.0008177	0.00054022146
2460916.5239331094	1.0000721	0.0005400048
2460916.5253220294	1.0005995	0.0005402134
2460916.5267109494	1.000181	0.0005400241
2460916.5280998694	1.0004323	0.0005399411
2460916.5294887894	1.0006174	0.00054016773
2460916.5308777094	0.9995406	0.000540145
2460916.5322666294	1.0001104	0.000540032
2460916.5336555494	0.99986064	0.0005399536
2460916.5350444694	1.0000924	0.0005399708
2460916.5364333894	1.00032	0.0005401079
2460916.5378223094	1.000071	0.0005399641
2460916.5392112294	0.9994739	0.00053987204
2460916.540600149	1.0001676	0.0005398559
2460916.5419890694	0.9997542	0.000539869
2460916.543377989	0.9999298	0.0005398667
2460916.544766909	0.9999361	0.00053994224
2460916.546155829	0.999786	0.00054005167
2460916.547544749	0.9996708	0.00053999637
2460916.548933669	1.000207	0.0005398557
2460916.550322589	0.99938405	0.0005398688
2460916.551711509	0.99926645	0.00053979724
2460916.553100429	1.0000317	0.0005401389
2460916.554489349	1.0006393	0.00054010685
2460916.5558782686	0.99942493	0.0005396314
2460916.5572671886	1.0001391	0.0005401113
2460916.5586561086	0.99982953	0.00053999224
2460916.5600450286	1.0002543	0.00054007536
2460916.561433948	0.99986553	0.0005397822
2460916.562822868	1.0003489	0.0005398265
2460916.564211788	0.99934494	0.00053997507
2460916.565600708	0.9991814	0.0005397382
2460916.5669896277	1.0007677	0.00054026215
2460916.5683785477	1.0002017	0.0005398985
2460916.5697674677	0.9998733	0.0005399799
2460916.5711563877	0.9991092	0.00053971785
2460916.572545307	0.99952716	0.0005400127
2460916.573934227	0.99935305	0.0005397436
2460916.5753231472	1.0006219	0.0005401597
2460916.5767120672	1.000492	0.000539782
2460916.5781009872	0.9998855	0.00053983316
2460916.579489907	0.99977744	0.000540124
2460916.580878827	1.0003033	0.0005400952
2460916.5822677463	0.9998421	0.00053979387
2460916.5836566663	0.9994062	0.0005397757
2460916.5850455863	1.000336	0.00054015155
2460916.5864345063	0.9995177	0.00053979317
2460916.587823426	0.9999055	0.000539912
2460916.589212346	1.0000123	0.0005399558
2460916.5906012654	0.9999709	0.0005400324
2460916.5919901854	0.99919724	0.00053973234
2460916.593379105	1.0004817	0.00054001744
2460916.594768025	0.99904275	0.00054005435
2460916.5961569445	0.99998766	0.0005399126
2460916.5975458645	0.99851185	0.0005397057
2460916.5989347845	0.9992341	0.0005397869
2460916.600323704	1.0001277	0.00054005365
2460916.601712624	0.99952006	0.00053986703
2460916.6031015436	1.0003537	0.00054002285
2460916.6044904636	0.99936014	0.000540046
2460916.605879383	0.998641	0.0005397717
2460916.607268303	0.9998158	0.00054008065
2460916.6086572227	0.9992237	0.0005397687
2460916.6100461427	0.9991669	0.0005399035
2460916.6114350623	0.9999698	0.00053990417
2460916.6128239823	1.0002164	0.00053988624
2460916.614212902	1.0000327	0.00053993694
2460916.615601822	0.9991271	0.00053963036
2460916.6169907413	0.99962157	0.0005398258
2460916.6183796613	1.0002998	0.00054023956
2460916.619768581	1.0000768	0.00053992
2460916.621157501	1.0003481	0.00054002646
2460916.6225464204	0.99907625	0.0005398692
2460916.62393534	0.9996231	0.0005401957
2460916.62532426	0.999664	0.00053993653
2460916.6267131795	0.99950296	0.00053997023
2460916.628102099	1.0001158	0.0005401122
2460916.629491019	1.0008135	0.0005401927
2460916.6308799386	0.9991165	0.0005396824
2460916.6322688586	0.9991316	0.0005397066
2460916.633657778	0.9998999	0.0005398251
2460916.6350466977	0.9989141	0.0005396705
2460916.6364356177	0.99960893	0.00053979707
2460916.637824537	1.0002313	0.00053996954
2460916.639213457	0.9990237	0.0005396791
2460916.6406023763	0.99964976	0.00053989905
2460916.6419912963	1.0005132	0.00053989067
2460916.643380216	0.99946254	0.0005397748
2460916.6447691354	0.9998558	0.0005399351
2460916.646158055	0.99891573	0.0005399429
2460916.647546975	0.9993049	0.0005397915
2460916.6489358945	1.0003904	0.0005400832
2460916.650324814	0.99880815	0.0005395407
2460916.6517137336	0.99981457	0.000539843
2460916.6531026536	0.99913	0.0005397429
2460916.654491573	0.9994647	0.0005399045
2460916.6558804926	0.99949884	0.0005398197
2460916.657269412	0.9996585	0.000539794
2460916.6586583317	0.99951285	0.0005398008
2460916.6600472513	0.99913013	0.0005397309
2460916.6614361713	0.99923533	0.0005399392
2460916.662825091	0.9996369	0.00053984975
2460916.6642140104	0.9991999	0.00053984043
2460916.66560293	1.0002824	0.00053995237
2460916.6669918494	0.9994024	0.0005398588
2460916.6683807694	1.0010124	0.0005403585
2460916.6697696885	1.0003608	0.0005400812
2460916.6711586085	1.0003853	0.000539946
2460916.672547528	0.9993685	0.000539867
2460916.6739364476	1.0000416	0.0005400005
2460916.675325367	1.000499	0.00054005877
2460916.6767142867	0.9999914	0.00053995877
2460916.678103206	0.9996771	0.0005400745
2460916.6794921258	0.99939924	0.00053988514
2460916.6808810453	1.0000211	0.00053999684
2460916.682269965	1.0005559	0.0005398619
2460916.6836588844	1.000515	0.0005399842
2460916.685047804	0.9998307	0.0005398452
2460916.6864367235	1.0001165	0.00053997483
2460916.687825643	0.99937797	0.0005400377
2460916.6892145625	1.0005494	0.0005400139
2460916.690603482	1.0008591	0.0005403031
2460916.6919924016	0.9990784	0.00053979247
2460916.693381321	0.9998651	0.00053994183
2460916.6947702407	0.9995709	0.00053980656
2460916.69615916	0.9999508	0.00054001145
2460916.69754808	0.99971926	0.0005397426
2460916.6989369993	1.0005933	0.0005401099
2460916.700325919	0.9999488	0.00053994276
2460916.701714838	1.0000389	0.00053993013
2460916.703103758	0.99990255	0.000540081
2460916.704492677	1.00057	0.0005401192
2460916.7058815965	1.0004042	0.0005401059
2460916.707270516	0.99990326	0.0005398233
2460916.7086594356	0.9995268	0.00053972146
2460916.710048355	1.0002198	0.00054001895
2460916.7114372747	1.0006298	0.00054006826
2460916.712826194	1.0004914	0.0005399168
2460916.7142151133	1.0000659	0.0005398584
2460916.715604033	1.0000403	0.00054007774
2460916.7169929524	1.0001711	0.0005398917
2460916.7183818715	0.9998954	0.0005398155
2460916.7197707915	0.9996333	0.0005398453
2460916.7211597105	0.9994507	0.0005397934
2460916.72254863	1.0006807	0.0005398975
2460916.7239375496	0.9999323	0.0005398639
2460916.725326469	1.0002714	0.00054008624
2460916.7267153887	1.0000881	0.0005398845
2460916.728104308	1.0005512	0.0005401694
2460916.7294932273	1.000942	0.00054030714
2460916.7308821464	1.0001328	0.0005400692
2460916.732271066	1.0004058	0.0005401303
2460916.7336599855	0.9997297	0.00053981517
2460916.735048905	1.0005925	0.0005402325
2460916.736437824	1.0005414	0.0005399822
2460916.7378267436	0.99922025	0.000539586
2460916.7392156627	1.0003785	0.0005401093
2460916.7406045822	1.0001422	0.0005398607
2460916.741993502	1.0000368	0.00054007955
2460916.7433824213	1.0000377	0.0005399529
2460916.7447713404	1.0001163	0.00053995237
2460916.74616026	1.0008422	0.0005401828
2460916.747549179	0.99958503	0.0005398166
2460916.7489380985	1.001014	0.0005400956
2460916.7503270176	1.0000457	0.0005400349
2460916.751715937	1.0004288	0.0005400682
2460916.7531048562	1.0004922	0.0005401299
2460916.754493776	0.99960226	0.00053982245
2460916.7558826953	0.9999697	0.0005398916
2460916.7572716144	1.0000529	0.0005398328
2460916.758660534	1.0002236	0.0005399525
2460916.760049453	0.9999256	0.0005398415
2460916.7614383725	1.000774	0.0005400652
2460916.7628272916	1.0003548	0.00054003525
2460916.764216211	0.99977154	0.0005398541
2460916.7656051302	1.0011182	0.00053993246
2460916.76699405	0.9997089	0.00053980266
2460916.768382969	1.0003943	0.0005402328
2460916.7697718884	0.9992761	0.00053989846
2460916.7711608075	1.0007914	0.0005399363
2460916.772549727	0.9997555	0.0005399108
2460916.773938646	1.0006202	0.0005398017
2460916.7753275656	0.9996193	0.00053976063
2460916.7767164847	1.0000643	0.0005399082
2460916.7781054038	1.0001453	0.0005399904
2460916.7794943233	1.0000439	0.0005400902
2460916.7808832424	0.9996611	0.00053993677
2460916.7822721615	1.0010512	0.0005403711
2460916.783661081	1.0000591	0.0005399202
2460916.78505	1.0015304	0.00054010237
2460916.7864389196	0.9995126	0.00053985347
2460916.7878278387	0.9999395	0.00053999916
2460916.7892167578	1.0006002	0.0005400357
2460916.7906056773	0.9999934	0.00053993426
2460916.7919945964	0.9997819	0.0005398631
2460916.793383516	1.0006971	0.00054006645
2460916.794772435	0.9996607	0.0005398232
2460916.796161354	0.9992062	0.0005397808
2460916.797550273	1.0001466	0.00053993164
2460916.7989391927	1.0002401	0.0005400225
2460916.8003281117	1.0006346	0.0005400224
2460916.801717031	0.99957204	0.0005397702
2460916.80310595	1.0002985	0.0005400182
2460916.8044948694	1.0004965	0.000539905
2460916.8058837885	0.9993252	0.00053977815
2460916.8072727076	1.0004609	0.00053990225
2460916.8086616267	0.99967587	0.0005399641
2460916.8100505457	1.0009536	0.0005399907
2460916.811439465	0.9999902	0.00054008776
2460916.8128283843	1.0010823	0.0005402514
2460916.8142173034	1.0003817	0.0005399758
2460916.8156062225	1.0002948	0.0005400025
2460916.8169951416	1.001431	0.0005401879
2460916.8183840606	1.0000783	0.00054016535
2460916.81977298	0.9997369	0.0005397868
2460916.8211618993	1.0007031	0.0005398795
2460916.8225508183	0.9998981	0.000540004
2460916.8239397374	0.9995026	0.0005399415
2460916.8253286565	1.000257	0.00053999794
2460916.8267175755	0.99931246	0.00053978676
2460916.8281064946	0.9997086	0.00053999457
2460916.8294954137	1.0008215	0.00054014445
2460916.830884333	0.9991963	0.0005397009
2460916.832273252	1.0001693	0.000540038
2460916.833662171	1.0002861	0.0005399701
2460916.83505109	1.0001317	0.0005398884
2460916.8364400095	1.0003514	0.0005400472
2460916.837828928	1.0001345	0.00053986075
2460916.8392178477	1.0005801	0.0005399429
2460916.8406067663	0.9999914	0.00054014905
2460916.841995686	1.000032	0.0005398303
2460916.8433846044	1.0000831	0.00053998764
2460916.8447735235	1.0006708	0.00054014404
2460916.846162443	0.99977964	0.0005398161
2460916.8475513617	0.9999903	0.0005399011
2460916.848940281	0.9998229	0.0005398961
2460916.8503292	1.0004421	0.00053981814
2460916.851718119	1.000048	0.00054012344
2460916.853107038	1.0008794	0.0005400483
2460916.854495957	0.9998234	0.00053980184
2460916.855884876	1.0010287	0.0005400738
2460916.857273795	1.000172	0.0005400169
2460916.8586627143	1.0006521	0.0005399852
2460916.8600516333	0.99893427	0.000539795
2460916.861440552	0.9997373	0.00053978973
2460916.862829471	1.0004597	0.0005401499
2460916.86421839	1.0002004	0.0005400866
2460916.865607309	1.000821	0.00054016773
2460916.866996228	0.9988638	0.00053990533
2460916.8683851473	0.99936014	0.0005397392
2460916.869774066	0.9996637	0.0005398655
2460916.871162985	1.0003827	0.00053985853
2460916.872551904	1.0003633	0.0005401422
2460916.873940823	0.9999463	0.0005399484
2460916.875329742	0.99934304	0.000539854
2460916.876718661	1.0004326	0.00054000557
2460916.87810758	1.0005001	0.0005400867
2460916.879496499	1.0007434	0.00054019364
2460916.880885418	1.0015762	0.0005403939
2460916.8822743366	0.9996541	0.0005397881
2460916.8836632557	0.9986679	0.00053964544
2460916.885052175	0.9999321	0.0005401076
2460916.886441094	1.0002906	0.00054019626
2460916.8878300125	0.99980205	0.000539935
2460916.8892189316	1.0003111	0.0005399263
2460916.89060785	0.9996326	0.00053989864
2460916.8919967692	1.0002929	0.000540133
2460916.8933856883	1.0005916	0.00053991604
2460916.8947746074	0.9995544	0.0005399065
2460916.896163526	0.9999445	0.0005399905
2460916.897552445	1.0002466	0.00054002734
2460916.8989413637	0.9997875	0.00053989957
2460916.9003302827	0.9998827	0.0005400062
2460916.9017192014	1.0003722	0.0005400813
2460916.9031081204	1.0005411	0.00054003944
2460916.9044970395	1.0004565	0.0005399021
2460916.905885958	1.0003067	0.00054002425
2460916.907274877	1.0006533	0.00054004247
2460916.908663796	0.999816	0.0005399398
2460916.910052715	0.9998065	0.00053979096
2460916.9114416335	1.0003221	0.00054008275
2460916.9128305526	0.999874	0.00053993094
2460916.9142194716	0.9995785	0.0005399509
2460916.9156083902	0.9993404	0.00053996436
2460916.916997309	0.9998578	0.000539762
2460916.918386228	0.99974364	0.0005398386
2460916.9197751465	1.00005	0.00054011756
2460916.9211640656	1.0004184	0.0005399272
2460916.922552984	1.0002639	0.00054009457
2460916.9239419033	0.99947053	0.000539819
2460916.925330822	1.0006003	0.00054001
2460916.926719741	0.9994513	0.00053988927
2460916.9281086596	1.0003284	0.0005399682
2460916.9294975786	0.9999787	0.00053999166
2460916.9308864973	1.0003694	0.00053980295
2460916.9322754163	0.9998932	0.00053976045
2460916.933664335	0.99977535	0.0005398507
2460916.9350532535	0.99935013	0.0005398093
2460916.9364421726	0.99982816	0.0005398805
2460916.937831091	0.999623	0.000539763
2460916.9392200103	1.0002173	0.00053991756
2460916.940608929	0.9995374	0.0005398362
2460916.9419978475	1.000689	0.0005401734
2460916.943386766	0.99980426	0.0005400611
2460916.944775685	0.99925846	0.0005399609
2460916.946164604	0.99895674	0.0005396449
2460916.9475535224	1.0003332	0.00053994876
2460916.948942441	0.9996579	0.00053983886
2460916.95033136	0.99932325	0.0005398365
2460916.9517202787	1.0000075	0.000540034
2460916.9531091973	0.99981725	0.0005397166
2460916.954498116	0.99986035	0.00053984876
2460916.955887035	1.0001705	0.00054001325
2460916.9572759536	0.9988348	0.00053975394
2460916.958664872	0.9996234	0.0005399505
2460916.960053791	1.0011895	0.000540274
2460916.96144271	0.99959314	0.0005397658
2460916.9628316285	0.99925894	0.0005397383
2460916.964220547	0.9993595	0.0005396681
2460916.965609466	1.0000864	0.0005398801
2460916.9669983843	1.0000056	0.0005398342
2460916.9683873034	1.0000705	0.0005400227
2460916.969776222	1.000177	0.0005399762
2460916.9711651406	1.0000249	0.0005399405
2460916.9725540592	0.99877864	0.0005396965
2460916.973942978	0.99981457	0.00053985015
2460916.9753318965	1.0003918	0.00053984654
2460916.9767208155	0.9994948	0.00053990475
2460916.9781097337	0.9995185	0.000539897
2460916.9794986527	0.9992285	0.00053983036
2460916.9808875713	1.0001048	0.0005400346
2460916.98227649	1.0003393	0.0005398558
2460916.9836654086	0.99926394	0.00053985306
2460916.985054327	0.99982005	0.0005398017
2460916.986443246	0.99898076	0.0005396147
2460916.9878321644	0.99946547	0.0005397201
2460916.989221083	0.9996369	0.00053986494
2460916.9906100016	0.99967676	0.00054005015
2460916.99199892	0.99849576	0.0005396805
2460916.993387839	1.0001013	0.0005400008
2460916.9947767574	1.0004098	0.00053985964
2460917.1808918105	0.9998212	0.00054005784
2460917.1822807286	0.9990219	0.0005397017
2460917.1836696467	0.99900794	0.0005397209
2460917.1850585644	0.99896514	0.00053982966
2460917.1864474826	0.99949443	0.000539841
2460917.1878364007	0.99942315	0.00053992384
2460917.1892253184	0.9998783	0.00054009113
2460917.1906142365	0.9988383	0.00053978246
2460917.1920031547	1.0005383	0.0005400641
2460917.1933920723	1.0003381	0.00054015266
2460917.1947809905	0.9987337	0.0005397697
2460917.196169908	0.99924684	0.00053994433
2460917.1975588263	1.0000415	0.0005398665
2460917.1989477444	0.99958843	0.0005400321
2460917.200336662	1.0002549	0.0005400816
2460917.2017255803	1.000399	0.0005400927
2460917.203114498	0.9990461	0.0005397916
2460917.204503416	0.99941754	0.0005398383
2460917.205892334	0.9988131	0.00053960463
2460917.207281252	0.9994748	0.0005396776
2460917.20867017	0.9994604	0.0005397524
2460917.2100590877	0.99975985	0.0005398195
2460917.211448006	1.0009303	0.00054007
2460917.2128369235	1.0000272	0.0005398965
2460917.2142258417	0.99945104	0.00053983834
2460917.2156147594	0.99991626	0.0005400136
2460917.2170036775	0.9996091	0.0005398038
2460917.218392595	1.0002891	0.00054000824
2460917.219781513	1.0000329	0.00053995114
2460917.221170431	0.9996813	0.0005398802
2460917.2225593487	0.9996067	0.0005398098
2460917.223948267	1.0002823	0.0005400425
2460917.2253371845	1.0007694	0.0005401105
2460917.2267261026	1.0010725	0.0005400061
2460917.2281150203	0.9994097	0.0005398758
2460917.2295039385	1.0003964	0.0005400789
2460917.230892856	0.999084	0.00053980184
2460917.232281774	1.0003395	0.0005401197
2460917.233670692	0.99960554	0.00054017996
2460917.2350596096	1.000266	0.0005399603
2460917.236448528	1.0007495	0.00054008135
2460917.2378374455	1.0001771	0.0005398349
2460917.239226363	0.99940854	0.0005399311
2460917.240615281	1.0005504	0.0005399847
2460917.242004199	0.9995498	0.0005399222
2460917.2433931166	1.0001159	0.0005400497
2460917.2447820343	0.9992454	0.0005399258
2460917.246170952	0.99936503	0.0005399723
2460917.24755987	1.0004908	0.00054000755
2460917.248948788	1.0006814	0.0005399423
2460917.2503377055	0.9999317	0.0005402041
2460917.251726623	1.0002971	0.0005402107
2460917.2531155413	0.99932027	0.0005398598
2460917.254504459	1.0010178	0.0005402096
2460917.2558933767	0.9993348	0.0005396982
2460917.2572822943	1.0001311	0.0005398978
2460917.2586712125	1.0004381	0.0005401924
2460917.2600601297	0.9994477	0.00053991965
2460917.261449048	0.9998122	0.00053992926
2460917.2628379655	1.000625	0.0005400615
2460917.264226883	1.0004715	0.00054007897
2460917.2656158013	1.0000674	0.00053990696
2460917.2670047185	0.9999502	0.00054002524
2460917.2683936367	1.0007861	0.0005400667
2460917.2697825544	1.0008596	0.00054003234
2460917.271171472	1.0001141	0.00053982646
2460917.2725603897	1.0004666	0.0005401317
2460917.2739493074	0.9999317	0.0005401512
2460917.275338225	0.99966776	0.0005397966
2460917.2767271427	1.0003334	0.0005399048
2460917.2781160604	1.0008205	0.0005400277
2460917.279504978	1.0009754	0.0005401691
2460917.280893896	1.0007745	0.00053999375
2460917.2822828135	0.9990217	0.0005397265
2460917.283671731	1.000341	0.0005399554
2460917.285060649	0.99958867	0.0005400499
2460917.2864495665	1.0002677	0.00053993624
2460917.287838484	1.0004206	0.00053993997
2460917.289227402	0.99874145	0.00053975725
2460917.2906163195	1.0005856	0.0005402124
2460917.292005237	0.9997212	0.00053986436
2460917.293394155	1.0002209	0.00053998287
2460917.2947830725	0.99927896	0.00053961825
2460917.29617199	1.000352	0.00053990126
2460917.297560908	1.0000199	0.00053990755
2460917.2989498256	1.0001873	0.0005401688
2460917.3003387433	1.0001507	0.0005398638
2460917.301727661	0.999827	0.0005399097
2460917.3031165786	1.0003356	0.0005400572
2460917.304505496	1.0002598	0.0005398738
2460917.3058944135	1.0002507	0.0005400882
2460917.307283331	1.0001012	0.0005401082
2460917.308672249	1.0000428	0.0005400294
2460917.3100611665	1.000517	0.0005401031
2460917.311450084	1.0001992	0.0005397872
2460917.3128390014	1.0005214	0.0005400218
2460917.314227919	1.0013022	0.00054026477
2460917.315616837	0.9994734	0.0005399482
2460917.3170057544	1.0005522	0.00054000126
2460917.3183946717	1.0004168	0.00054004125
2460917.3197835893	0.9994019	0.0005397068
2460917.321172507	1.0009983	0.00054011977
2460917.3225614247	1.0009652	0.00054012175
2460917.3239503424	1.0005871	0.00054014847
2460917.3253392596	0.9997139	0.0005399115
2460917.3267281773	0.9997017	0.00054000283
2460917.328117095	1.0013492	0.00054025673
2460917.3295060126	1.0012326	0.00054011814
2460917.33089493	0.99991226	0.00054011727
2460917.3322838475	0.99994415	0.0005399353
2460917.3336727647	1.0005019	0.000540103
2460917.3350616824	1.0009558	0.00054000434
2460917.3364506	1.0002155	0.0005400015
2460917.3378395173	1.000556	0.00054017967
2460917.339228435	1.0003794	0.0005399408
2460917.3406173526	1.0006582	0.00054016087
2460917.34200627	1.0010902	0.00054010237
2460917.3433951875	0.99974036	0.0005399618
2460917.3447841047	1.0008793	0.000540081
2460917.3461730224	1.0004451	0.0005400463
2460917.3475619396	1.0001724	0.0005398863
2460917.3489508573	1.0010612	0.00054017466
2460917.3503397745	0.9998247	0.00053988973
2460917.351728692	1.0001816	0.0005400603
2460917.35311761	0.99946874	0.0005397396
2460917.354506527	1.0006588	0.0005401083
2460917.3558954448	1.0006051	0.00054004334
2460917.357284362	0.99968153	0.0005399048
2460917.3586732796	1.0003517	0.00054003793
2460917.360062197	1.0006783	0.0005399973
2460917.3614511145	1.0002337	0.0005400304
2460917.3628400317	1.0003738	0.0005400902
2460917.3642289494	1.0002861	0.00053997635
2460917.3656178666	0.9998349	0.0005399492
2460917.3670067843	1.0002725	0.0005400656
2460917.3683957015	1.0001433	0.00054012635
2460917.3697846187	0.99991244	0.0005399932
2460917.3711735364	1.0005436	0.00054009684
2460917.3725624536	1.0006008	0.0005400157
2460917.373951371	0.9989733	0.00053993356
2460917.3753402885	1.0003375	0.000540097
2460917.3767292057	1.0006807	0.00054015336
2460917.3781181234	0.99990016	0.0005398887
2460917.3795070406	1.000599	0.00054003356
2460917.380895958	1.0003476	0.00054004096
2460917.3822848755	1.0008615	0.000540142
2460917.3836737927	1.0001456	0.00054017565
2460917.38506271	1.0009817	0.00054021657
2460917.386451627	1.00042	0.0005400607
2460917.387840545	0.99957216	0.00053984456
2460917.389229462	1.0001671	0.00053998147
2460917.390618379	1.0004747	0.0005400461
2460917.3920072964	0.9995328	0.00053978467
2460917.393396214	1.0014772	0.0005403901
2460917.3947851313	0.9992767	0.00053982285
2460917.3961740485	0.99982935	0.00054003746
2460917.3975629658	1.0001557	0.00053998583
2460917.3989518834	0.9996803	0.00054009364
2460917.4003408006	1.0004473	0.00054017146
2460917.401729718	1.0002728	0.00054015015
2460917.403118635	1.0008771	0.00054023654
2460917.4045075523	1.0007418	0.0005400077
2460917.4058964695	0.9984746	0.0005396588
2460917.407285387	0.99964917	0.00053992774
2460917.4086743044	1.0003031	0.0005398067
2460917.4100632216	1.0012143	0.00054021104
2460917.411452139	0.99938256	0.00053988065
2460917.412841056	1.0005351	0.0005400907
2460917.414229973	0.99955624	0.000539817
2460917.4156188904	0.99995935	0.00054015353
2460917.417007808	1.000649	0.00054009113
2460917.418396725	1.0005533	0.00054020167
2460917.4197856425	1.0001453	0.00053999806
2460917.4211745597	1.0009707	0.0005401162
2460917.422563477	0.9999323	0.00053983903
2460917.423952394	1.0003636	0.00053984136
2460917.4253413114	1.000737	0.00054018915
2460917.4267302286	1.00156	0.00054033217
2460917.428119146	1.0002856	0.00054015015
2460917.429508063	0.9992033	0.0005396958
2460917.43089698	1.0005741	0.0005400856
2460917.432285897	0.99982065	0.00053983775
2460917.4336748146	0.99952805	0.00053995685
2460917.4350637314	0.999077	0.0005398603
2460917.436452649	1.0000075	0.0005400821
2460917.437841566	0.99952936	0.00054015144
2460917.439230483	1.0000943	0.00053999154
2460917.4406194002	1.0004873	0.0005401419
2460917.4420083174	0.9996827	0.0005399961
2460917.4433972347	1.0009688	0.00054016337
2460917.444786152	1.0000188	0.00053994765
2460917.446175069	1.0007252	0.0005402151
2460917.4475639863	0.99975336	0.00054007967
2460917.4489529035	1.0009679	0.0005401192
2460917.4503418203	1.0003501	0.0005400778
2460917.4517307375	1.0001202	0.00053996546
2460917.4531196547	0.9999921	0.00053991284
2460917.454508572	1.0005416	0.00054025673
2460917.4558974886	1.000016	0.0005399132
2460917.4572864063	0.9990536	0.0005397852
2460917.458675323	0.9995459	0.00053985685
2460917.4600642403	1.0005871	0.0005399711
2460917.4614531575	1.0004841	0.0005401519
2460917.4628420747	1.0002977	0.00053999195
2460917.4642309914	1.0002351	0.0005399637
2460917.4656199086	1.0000008	0.00053996744
2460917.4670088254	0.99984014	0.00053998927
2460917.4683977426	1.0005256	0.0005401334
2460917.46978666	0.99981457	0.00054007204
2460917.471175577	0.9991268	0.0005396121
2460917.4725644942	0.99998474	0.0005402329
2460917.473953411	0.99926466	0.00053973414
2460917.475342328	1.000433	0.0005400472
2460917.476731245	1.0006282	0.0005401205
2460917.478120162	0.9997751	0.0005399306
2460917.4795090794	1.0001258	0.0005399694
2460917.4808979966	1.0004159	0.0005401869
2460917.4822869133	1.0004505	0.00054001616
2460917.4836758305	1.0003803	0.00053993065
2460917.4850647473	0.9994094	0.0005398158
2460917.4864536645	1.0001287	0.0005401055
2460917.4878425812	0.9986808	0.00053969864
2460917.4892314984	1.0003921	0.00053998135
2460917.490620415	0.9998203	0.0005399533
2460917.4920093324	0.99975437	0.00054008287
2460917.493398249	0.99975556	0.00053981534
2460917.4947871664	0.99914736	0.0005398068
2460917.496176083	0.9996302	0.0005397269
2460917.4975650003	0.9984667	0.00053960556
2460917.498953917	1.0006248	0.00054004235
2460917.5003428343	1.000275	0.0005401153
2460917.5017317515	0.9998656	0.0005400835
2460917.503120668	1.0003576	0.0005398873
2460917.5045095854	1.0011576	0.00054007414
2460917.505898502	1.0004267	0.0005399635
2460917.507287419	0.99976295	0.0005398647
2460917.508676336	0.9998475	0.00053998886
2460917.510065253	1.0002735	0.0005398469
2460917.5114541696	1.0009646	0.0005401572
2460917.512843087	1.0006522	0.0005401702
2460917.5142320036	0.9995289	0.00053980126
2460917.515620921	0.9994126	0.00053971005
2460917.5170098376	1.0005639	0.00054011756
2460917.5183987543	0.9993027	0.0005397904
2460917.5197876715	1.000146	0.00054006994
2460917.5211765883	0.99907786	0.0005398449
2460917.522565505	0.9991661	0.0005397612
2460917.523954422	1.0002879	0.00053995964
2460917.525343339	0.9986118	0.00053955254
2460917.5267322557	0.9989828	0.00053965056
2460917.5281211725	1.0000014	0.00053996395
2460917.5295100897	1.0000671	0.00054001465
2460917.5308990064	0.99853253	0.0005398895
2460917.532287923	1.000615	0.0005400658
2460917.5336768404	1.0003864	0.0005400317
2460917.535065757	0.99918	0.0005397323
2460917.536454674	0.9995044	0.0005397741
2460917.5378435906	1.000029	0.000540007
2460917.539232508	0.9992551	0.00053987233
2460917.5406214246	0.99996936	0.000539865
2460917.5420103413	0.9991079	0.00053982966
2460917.543399258	1.0009506	0.0005403194
2460917.544788175	0.99994314	0.00053972326
2460917.5461770915	0.9992562	0.0005397925
2460917.5475660088	0.9999348	0.0005397653
2460917.548954925	0.99961054	0.0005399319
2460917.5503438422	0.9992948	0.0005397545
2460917.551732759	1.0007803	0.00053996337
2460917.5531216757	0.9997076	0.0005399953
2460917.5545105925	0.9993342	0.00053971395
2460917.555899509	0.9995183	0.0005396349
2460917.557288426	0.9994705	0.0005397584
2460917.5586773427	0.99951196	0.00053993386
2460917.5600662595	1.0000827	0.0005399046
2460917.561455176	0.99977404	0.000539924
2460917.5628440934	0.9995438	0.00053973874
2460917.5642330097	0.9995142	0.0005398862
2460917.565621927	0.9994542	0.000539727
2460917.567010843	0.99926883	0.00053964276
2460917.5683997604	0.9998348	0.0005399157
2460917.5697886767	1.0007353	0.00054002425
2460917.571177594	0.9990393	0.00053989585
2460917.57256651	0.9989805	0.00053987885
2460917.573955427	0.9993663	0.00053970737
2460917.5753443437	1.0021727	0.00054039835
2460917.5767332604	0.9999698	0.00053991616
2460917.578122177	1.0006944	0.00053990964
2460917.579511094	0.99957055	0.0005398481
2460917.5809000107	0.9993864	0.00053981657
2460917.5822889274	1.0014722	0.0005401277
2460917.5836778437	1.0001088	0.000539875
2460917.585066761	1.0004376	0.0005402287
2460917.586455677	0.9991472	0.0005398102
2460917.587844594	0.9993559	0.0005398136
2460917.5892335107	0.9996441	0.0005400365
2460917.5906224274	0.99937135	0.00053979346
2460917.592011344	0.99956334	0.00053979555
2460917.5934002604	1.0006291	0.00054003467
2460917.5947891776	1.0000111	0.0005399247
2460917.596178094	0.9996796	0.00053973746
2460917.5975670107	0.999866	0.0005398378
2460917.5989559274	1.0000423	0.00053990295
2460917.600344844	0.9994963	0.00053985766
2460917.6017337604	0.99948126	0.00053998915
2460917.603122677	0.9995179	0.0005399709
2460917.6045115935	0.9991687	0.0005398826
2460917.60590051	1.0001842	0.00053995656
2460917.607289427	0.9998185	0.00053993234
2460917.6086783437	1.0009619	0.0005400479
2460917.61006726	1.000096	0.0005400408
2460917.6114561767	0.9999928	0.00053997885
2460917.6128450935	1.0006583	0.000540093
2460917.6142340098	0.99957335	0.0005398473
2460917.6156229265	1.000466	0.00053988775
2460917.6170118432	0.99925214	0.00053969666
2460917.6184007595	1.000514	0.00053993106
2460917.6197896763	0.9997476	0.0005399063
2460917.621178593	1.0005604	0.00054002774
2460917.6225675093	1.0006154	0.00054020144
2460917.623956426	0.9998492	0.0005400453
2460917.6253453423	1.000085	0.00054002285
2460917.626734259	0.99963284	0.0005397891
2460917.6281231754	1.0000492	0.00053998345
2460917.629512092	1.0004852	0.00054000533
2460917.6309010084	1.0002323	0.00054002815
2460917.632289925	1.0000707	0.00054015673
2460917.6336788414	0.999807	0.0005396877
2460917.635067758	1.0003636	0.00054000644
2460917.6364566744	0.99935496	0.0005397545
2460917.637845591	1.0003413	0.00054016593
2460917.6392345075	1.0007262	0.0005402478
2460917.640623424	1.000088	0.0005398831
2460917.6420123405	1.0009288	0.00054020854
2460917.643401257	1.0000434	0.0005398372
2460917.6447901735	0.9996288	0.0005396917
2460917.6461790903	0.99995303	0.00053996855
2460917.6475680065	1.0009111	0.0005400524
2460917.6489569233	1.0001934	0.00054000085
2460917.6503458396	1.0003668	0.00054015906
2460917.651734756	0.999673	0.00054011756
2460917.6531236726	1.0003781	0.0005399767
2460917.654512589	0.99962205	0.0005397724
2460917.6559015056	0.9999833	0.0005399799
2460917.657290422	1.0011744	0.00054027524
2460917.658679338	1.0008589	0.0005400814
2460917.6600682545	0.9995446	0.00053974276
2460917.661457171	1.0003675	0.0005402747
2460917.6628460875	0.99993825	0.0005399289
2460917.6642350038	1.0009847	0.00054012175
2460917.66562392	0.9993368	0.00053993845
2460917.667012837	1.0002677	0.00054005417
2460917.668401753	1.0005443	0.00054010993
2460917.6697906693	1.0004295	0.00054004014
2460917.6711795856	1.0000805	0.000539966
2460917.6725685024	0.9994509	0.00053988805
2460917.6739574187	1.0001144	0.00053997745
2460917.675346335	1.0004153	0.00053999433
2460917.676735251	1.0006762	0.00053999823
2460917.678124168	0.9994781	0.0005399128
2460917.6795130842	0.9996401	0.0005399973
2460917.6809020005	0.99970645	0.0005398473
2460917.682290917	0.9994099	0.00053987163
2460917.683679833	0.99923235	0.0005398656
2460917.68506875	1.0006629	0.00054005167
2460917.6864576656	1.0006198	0.0005401514
2460917.6878465824	1.0003923	0.00054017967
2460917.6892354987	1.0001534	0.00054006354
2460917.690624415	1.0005141	0.000540136
2460917.692013331	0.9999808	0.00054003065
2460917.6934022475	0.9994554	0.0005399088
2460917.694791164	1.0002991	0.00054008054
2460917.69618008	0.99987704	0.0005398644
2460917.6975689963	1.0004524	0.0005400444
2460917.6989579126	1.0002348	0.00053977297
2460917.700346829	0.99873424	0.0005396593
2460917.701735745	0.9996329	0.00053997646
2460917.7031246615	1.0003294	0.000540144
2460917.7045135777	0.9991108	0.00053986855
2460917.705902494	0.9997993	0.000539814
2460917.7072914103	1.0003079	0.00054003415
2460917.7086803266	1.000414	0.00054010557
2460917.710069243	0.9997205	0.0005399895
2460917.711458159	0.99978244	0.00053993816
2460917.7128470754	1.0005125	0.0005399993
2460917.7142359917	1.0013626	0.0005402089
2460917.715624908	1.0006979	0.00054015877
2460917.7170138243	0.9996564	0.0005398489
2460917.71840274	0.99921364	0.0005399169
2460917.719791657	1.0012323	0.000540319
2460917.7211805726	1.0000867	0.00054003624
2460917.722569489	1.0001966	0.00054007536
2460917.723958405	1.0002632	0.00053981366
2460917.7253473215	0.99951607	0.00054015045
2460917.7267362378	1.00128	0.0005402109
2460917.728125154	1.0003345	0.0005399956
2460917.72951407	1.000618	0.0005402609
2460917.730902986	1.0003798	0.00053987716
2460917.7322919024	0.9998942	0.0005400578
2460917.7336808187	1.0004847	0.00054004334
2460917.7350697345	1.0007591	0.0005401855
2460917.736458651	0.9996838	0.0005400263
2460917.737847567	0.99977005	0.000539932
2460917.7392364834	0.99977225	0.00054000254
2460917.7406253996	1.0001777	0.0005402008
2460917.7420143154	0.99951696	0.0005398386
2460917.7434032317	1.000988	0.0005402556
2460917.7447921475	1.0002899	0.00053999067
2460917.746181064	0.9997467	0.0005399217
2460917.74756998	1.0002714	0.0005401755
2460917.7489588964	0.9994793	0.0005398984
2460917.750347812	1.0010489	0.00054025435
2460917.7517367285	0.9991586	0.0005398507
2460917.7531256443	0.9998216	0.0005399836
2460917.7545145606	1.0004755	0.00054003834
2460917.7559034764	1.0003319	0.0005400691
2460917.7572923927	1.0001986	0.00053991436
2460917.758681309	0.99998266	0.0005400465
2460917.7600702248	1.0005395	0.00054008944
2460917.761459141	1.0010896	0.0005400147
2460917.7628480573	1.000269	0.0005400169
2460917.764236973	1.0002031	0.0005399928
2460917.7656258894	1.0001293	0.0005399302
2460917.767014805	0.9998487	0.00053991383
2460917.7684037215	1.0004165	0.00053997384
2460917.7697926373	1.0001208	0.0005399982
2460917.7711815536	0.99905777	0.00053995795
2460917.7725704694	0.9995331	0.00054007967
2460917.7739593857	1.0018572	0.0005402859
2460917.7753483015	1.0000981	0.000540099
2460917.7767372173	0.9997111	0.0005400008
2460917.7781261336	0.9997756	0.0005397346
2460917.7795150494	1.0002453	0.0005400323
2460917.7809039657	1.0002552	0.00054004684
2460917.7822928815	1.0002023	0.000540105
2460917.783681798	1.0005984	0.0005400944
2460917.7850707136	1.0004008	0.0005402198
2460917.7864596294	0.9991832	0.0005397427
2460917.7878485457	0.9995337	0.00053992163
2460917.7892374615	0.99925554	0.00053977437
2460917.7906263773	0.99992734	0.0005400166
2460917.7920152936	1.0002567	0.0005400432
2460917.7934042094	0.9999065	0.00054015865
2460917.7947931252	0.9990375	0.0005398771
2460917.796182041	0.99990875	0.00053996214
2460917.7975709573	0.9999569	0.0005400463
2460917.798959873	1.000015	0.00054001476
2460917.8003487894	1.0002931	0.000540056
2460917.8017377052	1.0002227	0.00054001744
2460917.803126621	1.000508	0.00054007507
2460917.804515537	1.0004203	0.000539953
2460917.8059044527	1.0001892	0.0005398188
2460917.807293369	1.0004294	0.0005400692
2460917.808682285	1.0002445	0.00053987757
2460917.8100712006	1.0002453	0.00054001535
2460917.8114601164	1.0004534	0.00054009684
2460917.8128490327	1.0002913	0.00054002105
2460917.8142379485	0.99975616	0.00053994346
2460917.8156268643	1.0004631	0.00054013
2460917.81701578	1.0003368	0.0005398802
2460917.818404696	1.0003741	0.0005400026
2460917.8197936118	0.99969864	0.0005399063
2460917.8211825276	1.0009416	0.0005401729
2460917.8225714434	1.0006654	0.0005400583
2460917.8239603597	1.0009854	0.00054004585
2460917.825349275	1.0002356	0.0005399331
2460917.8267381913	1.0001259	0.00053986977
2460917.828127107	1.0002708	0.0005399184
2460917.829516023	1.0009756	0.0005401492
2460917.8309049387	0.9998351	0.00054002105
2460917.8322938546	1.0002116	0.00054002047
2460917.8336827704	1.0002196	0.0005401729
2460917.835071686	0.99936724	0.0005398948
2460917.836460602	0.99999624	0.0005400571
2460917.837849518	0.9995708	0.00053987803
2460917.8392384336	1.00066	0.000540079
2460917.8406273494	1.0007125	0.00054021884
2460917.8420162653	1.0006119	0.00054010836
2460917.843405181	1.0003235	0.0005398342
2460917.844794097	0.9999179	0.0005400645
2460917.8461830122	1.0008295	0.0005403611
2460917.8475719285	1.0003086	0.00054006354
2460917.848960844	1.0000929	0.00054014416
2460917.8503497597	1.0001063	0.0005399651
2460917.8517386755	0.99972653	0.0005399604
2460917.8531275913	1.0006142	0.000540002
2460917.854516507	1.0001119	0.0005399984
2460917.855905423	1.0000446	0.00053983385
2460917.8572943383	0.9993595	0.00053981354
2460917.8586832546	1.000224	0.0005400443
2460917.8600721704	0.9996049	0.0005399712
2460917.8614610857	1.000823	0.00054012745
2460917.8628500015	0.99962705	0.00053973135
2460917.8642389174	1.0003754	0.00054008426
2460917.865627833	1.0008721	0.000540452
2460917.8670167485	1.0002501	0.00053996174
2460917.8684056643	0.9996752	0.0005400736
2460917.86979458	1.0002357	0.00053989893
2460917.871183496	1.0001756	0.0005400554
2460917.8725724113	0.9994714	0.0005398996
2460917.873961327	0.9997926	0.0005398177
2460917.875350243	0.99997354	0.00054004
2460917.8767391583	1.0003449	0.00054003
2460917.878128074	0.99998236	0.0005400443
2460917.87951699	0.9996063	0.0005400291
2460917.8809059053	1.000641	0.0005402603
2460917.882294821	1.0009452	0.00054019794
2460917.8836837364	1.0014813	0.0005402154
2460917.8850726523	0.99984354	0.0005398765
2460917.886461568	0.9999222	0.00053986796
2460917.887850484	1.0012666	0.00054021465
2460917.889239399	0.99992067	0.0005399907
2460917.890628315	1.0014133	0.00054038817
2460917.8920172304	1.0010118	0.0005403374
2460917.893406146	0.9994566	0.00053996197
2460917.894795062	0.9985977	0.00053975853
2460917.8961839774	1.0003886	0.00054011896
2460917.897572893	1.0000147	0.0005400704
2460917.8989618085	0.99948746	0.00053996086
2460917.9003507243	0.99958307	0.00053999823
2460917.9017396397	0.99949175	0.0005399515
2460917.9031285555	1.0000181	0.0005398142
2460917.904517471	0.99994683	0.0005399
2460917.9059063867	1.0003467	0.00053988816
2460917.907295302	1.0008974	0.0005401482
2460917.9086842174	0.9999799	0.00054005743
2460917.910073133	1.0005821	0.00054004014
2460917.9114620485	0.9984293	0.00053975085
2460917.912850964	1.0005077	0.0005400944
2460917.9142398797	0.9998291	0.00053993595
2460917.915628795	0.9993708	0.00053985964
2460917.917017711	1.0001317	0.00053997396
2460917.918406626	0.999241	0.00053983903
2460917.919795542	0.9990738	0.0005396265
2460917.9211844574	0.9994477	0.00053986005
2460917.9225733727	1.0005342	0.0005400397
2460917.9239622885	1.0000684	0.000540104
2460917.925351204	1.0001539	0.0005399999
2460917.9267401192	0.99952143	0.00054005167
2460917.9281290346	0.9997504	0.0005398756
2460917.9295179504	0.99979246	0.00053994317
2460917.9309068657	1.0003324	0.00053999847
2460917.932295781	1.0004184	0.00054010533
2460917.9336846964	0.998655	0.00053971
2460917.9350736123	1.0007337	0.00054033066
2460917.9364625276	0.99956614	0.0005398904
2460918.122577153	1.0005527	0.0005401638
2460918.123966068	1.0002879	0.00054005435
2460918.125354983	1.0000513	0.0005400792
2460918.126743898	0.9997472	0.00054011884
2460918.1281328127	0.99951816	0.00053988694
2460918.129521727	0.9992616	0.0005397916
2460918.130910642	0.99972755	0.00053992186
2460918.1322995564	1.0006338	0.0005400182
2460918.1336884713	0.99960375	0.00053987274
2460918.135077386	1.0002582	0.00054008065
2460918.136466301	0.999241	0.0005397305
2460918.1378552155	0.9994301	0.0005399347
2460918.1392441303	0.9998643	0.00054002804
2460918.1406330448	0.9998864	0.0005399603
2460918.1420219596	1.0003265	0.00054020714
2460918.1434108745	0.999438	0.0005398115
2460918.144799789	1.0005579	0.0005400913
2460918.146188704	1.0000387	0.0005398936
2460918.1475776187	1.000094	0.0005399306
2460918.148966533	0.9997664	0.0005399417
2460918.150355448	1.0002649	0.0005403315
2460918.1517443624	0.9995086	0.00054003415
2460918.1531332773	1.00088	0.00054015993
2460918.1545221917	1.0003165	0.00054020534
2460918.1559111066	0.9992712	0.00053980114
2460918.157300021	1.0007422	0.00054009556
2460918.158688936	0.9997793	0.0005398242
2460918.1600778503	1.0000482	0.0005401867
2460918.161466765	0.9999533	0.00053999264
2460918.1628556796	0.9994301	0.0005399691
2460918.164244594	1.0003077	0.0005399575
2460918.165633509	1.0001003	0.0005400336
2460918.1670224234	0.9992423	0.00053997134
2460918.1684113382	1.0005345	0.0005402043
2460918.1698002527	1.0004264	0.0005400157
2460918.1711891675	0.99945533	0.0005399673
2460918.172578082	1.0002335	0.0005400169
2460918.1739669964	1.000067	0.00054012006
2460918.175355911	0.99979335	0.00053981313
2460918.1767448257	0.9990459	0.0005397396
2460918.17813374	1.0000218	0.00053998973
2460918.179522655	1.0006708	0.0005402646
2460918.1809115694	1.0006311	0.0005400088
2460918.182300484	0.99949306	0.0005401159
2460918.183689398	1.0000595	0.00053995906
2460918.185078313	0.99946874	0.00053982594
2460918.1864672275	1.0003016	0.0005400391
2460918.187856142	1.0004033	0.0005400229
2460918.189245057	1.0002513	0.00053989765
2460918.1906339712	0.99974453	0.0005401388
2460918.1920228857	0.9999912	0.00053991727
2460918.1934118	1.0000669	0.0005400099
2460918.194800715	1.0000415	0.00054030214
2460918.196189629	1.0003846	0.00054002856
2460918.197578544	1.0001595	0.0005401009
2460918.198967458	1.0001645	0.000540182
2460918.2003563726	1.0000131	0.000540059
2460918.201745287	1.0000148	0.0005400344
2460918.2031342015	0.9999332	0.00054002006
2460918.204523116	1.0006658	0.0005402585
2460918.205912031	1.0004102	0.0005399994
2460918.2073009447	0.99958724	0.00054011436
2460918.2086898596	1.0002707	0.0005399627
2460918.210078774	1.000294	0.00054024404
2460918.2114676884	1.0008783	0.00054019305
2460918.212856603	0.9997188	0.00054023834
2460918.2142455173	0.9996846	0.00053999096
2460918.2156344317	1.0001605	0.0005401282
2460918.217023346	1.0000062	0.00054001756
2460918.2184122605	1.000086	0.0005401849
2460918.219801175	1.000309	0.0005401197
2460918.2211900894	1.0005229	0.0005400928
2460918.222579004	1.0001996	0.00054017623
2460918.223967918	0.99946594	0.0005398968
2460918.2253568326	1.000059	0.0005402983
2460918.226745747	1.0005676	0.000540248
2460918.2281346614	0.9993505	0.00054010144
2460918.229523576	1.0001799	0.00053979957
2460918.23091249	1.0008403	0.00054013287
2460918.2323014042	1.0007051	0.00053996546
2460918.2336903187	1.000243	0.00054002035
2460918.235079233	1.0006018	0.00054008164
2460918.2364681475	1.0012047	0.00054016255
2460918.237857062	1.0011235	0.00054027425
2460918.239245976	1.0007277	0.0005401761
2460918.2406348903	1.000526	0.0005401829
2460918.2420238047	1.0003585	0.0005400361
2460918.243412719	1.0002548	0.0005400998
2460918.2448016335	0.9990551	0.000539879
2460918.246190548	1.0009191	0.000540205
2460918.2475794624	1.000457	0.00054025475
2460918.2489683763	1.0005558	0.0005400556
2460918.2503572907	1.0006956	0.0005399985
2460918.251746205	1.0009004	0.00054017734
2460918.2531351196	1.0009781	0.0005400135
2460918.2545240335	1.0003706	0.00054012286
2460918.255912948	1.0002394	0.00054011086
2460918.257301862	1.0001853	0.00054012984
2460918.2586907763	1.0002396	0.000540053
2460918.2600796907	0.9993887	0.00053998735
2460918.261468605	0.9992121	0.00053981366
2460918.262857519	1.0002908	0.00054003403
2460918.2642464335	1.0012012	0.00054041203
2460918.2656353475	1.0002939	0.00054009486
2460918.267024262	0.9999389	0.0005398395
2460918.268413176	0.9995422	0.0005399368
2460918.2698020902	1.0008764	0.0005404903
2460918.271191004	1.0009968	0.00054026046
2460918.2725799186	1.0003403	0.0005401124
2460918.273968833	0.99987817	0.0005400709
2460918.275357747	1.0000685	0.0005400931
2460918.2767466614	0.99968255	0.00053983193
2460918.2781355754	1.0002444	0.00054010993
2460918.27952449	1.0005878	0.00054000475
2460918.2809134037	1.0009996	0.0005401585
2460918.282302318	1.0010146	0.0005401274
2460918.283691232	1.0009105	0.0005401955
2460918.2850801465	1.0004914	0.0005399442
2460918.2864690605	1.0002935	0.0005402051
2460918.287857975	1.000291	0.000540081
2460918.289246889	0.999831	0.00054005295
2460918.2906358032	1.0003583	0.0005400549
2460918.292024717	0.9999231	0.000540001
2460918.293413631	1.0004789	0.00054011226
2460918.2948025456	1.0007797	0.00054030964
2460918.2961914595	1.0001905	0.0005400583
2460918.2975803735	1.0003843	0.00054011436
2460918.298969288	1.0004315	0.00053998176
2460918.300358202	1.000605	0.0005400582
2460918.301747116	1.0007734	0.0005402984
2460918.30313603	1.0003246	0.00054006814
2460918.304524944	0.99988115	0.0005399614
2460918.3059138586	1.0003064	0.0005401022
2460918.3073027725	0.99981034	0.00053989625
2460918.3086916865	1.0008427	0.0005401745
2460918.3100806004	1.0015501	0.00054036605
2460918.311469515	0.9999346	0.0005400483
2460918.312858429	1.0004678	0.0005400105
2460918.3142473428	1.0001537	0.00053996017
2460918.3156362567	0.9994059	0.00054003845
2460918.3170251707	1.001278	0.0005401513
2460918.3184140846	1.0005835	0.0005402147
2460918.319802999	1.0015451	0.00054024596
2460918.321191913	1.0012672	0.00054026523
2460918.322580827	1.0003428	0.0005401315
2460918.323969741	1.000576	0.00054037955
2460918.325358655	1.0006353	0.000540005
2460918.326747569	1.0016114	0.0005403766
2460918.3281364827	1.0006223	0.0005401499
2460918.3295253967	1.0012074	0.0005404433
2460918.330914311	1.0002382	0.0005401506
2460918.3323032246	1.0008554	0.0005401674
2460918.333692139	0.99958014	0.00053991587
2460918.335081053	1.001502	0.00054030836
2460918.336469967	1.0004295	0.0005401202
2460918.337858881	1.0004172	0.0005400223
2460918.339247795	0.9997703	0.0005401972
2460918.340636709	0.9998087	0.0005399006
2460918.3420256227	1.0005609	0.0005400475
2460918.3434145367	1.0008882	0.00054043665
2460918.3448034506	1.000561	0.00054035516
2460918.3461923646	1.0001092	0.00054010993
2460918.3475812785	1.0004827	0.0005400715
2460918.3489701925	1.0010138	0.00054022245
2460918.350359106	1.0001279	0.00054004806
2460918.3517480204	1.0005301	0.0005401746
2460918.353136934	1.0004587	0.0005400515
2460918.354525848	1.0003216	0.00054004334
2460918.355914762	0.99961895	0.0005398979
2460918.3573036757	1.0006318	0.000540142
2460918.3586925897	1.000175	0.00054016785
2460918.3600815036	1.000138	0.0005400919
2460918.361470417	1.0008625	0.0005401463
2460918.362859331	1.000121	0.00054015894
2460918.364248245	1.0010118	0.0005402643
2460918.365637159	1.0008286	0.00054015586
2460918.367026073	1.0008976	0.00054014043
2460918.3684149864	0.9999748	0.0005400501
2460918.3698039004	1.0008619	0.0005400928
2460918.3711928143	1.0003895	0.0005399987
2460918.3725817283	1.0002545	0.00053991243
2460918.3739706418	1.000167	0.0005400313
2460918.3753595557	1.0015048	0.00054031756
2460918.3767484697	1.0006411	0.0005402503
2460918.3781373836	0.9999286	0.00053989363
2460918.379526297	1.0002807	0.0005398655
2460918.380915211	1.0006263	0.00054033083
2460918.3823041245	1.0009441	0.0005402178
2460918.3836930385	1.0010921	0.00054017105
2460918.3850819524	1.0010251	0.0005403926
2460918.386470866	0.9996266	0.0005399947
2460918.38785978	0.99995154	0.00053999474
2460918.389248694	0.99990356	0.0005402502
2460918.3906376073	1.0007967	0.00054023304
2460918.3920265213	0.9994062	0.00053990807
2460918.3934154348	1.0005307	0.0005401292
2460918.3948043487	1.0007589	0.00054008025
2460918.3961932627	0.99979293	0.0005400013
2460918.397582176	0.99990183	0.00054012105
2460918.39897109	1.0005754	0.0005400849
2460918.4003600036	0.9997359	0.0005400352
2460918.4017489175	1.000856	0.0005402577
2460918.403137831	1.0011569	0.000540191
2460918.404526745	0.99981344	0.00053996977
2460918.4059156585	0.99972254	0.00054006954
2460918.407304572	1.000381	0.0005400128
2460918.408693486	0.9997813	0.0005399545
2460918.4100823994	1.0010779	0.00054031884
2460918.411471313	1.0011028	0.0005402696
2460918.412860227	1.0000676	0.0005400878
2460918.4142491403	1.0008341	0.00054036244
2460918.4156380543	1.0003183	0.0005402642
2460918.4170269677	1.0006033	0.0005401944
2460918.4184158817	1.0008548	0.0005402585
2460918.419804795	1.0007035	0.0005401991
2460918.4211937087	1.0000111	0.00053997926
2460918.422582622	1.0004756	0.00054024113
2460918.423971536	1.0001657	0.0005399226
2460918.4253604496	1.0002725	0.0005399468
2460918.426749363	1.0010841	0.0005401346
2460918.428138277	1.0006872	0.00054009224
2460918.4295271905	1.0009482	0.0005403096
2460918.430916104	1.0013368	0.00054028357
2460918.4323050175	1.000052	0.00054011727
2460918.4336939314	1.0000432	0.000540152
2460918.435082845	1.0004238	0.00054016185
2460918.4364717584	1.0006706	0.0005401142
2460918.437860672	1.0004293	0.0005399868
2460918.439249586	1.0006537	0.0005401569
2460918.440638499	1.0004356	0.0005401789
2460918.442027413	1.0006313	0.0005402652
2460918.4434163263	0.99960893	0.0005401469
2460918.44480524	1.0002941	0.0005401045
2460918.4461941533	1.0009121	0.0005401476
2460918.4475830668	0.9997517	0.00053999585
2460918.4489719803	0.99955374	0.00054002553
2460918.4503608937	1.0006537	0.000540163
2460918.451749807	1.0018669	0.0005403495
2460918.453138721	1.0006859	0.0005399982
2460918.4545276347	1.0008522	0.0005403783
2460918.455916548	1.0005006	0.0005401472
2460918.4573054616	1.0003109	0.0005399718
2460918.458694375	0.9999424	0.000540017
2460918.4600832886	1.0000069	0.00053995074
2460918.461472202	0.99980605	0.00054006244
2460918.4628611156	1.0003741	0.000540178
2460918.464250029	1.0002548	0.00054012757
2460918.4656389426	0.99935055	0.0005398531
2460918.4670278556	1.0004379	0.0005402216
2460918.4684167695	1.0002006	0.0005400814
2460918.4698056825	0.99976	0.0005398956
2460918.471194596	0.9991866	0.0005397155
2460918.4725835095	1.0008079	0.00054019305
2460918.473972423	0.9994736	0.0005398131
2460918.4753613365	1.0001975	0.0005400789
2460918.47675025	0.99984366	0.0005399891
2460918.478139163	0.99904406	0.0005398288
2460918.4795280765	0.9992825	0.00053988065
2460918.48091699	1.0001405	0.00053994794
2460918.4823059035	0.99985087	0.0005400397
2460918.483694817	0.9986587	0.0005399255
2460918.4850837304	1.0005549	0.0005401477
2460918.486472644	1.0002139	0.00054005673
2460918.487861557	1.0000578	0.0005400057
2460918.4892504704	0.9996525	0.0005398489
2460918.490639384	0.9999534	0.00053998065
2460918.4920282974	1.0003759	0.00054009544
2460918.4934172104	0.9993426	0.0005400886
2460918.494806124	1.0008459	0.0005401741
2460918.496195037	1.000399	0.0005399733
2460918.4975839504	0.9996192	0.00054000947
2460918.498972864	0.99942136	0.0005398742
2460918.5003617774	0.99849105	0.0005396934
2460918.5017506904	1.0006167	0.0005403864
2460918.503139604	0.9990781	0.00053987297
2460918.504528517	0.9996198	0.0005397957
2460918.5059174304	1.0005414	0.0005403318
2460918.507306344	1.0003066	0.0005400333
2460918.508695257	0.99990284	0.0005400186
2460918.5100841704	1.0004011	0.0005403961
2460918.5114730834	1.0000877	0.00053986924
2460918.512861997	0.9994669	0.0005399503
2460918.5142509104	0.9992908	0.00053983246
2460918.5156398234	0.99987465	0.0005401646
2460918.517028737	0.99989486	0.00053994247
2460918.51841765	0.99909204	0.0005397658
2460918.5198065634	0.99929327	0.00053974235
2460918.5211954764	0.99878037	0.0005398888
2460918.5225843894	0.9994286	0.0005398262
2460918.523973303	1.0007346	0.00054009154
2460918.525362216	0.9997521	0.0005400381
2460918.5267511294	0.9993562	0.0005399853
2460918.5281400424	1.0002246	0.0005400535
2460918.529528956	0.9995267	0.00053993583
2460918.530917869	1.0001781	0.0005401391
2460918.5323067824	0.99975824	0.000539887
2460918.5336956955	1.0001764	0.0005402077
2460918.5350846085	0.99972963	0.00054020586
2460918.5364735215	1.0001426	0.00054013875
2460918.537862435	0.99973416	0.00054005656
2460918.539251348	0.99969506	0.00054005854
2460918.5406402615	0.998651	0.0005399994
2460918.5420291745	0.99928916	0.0005399952
2460918.5434180875	0.9994696	0.00054021896
2460918.544807001	0.9996633	0.0005400586
2460918.546195914	1.0003624	0.00054005376
2460918.547584827	1.0004069	0.00053999375
2460918.54897374	0.9992986	0.00053989975
2460918.5503626536	1.000738	0.0005401134
2460918.5517515666	0.99977404	0.0005401956
2460918.5531404796	0.9996994	0.00054013374
2460918.5545293926	1.0003625	0.0005402663
2460918.5559183056	0.9995381	0.00053997175
2460918.5573072187	0.9998946	0.00054008386
2460918.558696132	0.99995935	0.00053995225
2460918.560085045	1.0003896	0.00054008723
2460918.561473958	1.0005625	0.00053999654
2460918.562862871	0.9999486	0.0005399753
2460918.5642517842	1.0001031	0.0005399085
2460918.5656406973	0.9990386	0.00053979177
2460918.5670296103	0.99893904	0.00053990306
2460918.5684185233	1.0004098	0.0005400135
2460918.569807437	1.000579	0.00054008927
2460918.5711963493	1.0022613	0.0005403273
2460918.572585263	1.0005256	0.0005402303
2460918.573974176	1.0002804	0.00053993735
2460918.575363089	1.0004534	0.00054012926
2460918.576752002	0.9999473	0.00054024626
2460918.578140915	1.0004616	0.0005402134
2460918.579529828	1.000084	0.00054007437
2460918.580918741	1.0005201	0.0005402354
2460918.582307654	0.99965096	0.0005400368
2460918.5836965665	1.0009328	0.00054028636
2460918.58508548	1.0009259	0.0005401552
2460918.5864743926	0.9997789	0.00054000755
2460918.5878633056	0.9999163	0.00054011313
2460918.5892522186	0.9996385	0.0005398726
2460918.5906411316	1.0001516	0.00054015254
2460918.5920300446	1.0005412	0.0005400409
2460918.5934189577	1.0001454	0.0005399298
2460918.59480787	1.000217	0.00054025126
2460918.5961967837	0.9995916	0.0005401984
2460918.5975856963	1.0005076	0.0005401016
2460918.5989746093	1.0002922	0.00054012233
2460918.6003635223	0.9993316	0.0005398654
2460918.6017524353	1.0001296	0.000540189
2460918.6031413483	1.0007474	0.0005403044
2460918.604530261	1.0000664	0.0005400133
2460918.605919174	1.000387	0.0005400655
2460918.607308087	1.0011189	0.0005401572
2460918.608697	0.99987376	0.00054015603
2460918.6100859125	1.0011308	0.0005402584
2460918.6114748255	0.9996051	0.00054002076
2460918.6128637386	1.0004792	0.00054024404
2460918.614252651	1.0002631	0.00054014707
2460918.615641564	1.0004209	0.0005401266
2460918.617030477	0.99968827	0.0005401348
2460918.6184193897	0.99994993	0.00054028875
2460918.6198083027	0.99966043	0.00054001546
2460918.6211972153	1.0000459	0.0005399305
2460918.6225861283	1.0000513	0.0005399808
2460918.6239750413	1.0010804	0.0005403251
2460918.625363954	0.99975264	0.0005402402
2460918.626752867	1.0002974	0.00054021575
2460918.62814178	0.99994403	0.00053998013
2460918.6295306925	1.0004046	0.0005400515
2460918.6309196055	1.0000947	0.0005400157
2460918.632308518	1.0000952	0.0005400709
2460918.633697431	1.000081	0.00054015586
2460918.6350863436	1.0008038	0.00054016104
2460918.6364752566	1.0005269	0.0005401908
2460918.637864169	1.0004336	0.0005401277
2460918.6392530818	1.000061	0.00054012943
2460918.640641995	1.0005499	0.0005401475
2460918.6420309073	0.9997473	0.0005400059
2460918.6434198203	0.9993543	0.00053986517
2460918.644808733	1.0003299	0.0005402983
2460918.646197646	1.0003799	0.0005399802
2460918.6475865585	1.0005767	0.000540248
2460918.6489754715	0.99988544	0.00053989096
2460918.650364384	1.0000894	0.00053989334
2460918.6517532966	1.00029	0.00054015574
2460918.653142209	1.0005279	0.0005401188
2460918.654531122	0.9997932	0.0005398946
2460918.6573089478	1.0009032	0.00054025644
2460918.6586978603	0.99943393	0.0005399695
2460918.660086773	1.000949	0.0005402657
2460918.6614756854	0.9996744	0.0005399546
2460918.6628645984	0.9995745	0.00053995935
2460918.664253511	0.99960124	0.0005400151
2460918.6656424236	0.9997095	0.00054003263
2460918.667031336	1.0006802	0.0005401509
2460918.6684202487	0.9999161	0.000540024
2460918.6698091617	1.000774	0.00054045435
2460918.6711980742	1.000141	0.00054011884
2460918.672586987	1.0002074	0.00054035295
2460918.6739758993	1.0002778	0.0005403285
2460918.6753648124	0.9999829	0.000540022
2460918.6767537245	0.99941856	0.00053992413
2460918.6781426375	1.0020171	0.00054058275
2460918.67953155	1.0013535	0.00054048304
2460918.6809204626	1.0003871	0.0005401749
2460918.682309375	1.000237	0.0005401044
2460918.6836982877	1.0004773	0.0005401489
2460918.6850872003	1.0000006	0.0005403254
2460918.686476113	0.9997838	0.00054021797
2460918.6878650254	1.0007763	0.00054025045
2460918.689253938	1.0005412	0.0005401631
2460918.6906428505	0.9998719	0.0005401045
2460918.692031763	1.0001205	0.0005403105
2460918.6934206756	0.9999484	0.0005400984
2460918.694809588	0.9994337	0.0005400029
2460918.6961985007	1.0005414	0.0005403104
2460918.6975874132	1.0012825	0.00054042146
2460918.698976326	1.0001903	0.00053998287
2460918.7003652384	1.0006597	0.0005400592
2460918.701754151	1.0008715	0.0005401331
2460918.7031430635	0.9998109	0.0005399323
2460918.704531976	1.0004029	0.0005402777
2460918.705920888	1.0001762	0.00053994684
2460918.707309801	1.0005049	0.00054017326
2460918.708698713	0.99986184	0.00054004166
2460918.710087626	1.0004619	0.00053996634
2460918.7114765383	0.99893284	0.00053993973
2460918.712865451	1.0011966	0.000540193
2460918.714254363	1.0007261	0.00054040825
2460918.7156432755	1.0003111	0.0005402851
2460918.717032188	0.99974203	0.00054024137
2460918.7184211006	0.99961907	0.0005400886
2460918.7198100127	1.0008456	0.00054027035
2460918.7211989253	0.9997158	0.0005399631
2460918.722587838	1.0010817	0.0005403494
2460918.7239767504	0.9999964	0.000540145
2460918.725365663	0.9995947	0.0005400369
2460918.726754575	1.0000991	0.000540185
2460918.7281434876	0.99990034	0.00054009573
2460918.7295324	1.0003096	0.00054008176
2460918.7309213127	1.0004852	0.0005403597
2460918.732310225	1.000085	0.0005400798
2460918.7336991373	1.00028	0.00054029806
2460918.7350880494	1.0014434	0.0005404612
2460918.736476962	0.99969983	0.00054005
2460918.737865874	1.000612	0.0005402878
2460918.7392547866	0.99987966	0.0005399555
2460918.7406436987	0.9995799	0.00053987576
2460918.7420326113	1.0011604	0.000540249
2460918.743421524	1.0009414	0.0005402138
2460918.744810436	1.0013868	0.0005401454
2460918.7461993485	0.9992948	0.0005398904
2460918.7475882606	1.0004895	0.00054031063
2460918.748977173	1.0003568	0.0005399822
2460918.750366085	1.0001478	0.0005400781
2460918.7517549978	1.000278	0.00054021255
2460918.75314391	1.000153	0.000540056
2460918.7545328224	0.9997369	0.0005399908
2460918.7559217345	1.0015571	0.0005403401
2460918.757310647	1.0005332	0.0005400879
2460918.758699559	1.0002773	0.0005401846
2460918.7600884717	1.001137	0.0005403722
2460918.761477384	1.0006533	0.0005400883
2460918.762866296	1.0000635	0.0005399956
2460918.764255208	1.0000055	0.00054008444
2460918.7656441205	1.000586	0.00054020947
2460918.7670330326	0.9998306	0.00053991197
2460918.768421945	1.0010483	0.00054019614
2460918.7698108573	0.99993277	0.00054007716
2460918.7711997693	1.0006292	0.0005401881
2460918.7725886814	1.0000398	0.00053996494
2460918.773977594	0.9999041	0.00054022536
2460918.775366506	1.0004427	0.00054017396
2460918.776755418	1.0003494	0.00054015795
2460918.7781443303	1.0013341	0.0005402967
2460918.779533243	1.0000367	0.0005401509
2460918.780922155	1.0003492	0.00054006797
2460918.782311067	1.0014163	0.000540392
2460918.7836999795	1.0002611	0.0005401546
2460918.785088891	1.0013356	0.00054022984
2460918.7864778037	1.0005206	0.00054007093
2460918.787866716	1.0006213	0.0005402242
2460918.789255628	1.0008163	0.00054025045
2460918.79064454	1.0001624	0.000540144
2460918.792033452	1.0006144	0.0005400079
2460918.793422364	1.0002373	0.0005400844
2460918.7948112767	1.0008372	0.00054028997
2460918.7962001883	0.9999069	0.00054009573
2460918.797589101	1.0003504	0.00054014154
2460918.798978013	1.0006032	0.0005401849
2460918.800366925	1.0004234	0.00054016814
2460918.801755837	1.0007588	0.00054038456
2460918.8031447493	1.000285	0.00054020155
2460918.8045336613	1.0006692	0.0005403506
2460918.8059225734	1.0003458	0.0005400309
2460918.8073114855	1.0004141	0.0005400609
2460918.8087003976	0.9994734	0.0005398039
2460918.8100893092	1.0002153	0.00054011954
2460918.811478222	0.99960375	0.000540045
2460918.812867134	1.0007545	0.0005400767
2460918.8142560455	0.9982607	0.00053960306
2460918.815644958	1.0007024	0.0005401053
2460918.8170338697	1.0003793	0.00054004585
2460918.818422782	1.0001962	0.0005401509
2460918.819811694	0.99935025	0.0005399047
2460918.821200606	1.0007876	0.0005402043
2460918.822589518	0.9999951	0.00053994736
2460918.82397843	0.99978894	0.00054016226
2460918.8253673417	1.0007353	0.0005400598
2460918.826756254	1.0008688	0.0005400355
2460918.828145166	1.000325	0.0005399859
2460918.829534078	1.0013677	0.0005403185
2460918.8309229896	1.0007443	0.0005399899
2460918.8323119017	1.0002283	0.0005399639
2460918.833700814	1.0008816	0.00054023095
2460918.835089726	1.0004976	0.0005401193
2460918.8364786375	1.0000454	0.00054002105
2460918.8378675496	1.0004612	0.00054010487
2460918.8392564617	1.0005531	0.00054008525
2460918.840645374	0.99991155	0.0005400756
2460918.842034286	1.0005509	0.00054038875
2460918.8434231975	0.9997027	0.0005400849
2460918.8448121096	0.99998105	0.0005401618
2460918.846201021	1.0001291	0.00054029864
2460918.8475899333	1.0004534	0.0005402149
2460918.848978845	1.0007674	0.0005401804
2460918.850367757	0.9998385	0.0005399552
2460918.851756669	1.0007586	0.00054003065
2460918.8531455807	1.0000492	0.0005399478
2460918.854534493	1.0003203	0.000540108
2460918.8559234045	0.99950075	0.00053992186
2460918.8573123165	1.0005436	0.000540228
2460918.858701228	1.0014482	0.0005405102
2460918.8600901403	1.0003598	0.00054012914
2460918.861479052	1.0004029	0.00054002483
2460918.862867964	1.0001816	0.0005401409
2460918.8642568756	1.0008796	0.00054003636
2460918.8656457877	1.0000213	0.00054006523
2460918.8670346993	1.00119	0.00054024806
2460918.868423611	1.0005137	0.0005400067
2460918.869812523	0.9992021	0.00053984096
2460918.871201435	0.9994088	0.0005399334
2460918.8725903467	0.99946487	0.0005398896
2460918.8739792584	1.0000421	0.0005401241
2460918.8753681704	0.99994206	0.0005399928
2460918.876757082	1.0007641	0.0005404016
2460918.8781459937	1.0000604	0.0005403121
2460919.062871209	1.000145	0.00054013514
2460919.06426012	0.99940157	0.0005400814
2460919.065649031	1.0001361	0.0005401959
2460919.067037942	1.0001296	0.0005401738
2460919.068426853	1.000403	0.00054012064
2460919.0698157637	0.9999698	0.0005400939
2460919.071204675	0.9990473	0.0005397805
2460919.0725935856	0.99990356	0.0005401044
2460919.0739824967	0.99957836	0.0005401806
2460919.0753714074	1.0003719	0.00054007885
2460919.0767603186	0.9999499	0.0005401663
2460919.0781492293	0.99969065	0.00054007734
2460919.0795381404	0.9995366	0.000540135
2460919.0809270516	1.000593	0.00054019014
2460919.0823159623	0.9999705	0.00053993164
2460919.0837048735	0.99946874	0.00054000376
2460919.085093784	0.99975055	0.00054004596
2460919.0864826953	0.99909574	0.0005399681
2460919.087871606	1.0005062	0.0005401576
2460919.0892605167	0.99993616	0.00054003723
2460919.090649428	0.9995638	0.00054001785
2460919.0920383385	1.0006505	0.00054038083
2460919.093427249	0.99974173	0.00053996145
2460919.0948161604	0.9997661	0.0005400671
2460919.096205071	1.0004122	0.00054008723
2460919.0975939822	1.0004127	0.0005401769
2460919.098982893	0.99959683	0.00054004154
2460919.1003718036	0.999802	0.0005399648
2460919.1017607143	1.0000888	0.00054015155
2460919.1031496255	1.0004545	0.00054015574
2460919.104538536	1.0009608	0.0005401631
2460919.105927447	0.9998426	0.0005399799
2460919.1073163575	1.0003705	0.0005402909
2460919.1087052687	0.9998732	0.00053991174
2460919.1100941794	0.99987906	0.0005400564
2460919.11148309	0.9998992	0.0005399401
2460919.1128720012	1.000536	0.0005400751
2460919.114260912	1.0002052	0.00054024154
2460919.1156498226	0.9993241	0.00053987955
2460919.1170387333	1.0005931	0.000540197
2460919.118427644	1.0005763	0.00054014905
2460919.1198165547	1.0002499	0.00054015825
2460919.121205466	1.001867	0.00054031453
2460919.122594376	1.0007488	0.0005401041
2460919.1239832873	1.0007828	0.00054010074
2460919.125372198	1.0001303	0.0005402296
2460919.1267611086	1.0008719	0.0005404227
2460919.1281500193	1.0007398	0.0005402127
2460919.12953893	0.999241	0.0005401813
2460919.1309278407	1.000102	0.000540105
2460919.1323167514	0.9993496	0.0005400857
2460919.133705662	1.0006437	0.00054022635
2460919.135094573	1.0006013	0.00054001715
2460919.1364834835	1.0003589	0.0005400605
2460919.137872394	1.0004586	0.00054010603
2460919.139261305	0.9992782	0.00053995196
2460919.1406502156	1.000049	0.0005400005
2460919.1420391263	1.0003332	0.00054010795
2460919.143428037	1.0001992	0.0005401385
2460919.1448169476	0.9999031	0.00054003845
2460919.1462058583	1.0009006	0.00054031605
2460919.147594769	1.0001051	0.0005399752
2460919.1489836792	1.0007265	0.00054023607
2460919.15037259	0.9998196	0.00054005015
2460919.1517615006	1.0007027	0.0005402953
2460919.1531504113	1.0003701	0.0005401392
2460919.154539322	1.0004599	0.00054021366
2460919.1559282327	1.0011351	0.0005403239
2460919.157317143	1.0004517	0.0005402927
2460919.1587060536	1.0014653	0.00054039684
2460919.1600949643	1.0002263	0.00053995784
2460919.161483875	1.0003332	0.0005401124
2460919.1628727852	1.0004121	0.0005402062
2460919.164261696	0.999708	0.00054007856
2460919.1656506066	1.0002432	0.00054014503
2460919.167039517	0.99988	0.0005399526
2460919.1684284275	1.0006958	0.0005401888
2460919.169817338	1.0008938	0.00054014137
2460919.171206249	1.0009874	0.0005404252
2460919.172595159	0.99982166	0.00054021185
2460919.17398407	1.0010767	0.0005403024
2460919.17537298	1.0002391	0.00054015656
2460919.1767618908	1.0009196	0.0005402655
2460919.1781508015	1.0007828	0.0005403121
2460919.1795397117	1.0001519	0.0005401851
2460919.1809286224	1.000961	0.0005402543
2460919.182317533	1.0013252	0.0005401967
2460919.1837064433	0.999878	0.00054026325
2460919.185095354	1.000779	0.00054017827
2460919.186484264	0.9997052	0.0005400442
2460919.187873175	1.0000613	0.000540089
2460919.189262085	0.99976933	0.0005401463
2460919.190650996	0.9998701	0.00054016366
2460919.192039906	1.0007175	0.0005401995
2460919.1934288163	1.0001718	0.00054038083
2460919.194817727	1.0004308	0.0005400717
2460919.196206637	0.9999639	0.00054006494
2460919.1975955474	1.0007113	0.0005401887
2460919.198984458	0.9995212	0.000539958
2460919.200373369	1.0012966	0.0005403866
2460919.201762279	1.0005438	0.0005402227
2460919.2031511893	1.0010895	0.00054019934
2460919.2045401	0.99965584	0.00054000714
2460919.20592901	1.0004213	0.0005402119
2460919.2073179204	1.0007424	0.000540327
2460919.208706831	1.0016471	0.0005403466
2460919.2100957413	1.0000461	0.0005402524
2460919.2114846515	1.000147	0.0005399178
2460919.212873562	1.000801	0.000540123
2460919.2142624725	1.0007659	0.00054032676
2460919.2156513827	1.0008881	0.0005403629
2460919.217040293	1.0006337	0.0005402212
2460919.218429203	1.001191	0.00054028915
2460919.219818114	0.99990475	0.0005403654
2460919.221207024	1.0000098	0.00054011063
2460919.2225959343	0.9998826	0.00053990784
2460919.2239848445	1.0010805	0.00054025033
2460919.2253737547	0.999775	0.0005400178
2460919.226762665	1.0012189	0.0005403901
2460919.2281515757	1.0004498	0.0005401839
2460919.229540486	1.000296	0.00054019835
2460919.230929396	1.0007174	0.00054009934
2460919.2323183063	1.0001799	0.0005402155
2460919.2337072166	1.0009687	0.00054034765
2460919.235096127	0.99984056	0.0005400858
2460919.236485037	1.001067	0.000540519
2460919.2378739477	0.9997274	0.0005401332
2460919.2392628575	1.0018022	0.00054053747
2460919.240651768	1.0003965	0.00054023246
2460919.242040678	1.0005666	0.0005403298
2460919.2434295886	1.0005193	0.000540308
2460919.2448184984	1.0003967	0.00054015865
2460919.2462074086	1.0002048	0.0005404091
2460919.247596319	1.0005234	0.0005402363
2460919.248985229	1.0001578	0.0005400897
2460919.2503741393	0.99959683	0.00054020534
2460919.2517630495	1.0002598	0.0005402053
2460919.2531519597	0.99962205	0.00054015254
2460919.25454087	1.0005745	0.000540042
2460919.25592978	1.0005522	0.00054021116
2460919.2573186904	0.9998272	0.00054002774
2460919.2587076006	1.0007396	0.000540089
2460919.2600965104	0.9999648	0.00054009946
2460919.2614854206	1.0002615	0.0005401199
2460919.262874331	1.000879	0.0005403185
2460919.264263241	1.0013759	0.00054030004
2460919.2656521513	1.0006365	0.0005402686
2460919.2670410615	0.99997634	0.0005400964
2460919.2684299713	0.9997627	0.00053998915
2460919.2698188815	1.0001252	0.00054027815
2460919.2712077918	1.0005119	0.00054027035
2460919.272596702	1.0004033	0.00054015266
2460919.2739856117	1.0001678	0.0005402972
2460919.275374522	1.0000064	0.0005400063
2460919.2767634317	1.0001948	0.00054012926
2460919.278152342	0.9997255	0.00054040836
2460919.279541252	1.0006843	0.000540249
2460919.2809301624	1.0000693	0.0005402031
2460919.282319072	0.99962115	0.00053997745
2460919.2837079824	1.0009633	0.0005401882
2460919.285096892	1.0006444	0.00054025615
2460919.2864858024	1.0010631	0.0005401325
2460919.2878747126	0.99998677	0.0005403351
2460919.2892636224	1.0006063	0.0005401181
2460919.2906525326	1.0000685	0.00054020697
2460919.2920414424	1.0005691	0.0005402073
2460919.2934303526	0.9997398	0.0005398681
2460919.2948192623	1.0001575	0.00054014474
2460919.2962081726	1.0003833	0.0005402818
2460919.2975970823	1.0003223	0.000540237
2460919.2989859926	1.0003686	0.0005402283
2460919.3003749023	1.0007603	0.00054021244
2460919.3017638125	1.000114	0.00054002233
2460919.3031527223	1.0001417	0.00054005237
2460919.3045416325	0.99996436	0.00054008886
2460919.3059305423	1.0009234	0.00054017117
2460919.307319452	1.0002528	0.0005401203
2460919.3087083623	1.0007911	0.0005403458
2460919.310097272	1.0006026	0.00054027
2460919.311486182	1.0000899	0.0005401592
2460919.312875092	0.9997596	0.0005397982
2460919.314264002	0.9998209	0.00054011005
2460919.315652912	1.0000892	0.0005399386
2460919.317041822	1.0007485	0.00054039684
2460919.3184307315	1.0007538	0.00054036884
2460919.3198196418	0.99935305	0.00053985376
2460919.3212085515	1.0007646	0.0005403457
2460919.3225974613	1.0010353	0.0005402219
2460919.323986371	1.0013103	0.00054027524
2460919.3253752813	1.0008843	0.000540466
2460919.326764191	1.000243	0.000540136
2460919.328153101	1.0002674	0.0005400505
2460919.3295420106	1.0000304	0.00054003036
2460919.3309309203	1.0003731	0.0005400813
2460919.33231983	1.0014583	0.00054032926
2460919.3337087403	1.001313	0.00054015795
2460919.33509765	1.0010858	0.0005402506
2460919.33648656	1.0013167	0.0005403757
2460919.3378754696	0.99994415	0.0005400985
2460919.3392643793	1.0005451	0.0005402701
2460919.340653289	1.0006748	0.0005402747
2460919.342042199	1.0003605	0.0005402806
2460919.3434311086	1.0000755	0.0005402826
2460919.344820019	1.0003192	0.0005402086
2460919.346208928	1.0010817	0.00054011535
2460919.3475978384	1.0005502	0.00054025213
2460919.348986748	0.9994853	0.00054005295
2460919.350375658	1.000115	0.000540078
2460919.3517645677	1.0001131	0.00054028106
2460919.3531534774	1.0008627	0.0005402589
2460919.354542387	1.0003395	0.0005401228
2460919.3559312965	1.0012748	0.00054033817
2460919.3573202067	1.0007385	0.0005400602
2460919.358709116	1.0000224	0.0005401018
2460919.3600980258	1.0008621	0.0005402328
2460919.3614869355	1.0005378	0.0005401796
2460919.3628758453	0.9995893	0.00054003624
2460919.364264755	1.0010247	0.0005404113
2460919.365653665	1.0007589	0.0005403299
2460919.3670425746	1.0010353	0.0005402011
2460919.3684314843	1.0008618	0.0005403692
2460919.3698203936	1.000828	0.0005401386
2460919.3712093034	1.000329	0.00054027914
2460919.372598213	1.0012466	0.0005402391
2460919.373987123	1.0000991	0.00054010696
2460919.375376032	0.9997936	0.0005399252
2460919.376764942	1.0012716	0.00054021453
2460919.3781538517	0.9997902	0.0005400244
2460919.3795427615	1.0000917	0.00054029137
2460919.3809316712	1.0015564	0.00054056343
2460919.3823205805	0.9998424	0.0005400509
2460919.3837094903	0.9995746	0.000540031
2460919.3850984	1.0006965	0.0005402206
2460919.38648731	1.0002238	0.00054020993
2460919.387876219	1.0003685	0.0005401885
2460919.389265129	1.0005184	0.0005401584
2460919.390654038	1.0007977	0.0005403574
2460919.392042948	1.0010508	0.00054038246
2460919.393431857	1.0012324	0.0005403195
2460919.394820767	1.0011963	0.0005403639
2460919.3962096768	0.9993675	0.00054000085
2460919.397598586	1.0017673	0.0005403186
2460919.398987496	1.0013475	0.0005404265
2460919.400376405	1.0007315	0.00054020947
2460919.401765315	0.99917305	0.00053977716
2460919.403154224	1.0004414	0.00054017943
2460919.404543134	1.0008605	0.00054044765
2460919.4059320437	1.0002146	0.0005400971
2460919.407320953	0.9998429	0.0005399558
2460919.4087098623	0.99990875	0.0005400834
2460919.410098772	1.0006095	0.00054022425
2460919.4114876813	0.99970496	0.0005399159
2460919.412876591	1.0001731	0.0005401834
2460919.4142655004	0.9996624	0.00054000603
2460919.41565441	1.0004455	0.00054036616
2460919.4170433194	1.0007176	0.00054015766
2460919.418432229	0.9995355	0.00053987594
2460919.4198211385	0.9996274	0.00054019794
2460919.421210048	1.0004703	0.0005402296
2460919.422598957	0.9996722	0.00054014573
2460919.423987867	0.9998259	0.00054010336
2460919.425376776	0.9997499	0.00053992856
2460919.426765686	0.9999495	0.0005401851
2460919.428154595	1.0008347	0.0005401181
2460919.4295435045	0.9991288	0.0005397902
2460919.430932414	1.0001429	0.0005400795
2460919.4323213235	0.99928224	0.00053993275
2460919.433710233	0.99984896	0.000540072
2460919.435099142	0.99908984	0.0005397728
2460919.4364880514	0.9999858	0.0005402859
2460919.4378769607	0.99978215	0.0005401924
2460919.4392658705	0.9995613	0.00054009043
2460919.44065478	1.000025	0.00054001063
2460919.442043689	1.0005987	0.00054027577
2460919.4434325984	1.0004109	0.0005401476
2460919.4448215077	1.0003961	0.00054025475
2460919.446210417	0.99946696	0.0005399868
2460919.4475993267	0.9997357	0.00054021453
2460919.448988236	0.99973035	0.00054008694
2460919.4503771453	0.99894434	0.0005398915
2460919.4517660546	0.9990317	0.0005398375
2460919.453154964	0.99920684	0.00054003263
2460919.454543873	0.99993324	0.0005402317
2460919.4559327825	0.99932736	0.0005401116
2460919.457321692	1.0005591	0.00054020004
2460919.458710601	0.998816	0.00053993356
2460919.4600995104	0.99972427	0.000539991
2460919.4614884197	0.9999134	0.00054005365
2460919.462877329	0.99930817	0.0005399008
2460919.4642662383	1.0004002	0.00054014276
2460919.4656551476	0.9996422	0.0005399961
2460919.467044057	0.999668	0.0005400415
2460919.468432966	0.9993138	0.00054000923
2460919.4698218754	1.0006071	0.0005401328
2460919.4712107847	0.99905956	0.0005398466
2460919.4725996936	0.9989712	0.00053976517
2460919.4739886033	0.99975145	0.00054031785
2460919.475377512	1.0005955	0.0005401124
2460919.4767664215	0.9992917	0.00053987623
2460919.4781553308	0.9989674	0.0005397918
2460919.47954424	0.99960166	0.0005399818
2460919.480933149	0.99903375	0.000540034
2460919.482322058	1.0001597	0.000540124
2460919.4837109675	0.9999634	0.000540412
2460919.4850998768	1.0001692	0.0005402287
2460919.486488786	1.0003169	0.00054010755
2460919.4878776954	0.99951696	0.0005399739
2460919.489266604	0.99924254	0.0005403377
2460919.4906555135	1.0002346	0.0005400331
2460919.4920444223	0.99990237	0.00053988607
2460919.4934333316	1.0000029	0.00054023747
2460919.494822241	1.0011543	0.0005404224
2460919.49621115	1.0003669	0.000540206
2460919.4976000595	1.0009341	0.00054029084
2460919.4989889683	0.99980557	0.0005401613
2460919.5003778776	1.0003669	0.0005402801
2460919.5017667864	0.9998358	0.00054000894
2460919.5031556957	1.0001816	0.0005403572
2460919.5045446046	1.0004776	0.0005402873
2460919.505933514	0.9994236	0.00054000557
2460919.507322423	1.000292	0.00054002635
2460919.508711332	0.99952525	0.0005399768
2460919.5101002413	1.0005075	0.00054011156
2460919.51148915	1.0007477	0.00054023985
2460919.5128780594	1.000153	0.00054016366
2460919.5142669682	1.0012208	0.00054039626
2460919.5156558775	1.000049	0.00054013514
2460919.5170447864	1.0003852	0.00054014707
2460919.5184336957	1.0001378	0.00054012635
2460919.5198226045	1.0004896	0.0005403474
2460919.521211514	1.0006486	0.0005403069
2460919.5226004226	1.0004128	0.0005405474
2460919.5239893314	1.0000353	0.0005399701
2460919.5253782407	0.9999581	0.00053999585
2460919.52676715	1.0005311	0.00054035307
2460919.528156059	0.9998908	0.00054010825
2460919.5295449677	0.9989881	0.00054003985
2460919.530933877	1.0003405	0.0005403874
2460919.532322786	1.000068	0.000540034
2460919.5337116946	1.0001367	0.0005401115
2460919.535100604	1.0013769	0.00054036104
2460919.536489513	1.0007378	0.0005401182
2460919.5378784216	1.0011094	0.0005406742
2460919.5392673304	1.0001009	0.0005399613
2460919.5406562397	1.0002743	0.00054022047
2460919.5420451486	1.0006793	0.00054028106
2460919.5434340574	0.9998191	0.00054020196
2460919.544822966	1.0001825	0.00054038316
2460919.5462118755	1.0007406	0.00054006744
2460919.5476007843	0.99984485	0.00053997687
2460919.548989693	0.9994292	0.0005402087
2460919.550378602	1.0005447	0.0005403437
2460919.5517675113	0.99996257	0.000539993
2460919.5531564197	1.0009965	0.00054017885
2460919.554545329	1.0010093	0.0005403978
2460919.555934238	1.000711	0.0005402227
2460919.5573231466	0.9996025	0.0005400641
2460919.5587120554	1.0003958	0.00054006965
2460919.5601009643	1.0012456	0.0005404777
2460919.5614898736	0.99959874	0.0005401849
2460919.562878782	1.0004128	0.0005402854
2460919.564267691	1.0003024	0.00054012303
2460919.5656566	1.0002403	0.0005405105
2460919.567045509	1.0005	0.0005402953
2460919.5684344177	0.9998615	0.00054028106
2460919.5698233265	1.0008343	0.0005402346
2460919.5712122354	1.0000201	0.0005400792
2460919.572601144	0.9995406	0.000540307
2460919.573990053	0.9999398	0.000540533
2460919.575378962	1.0012512	0.0005403601
2460919.57676787	0.9996477	0.00054014125
2460919.5781567795	0.99986994	0.00054030464
2460919.579545688	1.0002677	0.0005402915
2460919.580934597	1.0003402	0.0005404027
2460919.5823235055	1.0004704	0.00054011587
2460919.5837124144	1.0002438	0.00054020516
2460919.585101323	1.0005234	0.0005401962
2460919.586490232	1.0008942	0.00054028287
2460919.587879141	0.99939585	0.00054012076
2460919.5892680497	1.0007591	0.00054034876
2460919.5906569585	1.0001167	0.00054026156
2460919.592045867	1.0007311	0.00054022897
2460919.5934347757	0.9999172	0.0005399888
2460919.5948236845	0.9992404	0.0005399767
2460919.5962125934	1.0012257	0.00054033485
2460919.5976015017	1.0000048	0.0005401892
2460919.5989904106	1.0000252	0.00054007873
2460919.6003793194	1.0001713	0.0005400478
2460919.601768228	0.9996044	0.0005400074
2460919.6031571366	1.0007583	0.0005402442
2460919.6045460454	1.0001094	0.0005400142
2460919.6059349542	1.0002325	0.00054010784
2460919.607323863	0.99961025	0.00054025836
2460919.6087127714	1.0005594	0.00054018275
2460919.6101016803	1.0001339	0.0005399486
2460919.6114905886	1.0002577	0.00054017734
2460919.6128794975	1.0002882	0.0005402198
2460919.6142684063	0.9994946	0.00054000726
2460919.615657315	0.99947554	0.0005402053
2460919.6170462235	0.99876064	0.0005400263
2460919.6184351323	1.0007674	0.0005403493
2460919.619824041	1.0005064	0.00054028514
2460919.6212129495	1.0009837	0.000540319
2460919.6226018583	1.0000705	0.00054034725
2460919.6239907667	1.0003829	0.00054010464
2460919.6253796755	1.0003936	0.0005399673
2460919.626768584	1.0011237	0.0005404633
2460919.6281574927	0.9997736	0.00054008316
2460919.629546401	1.000648	0.0005401526
2460919.63093531	1.0006607	0.0005401388
2460919.6323242183	1.0010959	0.0005403761
2460919.633713127	1.0013913	0.00054039335
2460919.6351020355	0.9996752	0.0005400916
2460919.636490944	1.0000967	0.000540054
2460919.6378798527	1.0002892	0.0005401804
2460919.639268761	1.0001311	0.00054006546
2460919.6406576694	1.0005755	0.000540308
2460919.642046578	1.0006586	0.0005403643
2460919.6434354866	1.0004269	0.00054017594
2460919.6448243954	1.0000077	0.0005400482
2460919.646213304	0.9996716	0.0005401446
2460919.647602212	0.99993366	0.0005401498
2460919.648991121	0.99987346	0.0005401772
2460919.6503800293	1.0001563	0.00054006977
2460919.651768938	0.99959725	0.00053994026
2460919.6531578465	0.99944955	0.00054014387
2460919.654546755	1.0004714	0.0005402638
2460919.6559356633	1.0000623	0.00054004067
2460919.657324572	1.0002736	0.00054001977
2460919.6587134805	1.0008439	0.00054041995
2460919.660102389	1.0013692	0.00054053206
2460919.661491297	1.000118	0.000539971
2460919.662880206	0.99966055	0.00054011925
2460919.664269114	1.000516	0.0005401732
2460919.6656580227	1.0001639	0.0005400282
2460919.667046931	1.0000336	0.0005401498
2460919.6684358395	0.9999267	0.0005400795
2460919.669824748	0.9996805	0.0005399632
2460919.671213656	1.0009086	0.0005401972
2460919.6726025646	1.0005774	0.0005402877
2460919.6739914734	1.0010465	0.0005401592
2460919.6753803818	1.0006794	0.00054019823
2460919.67676929	1.0005515	0.00054025673
2460919.6781581985	0.99960124	0.00054004684
2460919.679547107	1.0004659	0.0005400657
2460919.680936015	0.9995465	0.00054012577
2460919.6823249236	1.0004728	0.00054018456
2460919.683713832	0.99995786	0.0005401534
2460919.6851027403	1.0000653	0.0005399959
2460919.6864916487	0.9983743	0.00053986674
2460919.687880557	1.0002898	0.0005401997
2460919.6892694654	1.0001858	0.0005403055
2460919.6906583738	1.0000229	0.00054029195
2460919.692047282	1.0006893	0.0005402973
2460919.6934361905	1.0005122	0.000540256
2460919.694825099	1.0011125	0.0005403896
2460919.696214007	1.0007318	0.00054027117
2460919.6976029156	0.9998437	0.000540235
2460919.698991824	0.9996038	0.000539971
2460919.7003807323	0.9998922	0.00054004986
2460919.70176964	1.0009146	0.0005402138
2460919.7031585486	1.0004203	0.00054027006
2460919.7045474574	1.0000795	0.00054009975
2460919.7059363653	0.9998386	0.0005402203
2460919.7073252737	0.9998653	0.00054050557
2460919.708714182	1.0009085	0.00054015144
2460919.7101030904	1.0002466	0.0005400557
2460919.7114919983	1.0009748	0.0005404287
2460919.7128809066	0.9998336	0.0005402749
2460919.714269815	1.0002967	0.0005401234
2460919.7156587234	0.9984387	0.000539847
2460919.7170476313	1.0007166	0.00054020854
2460919.7184365396	0.9995346	0.0005400125
2460919.719825448	1.0007026	0.0005402428
2460919.7212143564	0.9999473	0.0005400879
2460919.7226032643	0.9991071	0.00054003275
2460919.7239921726	0.999837	0.0005401231
2460919.725381081	1.0002898	0.000540184
2460919.7267699894	1.00053	0.00054020464
2460919.7281588973	1.0002837	0.00054007303
2460919.7295478056	1.0003891	0.0005402507
2460919.7309367135	0.9991442	0.0005400145
2460919.732325622	0.99931324	0.0005400329
2460919.7337145302	1.0005221	0.00054023607
2460919.735103438	0.9994153	0.0005399031
2460919.7364923465	1.0012372	0.0005403225
2460919.737881255	0.9999625	0.00054004195
2460919.739270163	1.0008997	0.0005402267
2460919.740659071	0.9998344	0.0005401488
2460919.742047979	1.0000705	0.0005401263
2460919.7434368874	1.0003916	0.00054030307
2460919.7448257958	1.0003736	0.00054032914
2460919.7462147037	1.0002596	0.0005401666
2460919.747603612	0.999926	0.00053994625
2460919.74899252	1.0001882	0.00054013496
2460919.750381428	1.0012821	0.00054044224
2460919.751770336	0.99965703	0.00053989555
2460919.753159244	1.0005125	0.0005404372
2460919.7545481524	0.99958265	0.0005400554
2460919.7559370603	0.9997756	0.00054005784
2460919.7573259682	0.9997691	0.0005400499
2460919.7587148766	0.9992254	0.0005399054
2460919.7601037845	0.9998024	0.00053999346
2460919.761492693	0.9997855	0.0005399491
2460919.7628816008	1.0003736	0.0005402604
2460919.764270509	0.99957645	0.00053984567
2460919.765659417	1.0001311	0.00054017454
2460919.767048325	1.0003378	0.0005401726
2460919.7684372333	1.0005044	0.00054011884
2460919.769826141	0.9992448	0.00054007163
2460919.7712150495	1.0008489	0.0005402873
2460919.7726039574	0.9991765	0.00053992
2460919.7739928653	1.0000889	0.00053994823
2460919.7753817732	1.0003603	0.00054021465
2460919.7767706816	1.0000513	0.0005400777
2460919.7781595895	0.99982476	0.0005401764
2460919.7795484974	0.9995724	0.00053997646
2460919.7809374053	1.0001	0.00054014847
2460919.7823263137	0.99958056	0.0005400166
2460919.7837152216	1.0001351	0.0005401131
2460919.7851041295	0.9994255	0.0005400918
2460919.7864930374	0.9998574	0.00054026
2460919.7878819453	1.0008799	0.0005403184
2460919.789270853	0.9995242	0.0005399291
2460919.7906597615	1.0007368	0.0005402898
2460919.7920486694	0.99996567	0.00054017303
2460919.7934375773	1.0000814	0.0005400836
2460919.794826485	0.99950594	0.00054023956
2460919.796215393	1.0000883	0.0005401869
2460919.7976043015	1.0001336	0.00054015295
2460919.798993209	1.0003983	0.0005403122
2460919.8003821173	0.99907905	0.00053994625
2460919.801771025	1.0001179	0.00054025336
2460919.803159933	1.0001094	0.00054012163
2460919.804548841	1.0001473	0.0005399323
2460919.805937749	0.9999927	0.00054003636
2460919.8073266568	0.9997081	0.00054015877
2460919.8087155647	0.9996354	0.0005401042
2460919.8101044726	0.9993675	0.0005400286
2460919.8114933805	0.9999915	0.00054018426
2460919.8128822884	0.999656	0.0005400224
2460919.8142711963	0.9995796	0.0005400129
2460919.815660104	1.0002416	0.00054004486
2460919.817049012	1.0006777	0.00054008915
2460919.81843792	1.000801	0.0005403731
2460919.819826828	0.99905133	0.00053984707
2460920.004551534	1.000469	0.00054043456
2460920.005940441	0.9998158	0.0005402262
2460920.0073293485	0.9997572	0.0005400932
2460920.0087182554	1.0008005	0.0005405213
2460920.010107163	0.9996831	0.00054022355
2460920.0114960703	1.0002207	0.0005401585
2460920.0128849777	1.0002594	0.00054022856
2460920.0142738847	0.9995117	0.00054015045
2460920.015662792	1.0004107	0.0005399766
2460920.017051699	0.9999777	0.00054052036
2460920.0184406065	0.99899036	0.0005399693
2460920.0198295135	1.0002187	0.00054022466
2460920.021218421	1.0001651	0.0005403932
2460920.0226073284	1.0000623	0.00054039876
2460920.0239962353	0.99952996	0.0005400602
2460920.025385143	1.000257	0.00054027984
2460920.0267740497	1.0006071	0.00054043386
2460920.028162957	1.0004841	0.00054010114
2460920.0295518646	1.0006189	0.0005403864
2460920.0309407716	0.9999308	0.0005401191
2460920.032329679	0.99939716	0.0005402682
2460920.033718586	0.9998766	0.0005404096
2460920.0351074934	0.9998626	0.00054028135
2460920.0364964004	1.0010607	0.00054064067
2460920.037885308	0.9991716	0.0005400739
2460920.0392742148	1.0009125	0.000540667
2460920.040663122	0.99960506	0.0005404214
2460920.042052029	0.9992633	0.0005403767
2460920.0434409366	0.99975336	0.0005405419
2460920.0448298436	0.99997944	0.0005407694
2460920.0462187505	0.9991647	0.0005404799
2460920.047607658	0.99949414	0.0005405598
2460920.048996565	0.99947166	0.00054081396
2460920.0503854724	0.9992364	0.0005406593
2460920.0517743793	0.9993084	0.00054075016
2460920.0531632868	0.9996192	0.0005409413
2460920.0545521937	0.9993858	0.000541049
2460920.055941101	0.9993147	0.0005410825
2460920.057330008	0.99964625	0.0005413365
2460920.058718915	0.99933165	0.00054118165
2460920.0601078225	1.0000535	0.0005415379
2460920.0614967295	0.99852943	0.0005413652
2460920.062885637	0.9999087	0.00054170506
2460920.064274544	0.9987753	0.0005418418
2460920.065663451	1.0006415	0.0005421652
2460920.0670523583	0.99968976	0.0005420981
2460920.0684412653	1.0000653	0.00054221996
2460920.069830172	1.0000516	0.0005423833
2460920.0712190797	0.9992569	0.0005424689
2460920.0726079866	0.9996712	0.00054285204
2460920.0739968936	1.0005466	0.0005429418
2460920.0753858006	0.9999308	0.0005429667
2460920.076774708	1.0003287	0.0005431861
2460920.078163615	0.9997738	0.0005433936
2460920.0795525224	1.0010136	0.00054366054
2460920.0809414294	0.9997485	0.000543722
2460920.0823303363	0.9997851	0.0005439276
2460920.0837192433	0.9996712	0.0005439811
2460920.0851081507	1.0002995	0.00054434064
2460920.0864970577	1.0004895	0.0005444479
2460920.0878859647	0.99959844	0.0005445495
2460920.0892748716	0.99994785	0.00054478314
2460920.090663779	1.0004668	0.00054512615
2460920.092052686	1.0009148	0.00054556254
2460920.093441593	0.9994097	0.0005452438
2460920.0948305	1.0002187	0.0005457668
2460920.096219407	0.9998329	0.00054579554
2460920.0976083144	0.9998219	0.0005460452
2460920.0989972213	0.9996264	0.00054627645
2460920.1003861283	1.001391	0.00054707186
2460920.1017750353	0.9996974	0.00054665277
2460920.1031639427	0.99990904	0.0005468234
2460920.104552849	1.0003256	0.0005473419
2460920.1059417566	1.0008322	0.0005474016
2460920.1073306636	1.0000166	0.00054765283
2460920.1087195706	0.99899054	0.0005476895
2460920.1101084775	1.0012044	0.0005481652
2460920.1114973845	0.99966425	0.00054789527
2460920.1128862915	1.0001104	0.0005481392
2460920.114275199	1.0007963	0.00054843246
2460920.115664106	1.0002476	0.000548426
2460920.117053013	1.0003023	0.0005488282
2460920.11844192	0.99957556	0.0005486476
2460920.1198308268	1.0003979	0.00054917525
2460920.1212197337	1.0003923	0.0005493374
2460920.1226086407	1.0003926	0.0005495081
2460920.123997548	0.99958724	0.000549582
2460920.1253864546	0.9998564	0.0005497071
2460920.126775362	1.0001233	0.00054992276
2460920.128164269	1.000434	0.00055019284
2460920.129553176	0.9999022	0.00055057317
2460920.130942083	1.000603	0.000550472
2460920.13233099	0.9993905	0.0005507872
2460920.133719897	0.9998335	0.0005508217
2460920.135108804	1.0004232	0.00055122975
2460920.136497711	1.0008253	0.0005514274
2460920.137886618	1.0011069	0.000551855
2460920.1392755248	1.0004328	0.0005515544
2460920.1406644317	1.0004486	0.0005518174
2460920.1420533387	0.99961936	0.000551954
2460920.1434422457	0.9994098	0.0005522508
2460920.1448311526	0.9992845	0.00055251044
2460920.1462200596	1.0013366	0.0005528598
2460920.1476089666	1.0001733	0.00055268477
2460920.1489978735	0.9997502	0.000552895
2460920.1503867805	1.0003	0.00055310247
2460920.1517756875	0.9996177	0.00055335846
2460920.1531645944	1.0001899	0.00055350095
2460920.1545535014	1.0001099	0.000553443
2460920.1559424084	1.0001739	0.0005538725
2460920.1573313153	1.0007164	0.00055425847
2460920.1587202223	1.0001255	0.0005542033
2460920.1601091293	1.0001198	0.00055486744
2460920.1614980362	0.9992227	0.000554473
2460920.162886943	0.99930066	0.00055484544
2460920.16427585	0.9989724	0.00055460946
2460920.1656647567	0.9994288	0.0005551842
2460920.167053664	1.0006491	0.00055545353
2460920.1684425706	0.99942386	0.0005551681
2460920.1698314776	1.0000024	0.0005555785
2460920.1712203845	1.0000079	0.00055584905
2460920.1726092915	1.0003854	0.0005561751
2460920.1739981985	0.9998383	0.0005561759
2460920.1753871054	1.0001743	0.00055644696
2460920.1767760124	1.000029	0.00055687205
2460920.1781649194	0.9997546	0.00055679446
2460920.1795538263	0.9993615	0.0005569677
2460920.1809427333	1.0004209	0.0005571997
2460920.1823316403	0.9999831	0.00055744726
2460920.183720547	1.0002387	0.0005577251
2460920.1851094537	1.0003066	0.000558008
2460920.1864983607	0.9995144	0.0005579144
2460920.1878872677	1.0008111	0.00055842014
2460920.1892761746	0.9995812	0.0005583355
2460920.1906650816	1.0001853	0.00055825233
2460920.192053988	0.99952537	0.0005586404
2460920.1934428955	1.0007619	0.00055906357
2460920.194831802	0.9999598	0.00055913714
2460920.196220709	0.9999779	0.00055936095
2460920.197609616	1.0000019	0.00055960787
2460920.198998523	1.000212	0.0005598349
2460920.2003874294	0.9993452	0.0005598749
2460920.2017763364	0.99926054	0.00056011777
2460920.2031652434	0.999551	0.000560478
2460920.2045541503	0.99918	0.00056062493
2460920.2059430573	0.99902517	0.00056082354
2460920.2073319643	1.000409	0.0005610041
2460920.208720871	0.9997524	0.00056113943
2460920.2101097777	0.99940187	0.0005614588
2460920.2114986847	1.0008814	0.0005619834
2460920.2128875917	0.9999578	0.00056208286
2460920.2142764986	0.99946195	0.00056208315
2460920.215665405	0.99890643	0.0005620316
2460920.217054312	1.0008715	0.0005625161
2460920.218443219	0.9997914	0.0005627067
2460920.219832126	0.9993994	0.0005628373
2460920.2212210326	1.000257	0.00056322676
2460920.2226099395	0.9991218	0.0005631081
2460920.2239988465	0.99959165	0.0005635368
2460920.2253877535	0.9993237	0.0005637095
2460920.22677666	0.9993311	0.0005637981
2460920.228165567	0.99976456	0.0005640551
2460920.229554474	0.99880683	0.0005644718
2460920.230943381	0.9991702	0.0005645164
2460920.2323322874	0.99986374	0.0005648477
2460920.2337211943	0.9998024	0.000565107
2460920.2351101013	0.99964005	0.0005652422
2460920.2364990083	1.0000217	0.00056554755
2460920.2378879148	0.998975	0.0005656827
2460920.2392768217	0.99967283	0.00056596525
2460920.2406657287	0.999687	0.0005662811
2460920.2420546357	1.0000075	0.0005664267
2460920.2434435426	1.0008309	0.00056688854
2460920.244832449	0.99945533	0.0005670465
2460920.246221356	0.99978197	0.0005673563
2460920.247610263	1.0000492	0.0005672241
2460920.2489991696	1.0001284	0.0005678778
2460920.2503880765	0.9990005	0.00056763197
2460920.2517769835	0.9989177	0.00056784815
2460920.25316589	1.0003264	0.00056841556
2460920.254554797	0.9997485	0.00056834944
2460920.255943704	0.99877036	0.00056860584
2460920.257332611	0.99929714	0.0005691225
2460920.2587215174	0.9992385	0.0005693727
2460920.2601104244	1.0000801	0.00056954677
2460920.261499331	1.0000191	0.0005699917
2460920.262888238	0.99946445	0.00057026383
2460920.264277145	0.9992452	0.00057025166
2460920.265666052	0.999678	0.0005708398
2460920.2670549583	0.9998264	0.0005711315
2460920.2684438652	0.9989704	0.0005710817
2460920.269832772	0.9986449	0.0005712916
2460920.2712216787	0.99992317	0.00057190703
2460920.2726105857	0.99975175	0.0005721946
2460920.2739994926	0.9994796	0.00057239603
2460920.2753883996	0.99948895	0.0005726264
2460920.276777306	0.9987858	0.0005727783
2460920.278166213	0.9993631	0.0005730727
2460920.2795551196	0.99950796	0.0005734103
2460920.2809440265	0.9992885	0.00057339633
2460920.2823329335	0.9999864	0.00057411165
2460920.2837218405	0.9999136	0.00057429733
2460920.285110747	1.0006624	0.0005745891
2460920.286499654	0.9995896	0.0005745668
2460920.2878885604	1.00041	0.00057516235
2460920.2892774674	0.9997903	0.000575258
2460920.2906663744	1.0003264	0.00057561876
2460920.292055281	0.9993657	0.0005757764
2460920.293444188	0.998955	0.0005761036
2460920.294833095	0.99906385	0.000576221
2460920.2962220013	0.99868613	0.0005766812
2460920.2976109083	0.9998967	0.00057669147
2460920.2989998152	0.9990802	0.0005772211
2460920.3003887217	0.99940675	0.000577779
2460920.3017776287	0.99985	0.00057777355
2460920.3031665357	0.9982846	0.0005777284
2460920.304555442	0.999657	0.00057824305
2460922.3837560047	0.9997731	0.0005765702
2460922.385144921	0.9995176	0.0005763728
2460922.386533837	0.99843943	0.0005760722
2460922.3879227526	0.99847484	0.0005758151
2460922.3893116685	0.99926883	0.00057596416
2460922.3907005843	0.9994125	0.00057572854
2460922.3920895006	0.9996503	0.00057555945
2460922.393478416	0.99934447	0.0005750844
2460922.394867332	0.9986898	0.0005749312
2460922.396256248	0.99927545	0.0005748412
2460922.397645164	1.0000682	0.00057478715
2460922.39903408	0.99964815	0.0005744799
2460922.4004229954	1.0001286	0.00057420717
2460922.4018119117	0.99939835	0.0005742322
2460922.4032008275	0.9992816	0.0005738769
2460922.4045897434	0.9997772	0.000573691
2460922.4059786596	0.9998335	0.00057349144
2460922.4073675754	0.9982802	0.0005731521
2460922.4087564913	1.0002915	0.0005730481
2460922.410145407	0.99983543	0.00057286536
2460922.411534323	0.99991	0.0005729302
2460922.4129232387	0.99879706	0.0005724214
2460922.414312155	0.9984854	0.0005721265
2460922.415701071	0.99876606	0.0005720407
2460922.4170899866	0.9991361	0.00057205325
2460922.418478903	1.0000031	0.000571852
2460922.4198678182	0.9995444	0.000571663
2460922.4212567345	0.9998408	0.00057125435
2460922.4226456503	0.9995289	0.00057132484
2460922.424034566	0.99825	0.0005707895
2460922.4254234824	0.9993331	0.0005708073
2460922.4268123982	0.9996045	0.0005707848
2460922.428201314	0.99935234	0.0005705087
2460922.42959023	0.998848	0.00057024456
2460922.430979146	0.99911016	0.00056993274
2460922.432368062	0.9990332	0.0005699175
2460922.433756978	0.99975055	0.0005697682
2460922.435145894	0.99908155	0.00056950597
2460922.43653481	0.99976146	0.00056951644
2460922.4379237257	0.9989189	0.0005690334
2460922.4393126415	0.9995459	0.0005690349
2460922.4407015573	0.9993974	0.0005689864
2460922.4420904736	0.99981016	0.00056893
2460922.4434793894	0.99985814	0.00056892016
2460922.444868305	1.0001591	0.0005686264
2460922.446257221	1.0003127	0.0005685546
2460922.4476461373	0.9992263	0.00056834123
2460922.449035053	0.999669	0.0005682598
2460922.4504239694	0.99995446	0.00056808715
2460922.4518128852	1.0000249	0.00056776835
2460922.453201801	1.0004447	0.0005677943
2460922.4545907173	0.9999357	0.0005676781
2460922.455979633	0.99975735	0.0005673244
2460922.457368549	0.99972624	0.0005670278
2460922.4587574652	1.0002141	0.00056714605
2460922.460146381	0.9989816	0.0005668324
2460922.461535297	0.99920344	0.0005667097
2460922.4629242127	0.9994543	0.000566559
2460922.464313129	0.9999905	0.00056651275
2460922.465702045	1.000235	0.0005664391
2460922.4670909606	0.99895316	0.0005661141
2460922.468479877	0.9993691	0.00056589715
2460922.4698687927	0.99940443	0.0005657398
2460922.4712577085	0.9994824	0.000565673
2460922.4726466243	0.9994298	0.0005654481
2460922.4740355406	1.0009301	0.0005656037
2460922.4754244564	0.9996238	0.0005652194
2460922.4768133727	1.0004194	0.000565172
2460922.4782022885	1.0005546	0.0005652295
2460922.4795912043	1.000405	0.00056516833
2460922.4809801206	0.99866855	0.000564725
2460922.4823690364	0.999737	0.00056439795
2460922.483757952	0.99967283	0.0005644177
2460922.485146868	1.0002441	0.00056432234
2460922.4865357843	1.0003823	0.00056437775
2460922.4879247006	0.9995783	0.0005638803
2460922.4893136164	0.99976504	0.00056396774
2460922.490702532	0.9997439	0.0005636181
2460922.492091448	0.9996243	0.00056365004
2460922.4934803643	0.9996951	0.0005634226
2460922.49486928	0.9992483	0.00056332926
2460922.4962581964	0.9996719	0.00056325214
2460922.4976471122	0.99973387	0.00056307844
2460922.499036028	0.99893063	0.0005630454
2460922.5004249443	0.9996963	0.00056277344
2460922.50181386	0.99918205	0.0005628038
2460922.5032027764	0.99926174	0.0005622927
2460922.5045916922	0.99994296	0.0005626693
2460922.505980608	1.0007328	0.0005625804
2460922.5073695243	0.99862385	0.0005622194
2460922.50875844	1.0003636	0.0005621823
2460922.5101473564	1.0005283	0.00056227756
2460922.5115362722	0.9993332	0.00056185696
2460922.512925188	1.0005095	0.0005618945
2460922.5143141043	0.999226	0.00056165556
2460922.51570302	0.999521	0.0005616856
2460922.5170919364	1.0005021	0.0005619317
2460922.5184808522	0.99973214	0.00056144083
2460922.519869768	0.9999991	0.0005616685
2460922.521258684	0.9997882	0.00056143623
2460922.5226476	0.9996577	0.0005612016
2460922.5240365164	0.99959224	0.00056119915
2460922.5254254322	0.9996838	0.00056102895
2460922.526814348	0.99992156	0.00056108483
2460922.5282032643	1.0001252	0.0005610495
2460922.52959218	0.999673	0.000560757
2460922.530981096	0.9993648	0.00056068006
2460922.5323700123	1.0007064	0.00056089484
2460922.5337589285	0.99933267	0.00056058506
2460922.5351478443	1.0000935	0.0005605043
2460922.53653676	1.000081	0.0005606122
2460922.5379256764	0.9997143	0.0005603413
2460922.5393145923	1.0002155	0.0005604166
2460922.540703508	0.99969405	0.00056004483
2460922.5420924244	0.9996901	0.00056004274
2460922.5434813406	0.99956524	0.00055989146
2460922.5448702564	0.9995211	0.0005599578
2460922.5462591723	0.99987286	0.00055975193
2460922.5476480885	0.9999704	0.0005597704
2460922.5490370044	1.0008	0.0005600632
2460922.5504259206	0.99950325	0.0005596042
2460922.5518148364	0.99993014	0.0005594959
2460922.5532037527	0.9993483	0.0005594656
2460922.5545926685	0.9991634	0.0005596816
2460922.555981585	0.9996753	0.00055951905
2460922.5573705006	1.0009037	0.0005597469
2460922.5587594165	0.9998558	0.00055944896
2460922.5601483327	0.9998329	0.00055941957
2460922.5615372485	0.9993573	0.0005591609
2460922.562926165	1.0002935	0.00055953936
2460922.5643150806	0.9994457	0.0005590282
2460922.565703997	0.9996378	0.00055910257
2460922.5670929127	0.9998892	0.0005590863
2460922.568481829	0.99914885	0.0005591974
2460922.569870745	0.9996924	0.0005590343
2460922.5712596606	1.000091	0.0005591001
2460922.572648577	1.0003357	0.00055917073
2460922.5740374927	1.0003546	0.00055896014
2460922.575426409	1.0000272	0.0005589367
2460922.576815325	1.0000173	0.00055900106
2460922.578204241	0.99959093	0.00055876357
2460922.5795931574	1.0001252	0.00055886013
2460922.580982073	0.99970347	0.0005590467
2460922.582370989	0.9990406	0.000558859
2460922.5837599053	1.0001274	0.0005586913
2460922.585148821	0.9994059	0.00055846403
2460922.5865377374	0.9993645	0.0005584687
2460922.587926653	0.99943686	0.0005584026
2460922.5893155695	0.99948835	0.0005585914
2460922.5907044853	0.999708	0.0005583028
2460922.5920934016	0.99954087	0.00055863766
2460922.5934823174	0.99979705	0.0005583433
2460922.5948712337	0.9997768	0.0005584024
2460922.5962601495	0.9989078	0.0005581329
2460922.597649066	0.9994597	0.000558143
2460922.5990379816	1.0000043	0.0005582792
2460922.6004268974	1.00001	0.00055831874
2460922.6018158137	0.9998606	0.0005581807
2460922.6032047295	1.0001539	0.0005584685
2460922.604593646	0.9993848	0.0005583025
2460922.605982562	0.9994428	0.0005582201
2460922.607371478	0.99944615	0.0005580328
2460922.608760394	0.999555	0.0005581894
2460922.61014931	0.9995709	0.0005581167
2460922.6115382263	0.9996564	0.00055811106
2460922.612927142	0.9990675	0.00055804226
2460922.6143160583	1.0002035	0.000558099
2460922.615704974	0.99964213	0.00055799034
2460922.6170938904	1.0004821	0.0005581362
2460922.6184828063	0.99922156	0.00055809534
2460922.6198717225	0.9994024	0.0005578686
2460922.6212606383	0.9987322	0.0005578209
2460922.622649554	0.9998385	0.0005579216
2460922.6240384704	1.0007259	0.0005581608
2460922.6254273867	0.9999556	0.0005580207
2460922.6268163025	0.9985155	0.0005577268
2460922.628205219	1.0000393	0.0005579108
2460922.6295941346	0.99971163	0.0005577918
2460922.630983051	0.9986963	0.0005576749
2460922.632371967	1.0002962	0.0005579347
2460922.633760883	0.9994099	0.00055791193
2460922.6351497993	0.9988305	0.0005577018
2460922.636538715	0.9998199	0.00055788417
2460922.637927631	0.9989185	0.00055787293
2460922.639316547	0.99930286	0.00055761467
2460922.640705463	0.999726	0.0005579885
2460922.6420943793	0.9995372	0.00055783364
2460922.643483295	0.99930567	0.00055762957
2460922.8295980487	1.0006673	0.0005546633
2460922.8309869645	1.0003818	0.00055447815
2460922.832375881	1.0000067	0.0005546015
2460922.8337647966	1.0000858	0.0005543677
2460922.835153713	1.0007702	0.0005546496
2460922.8365426287	0.9988027	0.00055423944
2460922.837931545	0.9992882	0.0005542727
2460922.839320461	0.9991077	0.0005542198
2460922.840709377	0.9999082	0.00055410975
2460922.842098293	1.00021	0.0005543526
2460922.843487209	0.99960124	0.00055377453
2460922.8448761255	0.99952984	0.0005539718
2460922.8462650413	0.9998092	0.0005540367
2460922.8476539575	0.99953586	0.00055375777
2460922.8490428734	0.9996265	0.0005538478
2460922.8504317896	0.9999266	0.0005540529
2460922.8518207055	1.000315	0.00055387686
2460922.8532096217	1.0000362	0.00055384816
2460922.8545985376	1.0000947	0.0005536667
2460922.855987454	1.0000688	0.0005535082
2460922.8573763696	0.99999076	0.00055383664
2460922.858765286	0.9996852	0.00055346126
2460922.8601542017	1.0006462	0.00055371603
2460922.861543118	0.99950576	0.00055345363
2460922.862932034	1.0001541	0.0005533681
2460922.86432095	0.99957544	0.0005535426
2460922.865709866	0.99961734	0.00055334833
2460922.867098782	0.99971795	0.000553204
2460922.868487698	0.9996362	0.0005531232
2460922.8698766143	1.0006394	0.0005533157
2460922.8712655306	0.9996096	0.0005531023
2460922.8726544464	1.0000597	0.00055283896
2460922.8740433627	0.99982023	0.00055293663
2460922.8754322785	0.99949527	0.00055284105
2460922.876821195	1.0001017	0.0005529736
2460922.8782101106	0.99996376	0.00055275456
2460922.879599027	1.0006762	0.0005530775
2460922.8809879427	1.0003756	0.00055284216
2460922.8823768585	0.99892384	0.00055259815
2460922.883765775	0.99892867	0.000552321
2460922.8851546906	1.0010928	0.00055289577
2460922.886543607	0.999951	0.00055233773
2460922.887932523	1.0004728	0.00055287767
2460922.889321439	1.0006032	0.0005526003
2460922.8907103552	1.0006106	0.0005524687
2460922.892099271	1.0003331	0.00055238645
2460922.8934881873	0.99980485	0.0005522429
2460922.894877103	1.0000173	0.0005523376
2460922.8962660194	0.9999941	0.00055222353
2460922.8976549353	0.9997569	0.0005519989
2460922.8990438515	1.0000392	0.00055210316
2460922.9004327673	1.0006568	0.00055224024
2460922.901821683	1.0004178	0.0005521333
2460922.9032105994	0.99997896	0.0005519967
2460922.9045995153	1.0001063	0.00055176625
2460922.9059884315	0.9999014	0.00055187347
2460922.907377348	0.9997086	0.00055182294
2460922.9087662636	1.000611	0.0005519168
2460922.91015518	1.0004653	0.00055188575
2460922.9115440957	0.9994973	0.0005517577
2460922.912933012	0.999787	0.00055156386
2460922.914321928	1.0012535	0.000551962
2460922.9157108436	1.0000005	0.0005514147
2460922.91709976	1.0006404	0.000551725
2460922.9184886757	1.0004715	0.0005514819
2460922.919877592	1.0000396	0.00055164157
2460922.921266508	0.9991841	0.00055143033
2460922.922655424	1.0003716	0.0005516469
2460922.92404434	1.0002583	0.00055122556
2460922.925433256	1.0003867	0.00055130565
2460922.9268221725	1.0006658	0.00055157935
2460922.9282110883	0.99977607	0.00055090705
2460922.929600004	0.9997063	0.00055117544
2460922.9309889204	1.0002302	0.00055124634
2460922.932377836	0.999563	0.00055120233
2460922.9337667525	0.9997747	0.0005509889
2460922.9351556683	1.0005302	0.0005513764
2460922.9365445846	1.0007466	0.0005510828
2460922.9379335004	1.0008801	0.0005509465
2460922.9393224167	0.9998388	0.00055085943
2460922.9407113325	1.0005529	0.0005510656
2460922.9421002488	0.9996566	0.000550819
2460922.9434891646	1.0008645	0.0005509238
2460922.9448780804	1.0003095	0.0005507112
2460922.9462669967	1.000177	0.00055066554
2460922.9476559125	1.000735	0.00055086386
2460922.949044829	1.0008007	0.0005507774
2460922.9504337446	0.999775	0.00055039773
2460922.951822661	0.99958634	0.0005505865
2460922.9532115767	1.0010911	0.00055079313
2460922.954600493	1.0002766	0.0005505687
2460922.955989409	1.0009657	0.00055056746
2460922.9573783246	1.0012114	0.00055086846
2460922.958767241	1.0005767	0.0005504786
2460922.9601561567	1.0011843	0.0005505566
2460922.961545073	1.0002215	0.0005502346
2460922.962933989	1.0005301	0.0005504366
2460922.964322905	1.0015243	0.0005504492
2460922.965711821	1.0008162	0.0005503257
2460922.9671007367	1.000224	0.00055033155
2460922.968489653	1.001521	0.0005504724
2460922.969878569	1.0002998	0.0005504041
2460922.971267485	1.0004697	0.000550235
2460922.9726564013	1.0002886	0.0005501513
2460922.974045317	1.0007702	0.00055009604
2460922.975434233	1.0009962	0.00055027794
2460922.976823149	1.000315	0.00055004115
2460922.978212065	0.9999581	0.0005500528
2460922.9796009813	0.9997875	0.0005499659
2460922.980989897	1.0005224	0.00054996007
2460922.982378813	1.0002489	0.0005499479
2460922.9837677293	1.0008581	0.0005500517
2460922.985156645	1.0008993	0.0005502186
2460922.986545561	1.000981	0.0005498863
2460922.987934477	1.0002764	0.0005497467
2460922.9893233934	1.0007348	0.0005497173
2460922.9907123093	1.000737	0.00054993026
2460922.992101225	1.0005723	0.00054961233
2460922.9934901414	0.99997604	0.0005498496
2460922.994879057	1.0006006	0.00054979336
2460922.996267973	1.0014497	0.000549963
2460922.9976568893	1.0005101	0.000549733
2460922.999045805	1.0002203	0.0005494925
2460923.0004347214	1.0002804	0.00054961786
2460923.001823637	1.000286	0.0005496156
2460923.003212553	1.0013703	0.0005498149
2460923.0046014693	1.0000626	0.00054945657
2460923.005990385	1.0001433	0.00054922514
2460923.0073793014	1.0008967	0.0005496104
2460923.008768217	1.0015764	0.0005497214
2460923.010157133	1.0001355	0.00054945407
2460923.0115460493	0.99990344	0.00054941827
2460923.012934965	1.0004407	0.0005493333
2460923.0143238814	1.0002952	0.00054938986
2460923.015712797	1.0004867	0.0005491902
2460923.017101713	0.99983037	0.0005492696
2460923.0184906293	1.0006129	0.0005492123
2460923.019879545	1.000681	0.00054937345
2460923.0212684614	1.0003672	0.0005492818
2460923.022657377	1.0012573	0.00054937875
2460923.024046293	1.0001	0.0005491681
2460923.0254352093	1.0003458	0.0005492043
2460923.026824125	1.000259	0.0005490971
2460923.0282130414	0.9993219	0.0005490801
2460923.029601957	1.000936	0.0005492598
2460923.030990873	1.0004122	0.000549134
2460923.032379789	1.0006837	0.00054902356
2460923.033768705	1.0003818	0.000549016
2460923.035157621	1.000363	0.0005491856
2460923.036546537	0.99943393	0.0005487596
2460923.037935453	0.9992907	0.00054888596
2460923.039324369	1.000209	0.0005490374
2460923.040713285	0.9998024	0.0005487473
2460923.042102201	1.0011169	0.0005491331
2460923.0434911167	1.0012604	0.0005489197
2460923.044880033	1.0005292	0.0005490567
2460923.046268949	1.0009654	0.0005489455
2460923.047657865	1.0009979	0.0005489372
2460923.049046781	1.0000677	0.00054895174
2460923.0504356967	1.001335	0.0005491025
2460923.0518246125	1.0001855	0.0005484932
2460923.053213529	1.0000579	0.0005487758
2460923.0546024446	1.0000582	0.0005488103
2460923.0559913605	1.0002601	0.00054883887
2460923.0573802767	1.0001523	0.00054856966
2460923.0587691925	1.0011294	0.00054884143
2460923.0601581084	0.99999106	0.00054870534
2460923.0615470246	1.0003673	0.0005487774
2460923.0629359405	1.0005785	0.00054870447
2460923.0643248567	0.99969864	0.00054867787
2460923.0657137726	1.0002111	0.00054863107
2460923.0671026884	1.0008073	0.0005486078
2460923.068491604	1.0018013	0.00054903916
2460923.0698805205	1.0002227	0.00054869166
2460923.0712694363	1.0001428	0.0005486197
2460923.072658352	1.0006331	0.00054839364
2460923.0740472684	1.000928	0.00054862525
2460923.075436184	1.0009272	0.00054875616
2460923.0768251	1.0004581	0.0005495754
2460923.078214016	1.000115	0.0005483982
2460923.079602932	1.0001752	0.0005484067
2460923.080991848	1.0010804	0.0005486485
2460923.0823807637	1.0015544	0.0005486225
2460923.08376968	0.9998372	0.00054831855
2460923.085158596	1.0010617	0.00054858415
2460923.0865475116	1.0002834	0.000548409
2460923.0879364274	1.0005033	0.00054846186
2460923.0893253437	1.0000987	0.00054810866
2460923.0907142595	1.000751	0.0005483273
2460923.0921031754	1.0004798	0.0005482884
2460923.0934920916	1.0005774	0.0005484462
2460923.0948810074	0.9998999	0.0005482066
2460923.0962699233	1.0010225	0.00054833834
2460923.097658839	1.0004345	0.0005483408
2460923.0990477554	1.0017991	0.0005484586
2460923.100436671	1.0014033	0.0005484351
2460923.101825587	1.0000535	0.0005481664
2460923.1032145033	1.0005163	0.00054798555
2460923.104603419	1.0002325	0.0005480791
2460923.105992335	1.0001539	0.00054810825
2460923.107381251	1.0009193	0.0005480487
2460923.108770167	1.0000525	0.0005479151
2460923.110159083	0.9993839	0.0005478739
2460923.1115479986	1.0000421	0.0005480088
2460923.112936915	0.9993069	0.00054777
2460923.1143258302	1.0002879	0.0005480142
2460923.1157147465	1.0005748	0.0005478229
2460923.1171036623	1.0006088	0.00054807396
2460923.118492578	1.0001173	0.00054795673
2460923.1198814944	1.0004418	0.0005479536
2460923.1212704103	1.0002714	0.00054776383
2460923.122659326	1.001677	0.000548078
2460923.124048242	1.0005846	0.00054783485
2460923.125437158	1.0013698	0.00054820155
2460923.126826074	1.0000407	0.0005477867
2460923.12821499	1.0003227	0.00054802856
2460923.1296039056	1.0005924	0.0005477073
2460923.1309928214	0.9987058	0.0005474797
2460923.1323817377	1.0001541	0.00054769893
2460923.1337706535	1.0004029	0.0005475508
2460923.1351595693	1.0002224	0.000547678
2460923.1365484856	1.0004543	0.00054767873
2460923.137937401	1.000958	0.0005477456
2460923.1393263172	1.0016472	0.00054777146
2460923.140715233	1.0001029	0.00054787664
2460923.142104149	0.9988356	0.00054742635
2460923.1434930647	1.0012044	0.0005478894
2460923.144881981	1.0002706	0.0005475618
2460923.146270897	1.0007318	0.0005476805
2460923.1476598126	1.000376	0.0005476276
2460923.1490487284	1.0000012	0.0005476006
2460923.150437644	0.999701	0.0005475653
2460923.1518265605	1.0001616	0.0005475343
2460923.1532154763	0.9996608	0.0005476339
2460923.154604392	1.0002351	0.0005476159
2460923.155993308	1.0010449	0.0005476267
2460923.1573822238	1.0008936	0.00054755923
2460923.15877114	1.0004163	0.0005477756
2460923.1601600554	1.0006148	0.0005477024
2460923.1615489717	0.99968386	0.00054750673
2460923.1629378875	1.0000613	0.00054767495
2460923.1643268033	0.99964094	0.0005474401
2460923.165715719	1.000205	0.0005476133
2460923.167104635	1.0013497	0.00054774754
2460923.168493551	1.001141	0.00054756075
2460923.169882467	1.0004231	0.00054753094
2460923.171271383	1.0003108	0.00054747955
2460923.1726602986	1.000605	0.0005475892
2460923.1740492145	1.0001655	0.0005474466
2460923.1754381307	1.0004134	0.00054756366
2460923.176827046	1.0001069	0.0005476863
2460923.1782159624	0.9996275	0.0005473725
2460923.179604878	1.0012172	0.00054767675
2460923.180993794	1.0005604	0.0005476983
2460923.18238271	1.0011965	0.0005477702
2460923.1837716256	0.9993003	0.00054733746
2460923.185160542	0.99990255	0.0005474577
2460923.1865494573	0.9998228	0.000547438
2460923.1879383735	1.000766	0.000547708
2460923.1893272894	0.9999978	0.00054750365
2460923.190716205	0.9996895	0.0005472757
2460923.192105121	1.0014096	0.0005479469
2460923.193494037	1.0000371	0.00054757245
2460923.1948829526	0.9993984	0.00054732955
2460923.1962718684	1.0009316	0.00054775074
2460923.1976607842	1.000956	0.0005478223
2460923.1990497005	1.0001165	0.0005474837
2460923.2004386163	1.0001426	0.0005475301
2460923.201827532	1.0002692	0.00054764305
2460923.203216448	0.99938774	0.0005475832
2460923.204605364	0.99917054	0.0005475298
2460923.2059942796	1.0001658	0.0005477787
2460923.2073831954	1.0008713	0.0005476395
2460923.208772111	1.0003585	0.0005477472
2460923.210161027	1.0017005	0.00054781063
2460923.2115499433	0.9995532	0.00054752245
2460923.2129388587	1.0014945	0.0005479302
2460923.214327775	1.0005378	0.00054770475
2460923.2157166903	1.0002658	0.00054794014
2460923.2171056066	1.000956	0.0005478499
2460923.2184945224	1.000904	0.00054768677
2460923.219883438	1.0002449	0.0005476609
2460923.221272354	0.99997354	0.00054765615
2460923.22266127	0.99978155	0.0005477534
2460923.2240501856	1.0000712	0.00054793555
2460923.2254391015	1.0005338	0.000547998
2460923.2268280173	0.9989534	0.0005475342
2460923.228216933	0.99936503	0.00054745167
2460923.229605849	0.9996718	0.000547795
2460923.2309947647	1.0004601	0.00054756744
2460923.2323836805	1.0000534	0.000547576
2460923.2337725963	1.0003294	0.000547895
2460923.2351615126	0.9996838	0.00054767827
2460923.236550428	0.99959946	0.0005475345
2460923.2379393443	1.0002515	0.0005478038
2460923.2393282596	1.0008167	0.00054794224
2460923.240717176	0.9993854	0.0005475979
2460923.242106091	1.0006416	0.0005480815
2460923.2434950075	1.0000048	0.0005475835
2460923.2448839233	0.9993887	0.00054745143
2460923.246272839	0.9999515	0.000547704
2460923.247661755	0.99999684	0.00054788555
2460923.249050671	1.0005019	0.0005479739
2460923.2504395866	1.0001701	0.0005478306
2460923.2518285024	0.99941844	0.0005476517
2460923.253217418	0.9994973	0.0005475667
2460923.254606334	1.0006355	0.000548212
2460923.25599525	0.9991765	0.0005477415
2460923.2573841657	1.0006516	0.0005478476
2460923.2587730815	1.0004395	0.00054795266
2460923.2601619973	1.0003669	0.0005480911
2460923.2615509126	0.99962837	0.0005477984
2460923.262939829	1.0001973	0.00054781657
2460923.2643287447	1.0003614	0.0005479233
2460923.2657176605	1.0007616	0.0005478996
2460923.2671065764	1.0001363	0.0005477223
2460923.2684954917	1.0000952	0.00054795406
2460923.269884408	1.0004284	0.000547804
2460923.2712733233	0.9998245	0.00054783747
2460923.272662239	1.0008799	0.0005482111
2460923.2740511554	1.0004672	0.0005478807
2460923.275440071	1.0008168	0.0005479012
2460923.2768289866	1.0007199	0.0005477682
2460923.2782179024	1.0003471	0.00054784643
2460923.279606818	1.0006053	0.00054804946
2460923.280995734	1.0004056	0.00054771703
2460923.28238465	1.000469	0.00054778694
2460923.2837735657	1.0011533	0.000548002
2460923.2851624815	1.0013181	0.00054801063
2460923.2865513973	1.0005425	0.00054779236
2460923.287940313	1.0001253	0.0005480435
2460923.289329229	1.0005927	0.0005478709
2460923.2907181447	1.0007019	0.0005479971
2460923.2921070606	1.0003222	0.00054786337
2460923.2934959764	1.0002915	0.00054767827
2460923.2948848917	1.0009252	0.000547906
2460923.296273808	0.99970615	0.00054779486
2460923.2976627233	1.0003065	0.0005478852
2460923.299051639	1.0007067	0.00054776866
2460923.300440555	0.99981874	0.0005476459
2460923.301829471	1.0000982	0.00054779806
2460923.3032183866	0.9998904	0.00054773514
2460923.3046073024	0.99959254	0.0005477052
2460923.305996218	1.0012898	0.0005478364
2460923.3073851336	1.0008042	0.0005476527
2460923.30877405	1.0008706	0.00054776197
2460923.3101629657	1.0000396	0.00054760836
2460923.311551881	1.0007818	0.00054738304
2460923.312940797	1.0004064	0.0005477726
2460923.3143297127	1.0001404	0.0005474018
2460923.3157186285	1.0002099	0.000547561
2460923.3171075443	0.9998358	0.0005473807
2460923.31849646	1.0003864	0.00054726686
2460923.319885376	1.0009061	0.0005474634
2460923.3212742913	0.9995792	0.0005474861
2460923.322663207	0.9999829	0.00054732966
2460923.324052123	1.0006535	0.0005474781
2460923.3254410387	1.00033	0.00054722355
2460923.3268299545	1.000022	0.00054728304
2460923.3282188703	1.0000082	0.00054712116
2460923.329607786	1.0012394	0.0005470199
2460923.3309967015	0.9999467	0.0005470813
2460923.3323856173	1.0002791	0.0005471363
2460923.333774533	1.0003655	0.0005472947
2460923.335163449	1.0003628	0.0005473595
2460923.3365523648	1.0003433	0.0005470695
2460923.33794128	1.0011598	0.0005471074
2460923.3393301964	1.0011004	0.0005471964
2460923.3407191117	1.0005132	0.0005471753
2460923.3421080275	1.001249	0.00054714875
2460923.3434969434	1.0006878	0.00054707646
2460923.344885859	1.0004791	0.00054704334
2460923.346274775	1.0001708	0.0005469028
2460923.3476636903	0.9989676	0.00054658955
2460923.349052606	0.99982876	0.00054684904
2460923.350441522	0.9999089	0.0005467048
2460923.351830438	1.0005051	0.00054691377
2460923.353219353	1.0009495	0.00054699887
2460923.354608269	1.0005261	0.0005467742
2460923.3559971848	1.0005654	0.0005468244
2460923.3573861006	1.000947	0.0005468483
2460923.3587750164	1.0003763	0.0005466226
2460923.3601639317	0.9999251	0.0005470205
2460923.3615528475	1.0001185	0.0005466116
2460923.3629417634	1.0001223	0.00054679
2460923.364330679	1.0004793	0.00054668065
2460923.365719595	1.0005566	0.0005467703
2460923.3671085103	1.0014702	0.0005467798
2460923.368497426	1.0009527	0.000546872
2460923.369886342	1.0013092	0.0005467294
2460923.3712752573	1.0003945	0.0005465854
2460923.372664173	1.0009987	0.0005467301
2460923.374053089	0.99870807	0.000546337
2460923.3754420048	1.0008918	0.0005466396
2460923.37683092	0.9998286	0.0005464329
2460923.378219836	1.0005363	0.0005465031
2460923.3796087517	1.0010316	0.0005464742
2460923.3809976676	1.0003173	0.000546513
2460923.3823865834	1.0002476	0.0005465421
2460923.3837754987	1.0000256	0.0005464158
2460923.3851644145	1.0005233	0.00054647494
2460923.38655333	1.000067	0.0005462597
2460923.3879422457	1.000443	0.00054638414
2460923.3893311615	1.000772	0.00054643006
2460923.3907200773	0.99936515	0.00054617337
2460923.392108993	1.0010399	0.00054659176
2460923.3934979085	1.000817	0.00054629636
2460923.3948868243	1.000437	0.00054651866
2460923.3962757397	1.0009793	0.00054631574
2460923.3976646555	1.0016018	0.0005465443
2460923.3990535713	1.0003479	0.00054625986
2460923.4004424866	1.0002952	0.0005461726
2460923.4018314024	1.0010011	0.00054628437
2460923.4032203183	1.000572	0.0005461433
2460923.404609234	1.0005376	0.0005461866
2460923.4059981494	1.001868	0.0005462628
2460923.4073870652	1.0004829	0.00054599467
2460923.408775981	1.0003165	0.0005460729
2460923.4101648964	1.0010911	0.00054621935
2460923.411553812	1.0005745	0.00054616143
2460923.4129427276	1.00019	0.00054631254
2460923.4143316434	1.0002495	0.00054593384
2460923.415720559	1.0007762	0.0005459207
2460923.4171094745	0.9999065	0.00054577744
2460923.4184983904	1.0012276	0.00054605154
2460923.419887306	1.0008882	0.00054584345
2460923.4212762215	1.0005119	0.0005458618
2460923.4226651373	1.0012391	0.000546024
2460923.424054053	1.0014571	0.0005461058
2460923.4254429685	1.0005537	0.00054595707
2460923.4268318843	1.0002161	0.0005457662
2460923.4282208	0.9998936	0.000545594
2460923.4296097155	1.0013014	0.0005459251
2460923.4309986313	1.0017314	0.0005460059
2460923.4323875466	0.99937797	0.0005458109
2460923.4337764625	1.0001413	0.00054570247
2460923.435165378	1.0005559	0.00054565136
2460923.4365542936	1.0008472	0.00054577686
2460923.4379432094	1.0002133	0.0005455366
2460923.439332125	1.0014491	0.0005459584
2460923.4407210406	1.0001727	0.0005458762
2460923.442109956	1.0010785	0.0005457942
2460923.4434988718	1.0001665	0.00054558495
2460923.444887787	1.0020126	0.0005459021
2460923.446276703	1.0004619	0.00054554956
2460923.4476656187	1.0010996	0.00054571714
2460923.449054534	1.0003574	0.00054551015
2460923.45044345	1.0002055	0.0005455535
2460923.4518323652	0.9999988	0.0005454383
2460923.453221281	1.000366	0.0005455221
2460923.454610197	1.0018333	0.0005458587
2460923.455999112	1.0008948	0.00054572156
2460923.457388028	1.000138	0.0005454765
2460923.4587769434	1.001014	0.0005457007
2460923.460165859	0.99965954	0.00054547715
2460923.4615547745	0.99996203	0.00054539554
2460923.4629436904	1.0013973	0.0005455639
2460923.464332606	0.9993632	0.0005452884
2460923.4657215215	1.0003129	0.00054532546
2460923.467110437	1.0003582	0.0005453968
2460923.4684993527	1.0007132	0.0005453069
2460923.469888268	1.0010873	0.0005455467
2460923.471277184	1.0001947	0.00054547895
2460923.472666099	0.99998873	0.0005454092
2460923.474055015	1.000817	0.0005455438
2460923.4754439304	1.0009161	0.00054539
2460923.476832846	1.0006958	0.0005454055
2460923.4782217615	1.0005292	0.0005452125
2460923.4796106773	1.0010943	0.0005455692
2460923.4809995927	1.0005683	0.00054530584
2460923.4823885085	1.0005971	0.0005452947
2460923.483777424	1.0003976	0.00054529734
2460923.4851663397	0.9998626	0.00054507295
2460923.486555255	1.0000666	0.00054515747
2460923.487944171	0.9997524	0.00054508686
2460923.489333086	1.0006642	0.0005453059
2460923.490722002	0.99962974	0.00054508774
2460923.4921109173	0.9999991	0.00054509623
2460923.493499833	1.0002586	0.00054510444
2460923.4948887485	0.9998647	0.0005451007
2460923.4962776643	0.9993641	0.00054488255
2460923.4976665797	1.0008984	0.0005450989
2460923.499055495	1.0007547	0.0005450951
2460923.500444411	1.0003482	0.00054502685
2460923.501833326	1.0002867	0.00054521445
2460923.503222242	0.99998146	0.00054489536
2460923.5046111573	0.9996082	0.00054505945
2460923.506000073	1.0007057	0.0005449835
2460923.5073889885	1.000859	0.000544928
2460923.508777904	1.0003265	0.0005450202
2460923.5101668197	1.0004474	0.0005451152
2460923.511555735	1.0003675	0.00054493215
2460923.512944651	1.0003004	0.00054487854
2460923.514333566	1.0001494	0.00054488104
2460923.5157224815	1.0001261	0.00054502155
2460923.517111397	1.0001051	0.000544925
2460923.5185003127	1.000837	0.0005449004
2460923.5198892285	1.0011333	0.0005450904
2460923.521278144	1.0002894	0.0005451573
2460923.522667059	1.001476	0.0005452064
2460923.5240559746	0.9995742	0.0005446592
2460923.5254448904	1.0009489	0.00054475333
2460923.5268338057	1.0001179	0.00054485677
2460923.5282227215	1.0002983	0.00054470665
2460923.529611637	1.0005426	0.00054486113
2460923.5310005522	1.0004543	0.0005447909
2460923.532389468	1.0003684	0.0005450482
2460923.5337783834	1.0005329	0.0005447493
2460923.5351672987	1.0006104	0.0005447346
2460923.5365562146	1.000539	0.00054477045
2460923.53794513	1.000032	0.00054460135
2460923.5393340457	1.0001446	0.0005447489
2460923.540722961	1.0005391	0.00054484926
2460923.5421118764	1.0003036	0.0005447921
2460923.543500792	0.99949616	0.00054458727
2460923.5448897076	1.0001639	0.0005444787
2460923.546278623	1.0005461	0.0005445567
2460923.5476675383	1.0001155	0.000544615
2460923.549056454	1.0006852	0.00054452475
2460923.5504453694	0.99992424	0.0005445346
2460923.551834285	1.0006083	0.00054451765
2460923.5532232	1.0003512	0.00054433104
2460923.554612116	1.0004259	0.0005445959
2460923.5560010313	1.0001996	0.00054450263
2460923.5573899467	0.99992985	0.0005446394
2460923.5587788625	1.0006273	0.0005445999
2460923.560167778	1.0002642	0.0005445316
2460923.561556693	0.9995822	0.00054436113
2460923.5629456085	1.0010729	0.0005446054
2460923.5643345243	1.000684	0.0005445478
2460923.5657234397	1.0006518	0.0005445463
2460923.567112355	1.000451	0.0005444165
2460923.568501271	1.0005763	0.00054445467
2460923.569890186	1.0004624	0.000544593
2460923.5712791015	1.0005825	0.0005443249
2460923.572668017	1.0003915	0.0005444716
2460923.5740569327	1.0003024	0.00054452464
2460923.575445848	1.0011892	0.0005446803
2460923.5768347634	1.0003332	0.00054448424
2460923.5782236787	1.001087	0.0005446325
2460923.579612594	0.9993906	0.00054436765
2460923.58100151	0.9996664	0.000544251
2460923.5823904253	0.9994834	0.00054421596
2460923.5837793406	1.0001764	0.0005442967
2460923.585168256	1.0011991	0.00054470624
2460923.771282909	0.9998263	0.0005430341
2460923.772671824	0.9988647	0.0005427924
2460923.774060739	1.0005155	0.0005432853
2460923.7754496546	0.9993311	0.00054315856
2460923.7768385694	1.0007443	0.00054324995
2460923.778227485	1.0005941	0.00054337
2460923.7796163997	1.0008626	0.0005431119
2460923.781005315	1.0010421	0.0005432865
2460923.7823942304	1.0007828	0.000543036
2460923.7837831452	1.0002928	0.0005432381
2460923.7851720606	0.9996653	0.00054336776
2460923.786560976	1.0006862	0.0005432224
2460923.787949891	1.0007843	0.0005430492
2460923.789338806	0.9994642	0.0005429491
2460923.7907277215	0.9995973	0.000543088
2460923.7921166364	0.999928	0.0005431121
2460923.7935055518	1.0009545	0.00054314674
2460923.7948944666	1.0008713	0.000543332
2460923.796283382	1.0004914	0.0005432092
2460923.797672297	0.9995586	0.0005431061
2460923.799061212	1.0001142	0.00054321164
2460923.8004501276	1.00064	0.0005429937
2460923.8018390425	1.0005946	0.000543108
2460923.803227958	1.0005823	0.0005431596
2460923.8046168727	1.001195	0.00054308056
2460923.806005788	1.0011731	0.0005432213
2460923.807394703	1.0008774	0.0005433869
2460923.8087836183	1.0000507	0.0005430137
2460923.810172533	0.99970984	0.0005427966
2460923.8115614485	0.9999606	0.0005427644
2460923.8129503634	0.99853057	0.00054258056
2460923.8143392787	1.0010486	0.0005432719
2460923.8157281936	1.0012736	0.0005432066
2460923.817117109	0.99997205	0.00054291444
2460923.818506024	1.0006057	0.00054308807
2460923.819894939	1.0006636	0.0005428127
2460923.8212838545	1.0009049	0.0005431194
2460923.8226727694	1.0007515	0.00054308923
2460923.824061685	0.99969774	0.0005426718
2460923.8254505997	1.0006695	0.00054281164
2460923.826839515	1.0007764	0.0005429745
2460923.82822843	1.0003237	0.0005426822
2460923.829617345	1.0007337	0.00054288615
2460923.83100626	0.9997856	0.000542847
2460923.832395175	1.0008744	0.00054293056
2460923.8337840904	1.000227	0.0005426833
2460923.8351730052	0.9999792	0.0005426917
2460923.8365619206	1.000785	0.00054278737
2460923.8379508355	1.0005401	0.000542902
2460923.839339751	1.0003537	0.0005428981
2460923.8407286657	1.0000247	0.0005428958
2460923.8421175806	1.00075	0.00054304313
2460923.843506496	1.0003964	0.00054273417
2460923.844895411	1.001079	0.00054298126
2460923.846284326	1.0007466	0.0005429139
2460923.847673241	1.0019431	0.00054318
2460923.8490621564	1.000339	0.0005426143
2460923.8504510713	1.0001152	0.0005431001
2460923.851839986	1.0007012	0.0005428651
2460923.8532289015	1.0002768	0.00054283434
2460923.8546178164	1.0004554	0.00054281775
2460923.8560067317	1.0001473	0.00054285047
2460923.8573956466	1.0003875	0.0005426884
2460923.8587845615	1.0012757	0.0005428174
2460923.860173477	1.0014838	0.0005430229
2460923.8615623917	0.9990842	0.00054257683
2460923.862951307	0.9999396	0.0005428784
2460923.864340222	1.0018286	0.0005431165
2460923.865729137	1.0004463	0.00054268574
2460923.867118052	1.0010508	0.00054285955
2460923.868506967	1.0005997	0.0005426357
2460923.869895882	1.0014265	0.00054294633
2460923.871284797	1.0009099	0.0005425963
2460923.872673712	0.9999506	0.0005426602
2460923.874062627	1.0007626	0.0005427933
2460923.8754515424	1.0009583	0.0005426365
2460923.8768404573	1.0006675	0.000542564
2460923.878229372	1.0005119	0.00054257794
2460923.8796182876	1.0011454	0.00054265984
2460923.8810072024	1.0003401	0.0005426648
2460923.8823961173	1.0008881	0.0005427272
2460923.8837850327	1.0005939	0.0005427173
2460923.8851739476	1.0012735	0.00054265157
2460923.8865628624	1.0003389	0.0005426975
2460923.8879517773	0.9999736	0.00054252904
2460923.8893406927	1.0002904	0.00054259883
2460923.8907296075	1.0003092	0.00054256525
2460923.8921185224	1.0004902	0.00054253923
2460923.893507438	1.000223	0.00054250745
2460923.8948963527	1.0000126	0.0005423815
2460923.8962852675	1.0014296	0.0005427334
2460923.8976741824	1.0002986	0.00054242543
2460923.8990630973	1.0009323	0.00054272084
2460923.900452012	1.0011874	0.00054250745
2460923.9018409275	1.0015486	0.0005428499
2460923.9032298424	1.0009272	0.00054274633
2460923.9046187573	1.000543	0.00054259883
2460923.9060076727	1.0011703	0.0005427164
2460923.9073965875	1.0009396	0.0005427597
2460923.9087855024	1.0006267	0.00054255413
2460923.9101744173	1.0004483	0.0005423821
2460923.911563332	1.0016537	0.00054279965
2460923.9129522475	1.0010221	0.000542632
2460923.9143411624	1.0005581	0.0005426002
2460923.9157300773	1.001555	0.000542817
2460923.917118992	1.0005436	0.00054266263
2460923.918507907	1.0010959	0.00054259156
2460923.9198968224	1.0004568	0.000542368
2460923.9212857373	1.0007323	0.0005424876
2460923.922674652	1.0010031	0.0005427374
2460923.924063567	0.9996931	0.0005424111
2460923.925452482	1.00052	0.0005425406
2460923.926841397	1.001058	0.00054275926
2460923.928230312	1.0012777	0.0005425634
2460923.929619227	1.0010442	0.0005425405
2460923.931008142	1.0001999	0.00054249197
2460923.932397057	1.0003465	0.0005427227
2460923.9337859717	1.0006682	0.000542729
2460923.9351748866	1.0009496	0.00054277555
2460923.9365638015	0.99934894	0.0005421191
2460923.9379527164	1.002356	0.0005427534
2460923.9393416317	1.0011524	0.0005426061
2460923.9407305466	1.0005178	0.00054230884
2460923.9421194615	1.0010408	0.0005424293
2460923.9435083764	1.0005502	0.00054218987
2460923.9448972913	1.0004933	0.0005423827
2460923.946286206	1.000666	0.0005425514
2460923.947675121	0.99958265	0.0005422417
2460923.949064036	1.0005167	0.0005423752
2460923.950452951	1.0008659	0.00054238114
2460923.9518418657	1.001873	0.00054270984
2460923.9532307805	1.000696	0.0005426138
2460923.954619696	1.0004584	0.000542505
2460923.9560086103	1.0000441	0.00054222555
2460923.9573975257	1.0000407	0.000542265
2460923.9587864405	1.0004388	0.00054250157
2460923.9601753554	0.99991655	0.00054226024
2460923.9615642703	1.0003185	0.0005421832
2460923.962953185	1.0009862	0.000542764
2460923.9643421	1.0010443	0.0005424319
2460923.965731015	1.0004357	0.0005422984
2460923.96711993	1.001648	0.0005427133
2460923.9685088447	1.0008366	0.0005424583
2460923.9698977596	1.0009015	0.0005423743
2460923.9712866745	0.99969345	0.0005421131
2460923.9726755894	1.0001695	0.0005423511
2460923.9740645043	0.99972147	0.0005423379
2460923.975453419	1.000814	0.0005423394
2460923.976842334	1.0006303	0.00054217805
2460923.978231249	1.0008409	0.0005423026
2460923.979620164	1.0005102	0.00054246397
2460923.9810090787	1.0011408	0.00054236175
2460923.982397993	1.0010587	0.00054229173
2460923.9837869084	1.000123	0.00054229965
2460923.9851758233	1.0008199	0.00054246077
2460923.9865647377	1.0009471	0.00054224156
2460923.987953653	1.0008485	0.0005423934
2460923.9893425675	1.0007548	0.00054241053
2460923.9907314824	1.0004328	0.0005424144
2460923.9921203973	1.0007007	0.0005426608
2460923.993509312	1.0005729	0.00054234505
2460923.994898227	1.0003533	0.0005422085
2460923.996287142	1.0005898	0.0005422444
2460923.997676057	1.0003916	0.00054243684
2460923.9990649717	1.001017	0.00054239604
2460924.0004538866	1.0010285	0.0005422912
2460924.001842801	1.000627	0.00054217095
2460924.0032317163	1.0005808	0.00054224685
2460924.004620631	0.9998323	0.00054213684
2460924.0060095456	1.0003061	0.00054231234
2460924.0073984605	1.0004722	0.0005423861
2460924.0087873754	1.0004301	0.0005421283
2460924.0101762903	1.0004267	0.0005420779
2460924.011565205	1.0000067	0.0005420224
2460924.01295412	1.0005178	0.0005418616
2460924.014343035	0.9991271	0.0005418732
2460924.0157319494	1.000931	0.0005424589
2460924.0171208642	0.9997479	0.0005419746
2460924.018509779	1.000862	0.0005420627
2460924.019898694	1.0003946	0.0005422001
2460924.021287609	1.0008355	0.0005422961
2460924.022676524	1.0008655	0.0005423084
2460924.0240654387	1.0012456	0.00054234196
2460924.025454353	1.0021725	0.0005423969
2460924.026843268	1.0001322	0.00054195273
2460924.028232183	1.0000995	0.0005420906
2460924.0296210977	1.0003054	0.00054194144
2460924.0310100126	1.0002108	0.0005421364
2460924.032398927	0.99944013	0.0005419808
2460924.033787842	1.0001334	0.00054198905
2460924.035176757	0.9995519	0.00054188754
2460924.0365656717	0.99998444	0.00054208294
2460924.037954586	1.0006559	0.0005422714
2460924.039343501	1.0002687	0.00054204994
2460924.040732416	1.0008662	0.0005422474
2460924.0421213307	0.99943686	0.00054192764
2460924.0435102456	1.00067	0.00054234045
2460924.04489916	1.0012835	0.0005423625
2460924.046288075	1.0002867	0.00054215576
2460924.04767699	0.99958616	0.000541876
2460924.049065904	1.0005977	0.0005421244
2460924.050454819	1.000504	0.00054216315
2460924.051843734	1.0008368	0.00054213207
2460924.053232649	0.99991155	0.00054177386
2460924.0546215633	0.99980783	0.00054191763
2460924.056010478	1.000874	0.0005422243
2460924.057399393	0.9999137	0.00054196955
2460924.0587883075	1.000719	0.0005421181
2460924.0601772224	1.0013375	0.00054223544
2460924.0615661372	1.0016905	0.00054221787
2460924.062955052	1.001012	0.0005421873
2460924.0643439665	1.0000163	0.00054199144
2460924.0657328814	0.99981666	0.00054194545
2460924.0671217963	1.0002522	0.0005420942
2460924.0685107107	1.0005567	0.00054214615
2460924.0698996256	1.0002807	0.0005420238
2460924.07128854	0.9996791	0.00054184796
2460924.072677455	0.99960834	0.0005418121
2460924.07406637	0.9995211	0.00054186163
2460924.075455284	1.0006253	0.00054202724
2460924.076844199	1.0014386	0.00054236763
2460924.078233114	0.9999714	0.00054160506
2460924.0796220284	0.9995736	0.0005419613
2460924.0810109433	1.0003526	0.0005421106
2460924.082399858	0.9997618	0.0005419338
2460924.0837887726	1.0002788	0.0005419377
2460924.0851776875	1.0006202	0.0005418785
2460924.0865666023	1.0009646	0.00054198987
2460924.0879555168	0.9999358	0.0005418909
2460924.0893444316	1.0008651	0.00054213154
2460924.090733346	1.0006361	0.0005419866
2460924.092122261	1.000509	0.00054214423
2460924.093511176	1.00075	0.00054212817
2460924.0949000902	1.0002387	0.00054203067
2460924.096289005	1.0009391	0.0005420595
2460924.0976779195	0.99974895	0.0005418935
2460924.0990668344	1.0000277	0.0005421269
2460924.100455749	1.0009224	0.00054217543
2460924.1018446637	1.001318	0.00054212933
2460924.103233578	1.0003583	0.00054204516
2460924.104622493	1.0013487	0.00054203515
2460924.1060114074	1.0007935	0.0005418765
2460924.1074003223	0.999854	0.00054170104
2460924.1087892368	1.0001029	0.0005417947
2460924.1101781516	0.99988955	0.0005417908
2460924.111567066	1.0001483	0.000541767
2460924.112955981	0.999186	0.0005415733
2460924.1143448954	1.0018669	0.0005422723
2460924.1157338102	0.9996995	0.0005416536
2460924.1171227247	0.9997297	0.0005419115
2460924.1185116395	1.0001327	0.00054176844
2460924.119900554	1.0003046	0.0005418884
2460924.121289469	1.0001712	0.0005417761
2460924.1226783837	1.0002271	0.00054173206
2460924.124067298	0.9998086	0.000541761
2460924.1254562126	0.99965143	0.0005417156
2460924.1268451274	1.0004045	0.0005417316
2460924.128234042	1.0001097	0.0005417302
2460924.1296229563	0.99977785	0.0005416798
2460924.131011871	0.99959135	0.00054163183
2460924.132400786	0.998901	0.00054144865
2460924.1337897005	1.0001683	0.00054174644
2460924.135178615	0.99940574	0.00054166664
2460924.1365675298	1.0001239	0.0005418778
2460924.137956444	1.0008098	0.000542018
2460924.139345359	0.9998158	0.00054174435
2460924.1407342735	1.0004065	0.0005418236
2460924.1421231884	0.99990976	0.0005415301
2460924.143512103	0.99907583	0.0005416247
2460924.144901017	0.9994696	0.00054150267
2460924.1462899316	1.0011619	0.0005417221
2460924.1476788465	0.9986461	0.0005413841
2460924.1490677614	1.0010084	0.0005418459
2460924.150456676	1.000331	0.0005418239
2460924.15184559	1.0003936	0.00054186356
2460924.1532345046	1.0005734	0.0005416595
2460924.1546234195	0.99898344	0.00054146786
2460924.156012334	0.9993185	0.0005414723
2460924.157401249	1.000421	0.00054172275
2460924.158790163	0.9999296	0.00054161716
2460924.1601790776	0.9999062	0.0005416339
2460924.1615679925	1.0001329	0.0005417857
2460924.162956907	1.000128	0.00054147793
2460924.1643458214	0.99951786	0.0005415807
2460924.165734736	0.9990482	0.0005415308
2460924.1671236507	0.99976957	0.00054163433
2460924.168512565	0.9996419	0.0005415562
2460924.1699014795	0.99972516	0.0005417025
2460924.1712903944	0.9994619	0.00054156815
2460924.172679309	0.9995564	0.0005416328
2460924.174068223	1.0000226	0.0005416654
2460924.175457138	1.000315	0.00054158474
2460924.1768460525	0.9997341	0.00054167514
2460924.178234967	0.99980587	0.0005416507
2460924.1796238814	1.00004	0.0005415989
2460924.1810127962	0.999786	0.00054162735
2460924.1824017107	1.000611	0.0005416637
2460924.183790625	0.99995553	0.0005416139
2460924.18517954	1.0003636	0.0005415333
2460924.1865684544	0.9998713	0.0005416705
2460924.187957369	0.99948806	0.0005415334
2460924.189346283	0.99989605	0.00054162444
2460924.1907351976	1.0003772	0.0005416397
2460924.192124112	1.0000032	0.00054176577
2460924.193513027	0.99979746	0.00054158166
2460924.1949019413	1.0004171	0.00054176606
2460924.1962908558	1.0008456	0.0005416358
2460924.1976797706	1.000468	0.00054154155
2460924.1990686846	1.0006189	0.0005418496
2460924.2004575995	0.9995541	0.00054154854
2460924.201846514	0.99968696	0.0005414467
2460924.2032354283	0.99980134	0.00054138055
2460924.2046243427	0.9994488	0.0005416287
2460924.206013257	1.0008593	0.0005418478
2460924.207402172	1.000315	0.00054162974
2460924.2087910865	0.9994315	0.0005413503
2460924.210180001	0.9993313	0.0005415798
2460924.2115689153	1.0006205	0.0005416435
2460924.2129578297	0.99943423	0.0005413183
2460924.2143467446	1.0012048	0.000541833
2460924.2157356585	1.0001054	0.00054129254
2460924.2171245734	1.0008605	0.0005418888
2460924.218513488	0.9995781	0.0005415207
2460924.2199024023	1.0007448	0.00054153486
2460924.2212913167	1.0003442	0.000541651
2460924.222680231	1.0001407	0.00054152525
2460924.2240691455	0.999887	0.0005416432
2460924.22545806	1.0000912	0.0005414533
2460924.2268469743	0.9988365	0.0005412966
2460924.2282358888	1.0013063	0.00054182974
2460924.2296248036	1.0009619	0.00054173777
2460924.231013718	1.0003992	0.00054158777
2460924.2324026325	1.0010091	0.00054171367
2460924.233791547	1.0011874	0.000541658
2460924.2351804613	1.0004153	0.0005416364
2460924.2365693757	0.99972165	0.0005414952
2460924.23795829	1.0009665	0.00054178695
2460924.2393472046	0.99973184	0.0005414462
2460924.240736119	0.99952716	0.0005414929
2460924.2421250334	0.99964297	0.0005415226
2460924.243513948	1.0003762	0.0005415303
2460924.2449028622	1.0010201	0.0005419003
2460924.2462917767	1.0010828	0.0005415723
2460924.247680691	1.0007951	0.0005416186
2460924.2490696055	1.0010155	0.0005416711
2460924.25045852	1.0006711	0.0005417691
2460924.2518474343	1.0001417	0.00054158457
2460924.2532363487	1.000538	0.00054156396
2460924.254625263	1.0000981	0.00054147426
2460924.2560141776	1.0005392	0.00054141314
2460924.257403092	1.0009496	0.00054163556
2460924.2587920064	1.0008935	0.0005415936
2460924.260180921	1.0006309	0.0005414617
2460924.2615698352	1.00133	0.0005416797
2460924.2629587497	1.0013661	0.0005418937
2460924.264347664	1.0006387	0.00054183375
2460924.2657365785	1.0000623	0.0005414543
2460924.267125493	1.000158	0.0005412946
2460924.2685144073	0.99939	0.0005413899
2460924.2699033218	1.0001858	0.00054154056
2460924.2712922357	1.0002104	0.0005415611
2460924.2726811506	1.0008228	0.00054158905
2460924.2740700645	0.9999093	0.00054147415
2460924.275458979	0.9996076	0.0005414091
2460924.2768478934	1.0008782	0.00054189336
2460924.278236808	1.0007472	0.0005416694
2460924.279625722	1.0002781	0.00054147426
2460924.2810146366	1.0009861	0.0005416301
2460924.282403551	1.000605	0.0005415164
2460924.283792465	1.0009227	0.0005417424
2460924.2851813794	1.0014277	0.0005416622
2460924.2865702943	1.0001384	0.00054153666
2460924.2879592082	0.99956495	0.00054126076
2460924.2893481227	1.0003893	0.000541521
2460924.290737037	1.0004972	0.00054161047
2460924.2921259515	1.0000268	0.00054141186
2460924.2935148655	1.0013905	0.0005416984
2460924.29490378	1.000617	0.0005415462
2460924.2962926943	1.0002966	0.0005415285
2460924.2976816087	1.0000288	0.0005412617
2460924.299070523	1.0007541	0.0005415635
2460924.3004594375	1.0006399	0.0005416527
2460924.301848352	1.0005997	0.000541654
2460924.3032372664	1.0007946	0.00054153666
2460924.3046261803	1.0002234	0.0005415004
2460924.3060150947	0.9997402	0.00054144056
2460924.307404009	1.0005172	0.0005415138
2460924.3087929236	1.000809	0.0005414724
2460924.3101818375	1.0004908	0.0005414476
2460924.311570752	1.0004642	0.0005415068
2460924.3129596664	1.0004	0.00054126093
2460924.314348581	1.0012853	0.00054159306
2460924.3157374947	1.0013936	0.0005416726
2460924.317126409	0.9999424	0.0005412829
2460924.3185153236	0.99970883	0.0005413318
2460924.3199042375	1.000297	0.00054150453
2460924.321293152	1.00008	0.0005415844
2460924.3226820664	0.99964917	0.00054141536
2460924.324070981	0.9997231	0.00054125336
2460924.325459895	1.0000299	0.00054114667
2460924.326848809	1.0006577	0.00054165267
2460924.3282377236	1.0000956	0.0005413225
2460924.3296266375	1.0003889	0.0005414343
2460924.331015552	1.0006757	0.00054144935
2460924.3324044663	0.9991539	0.00054114935
2460924.3337933808	1.0005673	0.00054133584
2460924.3351822947	1.0012193	0.00054150564
2460924.336571209	1.0001827	0.00054141606
2460924.3379601236	0.9997641	0.000541667
2460924.3393490375	0.99995947	0.00054135843
2460924.340737952	1.0000519	0.00054127065
2460924.3421268663	1.0007976	0.000541521
2460924.3435157803	1.0002728	0.0005414204
2460924.3449046947	0.999936	0.0005414417
2460924.3462936087	1.0003107	0.0005414325
2460924.347682523	0.99995756	0.00054130866
2460924.3490714375	1.0005195	0.00054159143
2460924.3504603514	1.0008693	0.0005415449
2460924.351849266	1.0011264	0.00054152514
2460924.3532381803	0.9997109	0.0005413603
2460924.354627094	1.0015268	0.0005416103
2460924.3560160086	1.0003582	0.00054141873
2460924.357404923	1.0008614	0.00054153544
2460924.358793837	1.000943	0.0005414101
2460924.3601827514	1.0009279	0.0005413919
2460924.3615716654	0.99996287	0.0005412693
2460924.36296058	1.0000219	0.00054151315
2460924.3643494938	1.0004451	0.00054151897
2460924.365738408	1.0012419	0.00054161286
2460924.3671273226	1.0005251	0.0005414884
2460924.3685162365	1.0009654	0.00054151943
2460924.369905151	1.0008544	0.000541535
2460924.371294065	1.000675	0.0005413183
2460924.3726829793	1.0009193	0.00054148614
2460924.3740718933	1.0011824	0.00054159376
2460924.3754608077	1.0001062	0.0005413811
2460924.3768497217	1.0003705	0.0005413297
2460924.378238636	1.0006753	0.0005415013
2460924.37962755	1.000992	0.0005415895
2460924.3810164644	0.99990094	0.0005411546
2460924.3824053784	1.0003555	0.00054126524
2460924.383794293	0.99993104	0.0005412849
2460924.3851832068	1.0001038	0.0005415171
2460924.386572121	0.9995341	0.0005411963
2460924.387961035	0.99989736	0.0005413588
2460924.3893499495	1.0009719	0.0005414428
2460924.3907388635	1.000013	0.0005414085
2460924.3921277774	1.0002211	0.0005413072
2460924.393516692	1.000305	0.00054121943
2460924.3949056063	0.99989873	0.0005413803
2460924.3962945202	1.0001252	0.00054145005
2460924.3976834347	0.9992301	0.0005413539
2460924.3990723486	0.9999423	0.000541295
2460924.4004612626	1.0000601	0.0005410481
2460924.401850177	1.000385	0.00054151897
2460924.403239091	1.0004516	0.0005414813
2460924.4046280053	0.99989265	0.0005411903
2460924.4060169193	1.0004631	0.0005412197
2460924.4074058332	1.0004132	0.00054112996
2460924.4087947477	1.0004431	0.0005413646
2460924.4101836616	1.000989	0.0005413688
2460924.4115725756	0.99988115	0.0005410667
2460924.41296149	1.0010662	0.0005412783
2460924.414350404	1.0008237	0.0005413498
2460924.4157393184	1.0009884	0.00054145535
2460924.4171282323	1.000243	0.0005412088
2460924.4185171463	0.99997175	0.00054133555
2460924.4199060607	0.99981457	0.0005414207
2460924.4212949746	0.99963623	0.0005413291
2460924.4226838886	1.0004911	0.000541201
2460924.424072803	1.000424	0.00054115313
2460924.425461717	1.0007637	0.0005412883
2460924.4268506314	0.999931	0.000541246
2460924.4282395453	1.0004303	0.00054129434
2460924.4296284593	1.0006369	0.0005411154
2460924.4310173737	1.0004942	0.0005414766
2460924.4324062876	1.0011226	0.0005412441
2460924.4337952016	0.99995494	0.00054158777
2460924.4351841155	0.99964106	0.0005409885
2460924.43657303	1.0000588	0.00054113177
2460924.437961944	1.0009364	0.0005414208
2460924.439350858	1.0005676	0.00054119685
2460924.4407397723	1.0012853	0.000541596
2460924.4421286862	1.0014441	0.0005414486
2460924.4435176	0.99960124	0.00054106803
2460924.444906514	1.0006437	0.0005412399
2460924.446295428	1.0015923	0.00054136635
2460924.447684342	0.99962837	0.00054111617
2460924.4490732565	1.0003573	0.00054137205
2460924.4504621704	1.0008031	0.00054132874
2460924.4518510844	1.0005178	0.0005410867
2460924.453239999	1.0002836	0.0005412835
2460924.4546289127	0.9994154	0.0005411249
2460924.4560178267	1.0000141	0.00054104853
2460924.4574067406	1.0009748	0.0005415369
2460924.4587956546	1.0003458	0.00054131646
2460924.460184569	1.0011907	0.0005413982
2460924.461573483	1.0001469	0.0005413929
2460924.462962397	1.000196	0.0005411211
2460924.464351311	0.999236	0.00054092996
2460924.465740225	1.0006104	0.00054113776
2460924.4671291388	0.9995196	0.0005409163
2460924.468518053	1.0012878	0.0005413987
2460924.469906967	1.0006253	0.00054123305
2460924.471295881	1.0008115	0.0005413166
2460924.472684795	1.0000653	0.0005412261
2460924.474073709	1.0001184	0.0005412962
2460924.475462623	1.000875	0.0005413343
2460924.4768515374	1.0001494	0.00054135016
2460924.4782404513	0.99980646	0.000540902
2460924.4796293653	0.9998015	0.0005410494
2460924.481018279	1.0002054	0.00054115575
2460924.482407193	1.0003572	0.00054143526
2460924.483796107	0.99976593	0.0005409795
2460924.485185021	1.0000751	0.0005412214
2460924.486573935	0.9993298	0.0005409401
2460924.487962849	0.99944615	0.000540935
2460924.4893517634	1.0005221	0.000541396
2460924.490740677	1.000008	0.0005411801
2460924.4921295913	1.0002184	0.0005409562
2460924.493518505	1.0009263	0.000541454
2460924.494907419	0.999796	0.00054103794
2460924.496296333	1.000055	0.00054101384
2460924.497685247	1.00031	0.0005411375
2460924.499074161	0.99948424	0.0005410851
2460924.500463075	1.0004653	0.00054116396
2460924.501851989	1.0002035	0.0005412993
2460924.503240903	1.0002046	0.0005410294
2460924.504629817	1.0001843	0.0005413303
2460924.506018731	0.99959785	0.000540985
2460924.5074076448	0.99993104	0.0005409739
2460924.5087965587	1.0000919	0.0005411845
2460924.5101854727	1.0007318	0.0005410623
2460924.5115743866	1.0006686	0.00054107583
2460924.5129633006	0.9995332	0.0005411288
2460924.5143522145	1.0003477	0.0005411415
2460924.5157411285	1.0001954	0.00054133707
2460924.5171300424	1.0001892	0.0005412227
2460924.5185189564	0.9996983	0.000540839
2460924.51990787	0.99977964	0.00054102135
2460924.5212967843	1.0006825	0.00054097647
2460924.5226856982	1.0004545	0.0005412543
2460924.5240746117	1.0008765	0.000541323
2460924.525463526	0.9996942	0.0005409729
2460924.5268524396	0.9998414	0.00054099277
2460924.7115779677	0.9995621	0.00054079003
2460924.7129668808	0.9999125	0.0005411351
2460924.7143557947	1.0000534	0.00054099853
2460924.715744708	0.9997209	0.0005408918
2460924.7171336217	1.0003409	0.0005408477
2460924.718522535	0.99963576	0.0005408264
2460924.7199114487	0.99981016	0.000540818
2460924.7213003626	0.99933964	0.00054071937
2460924.7226892756	0.9994509	0.0005407914
2460924.7240781896	0.9996286	0.0005407484
2460924.725467103	1.0009376	0.0005410841
2460924.7268560166	1.0000944	0.0005408802
2460924.72824493	0.99999595	0.0005406548
2460924.7296338435	0.9993244	0.000540888
2460924.731022757	1.0004613	0.0005408739
2460924.732411671	1.0000603	0.0005408429
2460924.733800584	0.99942464	0.0005407077
2460924.735189498	1.000581	0.00054096157
2460924.736578411	1.0011464	0.00054091966
2460924.737967325	0.9996344	0.00054095226
2460924.7393562384	0.999873	0.0005408017
2460924.740745152	1.0003567	0.0005410364
2460924.7421340654	1.0003517	0.0005410269
2460924.743522979	1.0006357	0.00054105546
2460924.7449118923	0.99916893	0.0005407584
2460924.746300806	0.99967474	0.00054066005
2460924.7476897193	1.0007216	0.0005409342
2460924.749078633	1.0006769	0.0005407794
2460924.7504675463	0.99957013	0.0005408722
2460924.75185646	0.9997461	0.00054081634
2460924.7532453733	1.0004865	0.00054088887
2460924.7546342867	0.9993665	0.0005404971
2460924.7560232	1.0005443	0.0005409154
2460924.7574121137	1.0001429	0.0005408859
2460924.758801027	1.000695	0.0005408432
2460924.7601899407	0.99978536	0.00054079137
2460924.761578854	1.0007012	0.00054110395
2460924.7629677677	1.0005409	0.0005410012
2460924.764356681	1.000204	0.0005407446
2460924.7657455946	1.0008972	0.00054116413
2460924.767134508	1.0009599	0.0005408527
2460924.768523421	1.0009917	0.0005411119
2460924.7699123346	1.0012337	0.000541056
2460924.7713012486	1.0007409	0.00054092996
2460924.7726901616	1.0011694	0.0005410828
2460924.774079075	0.99993277	0.00054065575
2460924.7754679886	1.0008221	0.00054104225
2460924.776856902	1.0007545	0.0005407903
2460924.7782458155	1.0005165	0.0005410959
2460924.779634729	1.0008482	0.00054099853
2460924.7810236425	1.001238	0.0005408893
2460924.7824125555	0.9989922	0.00054065697
2460924.7838014695	1.0000783	0.0005407806
2460924.7851903825	1.0001969	0.00054097676
2460924.786579296	1.0001025	0.00054072414
2460924.7879682095	1.0004267	0.0005408364
2460924.789357123	0.9992377	0.00054068584
2460924.7907460365	1.0004697	0.0005407811
2460924.7921349495	1.0014995	0.0005410135
2460924.793523863	1.0004088	0.00054097525
2460924.7949127764	1.0007981	0.00054085965
2460924.79630169	1.0007085	0.00054084486
2460924.7976906034	1.0015559	0.0005413323
2460924.799079517	1.0009642	0.00054113613
2460924.8004684304	1.000043	0.00054083933
2460924.8018573434	1.0006212	0.0005409563
2460924.803246257	0.99947906	0.00054065895
2460924.8046351704	1.0005639	0.0005408176
2460924.806024084	1.0001047	0.0005408652
2460924.8074129974	1.0005003	0.00054092257
2460924.8088019104	1.0000666	0.00054110953
2460924.810190824	1.0006825	0.0005408573
2460924.811579737	1.0012228	0.00054079876
2460924.8129686504	1.0009307	0.00054096885
2460924.814357564	1.0003574	0.0005408605
2460924.8157464773	0.9998593	0.0005406824
2460924.817135391	1.0004369	0.000540794
2460924.818524304	1.0002629	0.0005408662
2460924.8199132173	1.0009146	0.0005410722
2460924.821302131	0.9992434	0.00054034987
2460924.822691044	1.0008336	0.00054100354
2460924.8240799573	1.0003932	0.0005409387
2460924.825468871	1.0001541	0.00054068747
2460924.8268577843	1.001116	0.0005412143
2460924.8282466973	1.0001898	0.00054101815
2460924.829635611	1.000387	0.0005407688
2460924.831024524	1.001192	0.0005411552
2460924.8324134373	1.0007057	0.00054075976
2460924.833802351	1.0004313	0.0005406956
2460924.835191264	0.9990923	0.0005404974
2460924.8365801773	1.000805	0.0005409036
2460924.837969091	1.0000621	0.0005406921
2460924.8393580043	1.0010298	0.0005408785
2460924.8407469173	1.0011972	0.0005408408
2460924.842135831	1.0002002	0.0005407385
2460924.8435247443	1.0001422	0.0005409612
2460924.8449136573	1.0001615	0.00054072257
2460924.846302571	0.99987596	0.0005407728
2460924.847691484	1.00051	0.0005406731
2460924.8490803973	1.0005456	0.0005406545
2460924.8504693103	1.0004796	0.00054089277
2460924.851858224	1.0004795	0.00054076896
2460924.8532471373	1.001546	0.0005409412
2460924.8546360503	1.0002652	0.0005409383
2460924.856024964	1.0010616	0.00054095476
2460924.857413877	1.0008177	0.000540745
2460924.8588027903	1.0013225	0.0005408983
2460924.860191704	1.0009073	0.000540918
2460924.861580617	0.99976313	0.0005405943
2460924.8629695303	0.999982	0.0005408218
2460924.8643584433	1.0005896	0.0005410009
2460924.865747357	1.0002391	0.0005409621
2460924.86713627	1.0002365	0.00054075965
2460924.868525183	1.0007375	0.00054088037
2460924.8699140963	1.000248	0.0005406766
2460924.8713030093	1.0001982	0.0005406042
2460924.872691923	1.0000988	0.00054082455
2460924.874080836	1.0009989	0.0005408828
2460924.8754697493	0.9999499	0.00054066314
2460924.8768586623	1.0010971	0.0005409358
2460924.878247576	1.0005199	0.00054092996
2460924.8796364893	1.0010628	0.0005410348
2460924.8810254023	1.0004472	0.0005408883
2460924.8824143154	1.000056	0.0005406594
2460924.883803229	1.0001404	0.0005406912
2460924.885192142	0.9992721	0.000540592
2460924.886581055	1.001636	0.0005411231
2460924.8879699684	1.0003167	0.0005408438
2460924.889358882	1.0002974	0.00054067245
2460924.890747795	1.0006762	0.0005410754
2460924.892136708	1.0006112	0.0005408769
2460924.893525621	1.0011182	0.00054089207
2460924.8949145344	1.000858	0.0005409364
2460924.8963034474	0.99969786	0.0005408187
2460924.897692361	1.0012896	0.00054108514
2460924.899081274	1.0004852	0.0005405359
2460924.900470187	1.0000294	0.0005405999
2460924.9018591004	1.0008142	0.00054063066
2460924.9032480135	1.0009193	0.0005408102
2460924.904636927	1.0001117	0.0005406482
2460924.90602584	1.0001305	0.00054071675
2460924.907414753	0.99998325	0.0005406287
2460924.9088036665	0.99964416	0.000540568
2460924.9101925795	1.0000328	0.0005408474
2460924.9115814925	0.99990976	0.0005409123
2460924.9129704055	1.0017763	0.0005410536
2460924.914359319	0.9993887	0.0005407785
2460924.915748232	1.0001564	0.00054071523
2460924.9171371455	1.0012531	0.00054091803
2460924.9185260586	1.0000446	0.00054078834
2460924.9199149716	1.0003833	0.00054073776
2460924.921303885	1.0001267	0.0005407092
2460924.922692798	0.9998194	0.0005407303
2460924.924081711	1.0005047	0.00054076314
2460924.925470624	1.0003165	0.0005405129
2460924.926859537	1.0007372	0.0005408487
2460924.9282484506	1.0014482	0.00054080033
2460924.9296373636	0.9997127	0.0005406776
2460924.9310262767	1.0009061	0.0005407389
2460924.9324151897	0.99959403	0.00054058345
2460924.933804103	1.0004153	0.00054076896
2460924.935193016	1.0001905	0.00054081983
2460924.936581929	0.9995786	0.0005406822
2460924.9379708427	1.001146	0.0005410249
2460924.9393597553	0.99979746	0.00054070365
2460924.9407486687	1.0001847	0.00054045743
2460924.9421375818	1.0005158	0.00054094073
2460924.943526495	1.0012825	0.0005409138
2460924.9449154083	1.0010176	0.00054085295
2460924.946304321	0.999797	0.0005406775
2460924.9476932343	0.9995463	0.0005406298
2460924.9490821473	1.001075	0.000540826
2460924.9504710604	1.0002062	0.00054064917
2460924.9518599734	1.0005995	0.00054060423
2460924.9532488864	0.99963784	0.0005407682
2460924.9546378	1.0005814	0.00054060743
2460924.9560267124	1.0004934	0.00054072414
2460924.957415626	1.0005087	0.00054073683
2460924.958804539	0.99990284	0.0005405447
2460924.960193452	1.0005296	0.0005405091
2460924.961582365	1.0001634	0.0005405767
2460924.962971278	0.99945354	0.00054045575
2460924.964360191	0.99991155	0.00054064236
2460924.965749104	0.99984354	0.0005406844
2460924.9671380175	1.0002071	0.0005405774
2460924.96852693	1.0008749	0.00054100726
2460924.9699158436	1.0004338	0.0005407889
2460924.9713047566	0.99958664	0.0005406342
2460924.9726936696	0.9998374	0.0005406704
2460924.9740825826	1.0003027	0.00054041884
2460924.9754714957	1.0003659	0.0005405394
2460924.9768604087	0.99999213	0.0005407147
2460924.9782493217	1.0004526	0.00054057327
2460924.9796382347	1.0000787	0.0005406627
2460924.9810271477	1.0006307	0.00054082583
2460924.9824160608	1.0002359	0.0005406897
2460924.983804974	1.0010295	0.0005409005
2460924.985193887	1.0014787	0.0005408533
2460924.9865828	1.0006117	0.0005407725
2460924.987971713	1.0001384	0.00054068974
2460924.989360626	1.0006942	0.0005408321
2460924.990749539	0.9996116	0.00054086297
2460924.992138452	1.000082	0.00054067065
2460924.993527365	1.0008602	0.00054086355
2460924.994916278	1.0005921	0.00054101803
2460924.996305191	1.0006622	0.000540767
2460924.997694104	1.0006481	0.0005404554
2460924.999083017	1.0003766	0.0005405608
2460925.00047193	1.0004225	0.0005407671
2460925.001860843	1.0005112	0.00054084667
2460925.003249756	1.0004317	0.0005406445
2460925.0046386686	1.0007743	0.0005406464
2460925.0060275816	1.0004845	0.0005405296
2460925.007416495	1.0004791	0.0005405384
2460925.0088054077	1.0001025	0.0005405519
2460925.0101943207	0.9999928	0.0005405674
2460925.0115832337	0.9999966	0.00054030924
2460925.0129721467	0.99996233	0.00054065004
2460925.0143610598	1.0005676	0.000540794
2460925.015749973	1.00068	0.0005407243
2460925.017138886	1.0008343	0.0005406969
2460925.0185277984	1.0004463	0.0005405548
2460925.0199167114	1.0008695	0.00054083986
2460925.0213056244	1.0007457	0.0005406271
2460925.0226945374	1.0001711	0.0005407328
2460925.0240834504	1.0012808	0.0005408097
2460925.0254723635	1.0004297	0.0005406602
2460925.0268612765	1.0001419	0.0005405322
2460925.028250189	1.0004606	0.0005408491
2460925.029639102	1.0006946	0.00054068846
2460925.031028015	1.0003502	0.00054064667
2460925.032416928	1.0009857	0.0005407513
2460925.033805841	0.99964637	0.0005404483
2460925.0351947537	0.99981457	0.00054074056
2460925.0365836667	1.0004052	0.00054063264
2460925.0379725797	1.0007995	0.00054087356
2460925.0393614927	1.0008001	0.0005405376
2460925.0407504053	0.9999845	0.00054043566
2460925.0421393183	1.0005116	0.00054051715
2460925.0435282313	0.99974567	0.000540541
2460925.0449171443	0.9998358	0.0005406071
2460925.0463060574	1.001108	0.0005408421
2460925.04769497	0.9998989	0.00054051547
2460925.049083883	1.0012639	0.0005407992
2460925.0504727955	1.0001533	0.0005406232
2460925.0518617085	1.0002872	0.00054082274
2460925.0532506215	1.0002371	0.0005406871
2460925.0546395346	1.0002189	0.0005406677
2460925.0560284476	0.9998817	0.0005407691
2460925.05741736	0.9993543	0.0005405389
2460925.058806273	1.0002109	0.00054066407
2460925.0601951857	0.99987084	0.0005403643
2460925.0615840987	0.9998117	0.0005404706
2460925.0629730118	1.0003842	0.00054061064
2460925.0643619243	0.9992936	0.00054054096
2460925.0657508373	0.9999592	0.0005404267
2460925.0671397503	0.9999483	0.0005405949
2460925.068528663	1.0003501	0.0005406797
2460925.069917576	0.9995125	0.0005406014
2460925.071306489	1.0008891	0.0005410172
2460925.0726954015	0.99942285	0.00054036273
2460925.0740843145	1.0004101	0.00054071855
2460925.0754732275	1.000341	0.00054076937
2460925.07686214	0.9996714	0.00054025714
2460925.078251053	0.99959904	0.00054059445
2460925.079639966	1.0003256	0.0005407507
2460925.0810288787	1.0005299	0.00054052874
2460925.0824177917	0.999876	0.00054062286
2460925.0838067043	0.9995786	0.0005405421
2460925.0851956173	0.99908376	0.0005403019
2460925.08658453	0.9999154	0.0005406059
2460925.087973443	0.99997944	0.00054064486
2460925.089362356	1.0001899	0.000540594
2460925.0907512684	1.000464	0.0005407324
2460925.0921401815	0.9998027	0.0005405206
2460925.093529094	0.99970496	0.0005406193
2460925.094918007	1.0003463	0.0005406166
2460925.0963069196	1.001192	0.0005406965
2460925.0976958326	0.9996809	0.00054048304
2460925.099084745	0.99984735	0.0005406465
2460925.1004736577	1.0002881	0.0005405105
2460925.1018625707	1.0005604	0.00054067123
2460925.1032514833	1.0003644	0.00054068153
2460925.1046403963	1.0005015	0.00054049393
2460925.106029309	0.9997196	0.00054037827
2460925.107418222	1.0004917	0.0005406763
2460925.108807135	0.99867404	0.00054031366
2460925.1101960475	0.9991247	0.00054040225
2460925.11158496	1.0002283	0.0005405141
2460925.112973873	0.999791	0.0005404031
2460925.1143627856	1.0004061	0.00054062763
2460925.1157516986	1.0000529	0.00054062903
2460925.117140611	0.99968886	0.0005403867
2460925.118529524	0.9986839	0.0005403044
2460925.1199184367	1.0004879	0.0005406072
2460925.1213073493	0.9991338	0.00054051186
2460925.1226962623	0.999768	0.0005406474
2460925.124085175	0.9999236	0.0005405684
2460925.125474088	1.0000353	0.0005403826
2460925.1268630004	0.9981964	0.00054036896
2460925.128251913	1.0000553	0.0005406954
2460925.129640826	0.999928	0.00054044876
2460925.1310297386	0.999949	0.00054070336
2460925.132418651	1.0000987	0.0005406161
2460925.133807564	0.9995896	0.00054051913
2460925.1351964767	0.9995945	0.0005405714
2460925.1365853893	1.0004493	0.00054046
2460925.1379743023	1.0000165	0.00054050394
2460925.139363215	1.0013335	0.00054052775
2460925.1407521274	0.9999075	0.0005405785
2460925.1421410404	1.0007399	0.0005407017
2460925.143529953	1.0000885	0.00054042105
2460925.144918866	0.99987954	0.0005403419
2460925.1463077785	0.9999459	0.00054059015
2460925.147696691	1.0006123	0.00054058974
2460925.1490856037	1.0007156	0.0005405709
2460925.1504745167	1.0005374	0.00054061366
2460925.151863429	1.0002109	0.000540704
2460925.153252342	1.0010188	0.00054090796
2460925.154641255	1.0006762	0.0005405161
2460925.156030167	1.0005565	0.0005405946
2460925.15741908	0.9999623	0.00054073345
2460925.1588079925	1.00008	0.00054075633
2460925.160196905	1.0005963	0.0005406459
2460925.161585818	1.0006756	0.00054061884
2460925.1629747306	1.0009161	0.0005407918
2460925.164363643	1.0003493	0.0005407397
2460925.1657525557	0.9997584	0.00054057897
2460925.1671414687	0.99984413	0.00054063014
2460925.168530381	1.0005519	0.0005406996
2460925.169919294	1.0006475	0.00054077007
2460925.1713082064	0.99999684	0.0005405831
2460925.172697119	0.99938387	0.0005403053
2460925.174086032	1.0004193	0.0005403432
2460925.175474944	1.0002645	0.00054049323
2460925.176863857	0.9998113	0.000540347
2460925.1782527696	1.0005789	0.0005405292
2460925.179641682	1.0005395	0.0005405516
2460925.1810305947	0.9995828	0.0005406923
2460925.1824195073	1.0000255	0.00054022355
2460925.1838084203	1.0007809	0.00054089417
2460925.1851973324	1.0005287	0.00054065837
2460925.1865862454	1.0003163	0.0005404328
2460925.187975158	1.0005603	0.0005406814
2460925.1893640705	1.0006063	0.0005406161
2460925.190752983	0.9994921	0.00054051005
2460925.1921418956	1.0004257	0.0005406498
2460925.193530808	1.0008548	0.00054063584
2460925.1949197208	1.000708	0.00054052693
2460925.1963086333	1.000432	0.0005406556
2460925.1976975463	0.9990519	0.00054033217
2460925.1990864584	1.0007946	0.00054078194
2460925.2004753714	1.0000217	0.00054060936
2460925.2018642835	1.0004624	0.0005407189
2460925.2032531966	1.000155	0.0005404236
2460925.2046421086	1.0006009	0.00054050796
2460925.2060310217	0.99976724	0.00054053246
2460925.207419934	1.0006392	0.0005404422
2460925.208808847	1.0000287	0.0005404396
2460925.2101977593	0.99999845	0.0005406559
2460925.211586672	1.0001566	0.0005407347
2460925.2129755844	0.9994948	0.00054071366
2460925.214364497	1.0001465	0.00054079614
2460925.2157534095	1.0009818	0.0005407181
2460925.217142322	1.0012541	0.0005407118
2460925.2185312347	0.9995444	0.00054028264
2460925.219920147	1.0005889	0.0005405161
2460925.2213090598	1.0009096	0.0005406729
2460925.2226979723	0.99949616	0.00054038333
2460925.2240868844	0.999613	0.0005404379
2460925.2254757974	1.0000185	0.0005405878
2460925.22686471	0.9998399	0.00054051384
2460925.228253622	1.001058	0.00054086244
2460925.2296425346	1.0002606	0.0005404359
2460925.231031447	0.99974066	0.0005404505
2460925.2324203597	1.001494	0.0005407633
2460925.2338092723	1.0010537	0.0005407124
2460925.235198185	1.00028	0.0005405482
2460925.2365870974	1.0005062	0.0005407467
2460925.23797601	0.99986035	0.00054027676
2460925.2393649225	0.9999342	0.00054042874
2460925.2407538346	1.0001111	0.0005403955
2460925.242142747	1.0001714	0.00054040394
2460925.2435316597	0.9996607	0.0005404485
2460925.2449205723	1.000143	0.00054077304
2460925.246309485	0.99981713	0.00054035586
2460925.2476983974	1.0003506	0.000540367
2460925.24908731	1.0005122	0.00054056424
2460925.250476222	1.001146	0.0005405196
2460925.2518651346	1.0007371	0.0005406382
2460925.253254047	1.0004275	0.000540347
2460925.2546429597	1.0017684	0.0005407836
2460925.2560318722	1.000442	0.0005404308
2460925.2574207843	0.99952984	0.00054026954
2460925.258809697	1.0001312	0.00054050056
2460925.2601986094	0.9992314	0.0005402717
2460925.261587522	1.000538	0.0005406447
2460925.2629764345	1.0003902	0.00054062135
2460925.2643653466	0.99883676	0.0005404244
2460925.265754259	1.0006324	0.00054046244
2460925.2671431717	1.0006602	0.0005406447
2460925.2685320843	0.9998325	0.00054074044
2460925.2699209964	0.99995875	0.0005404831
2460925.271309909	1.0003461	0.0005406956
2460925.2726988215	0.99942535	0.00054034754
2460925.274087734	1.00047	0.0005404821
2460925.2754766466	1.0008314	0.0005405013
2460925.2768655587	1.0011774	0.0005405754
2460925.2782544713	0.9998011	0.00054069166
2460925.2796433833	0.9992251	0.00054049044
2460925.281032296	1.000761	0.0005406465
2460925.2824212085	0.99972177	0.0005404112
2460925.2838101205	0.9996148	0.0005404165
2460925.285199033	0.99980545	0.00054047385
2460925.2865879457	1.001072	0.00054066017
2460925.287976858	1.0001951	0.0005405175
2460925.2893657708	1.0003488	0.00054056384
2460925.290754683	1.0003543	0.0005404462
2460925.2921435954	1.0003818	0.0005407326
2460925.2935325075	0.99941045	0.0005405356
2460925.29492142	1.0007195	0.00054037396
2460925.296310332	1.000587	0.00054062385
2460925.2976992447	1.0003223	0.0005404941
2460925.2990881572	0.9998907	0.00054030045
2460925.3004770693	1.0010011	0.00054074376
2460925.301865982	1.0002077	0.0005405547
2460925.303254894	0.99953	0.0005403595
2460925.3046438065	1.0001491	0.00054075674
2460925.3060327186	1.0006678	0.0005405372
2460925.307421631	1.0001904	0.00054043555
2460925.3088105437	0.99932384	0.00054027326
2460925.310199456	1.0003014	0.0005406952
2460925.3115883684	0.9994198	0.0005402305
2460925.3129772805	1.0000507	0.0005405454
2460925.314366193	1.0002786	0.00054035615
2460925.315755105	0.9997625	0.00054062373
2460925.3171440177	1.0002196	0.0005404794
2460925.31853293	0.9992993	0.00054024265
2460925.3199218423	1.0000944	0.0005405849
2460925.321310755	1.0006063	0.00054063776
2460925.322699667	1.0009364	0.0005407808
2460925.3240885795	1.0002428	0.0005406508
2460925.3254774916	1.0005856	0.0005406562
2460925.326866404	1.00119	0.00054070505
2460925.3282553162	1.00043	0.00054058054
2460925.329644229	1.000389	0.00054062915
2460925.331033141	0.9990143	0.00054032006
2460925.332422053	1.0007223	0.00054071867
2460925.3338109655	0.99962205	0.0005404513
2460925.335199878	1.0008762	0.0005406157
2460925.33658879	1.000706	0.00054062856
2460925.3379777027	1.0007035	0.0005406461
2460925.339366615	1.0005159	0.0005404355
2460925.340755527	1.0006642	0.0005406244
2460925.342144439	0.99973416	0.0005404433
2460925.3435333516	1.0001332	0.000540657
2460925.344922264	1.0001756	0.00054056646
2460925.346311176	1.0010959	0.0005406562
2460925.3477000883	1.0008222	0.0005404955
2460925.3490890004	1.0005368	0.0005404375
2460925.350477913	1.000292	0.0005404906
2460925.351866825	1.0007633	0.0005404347
2460925.3532557376	0.999973	0.00054057245
2460925.3546446497	0.99989736	0.00054061774
2460925.3560335618	1.0009758	0.0005403883
2460925.3574224743	1.0008353	0.0005406808
2460925.3588113864	1.0002161	0.0005405887
2460925.360200299	0.9994331	0.0005405271
2460925.361589211	0.9994908	0.0005402822
2460925.362978123	1.001841	0.0005405984
2460925.3643670357	1.0004015	0.0005406351
2460925.365755948	1.0002098	0.0005407338
2460925.36714486	1.0007515	0.00054058246
2460925.368533772	1.0003091	0.0005404675
2460925.3699226845	0.9997413	0.00054031576
2460925.3713115966	1.0009118	0.0005405984
2460925.3727005087	1.0003694	0.0005404767
2460925.3740894212	1.0008477	0.0005403282
2460925.3754783333	1.0006547	0.00054062274
2460925.3768672454	1.0008023	0.0005407558
2460925.3782561575	0.99999714	0.00054062763
2460925.37964507	1.0002998	0.0005403363
2460925.381033982	1.0005528	0.0005405052
2460925.3824228942	1.0005846	0.00054032856
2460925.3838118063	1.0004892	0.00054043444
2460925.3852007184	0.99953586	0.0005402958
2460925.386589631	1.0002731	0.0005406593
2460925.387978543	1.001021	0.0005406482
2460925.389367455	1.0008178	0.00054068875
2460925.3907563677	1.0007612	0.00054061733
2460925.3921452793	1.0008307	0.0005405299
2460925.393534192	1.0004811	0.0005404748
2460925.394923104	0.9997263	0.00054030487
2460925.396312016	1.0011871	0.0005406155
2460925.397700928	0.9994585	0.0005404475
2460925.3990898402	1.0000757	0.0005403851
2460925.400478753	0.99931526	0.0005405029
2460925.401867665	0.99984175	0.0005404729
2460925.403256577	0.9991917	0.00054045126
2460925.404645489	0.9995574	0.0005403422
2460925.406034401	1.0004741	0.0005405499
2460925.4074233132	1.000729	0.00054066034
2460925.4088122253	0.999972	0.0005404613
2460925.410201138	0.99917257	0.0005402102
2460925.4115900495	1.0003344	0.0005403538
2460925.412978962	0.99957764	0.0005402958
2460925.4143678737	0.9998492	0.00054040167
2460925.4157567862	1.0000641	0.0005404133
2460925.4171456983	0.99973124	0.0005404024
2460925.4185346104	1.0003794	0.00054040825
2460925.4199235225	1.0006155	0.0005402617
2460925.4213124346	1.0001564	0.00054042775
2460925.4227013467	1.0002434	0.00054029666
2460925.424090259	0.9997473	0.000540423
2460925.425479171	0.9994781	0.0005402887
2460925.426868083	0.9998733	0.0005403499
2460925.428256995	1.0003269	0.0005403046
2460925.429645907	1.0003011	0.00054040784
2460925.431034819	1.0000365	0.0005404013
2460925.4324237313	1.0002594	0.0005403182
2460925.4338126434	0.99919605	0.0005402008
2460925.4352015555	0.99925894	0.0005402078
2460925.4365904676	0.99980545	0.00054048456
2460925.4379793797	1.0012909	0.000540746
2460925.4393682918	1.0000799	0.0005402924
2460925.440757204	1.0002851	0.00054041995
2460925.442146116	1.0000091	0.0005403956
2460925.443535028	0.99965703	0.0005403808
2460925.44492394	1.000908	0.0005406336
2460925.446312852	0.99967027	0.0005404111
2460925.4477017643	0.99996096	0.0005403759
2460925.4490906764	1.0000628	0.0005404209
2460925.4504795885	0.99987006	0.00054045615
2460925.4518685006	0.9995932	0.00054014067
2460925.4532574126	1.0004209	0.00054038886
2460925.4546463243	0.99966717	0.00054014573
2460925.456035237	1.0006741	0.00054055295
2460925.4574241485	1.0012364	0.0005405629
2460925.4588130605	0.9996489	0.0005403182
2460925.4602019726	1.0004134	0.0005405603
2460925.4615908847	0.9994161	0.000540336
2460925.462979797	1.0000973	0.0005405086
2460925.464368709	0.99948466	0.00054036337
2460925.465757621	1.0001645	0.0005403465
2460925.4671465326	1.0002344	0.00054043834
2460925.4685354447	1.0	0.0005404482
2460925.653260716	1.0000256	0.0005401376
2460925.6546496274	0.9997496	0.00053999113
2460925.6560385395	1.0003232	0.0005401942
2460925.6574274506	0.99895626	0.00054012897
2460925.6588163623	0.99966526	0.0005401911
2460925.660205274	1.0000135	0.0005402492
2460925.6615941855	0.99930865	0.0005399988
2460925.662983097	1.0003071	0.0005401714
2460925.6643720088	1.0002166	0.000540338
2460925.6657609204	1.0001839	0.0005401151
2460925.667149832	1.0002636	0.0005400517
2460925.6685387436	0.9993713	0.0005398112
2460925.669927655	0.9994139	0.0005399571
2460925.671316567	0.99914235	0.0005395637
2460925.6727054785	0.9990697	0.0005401029
2460925.6740943897	0.9997407	0.0005402719
2460925.6754833013	1.0006771	0.0005403121
2460925.676872213	0.9991841	0.0005400442
2460925.6782611245	0.9993236	0.0005402199
2460925.679650036	0.99996465	0.0005402079
2460925.681038948	0.9999377	0.00054022623
2460925.6824278594	0.9998264	0.00054020365
2460925.6838167706	0.9997654	0.00054002414
2460925.685205682	0.99995285	0.000540258
2460925.686594594	0.99920195	0.0005399824
2460925.6879835054	0.9998489	0.000540317
2460925.6893724166	0.9995318	0.0005401849
2460925.690761328	1.0004381	0.00054056494
2460925.69215024	1.0003127	0.00053996814
2460925.6935391515	1.000326	0.0005402907
2460925.694928063	0.9999632	0.0005401939
2460925.6963169742	0.9999233	0.00053984125
2460925.697705886	0.9985755	0.0005398351
2460925.6990947975	0.9998765	0.0005401611
2460925.700483709	1.0001171	0.0005402536
2460925.7018726207	0.9988758	0.00054015464
2460925.703261532	0.9991735	0.0005402001
2460925.7046504435	0.99944705	0.0005402096
2460925.706039355	1.0004181	0.0005404163
2460925.7074282668	0.99986833	0.00053997274
2460925.708817178	1.0005833	0.0005402068
2460925.7102060895	1.0000421	0.00054012606
2460925.711595001	1.0009121	0.0005405992
2460925.7129839123	1.0001812	0.0005402627
2460925.714372824	1.0001031	0.0005403806
2460925.7157617356	1.0009397	0.000540214
2460925.7171506467	1.0005422	0.00054031156
2460925.7185395584	1.0000297	0.0005401501
2460925.71992847	0.99931383	0.00054025586
2460925.7213173816	0.9998879	0.00054042425
2460925.7227062928	0.9996935	0.00054025475
2460925.7240952044	0.999719	0.00053997687
2460925.7254841155	1.0004094	0.00054034323
2460925.726873027	0.99984735	0.00054011296
2460925.72965085	1.0003521	0.00054046576
2460925.7310397616	1.0003269	0.0005401123
2460925.7324286727	1.0002906	0.0005405448
2460925.7338175843	1.0002538	0.0005403867
2460925.7352064955	1.0001731	0.00054003496
2460925.736595407	0.99966174	0.00053987914
2460925.7379843188	0.9997001	0.0005402847
2460925.73937323	0.9992977	0.0005401029
2460925.7407621415	1.0000021	0.0005401476
2460925.7421510527	1.0004002	0.00054030144
2460925.7435399643	0.9995742	0.0005398424
2460925.7449288755	1.0003023	0.0005404906
2460925.746317787	0.9995579	0.00054024864
2460925.7477066987	1.0007262	0.00054035
2460925.74909561	1.0003182	0.0005403371
2460925.7504845215	1.0001291	0.0005400671
2460925.7518734327	0.9999398	0.0005400743
2460925.7532623443	0.99957466	0.0005402814
2460925.7546512554	1.0002786	0.000540505
2460925.756040167	0.999701	0.000540124
2460925.757429078	1.0008211	0.00053980615
2460925.75881799	0.99988335	0.0005401928
2460925.760206901	0.99987906	0.0005402423
2460925.761595812	1.0003325	0.0005403883
2460925.762984724	1.0004165	0.00054021046
2460925.7643736354	0.9996304	0.0005400389
2460925.7657625466	0.9999826	0.0005402696
2460925.767151458	1.0003246	0.0005404087
2460925.7685403693	1.0009224	0.0005404483
2460925.7699292805	1.0003728	0.00054007716
2460925.771318192	1.0002985	0.0005403362
2460925.7727071033	0.9989884	0.0005403376
2460925.774096015	0.9999934	0.00054047833
2460925.775484926	0.999456	0.0005401614
2460925.7768738377	1.0011111	0.0005403449
2460925.778262749	1.0001334	0.00054039364
2460925.77965166	1.0007375	0.00054014736
2460925.781040571	1.001043	0.0005404732
2460925.782429483	0.9997738	0.0005403145
2460925.783818394	0.9998361	0.00054024474
2460925.7852073056	1.0002886	0.0005403098
2460925.7865962167	0.99959797	0.00054013537
2460925.787985128	1.0013704	0.0005405812
2460925.7893740395	1.0007004	0.00054036564
2460925.7907629507	0.9996157	0.0005404117
2460925.792151862	1.000137	0.00054031546
2460925.7935407734	0.99995214	0.00053995335
2460925.7949296846	1.0011382	0.0005405342
2460925.7963185958	0.99979234	0.0005402942
2460925.797707507	1.0016913	0.00054061774
2460925.7990964185	0.9991822	0.0005402733
2460925.8004853297	1.0002841	0.0005403479
2460925.801874241	1.0001532	0.00054003985
2460925.8032631525	1.0000287	0.00054017565
2460925.8046520636	1.0004418	0.0005401065
2460925.806040975	1.0004115	0.0005399399
2460925.807429886	1.0000323	0.0005402391
2460925.8088187976	1.0003709	0.00054012326
2460925.8102077087	1.000357	0.0005402205
2460925.81159662	1.000192	0.00053969113
2460925.812985531	1.000823	0.0005402943
2460925.814374442	1.0001262	0.00054015435
2460925.815763354	1.0000776	0.0005403
2460925.817152265	1.0007318	0.0005400702
2460925.818541176	1.0005779	0.00053984614
2460925.819930088	1.000676	0.0005401376
2460925.8213189985	0.9998933	0.000540645
2460925.82270791	1.0004169	0.00054019067
2460925.8240968212	1.0003691	0.0005404878
2460925.8254857324	1.0007421	0.0005404242
2460925.8268746436	1.0007017	0.00054036157
2460925.8282635547	1.0001056	0.00054028275
2460925.8296524663	1.0009296	0.0005403387
2460925.8310413775	1.0010021	0.0005404241
2460925.8324302887	1.00057	0.0005403916
2460925.8338192	1.0005083	0.0005403814
2460925.835208111	0.9999537	0.00054013805
2460925.836597022	0.9994531	0.0005404206
2460925.8379859333	1.0004288	0.0005403448
2460925.8393748445	1.0015395	0.0005405094
2460925.8407637556	1.0005496	0.0005401062
2460925.842152667	0.9994435	0.0005402913
2460925.843541578	0.9999005	0.0005403938
2460925.8449304895	1.0001422	0.0005403468
2460925.8463194007	0.999583	0.00054009195
2460925.847708312	1.000798	0.00054058124
2460925.849097223	0.99978167	0.0005397496
2460925.850486134	1.0003921	0.0005404832
2460925.8518750453	0.99946034	0.0005402122
2460925.8532639565	0.99990535	0.0005402666
2460925.8546528677	0.9992228	0.0005399673
2460925.856041779	1.0000998	0.00054029917
2460925.85743069	0.9995921	0.00054009137
2460925.858819601	1.0003023	0.0005400432
2460925.8602085123	0.9999951	0.00054010435
2460925.8615974234	1.0005952	0.0005404298
2460925.8629863346	0.999691	0.00054019317
2460925.8643752458	1.0009116	0.00054045924
2460925.865764157	0.99999845	0.0005401503
2460925.867153068	1.000432	0.0005401392
2460925.868541979	1.0001432	0.00054035464
2460925.8699308904	1.0000201	0.0005403056
2460925.8713198015	1.0001918	0.00054043037
2460925.8727087127	1.0008904	0.0005403265
2460925.874097624	0.9990583	0.0005401977
2460925.875486535	1.0005689	0.00054053095
2460925.8768754457	1.0009987	0.00054025446
2460925.878264357	0.9999434	0.00054033916
2460925.879653268	1.0006802	0.0005405125
2460925.881042179	0.9993705	0.00054011866
2460925.8824310903	0.99989897	0.0005404794
2460925.8838200015	0.99997675	0.00054021925
2460925.8852089127	1.0009077	0.00054027647
2460925.886597824	0.99959856	0.00054027356
2460925.887986735	1.0002942	0.00054033584
2460925.8893756457	1.0002935	0.00054022786
2460925.890764557	1.0000262	0.0005402634
2460925.892153468	0.9984593	0.00053966604
2460925.893542379	1.0005984	0.00054027274
2460925.8949312903	0.99976575	0.000539985
2460925.896320201	0.99988234	0.0005401094
2460925.897709112	1.0008163	0.000540385
2460925.8990980233	1.0009096	0.0005403559
2460925.9004869345	1.0000705	0.0005402361
2460925.9018758456	1.000863	0.0005403439
2460925.903264757	0.99998903	0.0005401985
2460925.904653668	1.0005506	0.0005397661
2460925.9060425786	1.0002177	0.00054006994
2460925.90743149	0.9993631	0.0005400755
2460925.9088204005	1.000664	0.00053919584
2460925.9102093116	1.0000725	0.0005400344
2460925.911598223	0.99983513	0.0005400429
2460925.912987134	1.0010201	0.0005402027
2460925.914376045	1.0007646	0.00054004294
2460925.915764956	1.0007048	0.00054029585
2460925.917153867	1.0005342	0.0005402522
2460925.918542778	0.9997355	0.0005399256
2460925.9213206	1.0000718	0.00054053223
2460925.922709511	1.0000532	0.0005403721
2460925.9240984223	1.0007067	0.0005405743
2460925.925487333	1.0005833	0.00054036826
2460925.926876244	1.0009192	0.0005404285
2460925.9282651553	0.9994844	0.0005400521
2460925.929654066	1.000415	0.0005401929
2460925.931042977	1.0009267	0.0005404244
2460925.9324318883	0.9995469	0.00053977786
2460925.933820799	1.0004424	0.00054022437
2460925.93520971	1.0007799	0.0005404081
2460925.9365986213	0.9999574	0.00054020865
2460925.937987532	1.0008146	0.0005404942
2460925.939376443	0.9995213	0.0005400902
2460925.9407653543	1.0013822	0.0005404745
2460925.942154265	1.0002004	0.0005403495
2460925.943543176	1.000186	0.0005403428
2460925.944932087	0.99935263	0.0005402993
2460925.946320998	0.9998996	0.00054029305
2460925.947709909	0.9994912	0.0005397498
2460925.94909882	1.0001261	0.00053982344
2460925.950487731	0.9999289	0.00054001657
2460925.9518766417	0.99969256	0.00054046384
2460925.953265553	1.0006268	0.0005403096
2460925.9546544636	1.0006859	0.00054004305
2460925.9560433747	1.0001472	0.0005404764
2460925.9574322854	1.0003417	0.0005398905
2460925.9588211966	1.0005844	0.0005402334
2460925.9602101073	0.99989605	0.0005396159
2460925.9615990184	1.0007212	0.0005400913
2460925.962987929	1.0006748	0.0005401287
2460925.9643768403	0.99996316	0.0005400213
2460925.965765751	1.0004634	0.00054044713
2460925.967154662	1.0003537	0.00054022495
2460925.968543573	1.0000669	0.00054008735
2460925.969932484	0.9998304	0.0005399311
2460925.9713213947	1.0003486	0.0005402294
2460925.972710306	0.99996465	0.00054022815
2460925.9740992165	0.9998323	0.0005401246
2460925.975488127	0.9999139	0.0005402204
2460925.9768770384	1.0004475	0.00054028316
2460925.978265949	0.99940526	0.00054014043
2460925.97965486	1.0007309	0.0005403778
2460925.981043771	1.0011172	0.0005402741
2460925.982432682	1.0002681	0.00054017856
2460925.9838215928	0.99971205	0.00054016657
2460925.9852105035	1.0017335	0.00054052443
2460925.9865994146	1.0011767	0.0005405263
2460925.9893772365	0.9992013	0.0005397867
2460925.990766147	1.0011116	0.0005402818
2460925.992155058	1.000063	0.0005397743
2460925.993543969	1.0004948	0.0005401775
2460925.9949328797	1.0000902	0.00054005656
2460925.9963217904	1.0002029	0.000540357
2460925.9977107015	1.0010165	0.0005401056
2460925.9990996122	0.9993311	0.00053975504
2460926.0004885234	1.000022	0.0005400481
2460926.001877434	0.9988544	0.00053981435
2460926.003266345	0.9993834	0.00053989195
2460926.0046552555	1.0009646	0.0005402508
2460926.0060441666	0.99918956	0.00053999067
2460926.0074330773	0.99972916	0.00054003164
2460926.008821988	0.99901587	0.00053979445
2460926.010210899	0.99950296	0.0005400493
2460926.01159981	0.99982417	0.00054026104
2460926.0129887206	0.99916625	0.0005400515
2460926.0143776312	0.9999147	0.00054023875
2460926.0157665424	1.000598	0.00054023886
2460926.0171554526	0.99991345	0.00054040237
2460926.018544364	0.9990483	0.000540081
2460926.0199332745	1.0003122	0.0005401457
2460926.021322185	0.9998681	0.00054037565
2460926.0227110963	0.99949145	0.00054008735
2460926.024100007	0.9999993	0.0005401724
2460926.0254889177	0.9990636	0.00054010586
2460926.0268778284	0.9994337	0.00054015295
2460926.028266739	0.9991625	0.00053992897
2460926.0296556503	0.9996162	0.0005397384
2460926.031044561	0.9994157	0.0005399104
2460926.0324334716	1.0004088	0.0005400834
2460926.0338223823	0.9998755	0.00054015464
2460926.035211293	0.999885	0.0005401672
2460926.0366002037	1.0000029	0.000540014
2460926.0379891144	1.0008996	0.0005401992
2460926.0393780256	0.9993659	0.00053998025
2460926.0407669363	0.9994532	0.00054018066
2460926.042155847	0.99964565	0.0005402302
2460926.0435447576	0.99909794	0.00053995766
2460926.0449336683	0.99985176	0.00053982553
2460926.046322579	0.9993241	0.00054011145
2460926.0477114897	0.99969286	0.0005399326
2460926.049100401	1.0000368	0.0005400419
2460926.050489311	0.9996319	0.00053995196
2460926.0518782223	1.0001223	0.00054023037
2460926.0532671325	1.0000427	0.0005402134
2460926.0546560436	1.0000539	0.00053990015
2460926.0560449543	0.99929035	0.00053984666
2460926.057433865	0.9993462	0.0005397842
2460926.0588227757	0.9996852	0.000539975
2460926.0602116864	0.9999163	0.00054004096
2460926.061600597	1.0001147	0.0005401693
2460926.062989508	0.999629	0.00054019474
2460926.0643784185	1.0003027	0.00054024335
2460926.065767329	0.9993622	0.0005400286
2460926.06715624	1.0005834	0.00054022955
2460926.0685451506	1.0003064	0.0005402821
2460926.0699340613	0.9991243	0.0005397293
2460926.071322972	0.99992985	0.00054021634
2460926.0727118826	0.9994452	0.0005400761
2460926.0741007933	0.9990765	0.00053995755
2460926.075489704	1.0001329	0.00054024503
2460926.0768786147	0.99946254	0.0005401755
2460926.0782675254	1.0000081	0.00054016436
2460926.0796564356	0.99912304	0.00054006424
2460926.081045347	0.9992996	0.0005400217
2460926.082434257	0.9993653	0.0005402277
2460926.0838231677	1.000446	0.0005404729
2460926.0852120784	0.9999662	0.0005400245
2460926.086600989	1.002954	0.0005408665
2460926.0879899	0.9996816	0.0005400465
2460926.0893788105	1.000023	0.00054009806
2460926.090767721	1.0001736	0.0005397312
2460926.092156632	0.99991435	0.0005401887
2460926.093545542	0.999462	0.00054019626
2460926.0949344533	0.99993294	0.0005398728
2460926.0963233635	0.9997689	0.0005402145
2460926.097712274	0.9981995	0.00053981785
2460926.099101185	1.0011955	0.00054038555
2460926.1004900956	0.9985209	0.000539867
2460926.1018790063	0.9997285	0.0005402134
2460926.1032679165	0.9995717	0.0005398873
2460926.104656827	0.9991574	0.00053999753
2460926.106045738	0.9993101	0.0005401955
2460926.1074346486	1.0003244	0.00054043037
2460926.108823559	0.99950576	0.00053994753
2460926.1102124695	0.99898976	0.00053980324
2460926.11160138	0.99993837	0.0005402959
2460926.112990291	0.9997847	0.0005401812
2460926.1143792016	1.0002095	0.0005403265
2460926.115768112	1.0001293	0.0005403794
2460926.1171570225	0.99987483	0.0005402097
2460926.118545933	0.9993821	0.00053983124
2460926.119934844	0.99980736	0.0005401424
2460926.1213237545	0.998956	0.0005399091
2460926.122712665	0.999551	0.00054011587
2460926.1241015755	1.0010332	0.0005405014
2460926.1254904857	1.0003949	0.00054023415
2460926.1268793964	1.0000411	0.0005398779
2460926.128268307	0.9988762	0.00054005487
2460926.1296572178	1.0001847	0.00054029824
2460926.1310461285	0.99998045	0.0005403253
2460926.1324350387	1.0002978	0.00053997186
2460926.1338239494	0.9997046	0.0005400008
2460926.1352128596	1.0009369	0.00054026634
2460926.1366017703	0.9992023	0.00053999404
2460926.137990681	0.9989125	0.00053948833
2460926.139379591	1.0001677	0.00053982827
2460926.140768502	0.9995057	0.0005400696
2460926.143546323	1.0005046	0.0005405017
2460926.1449352335	1.0001779	0.0005403383
2460926.146324144	1.0000626	0.0005401077
2460926.1477130544	1.0000694	0.00053955545
2460926.149101965	0.9993826	0.00054002344
2460926.1504908754	1.0004025	0.00054040167
2460926.151879786	1.000228	0.0005400801
2460926.1532686967	0.99969643	0.0005400031
2460926.154657607	1.0001787	0.0005402623
2460926.1560465177	0.99984694	0.00054024643
2460926.157435428	1.0001202	0.0005404384
2460926.1588243386	0.9999425	0.0005402345
2460926.160213249	1.0000274	0.0005402621
2460926.1616021595	1.0002948	0.00054022454
2460926.1629910697	1.0002685	0.0005402975
2460926.1643799804	0.9997043	0.0005401379
2460926.1657688906	0.9992504	0.0005399401
2460926.1671578013	1.0000396	0.00054015964
2460926.1685467116	0.99978006	0.0005399826
2460926.1699356223	1.0004297	0.0005403887
2460926.1713245325	0.9995858	0.00054033106
2460926.172713443	1.0000758	0.00054034404
2460926.174102354	1.0007107	0.0005402403
2460926.175491264	1.0007398	0.0005403256
2460926.1768801743	0.9999306	0.000540299
2460926.178269085	1.0006354	0.00054020714
2460926.1796579952	0.99950045	0.00054008485
2460926.1810469055	0.998475	0.0005398022
2460926.182435816	1.0000262	0.0005401149
2460926.183824727	0.99899083	0.0005395788
2460926.185213637	1.0001683	0.0005399163
2460926.1866025473	1.0005821	0.0005401878
2460926.187991458	1.0004851	0.0005401239
2460926.189380368	1.0002123	0.0005399537
2460926.192158189	0.9992351	0.0005399436
2460926.1935470994	0.9992962	0.00054007536
2460926.19493601	1.0008959	0.0005403711
2460926.1963249203	1.0000648	0.00053991465
2460926.199102741	0.9999547	0.00054023566
2460926.2004916514	0.99909437	0.00053970795
2460926.2018805617	1.00019	0.0005402943
2460926.2032694723	0.99981433	0.0005402347
2460926.2046583826	0.9999263	0.0005402308
2460926.206047293	1.0005734	0.00054015516
2460926.207436203	1.000021	0.0005403206
2460926.2088251137	1.0003929	0.0005401598
2460926.210214024	0.9992547	0.0005401082
2460926.211602934	0.9996539	0.0005402262
2460926.212991845	1.000098	0.00053994503
2460926.214380755	0.9990756	0.0005398299
2460926.2157696653	1.000137	0.00053996115
2460926.2171585755	0.9998433	0.00054032606
2460926.2185474862	1.0012131	0.0005403905
2460926.2199363965	1.0006808	0.00054023386
2460926.2213253067	1.0006472	0.0005402061
2460926.2227142174	1.0002009	0.00054021605
2460926.2241031276	1.0006126	0.00054030673
2460926.225492038	1.0004978	0.0005400717
2460926.226880948	1.0000554	0.0005403588
2460926.2282698583	0.9998877	0.0005401865
2460926.229658769	1.0002378	0.0005402173
2460926.231047679	1.0006846	0.00054029364
2460926.2324365894	1.0001124	0.000540156
2460926.2338254997	1.0008658	0.0005405595
2460926.23521441	1.0010903	0.00054046407
2460926.23660332	1.0000196	0.00054020796
2460926.237992231	1.0009761	0.0005404937
2460926.239381141	1.0001508	0.0005403076
2460926.2407700513	1.0000787	0.0005400854
2460926.2421589615	1.0001726	0.0005402594
2460926.2435478717	0.99979323	0.0005403767
2460926.244936782	0.999395	0.0005401863
2460926.246325692	1.0002587	0.0005403299
2460926.247714603	0.99859095	0.00053988525
2460926.249103513	0.99965423	0.00054025796
2460926.2504924233	0.9999535	0.000540323
2460926.2518813335	1.0007052	0.0005401867
2460926.2532702438	0.99936545	0.00054020487
2460926.254659154	0.99926776	0.0005399872
2460926.256048064	1.0001646	0.0005399771
2460926.2574369744	1.0000097	0.0005402612
2460926.2588258847	1.0000116	0.0005404026
2460926.260214795	0.99930423	0.0005401929
2460926.261603705	1.0001236	0.000540372
2460926.2629926153	1.0000035	0.0005401183
2460926.2643815256	0.9998732	0.0005400945
2460926.2657704363	1.0002117	0.00053993997
2460926.267159346	1.0017352	0.000540324
2460926.2685482567	1.000689	0.00054012466
2460926.2699371665	1.0003232	0.0005401325
2460926.271326077	1.0000116	0.0005401271
2460926.272714987	1.0001446	0.00054002966
2460926.274103897	1.0001777	0.0005401237
2460926.275492808	0.9992678	0.0005400681
2460926.2768817176	1.000578	0.00053990295
2460926.278270628	0.9996551	0.0005398784
2460926.279659538	0.99990076	0.00053966726
2460926.2810484483	1.0004761	0.00054021174
2460926.2824373585	1.000141	0.0005401739
2460926.2838262687	1.000026	0.00054037257
2460926.285215179	1.0007691	0.0005402523
2460926.286604089	1.00119	0.00054030056
2460926.2879929994	1.0005845	0.00054027233
2460926.2893819096	1.0002171	0.0005401494
2460926.29077082	0.9994631	0.00054001634
2460926.2921597296	1.0006198	0.0005399169
2460926.29354864	1.0004002	0.0005402276
2460926.29493755	0.9992377	0.0005400776
2460926.2963264603	0.99958265	0.0005400653
2460926.2977153705	1.0001725	0.000539991
2460926.299104281	0.99962753	0.0005400205
2460926.300493191	0.99946237	0.00054001436
2460926.301882101	0.99961776	0.0005402019
2460926.303271011	0.99912256	0.0005398214
2460926.304659921	0.99943197	0.0005401973
2460926.3060488314	0.99974036	0.0005400923
2460926.3074377417	1.0002545	0.00054044864
2460926.308826652	1.0000348	0.0005400726
2460926.310215562	0.9994374	0.00054011366
2460926.3116044723	0.99987465	0.00054009113
2460926.312993382	0.9996985	0.0005400165
2460926.3143822923	0.9997587	0.0005401704
2460926.315771202	0.99991477	0.00054011424
2460926.3171601123	0.9994313	0.00054016523
2460926.3185490225	1.0000384	0.0005401941
2460926.319937933	1.0008341	0.0005402674
2460926.321326843	1.0000285	0.00054011313
2460926.3227157528	0.9989684	0.0005396802
2460926.324104663	1.000664	0.0005402056
2460926.325493573	0.9990357	0.000539904
2460926.3268824834	0.99964005	0.0005400752
2460926.328271393	1.0001765	0.0005402042
2460926.3310492137	1.0004678	0.0005403654
2460926.3324381234	1.0003042	0.00053999684
2460926.3338270336	1.0008435	0.0005404192
2460926.335215944	0.99947757	0.00054004416
2460926.3366048536	0.9997441	0.00054024596
2460926.337993764	1.0000565	0.00054017885
2460926.339382674	1.000582	0.00054057816
2460926.3407715843	0.99990284	0.0005398788
2460926.342160494	0.9997526	0.00053998455
2460926.3435494043	1.0007768	0.0005403391
2460926.344938314	1.0004108	0.00054028485
2460926.3463272243	1.0000739	0.0005400015
2460926.3477161345	0.99918157	0.0005398616
2460926.3491050443	0.9998687	0.00054002984
2460926.3504939545	0.9994109	0.0005399174
2460926.3518828643	0.9994762	0.0005399057
2460926.3532717745	1.0005479	0.00054017844
2460926.3546606842	0.9983607	0.0005400816
2460926.3560495945	0.9997248	0.0005400614
2460926.3574385047	0.999459	0.0005399994
2460926.3588274145	0.99936694	0.0005400452
2460926.3602163247	0.9995959	0.00054044765
2460926.3616052344	1.0008636	0.0005404311
2460926.3629941447	0.99893755	0.0005398917
2460926.3643830544	1.0000147	0.0005402199
2460926.3657719647	0.9996658	0.0005403583
2460926.367160875	0.9994446	0.000539853
2460926.3685497846	0.99950475	0.00054010656
2460926.369938695	1.0000768	0.00054036046
2460926.3713276046	0.99996275	0.0005400166
2460926.3727165144	1.0001378	0.00054016826
2460926.3741054246	1.0006244	0.00054023886
2460926.3754943344	1.0001729	0.0005397433
2460926.3768832446	0.9994567	0.0005401076
2460926.3782721544	0.99912655	0.00054003065
2460926.3796610646	0.9997432	0.00054010295
2460926.3810499744	0.9995903	0.0005402239
2460926.3824388846	0.9992262	0.00054024364
2460926.3838277943	0.9994333	0.0005399979
2460926.385216704	1.0001401	0.00054013473
2460926.3866056143	1.0002487	0.0005402394
2460926.387994524	1.0000763	0.00054006424
2460926.3893834343	0.9993811	0.00054008304
2460926.390772344	0.9989321	0.0005401465
2460926.3921612543	1.000066	0.0005401202
2460926.393550164	0.9989051	0.00054017856
2460926.394939074	1.0006735	0.00054027984
2460926.396327984	0.9986341	0.00053975114
2460926.397716894	1.000565	0.0005398604
2460926.3991058036	1.0001289	0.00054033526
2460926.400494714	0.9997883	0.00053997646
2460926.4046614436	1.0000182	0.00054007117
2460926.407439263	0.99985546	0.0005402556
2460926.4088281733	0.99974805	0.0005402037
2460926.594942071	1.0009308	0.0005400247
2460926.5963309803	1.0001066	0.00054020353
2460926.5977198896	1.000291	0.00053983444
2460926.5991087994	0.9991057	0.00053988036
2460926.6004977087	0.9991383	0.00054007396
2460926.6018866184	1.0003439	0.0005402779
2460926.6032755277	0.9990289	0.0005398814
2460926.604664437	0.99961984	0.00054005004
2460926.606053347	1.0006578	0.00054019626
2460926.607442256	0.99973685	0.00054000993
2460926.6088311654	1.0002922	0.000540497
2460926.6102200747	1.0011328	0.00054018473
2460926.6116089844	0.9997697	0.00053998886
2460926.6129978937	0.9999049	0.0005401795
2460926.614386803	0.99984366	0.0005403793
2460926.6157757128	0.9997147	0.00054018735
2460926.617164622	0.99950325	0.00053971587
2460926.6185535314	0.99945813	0.0005396553
2460926.6199424407	0.99909186	0.00053980615
2460926.6213313504	0.9997709	0.00054003554
2460926.6227202597	0.99994165	0.0005402249
2460926.624109169	0.99979496	0.0005401291
2460926.6254980783	0.9986913	0.00054001296
2460926.6268869876	1.0002773	0.00054034067
2460926.6282758974	0.9996119	0.00054016535
2460926.6296648066	0.9995359	0.00054005574
2460926.631053716	0.9999112	0.0005403411
2460926.6324426252	1.0004929	0.00054027856
2460926.6338315345	0.9997319	0.0005402737
2460926.6352204443	0.9995803	0.0005399607
2460926.636609353	0.9997539	0.0005400868
2460926.637998263	1.0002971	0.00054034294
2460926.639387172	0.9987694	0.0005401371
2460926.6407760815	0.9991731	0.0005399752
2460926.642164991	0.9994716	0.0005400601
2460926.6435539	0.9998049	0.0005402096
2460926.64494281	0.99962676	0.0005402702
2460926.6463317187	1.0004421	0.0005404101
2460926.6477206284	0.9992071	0.0005399782
2460926.6491095377	0.9992006	0.0005401145
2460926.650498447	0.99954104	0.00054005545
2460926.6518873563	0.9997253	0.00054008944
2460926.6532762656	1.000784	0.000540541
2460926.654665175	1.0003017	0.00054034236
2460926.656054084	0.9995438	0.0005398776
2460926.6574429935	0.99991053	0.0005398217
2460926.658831903	0.99965584	0.00054022553
2460926.660220812	1.0005933	0.00054029503
2460926.6616097214	1.0013194	0.0005404345
2460926.6629986307	0.9996382	0.00054031564
2460926.66438754	0.9999041	0.00054016535
2460926.6657764493	0.9996448	0.00054003217
2460926.6671653586	0.9995783	0.0005401379
2460926.6685542683	0.99984944	0.0005400682
2460926.669943177	1.0004543	0.00054010394
2460926.6713320864	0.99856055	0.0005398925
2460926.6727209957	1.0001746	0.0005402241
2460926.674109905	0.99967366	0.00054009014
2460926.6754988143	1.00028	0.00054011366
2460926.6768877236	0.9997325	0.00053999864
2460926.678276633	0.999904	0.0005399244
2460926.679665542	1.0011537	0.00054014416
2460926.6810544515	1.0002476	0.0005403166
2460926.682443361	1.0001931	0.0005399463
2460926.68383227	1.0006459	0.00054032024
2460926.6852211794	0.99952644	0.00054021145
2460926.6866100887	0.99896586	0.00053987926
2460926.687998998	0.99968654	0.0005401947
2460926.689387907	0.9997436	0.00054012425
2460926.690776816	0.9993555	0.0005395972
2460926.6921657254	1.0003124	0.0005401488
2460926.6935546347	0.99992603	0.00054007425
2460926.694943544	1.0001513	0.00054022437
2460926.6963324533	1.0004559	0.0005403273
2460926.6977213626	0.9998663	0.0005401357
2460926.6991102714	0.9996604	0.0005400018
2460926.7004991807	1.0008876	0.00054072327
2460926.70188809	1.0000049	0.0005401508
2460926.7032769993	1.0004367	0.00054037734
2460926.7046659086	0.9995938	0.00054016465
2460926.7060548174	0.999528	0.0005398026
2460926.7074437267	0.999612	0.0005400893
2460926.708832636	0.9989342	0.0005401305
2460926.7102215453	0.9996265	0.0005398462
2460926.711610454	0.99985904	0.00054016453
2460926.7129993634	0.999818	0.0005398733
2460926.7143882727	0.99955845	0.000540048
2460926.715777182	0.99937063	0.00054017146
2460926.7171660913	1.0003127	0.00054028945
2460926.718555	0.99949694	0.00054016063
2460926.7199439094	1.0006442	0.00054027623
2460926.7213328187	1.0002277	0.00053992105
2460926.722721728	0.99926084	0.0005401586
2460926.724110637	1.0003498	0.00054023956
2460926.725499546	0.9999701	0.0005400946
2460926.7268884555	1.0003476	0.00054031424
2460926.7282773643	0.9999071	0.0005400905
2460926.7296662736	0.99991095	0.00054008653
2460926.731055183	0.99984545	0.0005401991
2460926.7324440917	1.0003303	0.00054004724
2460926.733833001	1.0001129	0.0005402407
2460926.7352219103	1.0003576	0.00054040394
2460926.736610819	1.0007391	0.0005401691
2460926.7379997284	1.0001771	0.00054044154
2460926.740777547	0.9999522	0.00054030144
2460926.742166456	1.0005292	0.0005405163
2460926.743555365	1.0005959	0.0005402482
2460926.744944274	1.0014837	0.00054042105
2460926.7463331833	1.0004785	0.0005401288
2460926.747722092	0.9997366	0.0005400047
2460926.7491110014	1.0004157	0.00054021773
2460926.7504999107	0.99998826	0.00054016564
2460926.7518888195	1.0009181	0.00054015365
2460926.753277729	0.999707	0.00053988025
2460926.7546666376	1.0002117	0.0005402689
2460926.7574444558	1.0003982	0.0005401292
2460926.758833365	0.99946064	0.00054028333
2460926.760222274	1.0000073	0.0005401869
2460926.761611183	1.0001706	0.0005400113
2460926.763000092	0.99966466	0.0005396293
2460926.76577791	1.0005293	0.00054025825
2460926.7671668194	1.0003843	0.0005402781
2460926.7685557283	0.9996206	0.0005400924
2460926.7699446375	0.99957776	0.0005400354
2460926.7713335464	0.9997513	0.000540105
2460926.7727224557	1.0007163	0.00054000446
2460926.7741113645	0.999562	0.0005403108
2460926.775500274	1.0002515	0.00054027623
2460926.7768891826	1.0004399	0.00054035673
2460926.7782780915	1.0007654	0.0005405132
2460926.7796670008	0.9999709	0.00054027047
2460926.7810559096	1.0000161	0.00054031564
2460926.782444819	1.0003355	0.0005399609
2460926.7838337277	1.0003958	0.0005396958
2460926.785222637	0.9993261	0.00054009585
2460926.786611546	1.0003381	0.0005402075
2460926.7880004547	0.9998635	0.0005400347
2460926.789389364	0.9993861	0.0005401761
2460926.790778273	0.9998668	0.0005403454
2460926.7921671816	0.9998726	0.00054028124
2460926.793556091	0.99914193	0.00054010237
2460926.7949449997	0.99975735	0.0005399546
2460926.796333909	1.000803	0.0005401988
2460926.797722818	1.0009742	0.00054040697
2460926.7991117267	1.0003456	0.000540297
2460926.8005006355	0.99974066	0.000539885
2460926.801889545	0.99949086	0.0005400079
2460926.8032784536	0.99937165	0.00054008974
2460926.8046673625	0.9985104	0.00053995184
2460926.806056272	1.0005505	0.00054036925
2460926.8074451806	1.0004144	0.00054028083
2460926.8088340894	1.0005195	0.00054030254
2460926.8102229983	0.9999342	0.00054013066
2460926.8116119076	1.0002416	0.0005402602
2460926.8130008164	1.000441	0.00054031465
2460926.814389725	1.0004313	0.0005399752
2460926.8157786345	1.0000588	0.000540151
2460926.8171675433	0.99986476	0.0005401291
2460926.818556452	1.0003084	0.00054019055
2460926.819945361	1.0004685	0.00054020254
2460926.82133427	1.0006316	0.00054002216
2460926.822723179	1.0004654	0.0005402937
2460926.824112088	0.9996766	0.00054012967
2460926.825500997	0.99922746	0.0005400934
2460926.8268899056	0.9996123	0.0005396791
2460926.8282788144	1.0002184	0.00053997594
2460926.8296677233	1.0007995	0.0005404674
2460926.8310566326	1.001088	0.00054017844
2460926.8324455414	1.0001354	0.0005404434
2460926.83383445	0.9993383	0.00053982454
2460926.835223359	1.0006142	0.00054004666
2460926.836612268	1.0006293	0.00054032425
2460926.8380011767	1.0002561	0.00053998735
2460926.8393900855	1.0003767	0.0005400335
2460926.8407789944	1.0003823	0.00054010696
2460926.8421679037	0.9998751	0.0005399856
2460926.8435568125	1.0004169	0.00054025033
2460926.8449457213	1.0007896	0.00054024195
2460926.84633463	1.0007793	0.0005405758
2460926.847723539	1.0000553	0.0005400571
2460926.849112448	0.99991184	0.00054002873
2460926.8505013566	1.0002187	0.00054033636
2460926.8518902655	0.99973816	0.0005399252
2460926.8532791743	1.0011207	0.0005400712
2460926.854668083	0.9997832	0.0005400854
2460926.856056992	0.99969065	0.00054008473
2460926.857445901	0.99954903	0.00053986296
2460926.85883481	0.99953955	0.00054003845
2460926.8602237185	1.000565	0.00054010743
2460926.8616126273	1.0008359	0.0005402801
2460926.863001536	1.0003781	0.0005400639
2460926.864390445	0.9991237	0.00053991965
2460926.865779354	0.99948674	0.00054028095
2460926.8671682626	1.0006961	0.0005402211
2460926.8685571714	1.0000107	0.00054028863
2460926.8699460803	1.0002583	0.0005402048
2460926.871334989	1.0007178	0.00054026855
2460926.872723898	1.0006624	0.00054023095
2460926.8741128067	0.99957985	0.0005400091
2460926.8755017156	0.99995124	0.00054016046
2460926.8768906244	1.0002621	0.0005400877
2460926.8782795332	1.001246	0.00054024404
2460926.879668442	1.0001537	0.00054013036
2460926.881057351	1.000464	0.00054009014
2460926.8824462593	1.000096	0.00054019265
2460926.883835168	1.0003537	0.0005402525
2460926.8852240774	0.9999914	0.0005398928
2460926.8880018946	0.99996984	0.00054028095
2460926.8893908034	0.9998703	0.0005403225
2460926.8907797122	0.99980015	0.000540281
2460926.8921686206	0.9996415	0.0005400755
2460926.8935575294	1.0002844	0.0005400961
2460926.8949464383	0.99944687	0.00054000755
2460926.896335347	1.0005046	0.0005403598
2460926.897724256	1.0003517	0.0005402789
2460926.8991131647	0.99979395	0.0005400797
2460926.9005020736	0.9998065	0.000540124
2460926.903279891	1.0006672	0.00054021133
2460926.9046687996	0.9993418	0.0005400737
2460926.9060577084	0.9992975	0.00053991476
2460926.907446617	0.99961084	0.000539858
2460926.9088355256	1.0009342	0.00054053933
2460926.9102244345	1.0005691	0.0005402775
2460926.911613343	0.99960315	0.0005400975
2460926.9130022516	0.99954724	0.0005400659
2460926.9143911605	1.0000272	0.00054010784
2460926.9157800693	0.9994707	0.00054013584
2460926.917168978	0.9990312	0.0005399773
2460926.9185578865	1.0002564	0.0005402666
2460926.9199467953	0.9994004	0.0005400878
2460926.9213357037	0.999735	0.00053994777
2460926.9227246125	1.0000478	0.0005400159
2460926.9241135214	0.9997697	0.0005402134
2460926.92550243	1.0000384	0.0005401361
2460926.9268913385	0.9996385	0.00054000836
2460926.9282802474	0.9994375	0.00053986546
2460926.929669156	1.0002451	0.0005400924
2460926.9310580646	0.9996221	0.00054017414
2460926.9324469734	1.0002587	0.0005402675
2460926.933835882	0.99991494	0.00054005085
2460926.9352247906	0.9998496	0.0005399777
2460926.9366136994	0.9995715	0.00054001325
2460926.938002608	1.0004442	0.0005401016
2460926.9393915166	0.9991869	0.00053992815
2460926.9407804254	0.9993994	0.0005401277
2460926.942169334	1.0001194	0.00054023514
2460926.9435582426	0.99997926	0.0005400708
2460926.944947151	0.99986404	0.0005400537
2460926.94633606	0.99889565	0.0005400119
2460926.947724968	0.9986602	0.0005400094
2460926.949113877	1.00043	0.00054030074
2460926.950502786	1.0000254	0.00053991855
2460926.951891694	0.9995215	0.0005401145
2460926.953280603	0.9997041	0.0005402521
2460926.9546695114	0.99981034	0.0005398627
2460926.9560584202	0.9984329	0.0005399679
2460926.9574473286	0.99977434	0.00054026727
2460926.9588362374	0.99995804	0.00054027117
2460926.960225146	0.99853545	0.0005394674
2460926.961614054	0.99920666	0.0005396251
2460926.963002963	0.9994856	0.00053999404
2460926.9643918714	0.9995186	0.0005401351
2460926.96578078	0.9995259	0.00054010533
2460926.9671696885	0.99913466	0.00053997384
2460926.9685585974	0.9992533	0.00053989585
2460926.9699475057	1.0006233	0.00054011436
2460926.9713364146	1.000182	0.0005402955
2460926.972725323	0.9996498	0.00053990725
2460926.9741142313	0.99942464	0.00053999113
2460926.97550314	0.9994925	0.00053965923
2460926.976892049	0.9997467	0.0005398648
2460926.9782809573	0.99797505	0.0005399485
2460927.0366151133	1.0004406	0.0005403219
2460927.0380040216	0.99931556	0.00053959485
2460927.03939293	0.99913657	0.00053970626
2460927.043559655	1.0003895	0.00054019626
2460927.046337472	0.9997145	0.00053990236
2460927.04772638	0.99932295	0.0005396281
2460927.0491152885	0.99925673	0.00053991657
2460927.050504197	0.9992942	0.0005400135
2460927.0518931053	0.99931574	0.0005401608
2460927.0532820136	1.0001066	0.0005399999
2460927.054670922	0.9998748	0.000539774
2460927.0560598304	1.0001577	0.0005399988
2460927.0574487387	0.99894637	0.00053982245
2460927.058837647	1.0004545	0.00053981243
2460927.0671710973	1.0004119	0.0005402823
2460927.0685600056	0.9992102	0.0005397057
2460927.069948914	0.9992456	0.0005394898
2460927.0713378224	1.000306	0.0005400182
2460927.0727267303	0.9996593	0.00053973275
2460927.079671272	0.99925995	0.00053977035
2460927.083837997	0.9989679	0.00053947966
2460927.088004722	0.99953276	0.00054050627
2460927.08939363	0.99989134	0.0005400245
2460927.0907825385	0.9994348	0.0005400094
2460927.0921714464	0.99917144	0.00053980865
2460927.093560355	1.0000311	0.0005401255
2460927.094949263	0.99874955	0.0005399352
2460927.0963381715	0.9994711	0.000539979
2460927.09772708	0.9991238	0.0005400213
2460927.099115988	0.9991502	0.00053987023
2460927.100504896	0.998878	0.00053958275
2460927.1032827124	0.99904907	0.00053965265
2460927.1046716208	0.99851936	0.00053974346
2460927.106060529	0.9991112	0.0005401606
2460927.1074494375	0.9987021	0.00053955865
2460927.1088383454	0.9995086	0.0005401888
2460927.1102272538	0.99929714	0.0005399918
2460927.111616162	0.9979673	0.000539818
2460927.11300507	0.99767107	0.0005396862
2460927.124116336	1.0000117	0.0005397854
2460927.1268941523	0.99937487	0.0005394312
2460927.132449785	1.0002238	0.0005394856
2460927.1380054173	1.000381	0.00053997885
2460927.1393943257	0.99957895	0.0005401212
2460927.142172142	0.9983953	0.0005395412
2460927.1435610503	1.0001072	0.00054013095
2460927.1463388666	0.9994886	0.00054009684
2460927.1477277745	1.0001975	0.0005400872
2460927.149116683	0.9981744	0.0005400045
2460927.1505055907	1.0003996	0.0005403053
2460927.151894499	0.9994403	0.0005400346
2460927.536621916	0.999864	0.00054017693
2460927.5380108235	0.99918914	0.00053999387
2460927.5393997305	0.9999664	0.00054020266
2460927.540788638	0.9989981	0.0005399383
2460927.542177545	1.0002577	0.0005401598
2460927.543566452	0.9994173	0.00054001634
2460927.5449553593	0.9999292	0.00054000417
2460927.5463442663	0.9996108	0.00053994823
2460927.5477331732	0.9997148	0.0005399988
2460927.5491220807	1.0000446	0.0005401655
2460927.5505109876	0.9989831	0.0005398541
2460927.551899895	1.0001113	0.000540032
2460927.553288802	0.99959904	0.00053984515
2460927.554677709	0.9990168	0.0005399094
2460927.5560666164	0.9996588	0.00054002524
2460927.5574555234	0.9999519	0.0005401239
2460927.5588444304	0.99941254	0.0005400938
2460927.560233338	1.0000839	0.0005401092
2460927.561622245	0.99982166	0.000540113
2460927.5630111517	1.0003142	0.0005401846
2460927.564400059	0.9996362	0.00054012664
2460927.565788966	0.9996779	0.0005400483
2460927.567177873	0.9997269	0.00054014905
2460927.56856678	0.99951535	0.0005399068
2460927.5699556875	1.0000497	0.0005402465
2460927.5713445945	0.99890316	0.00053974515
2460927.5727335014	1.0008913	0.00054042914
2460927.5741224084	1.000114	0.0005400682
2460927.5755113154	1.0003622	0.00054021424
2460927.576900223	1.0001456	0.0005400972
2460927.57828913	1.0000547	0.0005401835
2460927.5796780367	0.99864936	0.00053983426
2460927.5810669437	0.9999402	0.00054017734
2460927.582455851	1.0001174	0.00054037664
2460927.583844758	0.9981961	0.0005399385
2460927.585233665	0.99957746	0.0005399847
2460927.586622572	1.0001215	0.0005399701
2460927.588011479	1.0000359	0.00054009963
2460927.589400386	1.0001882	0.0005402377
2460927.590789293	0.9997465	0.0005402424
2460927.5921782004	1.0001022	0.0005402594
2460927.593567107	0.9998583	0.0005399575
2460927.5949560143	1.0000132	0.0005400097
2460927.5963449213	1.0002826	0.00054020603
2460927.5977338282	0.99923706	0.0005398916
2460927.599122735	0.9998767	0.0005402483
2460927.600511642	0.9995293	0.00054008054
2460927.601900549	1.0004027	0.00054013846
2460927.603289456	1.0000546	0.00054020947
2460927.604678363	0.9994807	0.00054000004
2460927.6060672705	1.00064	0.0005401943
2460927.6074561775	1.0000619	0.0005400315
2460927.608845084	1.0007857	0.0005402866
2460927.6102339914	0.99920386	0.00054007303
2460927.611622898	1.0001576	0.0005402218
2460927.6130118053	0.99964476	0.0005399648
2460927.6144007123	1.0004475	0.0005402927
2460927.6157896193	0.99962187	0.0005399509
2460927.6171785262	1.0008101	0.00054033444
2460927.6185674327	1.0004739	0.00054044015
2460927.61995634	1.0007067	0.00054031826
2460927.621345247	1.0000988	0.0005401866
2460927.6227341536	0.9995913	0.00054002646
2460927.624123061	1.0009692	0.00054023997
2460927.625511968	1.0002128	0.0005401639
2460927.6269008745	1.000344	0.00054016354
2460927.6282897815	0.9998413	0.0005401647
2460927.6296786885	1.0003701	0.00054021267
2460927.6310675954	0.99870056	0.0005398648
2460927.6324565024	1.0005037	0.0005402663
2460927.6338454094	0.9996315	0.0005400681
2460927.6352343163	1.0008312	0.00054041686
2460927.6366232233	0.99975824	0.0005400976
2460927.6380121303	1.0002621	0.0005400345
2460927.6394010372	1.0003313	0.0005400142
2460927.6407899437	0.9995535	0.0005401839
2460927.6421788507	0.9995875	0.0005399884
2460927.6435677577	1.0006245	0.0005402466
2460927.6449566646	0.999588	0.00054005446
2460927.6463455716	0.99962324	0.0005401267
2460927.647734478	1.000448	0.0005403542
2460927.649123385	0.99992	0.00054013083
2460927.650512292	1.0004457	0.0005402032
2460927.651901199	0.99921584	0.0005399424
2460927.653290106	1.0006905	0.00054030714
2460927.6546790125	0.99950093	0.0005399213
2460927.6560679195	1.0002133	0.00054022996
2460927.6574568264	0.9986773	0.00054015586
2460927.6588457334	1.0000676	0.0005403159
2460927.6602346404	0.9993719	0.0005400755
2460927.6616235473	1.000093	0.00054006116
2460927.663012454	1.0011333	0.00054040377
2460927.664401361	0.99930876	0.0005399304
2460927.6657902678	1.0004033	0.0005401286
2460927.6671791743	1.0012611	0.0005405167
2460927.668568081	0.9988204	0.0005399408
2460927.669956988	1.0000029	0.00054018956
2460927.671345895	1.0000905	0.00054041774
2460927.6727348017	1.0002313	0.0005404013
2460927.6741237086	1.0001918	0.0005403243
2460927.6755126156	0.99968994	0.00054011645
2460927.676901522	0.99982846	0.0005400901
2460927.678290429	1.0001848	0.0005401462
2460927.679679336	1.0001122	0.0005402085
2460927.6810682425	1.0010393	0.0005402714
2460927.6824571495	0.999372	0.00053995376
2460927.683846056	1.0009114	0.00054017303
2460927.685234963	0.99995166	0.00054015155
2460927.68662387	0.99985904	0.00054011325
2460927.6880127764	1.0008262	0.0005403122
2460927.6894016834	0.9999887	0.0005403483
2460927.69079059	1.0009055	0.00054032425
2460927.692179497	1.0001771	0.000540144
2460927.693568404	1.0003107	0.000540075
2460927.6949573103	1.0006796	0.0005401582
2460927.6963462173	0.9998776	0.0005398811
2460927.697735124	0.99940443	0.00054012105
2460927.699124031	1.0004005	0.00054026995
2460927.7005129377	0.99987036	0.00054007594
2460927.7019018442	1.0005418	0.0005400785
2460927.703290751	1.0004609	0.0005402075
2460927.7046796577	0.9993858	0.00054023776
2460927.706068564	0.9992551	0.0005400434
2460927.707457471	1.0004343	0.000540343
2460927.7088463777	1.0000865	0.0005400759
2460927.7102352846	1.0004773	0.0005401351
2460927.7116241916	0.99921876	0.00054014893
2460927.713013098	0.99999076	0.0005400226
2460927.714402005	0.999611	0.0005400225
2460927.7157909116	0.99993455	0.00054022064
2460927.717179818	1.0010833	0.0005404649
2460927.718568725	0.9991146	0.0005399578
2460927.7199576315	1.0012006	0.0005402328
2460927.7213465385	1.0011606	0.000540288
2460927.722735445	1.0000238	0.0005401946
2460927.7241243515	0.99988794	0.0005401976
2460927.7255132585	1.0004092	0.0005401976
2460927.726902165	1.0000933	0.0005402269
2460927.728291072	1.0001779	0.0005401424
2460927.7296799785	1.0001082	0.0005401772
2460927.731068885	0.9995377	0.0005401693
2460927.732457792	1.0004897	0.00054011954
2460927.7338466984	1.0001271	0.0005400311
2460927.735235605	0.9997307	0.0005400982
2460927.736624512	0.99986625	0.00054000894
2460927.7380134184	1.0003299	0.00054027216
2460927.739402325	1.0005326	0.0005402932
2460927.740791232	1.000227	0.0005402703
2460927.7421801384	0.99994165	0.00054015644
2460927.743569045	1.0004712	0.00054020114
2460927.7449579514	1.0007044	0.0005403635
2460927.7463468583	0.99994785	0.00054005336
2460927.747735765	1.0003465	0.0005404543
2460927.7491246713	0.9996258	0.00054017827
2460927.7505135783	1.0005342	0.00054021954
2460927.751902485	1.000215	0.00054005644
2460927.7532913913	1.0006839	0.00054023846
2460927.7546802983	1.0003138	0.00054018036
2460927.756069205	1.0000488	0.00054009963
2460927.7574581113	1.0007391	0.00054039515
2460927.758847018	1.0002391	0.00054014305
2460927.7602359243	1.0001177	0.00054018735
2460927.7616248312	1.0010736	0.000540346
2460927.7630137377	0.99960506	0.0005402732
2460927.7644026442	1.0001148	0.0005400346
2460927.7657915507	0.9998325	0.00054012635
2460927.7671804572	1.0003258	0.0005402324
2460927.768569364	0.9999189	0.00054019655
2460927.7699582702	0.99917245	0.00053995434
2460927.771347177	1.0000368	0.0005400298
2460927.7727360837	0.9990414	0.0005397891
2460927.77412499	1.0000547	0.0005401836
2460927.7755138967	1.0002843	0.0005401025
2460927.7769028037	0.99952173	0.0005400541
2460927.7782917097	0.99996305	0.0005400378
2460927.7796806167	0.9989153	0.0005399651
2460927.7810695227	1.0004215	0.00054016366
2460927.7824584297	1.0004408	0.0005404641
2460927.783847336	1.0003507	0.00054008845
2460927.7852362427	0.99942565	0.0005400544
2460927.786625149	0.9992367	0.0005399807
2460927.7880140557	1.0003706	0.0005402216
2460927.789402962	0.99965787	0.0005400552
2460927.7907918687	0.99968225	0.00054014806
2460927.792180775	1.0008839	0.0005404864
2460927.7935696817	0.99897367	0.000539896
2460927.794958588	0.99988955	0.0005401113
2460927.7963474947	0.99935263	0.0005400044
2460927.797736401	1.0000315	0.0005400956
2460927.7991253077	1.0008167	0.0005403141
2460927.800514214	0.9998541	0.0005402704
2460927.8019031207	0.9997995	0.0005400096
2460927.803292027	0.9995715	0.0005399124
2460927.8046809337	0.99980044	0.00054008997
2460927.80606984	1.0003939	0.0005401277
2460927.8074587467	0.99950904	0.0005400659
2460927.808847653	1.0004107	0.0005401282
2460927.8102365597	1.0001066	0.0005404632
2460927.811625466	1.000018	0.0005400406
2460927.8130143723	1.0001845	0.000540181
2460927.8144032788	0.9997166	0.000540118
2460927.8157921857	0.99996483	0.0005402348
2460927.8171810918	0.99999756	0.0005402899
2460927.8185699983	1.0010047	0.00054035283
2460927.8199589048	1.0000155	0.0005403512
2460927.8213478113	1.0006853	0.0005401686
2460927.8227367178	1.0001494	0.00054009556
2460927.824125624	1.0002508	0.00054016255
2460927.8255145303	0.9995857	0.00053999573
2460927.826903437	1.000536	0.0005401761
2460927.8282923433	0.9997256	0.00054001313
2460927.82968125	0.99945635	0.00054003275
2460927.8310701563	0.9992424	0.00054007286
2460927.832459063	0.99981284	0.00054013106
2460927.8338479693	1.0010813	0.00054039794
2460927.8352368753	1.000392	0.00054012303
2460927.836625782	1.0002775	0.0005401099
2460927.8380146883	0.99991536	0.00054021686
2460927.8394035944	0.99972194	0.0005401121
2460927.840792501	0.99984527	0.0005402056
2460927.8421814074	1.0007836	0.0005402861
2460927.843570314	1.0002599	0.00054032815
2460927.8449592204	0.99972916	0.00054008485
2460927.8463481264	0.99995464	0.00054006063
2460927.847737033	0.99924994	0.00054003356
2460927.849125939	0.9997377	0.0005400498
2460927.8505148455	1.0005317	0.0005403197
2460927.851903752	1.0000213	0.0005402869
2460927.8532926585	0.99985266	0.00054014596
2460927.8546815645	1.0000917	0.0005402256
2460927.856070471	1.0002725	0.0005402669
2460927.8574593775	1.0004737	0.0005400633
2460927.858848284	0.9999865	0.0005402183
2460927.86023719	0.9995916	0.0005399172
2460927.8616260965	0.9999131	0.00054006494
2460927.863015003	1.0007396	0.00054024125
2460927.864403909	1.0004478	0.00054023153
2460927.8657928156	1.0001142	0.0005401434
2460927.8671817216	1.0001862	0.0005403532
2460927.868570628	1.000821	0.00054043665
2460927.8699595346	1.0000883	0.00054017396
2460927.8713484406	0.999768	0.00054010906
2460927.872737347	1.0003829	0.00054017303
2460927.874126253	1.0001485	0.0005400283
2460927.8755151597	1.0001009	0.0005401148
2460927.8769040657	0.99977523	0.0005399355
2460927.878292972	0.9995745	0.00054006366
2460927.8796818783	1.0002462	0.00054031785
2460927.8810707848	0.9994351	0.00054008723
2460927.882459691	0.99918026	0.0005398787
2460927.8838485973	0.99886703	0.00053986436
2460927.8852375033	0.9996143	0.0005400409
2460927.88662641	0.9994852	0.0005399143
2460927.8880153163	0.99938077	0.0005400137
2460927.8894042224	0.9989128	0.0005400308
2460927.890793129	1.0001261	0.0005402131
2460927.892182035	0.9983445	0.0005397495
2460927.893570941	0.99927974	0.0005403537
2460927.8949598474	1.000768	0.00054014695
2460927.8963487535	1.000423	0.0005402746
2460927.89773766	1.0005006	0.00054005824
2460927.899126566	0.99997896	0.00054029835
2460927.9005154725	0.9991307	0.0005398144
2460927.9019043786	1.0002866	0.00054021005
2460927.9032932846	0.99943435	0.0005400961
2460927.904682191	0.99936336	0.00054004864
2460927.906071097	0.9994328	0.0005400182
2460927.9074600036	0.9996951	0.00054016593
2460927.9088489097	0.99962366	0.00054001174
2460927.9102378157	0.99933106	0.00054005784
2460927.911626722	1.0002085	0.0005400483
2460927.9130156282	1.0000055	0.0005401241
2460927.9144045343	0.99878293	0.0005399762
2460927.915793441	0.9995859	0.00053991855
2460927.917182347	0.9998307	0.0005399868
2460927.918571253	1.0001253	0.0005399993
2460927.9199601593	0.99976593	0.0005399562
2460927.9213490654	0.9988629	0.0005398532
2460927.9227379714	1.000326	0.00054025894
2460927.924126878	0.99972	0.0005400011
2460927.925515784	0.9989166	0.0005401423
2460927.92690469	1.0000672	0.0005401345
2460927.928293596	0.9989498	0.00053993077
2460927.9296825025	0.99920386	0.00053987623
2460927.9310714086	0.99984425	0.00054030376
2460927.9324603146	0.9990926	0.0005398195
2460927.933849221	1.0003778	0.0005402972
2460927.935238127	0.99920106	0.0005400463
2460927.936627033	0.9999425	0.00053999154
2460927.938015939	0.99978596	0.00054008845
2460927.9394048452	1.0002689	0.0005402325
2460927.9407937517	1.0001844	0.0005401818
2460927.942182658	0.9997945	0.00053992483
2460927.943571564	0.9999836	0.0005400021
2460927.94496047	1.0001934	0.00054026535
2460927.946349376	0.9999385	0.0005401816
2460927.947738282	0.9990677	0.0005398768
2460927.9491271884	0.99984646	0.00054008176
2460927.9505160945	1.000008	0.0005400212
2460927.9519050005	0.9997337	0.0005399811
2460927.9532939065	0.99917626	0.00054006575
2460927.9546828126	0.99999374	0.0005400289
2460927.9560717186	1.0001472	0.00054014055
2460927.9574606246	0.999023	0.0005399257
2460927.958849531	0.99917096	0.0005398841
2460927.960238437	0.99946886	0.0005400421
2460927.961627343	1.0000232	0.0005402122
2460927.9630162492	1.0003115	0.000540187
2460927.9644051553	0.99969864	0.0005403242
2460927.9657940613	1.0004486	0.0005403412
2460927.9671829673	1.00011	0.00054019375
2460927.9685718734	0.9993075	0.0005398792
2460927.9699607794	0.9997938	0.0005400077
2460927.9713496855	0.9994746	0.000540351
2460927.9727385915	0.99962205	0.0005400676
2460927.9741274975	0.99936783	0.0005402403
2460927.9755164036	1.0004584	0.00054028415
2460927.9769053096	0.99964464	0.00053997623
2460927.9782942156	0.9999499	0.00054020114
2460927.9796831217	0.999096	0.00053979293
2460927.9810720277	0.9995604	0.0005404196
2460927.9824609337	1.0008721	0.00054012984
2460927.98384984	1.0008495	0.00054039777
2460927.985238746	1.0001618	0.00054003956
2460927.986627652	1.0005522	0.00054029276
2460927.988016558	1.000156	0.00054014154
2460927.9894054634	1.0006824	0.0005403943
2460927.99079437	0.9995585	0.00054013584
2460927.992183276	0.9996085	0.00053991436
2460927.9935721816	0.99969417	0.00053996337
2460927.9949610876	0.9999493	0.0005402782
2460927.9963499936	0.999305	0.0005399377
2460927.9977388997	1.0002848	0.0005402715
2460927.9991278057	1.0000168	0.00054011995
2460928.0005167117	1.0002434	0.000540105
2460928.001905618	1.0010582	0.00054022996
2460928.003294524	1.0003129	0.0005400034
2460928.0046834294	1.0002437	0.00054008566
2460928.0060723354	0.99937665	0.00054002507
2460928.0074612414	0.9998947	0.00054014294
2460928.0088501475	1.0003206	0.0005400868
2460928.0102390535	1.0005835	0.0005403454
2460928.011627959	1.0003192	0.00054027117
2460928.013016865	0.9996461	0.0005399306
2460928.014405771	1.000561	0.00054013723
2460928.015794677	0.9991589	0.0005398627
2460928.017183583	0.99977696	0.0005401461
2460928.018572489	0.99997693	0.0005402297
2460928.019961395	1.0001494	0.00054015726
2460928.021350301	0.9995954	0.0005401118
2460928.022739207	1.0004363	0.00054028287
2460928.0241281125	1.0008792	0.00054016715
2460928.0255170185	1.0004559	0.0005402976
2460928.0269059245	0.9995616	0.0005400508
2460928.0282948306	1.0008566	0.000540382
2460928.029683736	1.0006913	0.00054012117
2460928.031072642	1.0004367	0.00054026704
2460928.0324615478	1.0009443	0.0005402761
2460928.033850454	0.99974227	0.00054003467
2460928.03523936	1.0001004	0.00054034765
2460928.0366282654	0.9989872	0.00053978356
2460928.0380171714	0.9995023	0.00054019375
2460928.0394060775	0.9996796	0.0005400342
2460928.040794983	1.0001397	0.0005402339
2460928.042183889	1.0000333	0.0005401886
2460928.043572795	1.0017009	0.0005405591
2460928.0449617007	1.0005928	0.00054024503
2460928.0463506067	0.99905705	0.0005400108
2460928.0477395123	1.0004315	0.0005402502
2460928.0491284183	0.99906236	0.0005399042
2460928.050517324	0.99991906	0.0005401611
2460928.05190623	1.0004834	0.0005402108
2460928.053295136	0.99892783	0.00053990615
2460928.0546840415	1.0002953	0.0005403129
2460928.0560729476	0.9995803	0.0005400442
2460928.0574618536	0.9998333	0.0005401429
2460928.058850759	1.000244	0.00054042717
2460928.060239665	1.0002141	0.0005402382
2460928.061628571	0.99947834	0.00053990923
2460928.063017477	0.9996381	0.0005399368
2460928.0644063824	0.9998501	0.00054030574
2460928.0657952884	1.0000545	0.0005401093
2460928.067184194	1.0003524	0.0005402425
2460928.0685730996	1.0005994	0.00054012146
2460928.0699620056	1.0000875	0.0005400013
2460928.0713509116	0.99940187	0.00053998904
2460928.072739817	1.0009514	0.0005402329
2460928.074128723	1.0000814	0.00054023945
2460928.075517629	1.0010086	0.00054032344
2460928.0769065344	1.0004983	0.0005401503
2460928.0782954404	1.0010118	0.0005402689
2460928.079684346	0.9995186	0.0005400235
2460928.081073252	1.0005255	0.0005401755
2460928.0824621576	0.9993351	0.00054018485
2460928.083851063	1.0005199	0.0005401171
2460928.085239969	1.0001459	0.00054024736
2460928.0866288748	1.000238	0.0005402066
2460928.0880177803	0.9999612	0.0005401585
2460928.0894066864	0.99955344	0.00053992955
2460928.090795592	1.0000488	0.00054012425
2460928.092184498	0.9987657	0.0005400432
2460928.0935734035	1.0012176	0.00054028456
2460928.094962309	1.0004836	0.000540182
2460928.096351215	0.99971205	0.000540033
2460928.0977401207	1.0003606	0.0005402486
2460928.0991290263	0.9999898	0.00054017
2460928.1005179323	1.0008332	0.0005402867
2460928.101906838	1.0001746	0.0005401592
2460928.1032957435	0.99972916	0.0005402413
2460928.104684649	1.0000087	0.0005401986
2460928.106073555	0.99929166	0.00053997803
2460928.1074624606	1.0002714	0.0005401856
2460928.108851366	0.9999836	0.0005399752
2460928.110240272	1.001077	0.0005404505
2460928.1116291774	1.0008099	0.0005404041
2460928.1130180834	1.0003537	0.00054003205
2460928.114406989	1.0003035	0.00054010574
2460928.1157958945	0.9991593	0.0005400312
2460928.1171848	0.9998369	0.0005402263
2460928.118573706	1.0006027	0.00054025697
2460928.1199626117	1.0001745	0.00054010964
2460928.1213515173	1.0008775	0.0005402867
2460928.122740423	0.9995054	0.0005400692
2460928.1241293284	0.9997222	0.00054011884
2460928.1255182344	0.9996488	0.0005399899
2460928.1269071396	0.9996671	0.000540029
2460928.1282960456	1.0000731	0.0005401267
2460928.129684951	1.0002338	0.00054009433
2460928.1310738567	1.0006392	0.0005402827
2460928.1324627623	0.9997921	0.00054021674
2460928.133851668	1.0001814	0.00054010714
2460928.1352405734	1.0003209	0.00054021593
2460928.1366294795	1.0006073	0.00054023956
2460928.1380183846	0.9993979	0.0005399731
2460928.1394072906	1.0000654	0.0005401098
2460928.1407961957	1.0005574	0.0005402543
2460928.1421851018	0.99926376	0.00054012804
2460928.1435740073	0.99981177	0.0005402347
2460928.144962913	0.99942863	0.00054019515
2460928.1463518185	1.0002193	0.0005401922
2460928.147740724	0.99971783	0.00054007815
2460928.1491296296	1.0009581	0.0005402488
2460928.150518535	0.99960446	0.0005401583
2460928.1519074407	0.9997274	0.0005400331
2460928.1532963463	0.9997558	0.00053995865
2460928.154685252	0.99960583	0.0005402475
2460928.1560741575	0.9993984	0.00053993065
2460928.157463063	1.0003136	0.00054011104
2460928.1588519686	1.0002643	0.00054019113
2460928.160240874	1.0005138	0.0005403208
2460928.1616297797	1.0009586	0.0005403703
2460928.1630186853	1.0000358	0.00054012693
2460928.164407591	1.0009378	0.0005403007
2460928.165796496	0.9999412	0.0005399174
2460928.1671854015	1.0004277	0.00054025097
2460928.168574307	0.9997247	0.00054013316
2460928.1699632127	0.9995903	0.0005398765
2460928.1713521183	1.0006113	0.0005401814
2460928.172741024	0.99991274	0.0005402019
2460928.1741299294	0.9995877	0.0005401912
2460928.175518835	1.0000633	0.00054010696
2460928.17690774	1.0005682	0.00054030376
2460928.1782966456	1.000466	0.0005402164
2460928.1796855517	0.9996557	0.0005401766
2460928.181074457	1.0005264	0.00054011587
2460928.1824633623	1.0007685	0.0005402562
2460928.183852268	1.0007753	0.0005402387
2460928.1852411735	1.0003237	0.00054028194
2460928.186630079	0.9993607	0.0005399782
2460928.188018984	0.99988437	0.0005400383
2460928.1894078897	0.9994056	0.00054008584
2460928.1907967953	0.99971026	0.0005401308
2460928.192185701	0.9997664	0.00054010004
2460928.193574606	1.0005095	0.0005402151
2460928.1949635115	1.0003041	0.0005401063
2460928.196352417	0.99992913	0.0005399578
2460928.1977413227	1.0001119	0.00054022856
2460928.199130228	1.0001001	0.00054004916
2460928.2005191334	1.0003221	0.00054005365
2460928.201908039	1.000319	0.0005403145
2460928.203296944	1.0008851	0.0005402715
2460928.2046858496	1.0017552	0.0005403492
2460928.206074755	1.0007865	0.0005403774
2460928.2074636607	1.0003678	0.0005401509
2460928.208852566	0.999889	0.0005401523
2460928.2102414714	1.0000231	0.0005401343
2460928.211630377	0.9992996	0.00053996284
2460928.213019282	1.000185	0.0005401239
2460928.2144081877	0.99963224	0.0005400032
2460928.215797093	1.0003169	0.00054013217
2460928.2171859983	0.99905574	0.0005400381
2460928.218574904	0.9997806	0.00054017967
2460928.219963809	0.99992484	0.000540133
2460928.2213527146	1.000078	0.00054001523
2460928.22274162	0.99997157	0.00054025254
2460928.2241305253	0.99960303	0.0005400827
2460928.225519431	0.99856806	0.0005398802
2460928.226908336	1.0001601	0.000539977
2460928.2282972415	1.0009608	0.00054024515
2460928.229686147	0.9996149	0.0005400443
2460928.231075052	0.9998244	0.00054008607
2460928.2324639577	1.0006472	0.00054021564
2460928.233852863	1.0001704	0.00054014416
2460928.2352417684	1.0000141	0.0005401224
2460928.2366306735	0.9997729	0.0005400736
2460928.2380195786	0.9997115	0.00053992635
2460928.239408484	1.0001268	0.00054007286
2460928.2407973898	1.0004056	0.00054014457
2460928.242186295	1.0006677	0.0005401698
2460928.2435752004	1.0000125	0.000540116
2460928.2449641055	1.0005692	0.00054012466
2460928.2463530106	0.9993552	0.00053995557
2460928.247741916	0.99951553	0.0005402502
2460928.2491308213	1.0003499	0.0005403527
2460928.250519727	1.0002198	0.00054020196
2460928.2519086325	0.99969167	0.0005402173
2460928.2532975376	1.000897	0.00054022187
2460928.2546864427	1.0001341	0.0005399527
2460928.256075348	0.99995375	0.0005402047
2460928.2574642533	0.99955326	0.0005400073
2460928.258853159	1.0005628	0.00054022536
2460928.260242064	0.9997669	0.0005402887
2460928.261630969	0.9995108	0.00054003537
2460928.263019874	1.0002389	0.00053996564
2460928.26440878	0.99933964	0.0005398015
2460928.265797685	0.99916494	0.00054004823
2460928.26718659	1.0000726	0.0005401741
2460928.2685754956	0.9995919	0.0005401539
2460928.2699644007	0.9987959	0.0005398381
2460928.271353306	1.0007693	0.0005402091
2460928.2727422114	0.9988855	0.0005398487
2460928.2741311165	1.0000292	0.0005402769
2460928.2755200216	0.9999166	0.0005401956
2460928.276908927	1.000084	0.00054018444
2460928.2782978322	0.99959606	0.0005400008
2460928.2796867373	0.9996805	0.00054007856
2460928.2810756424	0.99926555	0.00054001756
2460928.282464548	1.0004624	0.00054014474
2460928.283853453	0.9991241	0.00053999806
2460928.285242358	1.0003806	0.0005404032
2460928.286631264	1.0000161	0.00054003816
2460928.2880201684	1.0007201	0.00054010353
2460928.289409074	0.99964595	0.00054017524
2460928.290797979	0.99982876	0.00054008747
2460928.292186884	1.0003961	0.0005403228
2460928.4783001468	0.999816	0.0005400659
2460928.4796890514	0.99942833	0.0005400784
2460928.481077956	0.9996957	0.00054000557
2460928.4824668607	1.0002104	0.0005401237
2460928.4838557653	1.0005846	0.0005401712
2460928.48524467	1.0010728	0.0005403855
2460928.4866335746	0.99940276	0.0005399683
2460928.488022479	0.99938434	0.00054002536
2460928.4894113843	0.9999409	0.0005400378
2460928.4908002885	1.0001696	0.00054023706
2460928.4921891936	0.99919516	0.00053982367
2460928.493578098	1.000163	0.0005400247
2460928.494967003	1.0005707	0.00054012414
2460928.4963559075	1.0007067	0.0005403263
2460928.4977448117	0.99894625	0.00053994317
2460928.499133717	1.0004798	0.00054017606
2460928.500522621	1.0004209	0.00054026337
2460928.5019115256	0.9998084	0.00054005184
2460928.5033004307	0.99917626	0.0005399239
2460928.504689335	1.0007529	0.0005404602
2460928.5060782395	0.99951947	0.0005400129
2460928.507467144	0.99967957	0.0005401624
2460928.508856049	1.0001913	0.0005401432
2460928.5102449534	0.9993516	0.0005398487
2460928.511633858	0.99988836	0.0005400256
2460928.5130227627	0.99980175	0.0005401494
2460928.5144116674	1.0000353	0.0005400931
2460928.515800572	0.99988544	0.0005400441
2460928.5171894766	0.99998873	0.0005400618
2460928.518578381	1.0003337	0.0005403024
2460928.5199672855	1.000548	0.00054033624
2460928.52135619	0.9998324	0.00054000696
2460928.5227450947	1.0007737	0.00054032716
2460928.5241339994	1.0008433	0.0005402882
2460928.525522904	0.9999234	0.000540031
2460928.5269118086	1.000864	0.0005401883
2460928.5283007133	0.9997487	0.0005401897
2460928.5296896175	0.9995391	0.0005401018
2460928.531078522	1.0005224	0.00054023124
2460928.5324674267	1.0009507	0.0005403437
2460928.5338563314	1.0011288	0.00054033974
2460928.5352452355	1.0004328	0.0005400978
2460928.53663414	1.0001205	0.000540095
2460928.538023045	0.9992328	0.0005399524
2460928.5394119495	0.9985051	0.0005399281
2460928.5408008536	1.0007254	0.00054033584
2460928.5421897583	0.9985924	0.0005399931
2460928.543578663	1.0007993	0.0005402478
2460928.5449675675	0.99988	0.0005401801
2460928.5463564717	1.000143	0.0005401856
2460928.5477453764	0.99978346	0.0005400815
2460928.549134281	1.0003482	0.00054021465
2460928.5505231856	1.0000539	0.00054034154
2460928.55191209	1.0000608	0.00054025394
2460928.5533009944	0.9997961	0.0005399904
2460928.5546898986	0.9999533	0.0005399723
2460928.5560788033	1.0009159	0.0005401105
2460928.557467708	1.0006897	0.0005402328
2460928.558856612	1.0005037	0.0005402048
2460928.5602455167	1.0002563	0.00054017245
2460928.561634421	0.9999774	0.0005401003
2460928.5630233255	1.0000877	0.0005402611
2460928.56441223	0.99960506	0.00054018607
2460928.5658011343	0.99993104	0.00054016797
2460928.567190039	1.0012803	0.0005402595
2460928.5685789436	0.99943215	0.00054003013
2460928.569967848	0.9995781	0.0005398819
2460928.5713567524	0.99989676	0.00054002507
2460928.5727456566	0.9996288	0.0005398351
2460928.5741345612	1.0006344	0.0005403683
2460928.575523466	1.0002888	0.0005401044
2460928.57691237	1.000578	0.0005402712
2460928.578301274	0.99973345	0.00053986075
2460928.579690179	0.9999412	0.00054011476
2460928.581079083	1.0004796	0.0005401451
2460928.5824679877	1.0007421	0.00054040365
2460928.583856892	1.0001183	0.0005401618
2460928.5852457965	1.0008495	0.0005404418
2460928.5866347007	1.0007818	0.0005403376
2460928.5880236053	1.0000405	0.00054020924
2460928.5894125095	1.0001762	0.00054007384
2460928.590801414	1.0002323	0.0005400945
2460928.5921903183	1.0005808	0.00054009643
2460928.593579223	1.0007373	0.0005402514
2460928.594968127	1.0006897	0.00054014236
2460928.5963570317	1.0007125	0.0005403579
2460928.597745936	1.000004	0.0005401337
2460928.59913484	1.0003526	0.00054013694
2460928.6005237447	1.0003341	0.00054013927
2460928.601912649	1.0005949	0.00054018805
2460928.603301553	1.0010828	0.0005403418
2460928.6046904577	1.0004053	0.0005403045
2460928.606079362	1.0008582	0.0005404373
2460928.6074682665	0.9996879	0.0005402065
2460928.6088571707	0.99981177	0.0005400429
2460928.610246075	1.0009211	0.0005401143
2460928.6116349795	1.0015744	0.00054033776
2460928.6130238837	1.000723	0.00054027163
2460928.614412788	1.0013114	0.0005403752
2460928.615801692	1.0012504	0.0005403544
2460928.6171905966	1.0003989	0.000540206
2460928.618579501	1.0004712	0.000540195
2460928.619968405	0.9999902	0.00054021314
2460928.6213573096	1.0005044	0.0005402702
2460928.622746214	0.99966735	0.00054009666
2460928.624135118	1.0001451	0.00054026634
2460928.625524022	1.0012544	0.0005403575
2460928.6269129263	0.9998138	0.0005400554
2460928.628301831	1.0003203	0.00054016366
2460928.629690735	1.0010519	0.0005403652
2460928.6310796393	1.0008001	0.0005403915
2460928.6324685435	0.9997512	0.0005401914
2460928.6338574477	0.9999183	0.0005402554
2460928.6352463523	1.00067	0.00054020237
2460928.6366352565	1.0003694	0.00054014265
2460928.6380241606	0.9998615	0.00054023677
2460928.639413065	1.0005087	0.0005401804
2460928.640801969	1.0007704	0.0005404179
2460928.642190873	1.0005342	0.00054028875
2460928.643579778	1.0007498	0.00054052874
2460928.644968682	1.0001183	0.0005402865
2460928.646357586	1.0000852	0.00054008455
2460928.6477464903	1.0004812	0.00054030196
2460928.6491353945	1.0001831	0.0005401635
2460928.6505242987	1.000614	0.0005402193
2460928.651913203	0.99986655	0.00054013525
2460928.653302107	1.0001147	0.00054024864
2460928.6546910116	1.0009826	0.0005403433
2460928.6560799154	1.000862	0.00054026936
2460928.65746882	1.0011351	0.0005403265
2460928.6588577237	1.0002357	0.0005402338
2460928.6602466283	1.0013953	0.00054035644
2460928.6616355325	1.0008048	0.000540113
2460928.6630244367	0.9999697	0.00054019055
2460928.664413341	1.0001622	0.00054018956
2460928.6658022446	1.0006922	0.0005401882
2460928.667191149	1.0001543	0.0005400895
2460928.6685800534	1.0001507	0.0005401717
2460928.669968957	1.0008165	0.00054017885
2460928.6713578617	1.0004954	0.00054013217
2460928.672746766	1.0005324	0.00054019963
2460928.6741356696	1.0006686	0.000540217
2460928.6755245742	0.99964976	0.000540003
2460928.676913478	1.0007733	0.0005402738
2460928.678302382	1.0003531	0.0005402213
2460928.6796912863	1.0007815	0.0005403128
2460928.6810801905	1.0003004	0.0005402706
2460928.6824690946	1.0011027	0.0005403117
2460928.683857999	1.0004859	0.00054031593
2460928.685246903	1.0001979	0.0005401246
2460928.686635807	1.000922	0.0005402565
2460928.688024711	0.99928224	0.0005400639
2460928.689413615	1.0002067	0.00054014847
2460928.690802519	1.0001109	0.0005401131
2460928.6921914234	1.0007555	0.00054035184
2460928.6935803276	1.0007483	0.000540207
2460928.6949692317	1.0001925	0.0005401141
2460928.696358136	1.0005318	0.0005402182
2460928.69774704	1.000926	0.0005401405
2460928.699135944	1.0007606	0.00054033846
2460928.700524848	1.0007942	0.0005402391
2460928.701913752	1.0005258	0.00054019364
2460928.7033026563	1.0007619	0.00054038345
2460928.70469156	1.0009391	0.00054038735
2460928.706080464	0.9999159	0.00054008164
2460928.7074693684	0.99989486	0.0005401335
2460928.7088582725	1.0007198	0.00054013374
2460928.7102471762	1.0009118	0.0005403312
2460928.7116360804	1.0006921	0.00054034154
2460928.7130249846	1.0003195	0.0005402498
2460928.7144138883	1.0004904	0.00054022565
2460928.7158027925	0.99971426	0.0005399822
2460928.7171916966	1.0001184	0.00054013485
2460928.718580601	1.0013372	0.0005402907
2460928.7199695045	1.000864	0.00054037565
2460928.7213584087	0.9999459	0.0005401141
2460928.722747313	1.0005217	0.00054021267
2460928.7241362166	0.9998791	0.0005401491
2460928.7255251207	1.0004786	0.0005403202
2460928.726914025	1.0003804	0.0005402001
2460928.7283029286	1.0007516	0.000540351
2460928.729691833	0.9997584	0.0005398945
2460928.7310807365	0.9998266	0.0005399548
2460928.7324696407	1.0023198	0.000540702
2460928.733858545	1.0006521	0.0005400436
2460928.7352474486	0.9995541	0.0005401619
2460928.7366363527	0.99974185	0.00054015394
2460928.7380252564	0.9997664	0.00054031034
2460928.7394141606	1.0012144	0.00054051186
2460928.740803065	0.9995602	0.00053998904
2460928.7421919685	1.0013511	0.0005404461
2460928.743580872	1.0005538	0.0005403383
2460928.7449697764	1.0004351	0.0005401377
2460928.74635868	0.999959	0.00053993147
2460928.7477475842	1.0004864	0.0005403108
2460928.749136488	0.99942636	0.0005401041
2460928.750525392	0.9998017	0.00053994433
2460928.7519142963	0.99928504	0.0005401397
2460928.7533032	1.0000657	0.0005400967
2460928.754692104	1.000105	0.00054024527
2460928.756081008	0.999905	0.00054017437
2460928.7574699116	1.000114	0.00054022786
2460928.7588588158	1.0009896	0.0005403536
2460928.7602477195	0.99976593	0.00054026017
2460928.7616366236	1.0005312	0.0005402335
2460928.7630255274	0.99968135	0.00054014125
2460928.764414431	1.0006963	0.0005403161
2460928.7658033352	1.0002646	0.0005402076
2460928.767192239	0.9999988	0.0005399637
2460928.768581143	1.0011268	0.0005403565
2460928.769970047	1.0008867	0.0005403786
2460928.7713589505	0.9996097	0.0005402165
2460928.7727478547	0.9999195	0.00054000475
2460928.7741367584	1.0003946	0.00054011884
2460928.775525662	0.99984443	0.00054046826
2460928.7769145663	0.9995532	0.0005400566
2460928.77830347	1.0005354	0.0005401655
2460928.7796923737	1.0003288	0.00054029666
2460928.7810812774	1.001088	0.00054029934
2460928.7824701816	1.0004731	0.0005402486
2460928.7838590853	0.9992783	0.0005401875
2460928.785247989	0.9998424	0.00053994334
2460928.786636893	0.999449	0.0005399347
2460928.788025797	1.000715	0.0005402354
2460928.7894147006	0.99988323	0.00054006133
2460928.7908036048	0.9996892	0.0005401036
2460928.7921925085	1.0008742	0.0005403301
2460928.793581412	1.0004908	0.00054016453
2460928.7949703163	0.999852	0.0005400751
2460928.7963592196	1.0000087	0.00054014043
2460928.7977481238	1.0004503	0.0005402116
2460928.7991370275	1.0007142	0.00054033747
2460928.800525931	1.0000705	0.0005402137
2460928.801914835	1.0015941	0.000540294
2460928.8033037386	1.0000161	0.00054027914
2460928.8046926428	1.0004631	0.0005401268
2460928.8060815465	0.9998546	0.00054000865
2460928.80747045	0.99970925	0.0005401185
2460928.808859354	1.0002689	0.00054013624
2460928.8102482576	1.0006198	0.000540195
2460928.8116371613	1.0006418	0.0005402983
2460928.8130260655	0.9997001	0.0005397641
2460928.8144149687	1.0001787	0.0005402591
2460928.815803873	1.0010542	0.00054020254
2460928.8171927766	1.0005466	0.00054039527
2460928.8185816803	0.999825	0.00054013514
2460928.819970584	0.9986046	0.0005396826
2460928.8213594877	1.0000705	0.00054010336
2460928.8227483914	0.9989453	0.00053994305
2460928.824137295	0.9993715	0.0005400887
2460928.825526199	0.9991081	0.0005400878
2460928.8269151025	0.99995035	0.0005402134
2460928.8283040063	0.9997256	0.0005399739
2460928.82969291	1.0005376	0.00054013793
2460928.8310818137	0.99937135	0.00053999986
2460928.8324707174	0.9998017	0.0005401478
2460928.833859621	0.9990712	0.0005398893
2460928.835248525	1.0004683	0.00054046646
2460928.8366374285	0.9992326	0.0005400429
2460928.838026332	1.0001693	0.0005402338
2460928.839415236	0.9995643	0.0005401666
2460928.8408041396	1.0001534	0.0005400343
2460928.8421930433	0.99968565	0.00053996313
2460928.843581947	0.9990599	0.0005398212
2460928.8449708507	0.9996198	0.00054008176
2460928.8463597544	0.99991184	0.00054028124
2460928.847748658	0.9994465	0.0005400218
2460928.849137562	1.0000088	0.0005401359
2460928.850526465	0.99963903	0.0005400625
2460928.851915369	1.0000689	0.0005400981
2460928.8533042725	1.0001259	0.00054000923
2460928.854693176	1.0006936	0.00054030574
2460928.85608208	0.99907434	0.0005399794
2460928.8574709836	1.0009639	0.0005404005
2460928.8588598873	0.9997883	0.00054004043
2460928.8602487906	0.9990738	0.00053983484
2460928.8616376943	0.9993748	0.00054003566
2460928.863026598	1.0000257	0.0005405613
2460928.8644155017	0.99923885	0.0005398974
2460928.8658044054	1.0000079	0.0005400373
2460928.867193309	1.0002344	0.00054020056
2460928.8685822124	0.99948025	0.0005402307
2460928.869971116	0.9994211	0.0005400225
2460928.8713600193	1.0000687	0.00054013566
2460928.872748923	0.99885446	0.0005399494
2460928.8741378267	0.99918294	0.00054005074
2460928.8755267304	0.99898815	0.0005398722
2460928.876915634	1.000539	0.00054007914
2460928.8783045374	1.0003327	0.0005401683
2460928.879693441	0.99884444	0.0005399752
2460928.881082345	0.9999644	0.0005399913
2460928.882471248	1.0001268	0.00054013997
2460928.8838601517	1.000094	0.0005402528
2460928.8852490555	1.0007704	0.00054021424
2460928.8866379587	0.99997187	0.000540069
2460928.8880268624	0.9993993	0.0005402234
2460928.889415766	1.0005723	0.0005405385
2460928.8908046694	0.9992961	0.0005400636
2460928.892193573	1.0002781	0.00054025784
2460928.893582477	0.9992344	0.0005400876
2460928.89497138	1.0003666	0.0005400865
2460928.8963602837	0.9998256	0.0005401527
2460928.897749187	1.000427	0.00054021494
2460928.8991380907	0.99972886	0.0005399806
2460928.9005269944	1.0004741	0.0005401545
2460928.9019158976	1.0002307	0.00054012943
2460928.9033048013	1.0003468	0.00054011575
2460928.9046937046	0.9999305	0.000540022
2460928.9060826083	0.99972254	0.0005399989
2460928.9074715115	1.0003701	0.00054023234
2460928.908860415	1.0009539	0.0005403499
2460928.910249319	1.0001646	0.00054009486
2460928.911638222	1.000516	0.00054035283
2460928.913027126	0.9995778	0.00054010056
2460928.914416029	1.0000148	0.0005400426
2460928.915804933	1.0005238	0.0005402477
2460928.917193836	0.99999106	0.0005403108
2460928.9185827393	1.0001099	0.00054017303
2460928.919971643	0.99993193	0.0005402617
2460928.9213605463	1.0006298	0.0005401554
2460928.92274945	1.0001491	0.00054040214
2460928.924138353	1.0004953	0.00054021116
2460928.925527257	0.9996955	0.0005400978
2460928.92691616	1.0009625	0.00054038357
2460928.928305064	1.0008392	0.0005405293
2460928.929693967	0.99989384	0.0005401779
2460928.9310828703	0.9999603	0.00054028124
2460928.932471774	0.99997634	0.0005402918
2460928.9338606773	1.0002527	0.0005403099
2460928.935249581	1.0006205	0.0005402289
2460928.9366384842	0.99914074	0.0005399422
2460928.9380273875	1.0006245	0.00054024864
2460928.9394162907	1.0010372	0.0005404327
2460928.9408051944	1.000537	0.0005403473
2460928.9421940977	0.99973464	0.00054015993
2460928.943583001	1.000302	0.0005401861
2460928.9449719046	0.9994903	0.000540005
2460928.946360808	1.0007507	0.00054033863
2460928.947749711	1.0007362	0.00054028747
2460928.949138615	0.9994173	0.00053993426
2460928.950527518	1.0002812	0.0005400893
2460928.9519164213	1.0003964	0.0005398904
2460928.953305325	1.0014125	0.00054036727
2460928.9546942282	1.0010335	0.0005402558
2460928.9560831315	1.0000551	0.0005401767
2460928.9574720347	1.0005441	0.0005401518
2460928.958860938	1.000264	0.00054015475
2460928.9602498417	1.0003653	0.0005402067
2460928.961638745	1.0012391	0.00054051715
2460928.963027648	1.0002376	0.0005401145
2460928.9644165514	0.9994711	0.0005401119
2460928.9658054546	1.000508	0.0005402039
2460928.9671943584	1.0003142	0.00054023415
2460928.9685832616	0.9988302	0.0005400612
2460928.969972165	1.0009698	0.00054037286
2460928.971361068	1.0000812	0.0005400787
2460928.9727499713	1.0006686	0.000540335
2460928.9741388746	1.0007662	0.000540135
2460928.975527778	1.0000502	0.0005400529
2460928.9769166815	0.9998613	0.00054019416
2460928.9783055848	0.99998015	0.0005399426
2460928.979694488	1.0003451	0.0005402322
2460928.9810833912	1.0007739	0.0005403092
2460928.9824722945	1.0003818	0.00054035935
2460928.9838611977	1.0002133	0.00054019684
2460928.985250101	0.999758	0.00054010784
2460928.986639004	1.0007874	0.00054034137
2460928.9880279074	0.9998138	0.0005400371
2460928.9894168107	1.0007056	0.0005402939
2460928.990805714	1.0012348	0.00054030196
2460928.992194617	1.0003048	0.000540189
2460928.9935835204	0.99876314	0.0005398619
2460928.9949724237	1.0006723	0.00054035056
2460928.996361327	1.0004443	0.0005400896
2460928.99775023	1.0011683	0.0005402821
2460928.9991391334	1.0003989	0.0005405494
2460929.0005280366	0.99890757	0.00053987105
2460929.00191694	1.00038	0.00054013974
2460929.003305843	1.0007449	0.00054032763
2460929.0046947463	1.0001248	0.0005400923
2460929.0060836496	0.99970293	0.0005399698
2460929.007472553	1.0013443	0.0005401919
2460929.008861456	1.0002753	0.00054008065
2460929.0102503593	1.0009921	0.0005403088
2460929.011639262	1.0019484	0.0005403749
2460929.0130281653	1.0005856	0.00054017274
2460929.014417069	0.999601	0.0005399617
2460929.015805972	1.0000589	0.0005404298
2460929.017194875	1.0006436	0.0005401214
2460929.0185837783	1.0008614	0.0005401599
2460929.0199726815	1.0004218	0.00053993
2460929.021361585	1.0000564	0.0005401434
2460929.0227504876	1.0009303	0.00054014276
2460929.024139391	0.9999294	0.0005400337
2460929.025528294	0.9996035	0.00054005766
2460929.0269171973	0.99994993	0.00054013665
2460929.0283061005	1.0001504	0.0005401188
2460929.0296950033	1.0000705	0.0005400291
2460929.0310839065	0.99978954	0.00054010865
2460929.03247281	1.0004593	0.00054021284
2460929.033861713	0.99933964	0.00054003356
2460929.0352506163	1.0005689	0.00054014445
2460929.036639519	1.0002775	0.0005402642
2460929.0380284223	1.0003527	0.00054029183
2460929.0394173255	1.0002967	0.0005400804
2460929.0408062283	0.9996929	0.00054046395
2460929.0421951315	1.0003213	0.0005402081
2460929.043584035	1.0001374	0.00054028735
2460929.044972938	1.0004609	0.00054019794
2460929.046361841	1.0006182	0.0005401676
2460929.047750744	1.0002216	0.00053992774
2460929.0491396473	1.0007381	0.00054038566
2460929.05052855	1.0010624	0.00054050056
2460929.0519174533	0.9991189	0.0005399996
2460929.0533063565	1.0000739	0.0005400919
2460929.0546952593	1.0009729	0.0005403347
2460929.0560841626	1.0010215	0.0005403643
2460929.057473066	1.0008148	0.0005401915
2460929.0588619686	1.0012769	0.00054030825
2460929.060250872	1.001126	0.0005403249
2460929.0616397746	0.99965006	0.00054022146
2460929.063028678	0.9997325	0.000540151
2460929.064417581	1.0009354	0.0005403419
2460929.065806484	1.0008591	0.0005402107
2460929.067195387	1.0007843	0.00054038735
2460929.06858429	1.0004919	0.0005402299
2460929.0699731926	1.0006255	0.00054018316
2460929.071362096	0.99924165	0.00054002047
2460929.0727509987	1.0016229	0.00054053357
2460929.074139902	0.9997998	0.0005399852
2460929.075528805	1.0007535	0.00054019934
2460929.076917708	0.99997294	0.0005401964
2460929.078306611	1.000522	0.0005401682
2460929.079695514	1.0004222	0.0005401661
2460929.081084417	0.9995576	0.00054014585
2460929.08247332	1.0005091	0.00054006896
2460929.0838622227	1.0003778	0.0005400254
2460929.085251126	0.99986744	0.00053993484
2460929.086640029	1.0002522	0.00054004573
2460929.088028932	1.0014118	0.0005404341
2460929.0894178348	1.0003804	0.00054027856
2460929.0908067375	0.99895567	0.0005398691
2460929.092195641	1.0006131	0.00054006965
2460929.093584544	0.9989358	0.00053987757
2460929.094973447	1.0001035	0.000540143
2460929.0963623496	0.99990755	0.0005401948
2460929.0977512524	1.0009441	0.00054025446
2460929.0991401556	1.0007484	0.0005403275
2460929.1005290584	0.9999131	0.00053999963
2460929.101917961	0.9999089	0.0005400612
2460929.1033068644	1.0009737	0.00054030475
2460929.104695767	1.0009615	0.00054025196
2460929.10608467	1.001432	0.0005402907
2460929.107473573	1.0027188	0.0005406193
2460929.108862476	1.000442	0.0005401738
2460929.1102513787	1.0003123	0.0005401555
2460929.111640282	1.0001774	0.0005401664
2460929.1130291848	1.0000336	0.0005401082
2460929.1144180875	1.0003269	0.0005402184
2460929.1158069903	1.0000896	0.00054022146
2460929.1171958935	1.0000048	0.00054007303
2460929.1185847963	1.0013788	0.000540267
2460929.119973699	1.0002608	0.0005401363
2460929.121362602	1.0005746	0.0005402791
2460929.122751505	1.0006021	0.0005401363
2460929.124140408	1.0000399	0.00054013415
2460929.1255293107	0.99997884	0.0005400884
2460929.1269182134	1.0000463	0.0005401887
2460929.128307116	1.0005496	0.00054017064
2460929.1296960195	1.0005767	0.0005400483
2460929.1310849222	1.0010495	0.00054019474
2460929.132473825	1.0003237	0.000540123
2460929.133862728	0.9997084	0.00053996284
2460929.1352516306	1.0001516	0.0005400616
2460929.1366405333	1.0007725	0.0005401492
2460929.138029436	1.0001011	0.0005400745
2460929.139418339	1.0008372	0.00054021593
2460929.140807242	1.0001655	0.0005401496
2460929.142196145	1.0001236	0.0005401086
2460929.1435850477	0.9994356	0.0005399604
2460929.1449739505	1.0005833	0.0005401424
2460929.1463628532	1.0003916	0.0005403282
2460929.147751756	0.9999052	0.0005401378
2460929.149140659	1.0003723	0.0005402525
2460929.1505295616	1.0005195	0.0005400551
2460929.1519184643	1.001689	0.00054045767
2460929.153307367	1.0011814	0.00054034684
2460929.15469627	1.0013448	0.0005404021
2460929.1560851727	0.99942005	0.0005399295
2460929.1574740754	1.0000937	0.00054009055
2460929.158862978	0.9999648	0.0005400945
2460929.160251881	1.000443	0.0005401978
2460929.161640784	1.000382	0.0005400712
2460929.1630296865	1.0008721	0.0005403201
2460929.1644185893	0.9997389	0.00054009916
2460929.165807492	1.0003345	0.0005402661
2460929.167196395	0.99990183	0.00054009515
2460929.1685852977	1.0003625	0.00054021925
2460929.1699742	1.0002697	0.0005402464
2460929.1713631027	0.9994524	0.0005398448
2460929.1727520055	1.0003493	0.0005402227
2460929.1741409083	1.0001142	0.0005401839
2460929.175529811	1.0008057	0.0005404165
2460929.176918714	0.9995391	0.0005399994
2460929.1783076166	1.0002522	0.0005401013
2460929.1796965194	0.9993415	0.0005400213
2460929.1810854217	1.0000787	0.0005400519
2460929.1824743245	1.0000333	0.00054019195
2460929.1838632273	1.0002096	0.0005401401
2460929.18525213	1.000522	0.0005403035
2460929.186641033	0.9996958	0.0005400345
2460929.188029935	0.99985796	0.0005400975
2460929.189418838	1.001017	0.0005404586
2460929.1908077407	0.9993022	0.0005400448
2460929.1921966434	1.0010254	0.00054027117
2460929.193585546	0.9999741	0.00054013403
2460929.1949744485	0.9989022	0.00053975557
2460929.1963633513	1.0002522	0.00054002047
2460929.197752254	0.9998802	0.00054015924
2460929.1991411564	0.99933094	0.0005401368
2460929.200530059	0.9998742	0.00054002646
2460929.201918962	1.0002426	0.0005401395
2460929.2033078647	0.999544	0.00054001645
2460929.2046967675	1.0001261	0.0005400562
2460929.20608567	0.99971795	0.00054027134
2460929.2074745726	0.99999905	0.00054002536
2460929.2088634754	0.9996857	0.00053997844
2460929.2102523777	1.0000257	0.0005400105
2460929.2116412804	0.9995762	0.00053994544
2460929.2130301828	0.9997262	0.0005400761
2460929.2144190855	0.99993813	0.00054011267
2460929.2158079883	1.000424	0.000540084
2460929.2171968906	1.0003034	0.00054019364
2460929.2185857934	1.0002265	0.00054012635
2460929.219974696	1.0005697	0.00054020283
2460929.2213635985	0.9994175	0.0005400627
2460929.2227525013	1.0003537	0.00054018426
2460929.2241414036	1.0000311	0.00054004247
2460929.2255303063	0.99990207	0.0005399552
2460929.226919209	1.0000069	0.00054008665
2460929.2283081114	1.0003399	0.0005399792
2460929.2296970137	0.99817646	0.0005397594
2460929.2310859165	1.0000179	0.000539992
2460929.232474819	1.0003487	0.00054006
2460929.2338637216	1.000096	0.00054022286
2460929.4199766256	0.99926364	0.0005399953
2460929.421365528	0.99943423	0.0005399862
2460929.4227544297	1.0010772	0.0005401783
2460929.4241433316	0.99850065	0.00053973607
2460929.4255322334	1.0003124	0.00054021657
2460929.4269211353	0.9991199	0.0005399295
2460929.4283100376	1.0003744	0.0005400972
2460929.4296989394	1.0003053	0.0005400629
2460929.4310878413	1.0000899	0.00054027996
2460929.432476743	1.0000668	0.00054015365
2460929.4338656454	0.9994674	0.0005401587
2460929.4352545473	0.9997118	0.00053989666
2460929.436643449	0.99979633	0.0005401167
2460929.438032351	1.000022	0.00054006325
2460929.4394212533	1.0001745	0.00053998706
2460929.440810155	1.0002941	0.0005402602
2460929.442199057	1.000111	0.0005401229
2460929.443587959	0.99930155	0.0005399267
2460929.4449768607	1.0007478	0.000540347
2460929.446365763	0.9994737	0.0005398797
2460929.4477546643	1.0006994	0.00054006686
2460929.4491435667	0.9994123	0.00054003205
2460929.450532468	0.9998584	0.00054003176
2460929.4519213703	1.0002882	0.00054014986
2460929.453310272	1.0008519	0.00054024847
2460929.454699174	1.0000163	0.0005401613
2460929.456088076	0.9997477	0.00054017093
2460929.4574769777	0.9990607	0.0005400117
2460929.4588658796	1.0005002	0.00054035074
2460929.4602547814	0.99944335	0.0005400875
2460929.4616436833	1.0005995	0.0005401082
2460929.463032585	0.9993512	0.0005400509
2460929.4644214874	1.0000516	0.00054020947
2460929.465810389	0.9992833	0.0005400941
2460929.467199291	1.0009867	0.0005401509
2460929.4685881925	0.99990356	0.0005399484
2460929.4699770943	1.0000805	0.0005401119
2460929.4713659966	0.99987435	0.00054017844
2460929.472754898	1.0002674	0.00054040767
2460929.4741438	1.0008477	0.0005402883
2460929.475532702	0.99945	0.0005400408
2460929.4769216035	0.9994292	0.00053984806
2460929.4783105054	0.99898624	0.000539911
2460929.4796994072	1.0011187	0.0005402356
2460929.481088309	0.999966	0.00054004707
2460929.482477211	1.0001023	0.000540047
2460929.483866113	0.99910355	0.00053984666
2460929.4852550146	0.99984306	0.00054007274
2460929.486643916	0.9992826	0.0005399895
2460929.4880328183	1.000539	0.00054010254
2460929.48942172	1.0006182	0.00054011773
2460929.4908106215	1.0003065	0.0005401988
2460929.4921995234	1.0001621	0.0005401794
2460929.493588425	0.9998687	0.0005400864
2460929.494977327	0.99967307	0.00054013275
2460929.496366229	0.9997548	0.00054006744
2460929.4977551303	0.9993563	0.0005400258
2460929.499144032	0.99945533	0.0005399384
2460929.500532934	1.00075	0.00054029725
2460929.501921836	1.0004762	0.0005399907
2460929.5033107377	1.0007092	0.00054033066
2460929.504699639	0.99949974	0.00054017734
2460929.506088541	1.0001471	0.0005401281
2460929.5074774427	1.0005248	0.0005401849
2460929.5088663446	1.0005463	0.0005403396
2460929.510255246	1.000615	0.0005402599
2460929.511644148	0.999229	0.0005399262
2460929.5130330496	1.0006582	0.0005402184
2460929.5144219515	1.0002507	0.0005400514
2460929.515810853	1.0006497	0.00054003805
2460929.5171997547	0.9992687	0.0005399653
2460929.5185886566	1.0001817	0.0005400705
2460929.519977558	1.0002375	0.00054026995
2460929.52136646	1.0000312	0.0005403447
2460929.522755361	1.0006076	0.00054015865
2460929.524144263	1.0003716	0.00054025435
2460929.525533165	1.0004227	0.00054012303
2460929.526922066	0.9993559	0.0005397404
2460929.528310968	1.000343	0.00054005475
2460929.5296998695	1.001389	0.0005402856
2460929.5310887713	1.0011696	0.0005403702
2460929.532477673	1.0008187	0.000540203
2460929.5338665745	0.99997324	0.00054015353
2460929.5352554764	1.000861	0.00054021855
2460929.536644378	1.0001737	0.0005400915
2460929.5380332796	0.9999896	0.00054010807
2460929.5394221814	1.0004641	0.0005402575
2460929.540811083	1.0001559	0.0005401501
2460929.5421999847	1.000144	0.0005401876
2460929.543588886	0.9998498	0.0005401812
2460929.544977788	1.0005412	0.00054013426
2460929.5463666893	1.0005183	0.0005400408
2460929.5477555906	1.0005112	0.00054016535
2460929.5491444925	1.0001839	0.0005399899
2460929.5505333943	1.0012403	0.0005403353
2460929.5519222957	1.0005637	0.00054008426
2460929.5533111976	1.0003058	0.00054021046
2460929.554700099	1.0001475	0.00054027245
2460929.5560890003	1.001329	0.0005403143
2460929.557477902	1.0003806	0.0005400601
2460929.5588668035	0.9998505	0.000540017
2460929.5602557054	1.0001688	0.0005401857
2460929.5616446068	1.0009993	0.00054037286
2460929.563033508	1.0007565	0.00054025167
2460929.56442241	0.9999285	0.0005399364
2460929.5658113114	1.000643	0.00054018205
2460929.567200213	1.0005348	0.00054037577
2460929.5685891146	1.0000085	0.0005400196
2460929.569978016	1.0007768	0.0005402395
2460929.571366918	1.0010142	0.00054033974
2460929.572755819	1.0010395	0.000540255
2460929.5741447206	0.9998915	0.0005402256
2460929.5755336224	1.0001413	0.00054012804
2460929.576922524	0.9995526	0.0005401556
2460929.578311425	0.9999071	0.0005400454
2460929.579700327	1.0008103	0.00054035493
2460929.5810892284	1.0009836	0.0005404053
2460929.58247813	1.0012445	0.00054044835
2460929.583867031	1.0011765	0.0005402588
2460929.5852559325	1.0013789	0.0005403299
2460929.5866448344	0.998991	0.00054000405
2460929.5880337358	0.9996879	0.00054005743
2460929.589422637	1.00075	0.00054028933
2460929.5908115385	1.0014096	0.00054032897
2460929.59220044	1.0005016	0.00054033933
2460929.5935893417	1.000841	0.0005403275
2460929.594978243	1.0004965	0.00054025935
2460929.5963671445	1.0007144	0.00054032565
2460929.597756046	1.000105	0.00054006657
2460929.5991449472	0.9993575	0.0005400004
2460929.600533849	0.999636	0.0005401792
2460929.60192275	1.0008458	0.00054030743
2460929.603311652	1.0003844	0.0005403382
2460929.604700553	0.99955374	0.00054021983
2460929.6060894546	1.0003165	0.00054016954
2460929.607478356	1.0000167	0.0005403218
2460929.6088672574	0.99976975	0.00054002326
2460929.6102561587	0.9989791	0.00053983455
2460929.61164506	0.9994276	0.00054014457
2460929.6130339615	1.0002877	0.0005401691
2460929.614422863	1.0005229	0.0005403477
2460929.6158117647	1.0003744	0.00054024055
2460929.6172006656	1.0011368	0.0005402958
2460929.6185895675	1.0007036	0.00054042606
2460929.6199784684	1.0006446	0.00054031867
2460929.62136737	1.0003182	0.0005401604
2460929.6227562716	1.0003307	0.0005403108
2460929.6241451725	1.000722	0.0005402727
2460929.625534074	0.9994734	0.0005399778
2460929.6269229753	0.9995149	0.00054012105
2460929.6283118767	0.99980736	0.0005401002
2460929.629700778	1.0003674	0.0005403456
2460929.6310896794	1.000578	0.0005401661
2460929.632478581	0.9997334	0.0005400508
2460929.633867482	0.99983376	0.00054020283
2460929.6352563836	1.0007806	0.0005400821
2460929.636645285	1.0005043	0.00054034544
2460929.6380341863	0.99899215	0.00054009014
2460929.6394230877	0.9999684	0.0005399835
2460929.640811989	1.0008552	0.00054022815
2460929.64220089	0.9998536	0.00054029626
2460929.6435897914	1.0001262	0.0005401542
2460929.6449786928	1.0002499	0.0005403949
2460929.646367594	0.99948585	0.0005399101
2460929.6477564955	0.99875456	0.00053984544
2460929.6491453964	1.0003155	0.00054018415
2460929.650534298	1.0005221	0.0005402697
2460929.651923199	0.9998241	0.0005400954
2460929.6533121006	1.0005716	0.0005402135
2460929.654701002	1.0001359	0.0005400947
2460929.656089903	0.99996096	0.00054030464
2460929.6574788042	1.0004103	0.0005400032
2460929.6588677056	1.0004934	0.00054009544
2460929.660256607	0.99996483	0.00054020784
2460929.6616455084	0.99947673	0.0005399679
2460929.6630344093	1.0002656	0.00054019305
2460929.6644233107	1.0005362	0.00054035406
2460929.665812212	1.0007777	0.00054025796
2460929.667201113	0.99991775	0.0005401988
2460929.6685900143	0.99996	0.00054008665
2460929.6699789152	1.0000991	0.0005400944
2460929.6713678166	0.9997441	0.00054004905
2460929.672756718	0.9997873	0.00054001977
2460929.674145619	1.0007523	0.00054018537
2460929.6755345203	1.0004655	0.00054036494
2460929.6769234217	0.99984396	0.0005402033
2460929.6783123226	1.0001298	0.00054039626
2460929.679701224	1.0001596	0.0005402454
2460929.6810901253	1.0009894	0.00054038456
2460929.6824790263	0.9996822	0.0005401086
2460929.6838679276	0.9999278	0.00054009684
2460929.6852568286	1.0002441	0.000540093
2460929.68664573	1.0000942	0.00054039934
2460929.688034631	0.9997158	0.0005400318
2460929.689423532	1.0002222	0.0005402491
2460929.6908124336	0.99910605	0.00054005027
2460929.6922013345	1.0008063	0.00054028106
2460929.693590236	1.0001094	0.000540051
2460929.6949791373	0.99971807	0.00054004585
2460929.696368038	1.0000743	0.0005401588
2460929.697756939	1.000985	0.0005402885
2460929.6991458405	0.9998765	0.0005400887
2460929.7005347414	1.0007671	0.000540309
2460929.701923643	1.0002697	0.0005399872
2460929.7033125437	1.0001539	0.00054027385
2460929.704701445	1.0012119	0.00054028863
2460929.706090346	1.0002391	0.0005402224
2460929.707479247	1.00061	0.00054036855
2460929.7088681483	1.0004449	0.00054019917
2460929.710257049	0.9995548	0.0005402449
2460929.7116459506	1.0006033	0.00054015336
2460929.7130348515	0.9995136	0.0005401319
2460929.7144237524	1.0006326	0.00054002274
2460929.715812654	1.0002649	0.0005403228
2460929.7172015547	1.0005742	0.0005401062
2460929.718590456	1.0000935	0.0005399572
2460929.719979357	0.9995311	0.0005399897
2460929.721368258	1.0003397	0.00054043846
2460929.7227571593	1.0000001	0.00054009503
2460929.72414606	1.000312	0.000540178
2460929.725534961	1.0001489	0.0005402476
2460929.7269238625	0.9997363	0.00054012326
2460929.7283127634	1.000167	0.0005402043
2460929.7297016643	0.9996908	0.000540145
2460929.7310905657	0.9999549	0.00054012105
2460929.7324794666	0.99915606	0.0005399879
2460929.7338683675	1.0004002	0.00054010114
2460929.7352572684	0.9999099	0.000540263
2460929.7366461693	1.0000783	0.00054014573
2460929.7380350707	1.0000173	0.00054003013
2460929.7394239716	1.0008242	0.0005401455
2460929.7408128725	1.0008632	0.0005401983
2460929.7422017734	0.9993453	0.00053993746
2460929.7435906744	0.9998342	0.00054003805
2460929.7449795757	0.99997956	0.000540339
2460929.7463684767	1.0000806	0.0005401705
2460929.7477573776	1.0006284	0.00054004276
2460929.7491462785	1.0000155	0.0005401541
2460929.7505351794	1.0001546	0.00054017646
2460929.7519240803	0.99980986	0.0005402129
2460929.753312981	0.9993683	0.0005399552
2460929.7547018826	0.9987969	0.0005399284
2460929.7560907835	0.9989739	0.00053994765
2460929.7574796844	1.0005481	0.00054012856
2460929.7588685853	1.0000724	0.0005401103
2460929.7602574863	0.99986565	0.0005400062
2460929.761646387	0.99967927	0.0005400747
2460929.763035288	1.0003064	0.0005400378
2460929.764424189	0.99997926	0.000540227
2460929.76581309	0.9999619	0.0005400434
2460929.767201991	1.0004442	0.0005402354
2460929.7685908917	0.9989517	0.00053995935
2460929.7699797926	0.9997438	0.0005400671
2460929.7713686936	1.0001884	0.00054000213
2460929.7727575945	0.9992198	0.00053984503
2460929.7741464954	0.9995107	0.0005400168
2460929.7755353963	0.999805	0.0005403164
2460929.776924297	0.99918723	0.0005399789
2460929.778313198	0.9997276	0.00054014416
2460929.779702099	1.0003791	0.0005401987
2460929.781091	0.9997447	0.0005400645
2460929.782479901	1.0001899	0.0005403906
2460929.783868802	0.99935937	0.0005399948
2460929.785257702	0.9990583	0.00053997536
2460929.7866466036	1.0000422	0.00054031576
2460929.7880355045	1.0000435	0.00053996686
2460929.789424405	0.9995919	0.00054008747
2460929.790813306	0.9988636	0.00053995027
2460929.792202207	1.0002545	0.00054005743
2460929.7935911077	0.99966234	0.0005400724
2460929.7949800086	1.0000463	0.00054010615
2460929.796368909	1.0002152	0.0005400469
2460929.79775781	0.9994096	0.0005400156
2460929.799146711	1.0002434	0.00054033665
2460929.800535612	0.9995259	0.00054013
2460929.8019245127	0.99955827	0.00053995254
2460929.803313413	0.9993332	0.00053992553
2460929.804702314	0.99999714	0.0005401792
2460929.806091215	0.9998449	0.0005400031
2460929.807480116	0.99910927	0.00053992
2460929.808869017	0.9990746	0.00053994043
2460929.8102579177	0.99990934	0.00054017897
2460929.811646818	0.9989534	0.0005397813
2460929.813035719	1.0002027	0.0005400008
2460929.8144246195	0.9999525	0.00053998444
2460929.8158135205	0.99978065	0.0005400887
2460929.8172024214	0.99898565	0.00053980283
2460929.8185913223	0.9993348	0.00053996337
2460929.8199802227	0.9988235	0.0005398165
2460929.8213691236	0.99977064	0.0005401821
2460929.8227580246	0.9999592	0.00054013095
2460929.824146925	0.99928606	0.00053983566
2460929.825535826	0.99965	0.0005400573
2460929.826924727	0.99987036	0.0005400084
2460929.8283136273	0.9994818	0.0005398538
2460929.829702528	0.99947834	0.00053992035
2460929.8310914286	0.99863386	0.0005398665
2460929.8324803296	1.0005027	0.0005402717
2460929.8338692305	0.9994782	0.0005399732
2460929.835258131	0.9997945	0.0005402587
2460929.836647032	0.99970704	0.00054021884
2460929.8380359323	0.9988291	0.0005398822
2460929.839424833	1.0003319	0.000540225
2460929.8408137336	0.99892265	0.0005401228
2460929.8422026346	0.999521	0.0005400235
2460929.843591535	0.9994581	0.0005400778
2460929.844980436	1.000217	0.00054007466
2460929.8463693364	1.0004153	0.00054031715
2460929.8477582373	0.99976593	0.00054014724
2460929.8491471377	1.0006161	0.00054011453
2460929.8505360386	1.0007992	0.0005403937
2460929.851924939	1.0002947	0.0005401866
2460929.85331384	0.99946487	0.0005399735
2460929.8547027404	0.9995517	0.00054002076
2460929.8560916414	1.0000846	0.000540199
2460929.857480542	0.9989408	0.00053978973
2460929.8588694423	1.0002186	0.00054038863
2460929.860258343	1.0003569	0.00054005586
2460929.8616472436	0.9999808	0.0005402477
2460929.8630361445	0.9999463	0.00054002204
2460929.864425045	1.0012344	0.0005402275
2460929.8658139454	0.9993277	0.00054005854
2460929.8672028463	1.0003331	0.0005401555
2460929.868591747	1.0002267	0.0005401449
2460929.869980647	1.001143	0.00054043176
2460929.871369548	0.99966425	0.00054007187
2460929.8727584486	1.0002671	0.0005402703
2460929.874147349	0.99924934	0.0005401702
2460929.8755362495	1.0004791	0.0005401868
2460929.8769251504	1.0007219	0.00054019195
2460929.878314051	1.0003595	0.0005403844
2460929.8797029513	0.9997804	0.0005401835
2460929.881091852	1.0005412	0.00054026203
2460929.8824807527	1.0005115	0.0005400586
2460929.883869653	1.0006913	0.00054025755
2460929.8852585535	0.9998085	0.00053998234
2460929.886647454	1.0007982	0.0005403447
2460929.888036355	0.99950093	0.00054007885
2460929.8894252554	1.0004241	0.0005402128
2460929.890814156	1.0002384	0.0005401823
2460929.8922030563	1.0006205	0.00054022897
2460929.8935919567	0.9997402	0.0005400607
2460929.8949808576	1.0006523	0.00054026075
2460929.896369758	1.0011234	0.00054045336
2460929.8977586585	1.0003443	0.000540135
2460929.899147559	0.9995723	0.0005399258
2460929.9005364594	1.0010288	0.0005403442
2460929.90192536	0.9996684	0.00054016995
2460929.9033142608	0.9998588	0.000540056
2460929.9047031607	1.0015203	0.00054046017
2460929.9060920617	1.0011222	0.00054030394
2460929.9074809616	0.99985045	0.000540119
2460929.9088698626	0.999984	0.00054008485
2460929.910258763	1.0002369	0.00054031325
2460929.9116476635	1.0001528	0.0005403608
2460929.913036564	1.000153	0.0005402508
2460929.9144254643	1.0002861	0.0005401971
2460929.915814365	1.0003301	0.00054029044
2460929.9172032652	1.0000012	0.00054019014
2460929.9185921657	1.0005211	0.00054017996
2460929.919981066	1.0005151	0.0005401449
2460929.9213699666	1.000248	0.0005400798
2460929.922758867	1.0004418	0.00054029323
2460929.9241477675	1.0005269	0.00054036663
2460929.9255366675	1.000358	0.00054026337
2460929.9269255684	1.0000579	0.00054011773
2460929.928314469	1.0006487	0.0005402702
2460929.929703369	0.9993146	0.0005398971
2460929.9310922693	1.0003046	0.0005401019
2460929.93248117	1.0008785	0.0005403001
2460929.93387007	1.0000666	0.0005401417
2460929.9352589706	0.9995531	0.0005401282
2460929.936647871	1.0002073	0.00054014457
2460929.9380367715	0.9999415	0.0005401701
2460929.939425672	1.0003167	0.0005402914
2460929.940814572	1.0002171	0.0005400032
2460929.9422034724	0.9996473	0.00053983286
2460929.943592373	1.0003641	0.000540112
2460929.9449812733	0.99958265	0.000539861
2460929.9463701737	1.0007176	0.0005402259
2460929.9477590737	0.9999764	0.0005402204
2460929.949147974	1.0011871	0.00054038153
2460929.9505368746	0.9998638	0.0005399988
2460929.951925775	1.0000563	0.0005400809
2460929.9533146755	1.0000198	0.00054021884
2460929.9547035755	0.99959886	0.000540105
2460929.956092476	1.0001534	0.0005401333
2460929.9574813764	1.0006647	0.0005403687
2460929.958870277	1.0003678	0.000540289
2460929.960259177	1.0002956	0.000540148
2460929.9616480772	1.0007569	0.00054017367
2460929.9630369777	1.0002369	0.0005400527
2460929.964425878	1.0001866	0.00054007286
2460929.965814778	0.99965566	0.0005399742
2460929.9672036786	0.9993261	0.0005397488
2460929.968592579	0.9998855	0.0005401322
2460929.969981479	1.0000788	0.0005401381
2460929.9713703794	1.000646	0.00054024433
2460929.9727592794	1.0003456	0.00054024474
2460929.97414818	0.9998908	0.00054002384
2460929.9755370803	0.9996541	0.000539966
2460929.9769259803	1.0001476	0.0005401167
2460929.9783148807	0.9997298	0.0005401392
2460929.9797037807	0.99937326	0.0005399857
2460929.981092681	0.9992804	0.0005399984
2460929.9824815816	0.9992197	0.00053985906
2460929.9838704816	1.0000714	0.0005400162
2460929.985259382	1.0003122	0.00054018147
2460929.986648282	1.0008911	0.0005402522
2460929.9880371825	0.9998181	0.00054005
2460929.9894260825	1.0004462	0.0005401397
2460929.9908149824	0.9999458	0.00054021255
2460929.992203883	0.99995935	0.00054007344
2460929.9935927833	0.9998158	0.0005403964
2460929.9949816833	1.0009637	0.00054017716
2460929.996370584	1.0006771	0.00054012093
2460929.9977594838	1.0008473	0.0005401386
2460929.9991483837	0.99999183	0.0005399643
2460930.000537284	1.0007493	0.0005401283
2460930.001926184	0.99989855	0.00054011727
2460930.0033150846	1.000047	0.00054003537
2460930.0047039846	1.0001416	0.0005401349
2460930.0060928846	1.0002682	0.0005403655
2460930.007481785	1.0003221	0.0005401505
2460930.008870685	1.0009583	0.00054030056
2460930.0102595855	1.000708	0.00054033136
2460930.0116484854	0.999577	0.0005402025
2460930.0130373854	0.9998344	0.00054027763
2460930.014426286	1.0002348	0.0005401741
2460930.015815186	1.0000436	0.0005400415
2460930.017204086	0.99974895	0.00054000685
2460930.0185929863	1.0004709	0.00054020365
2460930.0199818863	1.0006601	0.0005402417
2460930.0213707862	0.9995594	0.00054003054
2460930.022759686	1.0000623	0.00054020825
2460930.0241485867	1.0017573	0.0005405021
2460930.0255374867	0.9994606	0.0005399003
2460930.0269263866	1.0002712	0.00054023083
2460930.028315287	1.0005666	0.00054028933
2460930.029704187	0.9996353	0.0005401846
2460930.031093087	1.0000411	0.00054015376
2460930.032481987	1.000551	0.0005402334
2460930.033870887	0.99954176	0.0005401245
2460930.0352597875	1.0009305	0.000540236
2460930.0366486874	0.9992015	0.0005400196
2460930.0380375874	1.0005519	0.00054004433
2460930.0394264874	1.0016855	0.00054057734
2460930.0408153874	1.000627	0.0005402249
2460930.0422042874	0.99949026	0.0005400715
2460930.043593188	1.0005641	0.00054019503
2460930.044982088	1.0003531	0.00054011634
2460930.046370988	1.0006967	0.00054021983
2460930.0477598878	1.0001495	0.0005402747
2460930.0491487877	0.99980634	0.00054003275
2460930.0505376877	1.0002582	0.0005401103
2460930.0519265877	1.0003386	0.0005400366
2460930.0533154877	1.000058	0.00054023985
2460930.0547043877	0.9995665	0.0005399026
2460930.0560932877	1.0003486	0.0005402004
2460930.0574821876	0.9996344	0.00054008426
2460930.0588710876	0.9995724	0.0005400916
2460930.0602599876	0.9991056	0.0005402051
2460930.061648888	0.99961114	0.00054002355
2460930.0630377876	1.0003706	0.00054014695
2460930.0644266875	0.9996725	0.0005404379
2460930.065815588	1.0002577	0.0005400903
2460930.0672044875	0.9996746	0.0005400478
2460930.0685933875	0.99993116	0.00054009963
2460930.0699822875	0.999029	0.00054010225
2460930.0713711875	1.000709	0.0005403076
2460930.0727600874	1.0002702	0.0005399987
2460930.0741489874	1.00016	0.00054018846
2460930.0755378874	1.0002798	0.00054020266
2460930.0769267874	0.99974585	0.00054017827
2460930.0783156874	0.99984735	0.0005400006
2460930.0797045873	1.0005053	0.0005402119
2460930.081093487	0.9993757	0.00054013217
2460930.082482387	0.99978036	0.00054002414
2460930.083871287	0.9991167	0.00054005237
2460930.085260187	1.0002035	0.00054031366
2460930.086649087	1.0002733	0.0005401323
2460930.088037987	1.0000894	0.00054024335
2460930.0894268868	1.0007012	0.0005402386
2460930.0908157867	0.9997323	0.0005401984
2460930.0922046863	0.99910647	0.0005400265
2460930.0935935862	1.0001705	0.0005399857
2460930.0949824858	0.99972934	0.0005401867
2460930.0963713857	1.0008614	0.0005402176
2460930.0977602857	1.0005785	0.00054014183
2460930.0991491857	0.99944705	0.00054006197
2460930.1005380857	1.0000098	0.0005401918
2460930.101926985	1.0000864	0.00054020906
2460930.103315885	1.0005405	0.00054005475
2460930.104704785	1.0003436	0.00054019596
2460930.1060936847	1.00034	0.0005402391
2460930.1074825847	0.9988334	0.00053989905
2460930.1088714846	1.000222	0.00054050196
2460930.110260384	1.0010258	0.00054004736
2460930.111649284	1.0002326	0.00054014364
2460930.113038184	1.0001509	0.000540207
2460930.1144270836	1.0001456	0.00054028904
2460930.1158159836	1.0003917	0.00054021453
2460930.1172048836	0.9992305	0.0005400246
2460930.118593783	0.9998414	0.00054018834
2460930.119982683	1.0005205	0.00054001325
2460930.1213715826	1.0002526	0.0005402652
2460930.1227604826	0.9999971	0.00054010266
2460930.1241493826	1.0003694	0.0005402007
2460930.125538282	1.0005147	0.00054027524
2460930.126927182	1.0014457	0.00054048357
2460930.1283160816	0.9995208	0.00054014166
2460930.1297049816	1.0012783	0.000540215
2460930.131093881	1.0008036	0.0005403656
2460930.132482781	0.99989486	0.000539982
2460930.133871681	0.99962157	0.0005400523
2460930.1352605806	0.99881095	0.0005400409
2460930.13664948	1.0003855	0.00054026843
2460930.13803838	1.0002939	0.0005402584
2460930.1394272796	1.000455	0.00053993094
2460930.1408161796	0.99959224	0.0005402781
2460930.142205079	1.0005559	0.00054005045
2460930.143593979	0.9993981	0.00054018217
2460930.1449828786	0.99926144	0.0005401478
2460930.146371778	0.9997684	0.0005401259
2460930.147760678	0.999745	0.00054021674
2460930.1491495776	0.9993453	0.0005400202
2460930.1505384776	1.0003074	0.0005401954
2460930.151927377	0.99950945	0.0005400678
2460930.1533162766	0.99909824	0.00054004247
2460930.1547051766	1.0002087	0.00054018287
2460930.156094076	0.9999634	0.0005399288
2460930.1574829756	1.0003089	0.0005401563
2460930.1588718756	1.0008297	0.0005403775
2460930.160260775	1.0012228	0.00054043863
2460930.1616496746	1.0001949	0.00054041675
2460930.163038574	1.0002933	0.0005401289
2460930.164427474	1.0008783	0.00054027163
2460930.1658163737	1.0002629	0.0005403265
2460930.167205273	1.0010126	0.00054043485
2460930.168594173	1.0000236	0.00054030947
2460930.1699830727	1.0003272	0.0005403269
2460930.171371972	0.9997932	0.00054012955
2460930.1727608717	1.0004017	0.0005402851
2460930.174149771	1.0000995	0.0005400198
2460930.175538671	1.0002238	0.00054025877
2460930.360262278	1.0000302	0.0005401544
2460930.361651177	1.000016	0.000539975
2460930.363040076	0.9995869	0.00054016634
2460930.364428975	1.0010408	0.0005403056
2460930.365817874	0.9994179	0.00054023956
2460930.3672067733	0.9994093	0.0005400298
2460930.368595672	1.0003955	0.000540219
2460930.369984571	0.9994757	0.0005402312
2460930.37137347	0.99975556	0.0005401429
2460930.372762369	1.00053	0.00054038974
2460930.374151268	0.9998348	0.0005399499
2460930.3755401666	1.0005672	0.0005402959
2460930.3769290657	1.0004214	0.00054020266
2460930.3783179647	1.0007677	0.0005402771
2460930.3797068633	1.0002217	0.0005400918
2460930.3810957624	1.0001042	0.0005401802
2460930.3824846614	1.0009952	0.0005403315
2460930.3838735605	0.99913216	0.0005400156
2460930.385262459	1.0007006	0.0005402412
2460930.386651358	0.9998344	0.0005402247
2460930.388040257	0.99972034	0.00054010295
2460930.389429156	0.99993145	0.00054000004
2460930.390818055	1.0004662	0.0005403603
2460930.392206954	0.9997257	0.0005399635
2460930.3935958524	1.0016881	0.00054058904
2460930.3949847515	0.99966806	0.0005400127
2460930.3963736505	1.000353	0.0005401241
2460930.397762549	0.9998153	0.0005399269
2460930.399151448	0.9989649	0.00053981313
2460930.4005403467	1.0004282	0.000540067
2460930.401929246	1.0001354	0.00054015534
2460930.4033181444	1.0004723	0.00054029515
2460930.4047070434	1.0006086	0.00054019643
2460930.406095942	1.0002971	0.00054017984
2460930.407484841	0.999921	0.00054008083
2460930.4088737397	1.0010031	0.00054032664
2460930.4102626387	0.99949366	0.00053999835
2460930.4116515373	1.0008512	0.0005402018
2460930.4130404363	0.99983317	0.0005402839
2460930.4144293354	0.99988836	0.0005400496
2460930.415818234	1.0007497	0.00054015423
2460930.4172071326	1.0002159	0.0005401589
2460930.4185960316	0.99956256	0.0005401246
2460930.41998493	0.99932975	0.000539989
2460930.4213738292	1.0002677	0.0005401572
2460930.422762728	1.0008627	0.0005402124
2460930.424151627	1.0005382	0.00054028566
2460930.4255405255	1.0002227	0.00054005126
2460930.426929424	0.99964124	0.0005401198
2460930.428318323	1.0004951	0.0005401051
2460930.4297072217	0.99869454	0.00053980696
2460930.4310961203	0.9996333	0.00054027664
2460930.4324850193	1.0008458	0.00054023176
2460930.433873918	0.9992385	0.0005400366
2460930.4352628165	0.99955577	0.00053987827
2460930.436651715	1.0005873	0.0005402068
2460930.438040614	0.9994479	0.00054001174
2460930.4394295127	1.0009439	0.0005403106
2460930.4408184113	1.0002384	0.00054024305
2460930.4422073103	0.9999761	0.000540109
2460930.443596209	0.9999465	0.00054021995
2460930.4449851075	1.0003637	0.0005401655
2460930.4463740066	1.0007932	0.00054035394
2460930.447762905	1.0008395	0.00054047914
2460930.4491518037	0.99985933	0.0005402717
2460930.4505407023	1.0002633	0.0005402497
2460930.451929601	1.0003163	0.0005401119
2460930.4533185	1.0005021	0.0005399842
2460930.4547073985	1.0006821	0.00054032577
2460930.456096297	1.0000733	0.0005403186
2460930.4574851957	1.0012659	0.00054034835
2460930.4588740943	1.0003889	0.00054014736
2460930.4602629934	0.9997939	0.0005402193
2460930.461651892	1.000652	0.00054038723
2460930.4630407905	0.99919355	0.0005399713
2460930.464429689	0.9997465	0.00054000114
2460930.4658185877	1.0008708	0.0005401515
2460930.4672074863	1.000084	0.0005400397
2460930.468596385	1.0003605	0.00054031325
2460930.4699852834	1.0002993	0.0005401893
2460930.471374182	1.0003774	0.00054032233
2460930.4727630806	1.0004307	0.00054018915
2460930.474151979	1.0007436	0.0005406024
2460930.4755408783	1.0001658	0.0005403738
2460930.4769297764	1.0001355	0.0005400357
2460930.478318675	1.0005476	0.00054031366
2460930.479707574	0.9995322	0.0005399535
2460930.481096472	1.0004909	0.0005402217
2460930.4824853707	1.0011746	0.00054025254
2460930.4838742693	1.0006076	0.00054024014
2460930.485263168	1.0007775	0.00054028624
2460930.4866520665	1.0001451	0.0005402634
2460930.488040965	1.0005956	0.00054017425
2460930.4894298636	1.0005817	0.0005403128
2460930.490818762	1.0017631	0.00054049
2460930.492207661	0.99992	0.00054029305
2460930.4935965594	1.0004499	0.00054023135
2460930.494985458	1.0005825	0.00054030644
2460930.4963743566	1.0002089	0.0005401331
2460930.4977632547	1.0006171	0.0005402562
2460930.4991521533	0.99952525	0.0005400528
2460930.500541052	1.0004201	0.00054004893
2460930.5019299504	1.000738	0.00054030714
2460930.503318849	0.99980545	0.0005401376
2460930.5047077476	0.99986196	0.00054013694
2460930.5060966457	1.0007622	0.00054016046
2460930.5074855443	1.0012014	0.00054064824
2460930.508874443	1.0008426	0.0005403208
2460930.5102633415	1.0006789	0.00054029207
2460930.51165224	1.002012	0.00054057303
2460930.513041138	1.0001528	0.00054015504
2460930.514430037	1.0002655	0.0005402896
2460930.515818935	1.0007445	0.00054036407
2460930.5172078335	1.0006639	0.00054011575
2460930.518596732	1.0001221	0.0005403307
2460930.5199856306	1.0007749	0.0005402901
2460930.5213745288	1.0005515	0.0005402617
2460930.5227634273	1.0000777	0.00054025446
2460930.524152326	1.0007362	0.00054031005
2460930.5255412245	1.000491	0.00054022355
2460930.5269301226	1.001219	0.000540519
2460930.528319021	1.0002223	0.00054036063
2460930.52970792	0.9996532	0.0005399399
2460930.531096818	1.0008013	0.0005403219
2460930.5324857165	1.0004708	0.00054025894
2460930.5338746146	1.0007902	0.00054015423
2460930.535263513	1.0011791	0.00054029946
2460930.5366524113	1.0003943	0.00054013054
2460930.53804131	1.001742	0.00054041744
2460930.539430208	0.99988574	0.00054005027
2460930.5408191066	1.0006902	0.00054029236
2460930.5422080047	1.000629	0.00054036046
2460930.5435969033	0.99992	0.00054019096
2460930.5449858014	1.0011224	0.0005402294
2460930.5463747	0.9997691	0.0005400781
2460930.5477635986	1.0005286	0.0005402944
2460930.5491524967	1.0002549	0.0005401466
2460930.550541395	1.0005509	0.0005403748
2460930.5519302934	1.0009633	0.0005402549
2460930.5533191916	1.0010412	0.0005402935
2460930.55470809	1.0000148	0.00054020237
2460930.5560969883	1.0004864	0.0005400705
2460930.557485887	0.9999758	0.0005401594
2460930.558874785	1.0003589	0.00054044824
2460930.560263683	1.0003865	0.0005402476
2460930.5616525817	1.0011141	0.00054035446
2460930.56304148	0.9994403	0.00053997716
2460930.5644303784	1.0001895	0.0005403436
2460930.5658192765	1.0006205	0.00054017693
2460930.5672081746	1.0007334	0.00054023584
2460930.568597073	1.0001456	0.00054019736
2460930.5699859713	1.0008309	0.00054020056
2460930.5713748694	1.0003083	0.00054019515
2460930.572763768	1.0006393	0.00054050557
2460930.574152666	1.000747	0.00054019253
2460930.5755415643	1.0002888	0.00054026936
2460930.576930463	1.0007554	0.0005403402
2460930.5783193605	1.000759	0.0005403082
2460930.579708259	1.0002424	0.0005402525
2460930.581097157	1.0012497	0.00054034265
2460930.5824860553	1.0010803	0.00054049306
2460930.583874954	1.0004697	0.00054007565
2460930.585263852	1.0005431	0.0005403408
2460930.58665275	1.000549	0.0005403069
2460930.5880416483	1.000054	0.0005401255
2460930.5894305464	1.0006205	0.00054042035
2460930.590819445	1.0004196	0.00054033543
2460930.5922083426	0.999894	0.0005401749
2460930.593597241	1.0003417	0.00054027
2460930.5949861393	1.0003226	0.000540151
2460930.5963750375	1.0002295	0.0005400488
2460930.5977639356	1.0001185	0.0005401284
2460930.5991528337	1.0002862	0.0005402015
2460930.600541732	1.0004678	0.0005401194
2460930.6019306304	1.0004773	0.00054035
2460930.603319528	1.0006806	0.0005403655
2460930.6047084266	1.0005497	0.000540408
2460930.6060973243	1.0013698	0.00054036756
2460930.607486223	1.0004737	0.0005402085
2460930.608875121	1.0004423	0.0005403143
2460930.6102640186	1.0002497	0.00054019515
2460930.611652917	1.0010893	0.0005403626
2460930.613041815	1.0006975	0.000540362
2460930.6144307135	1.0009495	0.00054039195
2460930.6158196116	0.9992517	0.0005398643
2460930.6172085092	1.0003756	0.00054010114
2460930.6185974074	1.0003622	0.0005401145
2460930.619986306	1.0005193	0.0005402697
2460930.6213752036	1.0008068	0.0005403385
2460930.6227641017	0.99988455	0.0005401059
2460930.624153	0.99941325	0.00054000126
2460930.625541898	1.000744	0.0005403076
2460930.626930796	1.0007623	0.0005402002
2460930.628319694	1.0010124	0.00054027763
2460930.6297085923	1.0000175	0.0005403227
2460930.63109749	1.0009556	0.00054022577
2460930.632486388	1.001209	0.000540629
2460930.633875286	1.0004284	0.0005403517
2460930.6352641843	0.99969286	0.0005401651
2460930.6366530824	1.0006825	0.000540286
2460930.6380419806	1.0008473	0.0005403379
2460930.639430878	1.0004387	0.0005402185
2460930.6408197763	1.0011811	0.0005404473
2460930.6422086745	0.9995226	0.0005401357
2460930.6435975726	1.0005301	0.0005402794
2460930.6449864707	0.9999181	0.00054000394
2460930.6463753683	0.9999226	0.00054012175
2460930.6477642665	0.99943393	0.0005400646
2460930.6491531646	1.0006281	0.00054020574
2460930.6505420622	0.99999565	0.0005401418
2460930.6519309604	1.0009983	0.00054055854
2460930.6533198585	1.0003375	0.0005402286
2460930.6547087566	1.0000004	0.0005402314
2460930.6560976543	1.0006721	0.00054038345
2460930.6574865524	1.0006807	0.0005402357
2460930.6588754505	1.0004143	0.0005402598
2460930.660264348	0.99993867	0.0005401378
2460930.6616532463	1.0001949	0.0005401151
2460930.6630421444	1.0008647	0.00054018793
2460930.664431042	1.0002414	0.0005404909
2460930.66581994	0.99994135	0.00054018537
2460930.667208838	1.000962	0.00054040836
2460930.668597736	0.99927896	0.0005399442
2460930.6699866336	1.0007138	0.0005401403
2460930.6713755317	1.0000143	0.0005402726
2460930.6727644294	1.0000052	0.0005402101
2460930.6741533275	1.0001674	0.00054014556
2460930.675542225	1.0006307	0.00054012955
2460930.6769311232	0.99996054	0.00054002815
2460930.678320021	0.9990891	0.00054019655
2460930.679708919	0.999213	0.0005398589
2460930.681097817	0.9999749	0.00054028863
2460930.682486715	1.0005713	0.0005403552
2460930.6838756124	1.0007879	0.0005403462
2460930.6852645106	1.0003448	0.00054032065
2460930.686653408	0.99998647	0.0005401424
2460930.6880423063	1.0002564	0.00054012216
2460930.689431204	1.0000759	0.00054003723
2460930.6908201016	1.001231	0.0005402457
2460930.692209	1.0006913	0.00054036005
2460930.6935978974	0.9998319	0.00054017303
2460930.6949867955	1.0008869	0.0005402927
2460930.696375693	1.0007648	0.0005402912
2460930.697764591	1.0006875	0.0005403091
2460930.699153489	0.9998618	0.00054005533
2460930.7005423866	1.0002935	0.000540379
2460930.7019312843	0.999931	0.0005401397
2460930.703320182	1.0004314	0.0005401444
2460930.70470908	0.9997628	0.0005401004
2460930.7060979777	1.0001359	0.00054025993
2460930.7074868754	0.99940413	0.000539896
2460930.7088757735	0.99998873	0.00053999573
2460930.710264671	0.99965817	0.00054010574
2460930.711653569	0.9990335	0.00053989224
2460930.713042467	1.0005107	0.0005401887
2460930.714431364	1.0001069	0.0005401484
2460930.715820262	0.9991186	0.00053996796
2460930.71720916	1.0004921	0.000540346
2460930.7185980575	1.0001842	0.0005403661
2460930.7199869556	0.99908847	0.0005399178
2460930.721375853	1.0001918	0.0005401328
2460930.722764751	0.9994912	0.0005399699
2460930.7241536486	0.9997436	0.0005400709
2460930.7255425462	0.9996158	0.00054010557
2460930.726931444	0.9994707	0.00054006843
2460930.7283203416	1.0010433	0.00054035615
2460930.729709239	1.000309	0.0005401728
2460930.7310981373	1.0002847	0.0005402283
2460930.7324870345	1.0001279	0.0005401801
2460930.7338759326	1.0007409	0.0005402311
2460930.7352648303	0.9999792	0.0005400599
2460930.736653728	0.9993949	0.0005400908
2460930.7380426256	1.0007449	0.0005403753
2460930.7394315233	1.0002599	0.0005404786
2460930.740820421	0.99998987	0.0005400806
2460930.7422093186	0.99960226	0.00054008595
2460930.743598216	1.0002387	0.0005404534
2460930.744987114	0.99937606	0.00054017425
2460930.7463760115	1.0014803	0.00054047303
2460930.747764909	1.000281	0.00054008944
2460930.749153807	0.9999994	0.0005401513
2460930.750542704	0.99915886	0.00053994847
2460930.751931602	0.9997183	0.0005401898
2460930.7533204993	0.99962974	0.0005403147
2460930.754709397	0.9999198	0.00054022734
2460930.7560982946	0.9994565	0.00053999905
2460930.7574871923	1.0000725	0.00054019305
2460930.75887609	1.0019207	0.0005407208
2460930.7602649876	0.999364	0.0005401104
2460930.7616538852	0.9997426	0.0005400626
2460930.763042783	0.99982065	0.0005402185
2460930.76443168	1.0000151	0.0005402509
2460930.7658205777	0.9993939	0.000540125
2460930.7672094754	1.0000992	0.00054013863
2460930.768598373	0.99947274	0.0005400061
2460930.7699872707	0.99981433	0.00054025935
2460930.771376168	1.0006394	0.00054017996
2460930.7727650655	0.9996514	0.000540109
2460930.774153963	0.9994885	0.00054003356
2460930.775542861	1.0005479	0.00054025376
2460930.776931758	1.000692	0.0005401021
2460930.7783206557	0.99997354	0.0005399487
2460930.7797095533	0.9997938	0.00054008374
2460930.781098451	0.9993079	0.0005400984
2460930.782487348	1.0001225	0.00054011616
2460930.783876246	0.99990463	0.00054007414
2460930.7852651435	0.99953777	0.00054022763
2460930.7866540407	1.0007781	0.000540467
2460930.7880429383	1.0002882	0.0005400715
2460930.7894318355	0.9997257	0.00054037257
2460930.790820733	1.0009055	0.0005402623
2460930.792209631	1.0003989	0.00054029207
2460930.793598528	0.99996203	0.0005403909
2460930.7949874257	1.0004349	0.0005402973
2460930.7963763233	1.0011401	0.00054040365
2460930.7977652205	1.0010083	0.00054014265
2460930.799154118	1.0006925	0.0005402498
2460930.8005430154	0.9986307	0.00053989346
2460930.801931913	1.0012783	0.000540439
2460930.8033208107	1.0012337	0.00054037344
2460930.804709708	1.000968	0.00054045196
2460930.806098605	1.0006919	0.00054042146
2460930.8074875027	1.0009053	0.0005404176
2460930.8088764	1.0004597	0.00054016896
2460930.8102652975	1.0007597	0.00054025947
2460930.8116541947	1.0010679	0.0005403133
2460930.8130430924	1.0000365	0.0005401109
2460930.8144319896	1.0001668	0.0005401812
2460930.815820887	1.0009495	0.0005403154
2460930.8172097844	1.0010445	0.00054042507
2460930.8185986816	0.9998128	0.0005400804
2460930.8199875792	1.0008892	0.0005403908
2460930.8213764764	1.0005002	0.00054027996
2460930.822765374	1.0005997	0.00054030825
2460930.8241542713	0.9999084	0.0005400595
2460930.8255431685	1.0000023	0.0005401484
2460930.826932066	1.0001205	0.0005402991
2460930.8283209633	1.0011207	0.000540298
2460930.8297098605	1.0007483	0.000540449
2460930.831098758	1.0000403	0.000540266
2460930.8324876553	1.000665	0.0005403842
2460930.8338765525	1.0000924	0.0005402505
2460930.83526545	1.0000575	0.0005401425
2460930.8366543474	0.9992936	0.00054009684
2460930.8380432446	1.0010731	0.00054045167
2460930.839432142	1.0003723	0.00054033747
2460930.840821039	0.99969035	0.00054006616
2460930.8422099366	1.0014995	0.00054063794
2460930.843598834	0.9996363	0.00053995015
2460930.844987731	1.0009501	0.0005403759
2460930.8463766286	1.0003449	0.0005401644
2460930.8477655253	1.0002395	0.0005403427
2460930.849154423	1.000599	0.00054016884
2460930.85054332	1.0004586	0.0005403449
2460930.8519322174	1.001734	0.00054049457
2460930.8533211146	1.0009235	0.00054050685
2460930.8547100117	1.0003325	0.0005401114
2460930.856098909	1.0001956	0.0005402577
2460930.8574878066	0.999623	0.0005402786
2460930.858876704	1.0012506	0.0005402171
2460930.860265601	1.0002782	0.0005401889
2460930.861654498	1.0000457	0.0005400998
2460930.8630433953	1.0005817	0.0005403275
2460930.8644322925	1.0014919	0.0005403903
2460930.8658211897	1.0004832	0.00054025947
2460930.867210087	0.99970794	0.00054004265
2460930.868598984	1.0015681	0.0005403585
2460930.8699878813	1.00113	0.00054063625
2460930.8713767785	1.0012319	0.00054045126
2460930.8727656757	0.9995245	0.0005402728
2460930.874154573	1.0001417	0.0005403785
2460930.87554347	1.0007156	0.000540387
2460930.876932367	1.0005363	0.0005402349
2460930.8783212644	1.0004407	0.0005401493
2460930.8797101616	1.000989	0.00054020743
2460930.881099059	1.0006708	0.0005402218
2460930.882487956	1.0008866	0.0005405599
2460930.8838768527	1.0000012	0.0005401188
2460930.88526575	1.0000565	0.0005400883
2460930.886654647	1.0014347	0.0005404207
2460930.8880435443	1.0005479	0.0005400866
2460930.8894324414	1.0002999	0.0005400489
2460930.8908213386	1.0016928	0.00054049864
2460930.892210236	1.0007765	0.0005402319
2460930.893599133	0.99954873	0.00054026215
2460930.8949880297	1.0010003	0.0005401692
2460930.896376927	1.0001777	0.00054027914
2460930.897765824	0.9997927	0.00054006645
2460930.8991547213	0.9999925	0.0005399798
2460930.9005436185	1.0002271	0.0005400609
2460930.901932515	1.0008992	0.00054049667
2460930.9033214124	0.9997691	0.0005400764
2460930.904710309	1.0014157	0.0005404492
2460930.9060992063	1.0002768	0.00054017676
2460930.9074881035	1.0001426	0.00054004614
2460930.9088770007	0.9999899	0.0005404022
2460930.910265898	1.0010374	0.0005403355
2460930.9116547946	1.0020397	0.00054042885
2460930.913043692	1.0012552	0.00054016645
2460930.914432589	1.0013148	0.0005404201
2460930.9158214857	1.00059	0.00054023607
2460930.917210383	1.0005823	0.0005401251
2460930.91859928	1.0003054	0.0005401918
2460930.919988177	1.0014105	0.0005404056
2460930.921377074	1.0009801	0.000540509
2460930.9227659707	1.0013715	0.00054038543
2460930.924154868	1.001145	0.00054031593
2460930.9255437646	1.0002735	0.00054020056
2460930.926932662	1.0008078	0.0005403307
2460930.9283215585	1.0013255	0.0005403548
2460930.9297104557	1.0000762	0.00054025505
2460930.9310993524	1.0002689	0.0005401987
2460930.9324882496	1.0015692	0.0005404949
2460930.9338771463	1.0006326	0.0005402183
2460930.9352660435	1.0009621	0.0005403552
2460930.9366549407	1.0012424	0.00054049044
2460930.9380438374	1.0006199	0.0005402045
2460930.939432734	1.0007552	0.0005403231
2460930.9408216313	1.0006938	0.0005403597
2460930.942210528	1.0009577	0.0005403333
2460930.9435994253	1.0000904	0.000540211
2460930.944988322	1.000599	0.00054027425
2460930.946377219	0.9999531	0.0005402176
2460930.947766116	1.0004611	0.0005402292
2460930.9491550126	1.0008222	0.0005403942
2460930.95054391	1.0000198	0.00054009014
2460930.9519328065	1.0000175	0.00054020254
2460930.9533217032	1.0015694	0.0005404577
2460930.9547106004	1.0000837	0.0005402626
2460930.956099497	1.0013857	0.0005404568
2460930.957488394	0.9999867	0.00054004707
2460930.9588772906	1.0012116	0.00054036273
2460930.960266188	1.0007173	0.00054034713
2460930.9616550845	1.000583	0.00054025446
2460930.963043981	1.0003105	0.0005403371
2460930.9644328784	1.0015259	0.0005403036
2460930.965821775	1.0018475	0.0005405713
2460930.967210672	1.0004534	0.00054015964
2460930.968599569	1.0012679	0.0005403534
2460930.9699884653	1.0005798	0.0005403079
2460930.9713773625	1.0006976	0.00054025574
2460930.972766259	1.0003246	0.000540071
2460930.974155156	1.0006257	0.0005403201
2460930.9755440527	1.0008243	0.0005404668
2460930.9769329494	0.9990842	0.00053995184
2460930.9783218466	0.9991668	0.0005399093
2460930.9797107433	0.99942696	0.0005401663
2460930.98109964	1.0011237	0.0005403511
2460930.9824885367	1.0005221	0.00054033846
2460930.9838774335	1.0005486	0.00054043584
2460930.98526633	1.0001587	0.0005404281
2460930.986655227	1.001033	0.00054033217
2460930.9880441236	0.9997067	0.0005400689
2460930.9894330204	1.0011406	0.00054037245
2460930.9908219175	1.0010754	0.0005403864
2460930.992210814	1.0000287	0.00054009503
2460930.993599711	1.0010219	0.0005403995
2460930.9949886072	1.0012183	0.00054031116
2460930.9963775044	1.0007854	0.00054049393
2460930.997766401	1.0008703	0.00054029236
2460930.9991552974	1.0009826	0.00054026896
2460931.0005441946	1.0006443	0.00054020225
2460931.001933091	0.99965787	0.0005400867
2460931.0033219876	1.0000364	0.0005401434
2460931.0047108843	1.0003681	0.0005402277
2460931.006099781	1.0006117	0.00054016017
2460931.0074886777	1.0007155	0.00054032786
2460931.0088775745	1.0004293	0.0005401999
2460931.010266471	1.0011009	0.00054046366
2460931.011655368	0.99960804	0.00053986796
2460931.013044264	1.001112	0.0005404846
2460931.014433161	1.0004714	0.0005401094
2460931.015822058	1.0003432	0.00054022105
2460931.0172109543	0.99980557	0.00054034055
2460931.018599851	0.99958557	0.00054009375
2460931.019988748	0.9994166	0.0005400821
2460931.0213776445	1.000819	0.00054019695
2460931.022766541	1.0008405	0.0005403559
2460931.0241554375	0.99982697	0.0005401717
2460931.025544334	1.0007552	0.00054018095
2460931.0269332305	1.0000644	0.0005400791
2460931.028322127	0.9993653	0.0005399179
2460931.029711024	1.0003974	0.00054031616
2460931.0310999206	1.0000783	0.000540123
2460931.0324888173	1.0008644	0.00054028933
2460931.0338777136	1.0002829	0.0005402094
2460931.0352666103	1.0006859	0.00054034195
2460931.036655507	0.99996257	0.0005401791
2460931.0380444033	1.0008142	0.00054024527
2460931.0394333	0.9990406	0.0005398247
2460931.0408221968	0.99993455	0.00054011925
2460931.042211093	1.0009692	0.0005401871
2460931.0435999897	1.0003883	0.000540423
2460931.044988886	0.9998011	0.00054023555
2460931.0463777827	0.9996205	0.0005401995
2460931.0477666794	0.99978876	0.00054000993
2460931.0491555757	0.99999297	0.0005402594
2460931.0505444724	0.9996399	0.00054014294
2460931.0519333687	1.0003936	0.00054018974
2460931.0533222654	1.0002897	0.0005403162
2460931.0547111616	1.0004153	0.0005401302
2460931.0561000584	1.0005378	0.00054028386
2460931.0574889546	1.0010545	0.0005404295
2460931.0588778513	0.9996809	0.00054004946
2460931.0602667476	1.0002694	0.00054007274
2460931.0616556443	0.99986184	0.00054011645
2460931.0630445406	1.0006113	0.00054035895
2460931.0644334373	1.0008516	0.00054014707
2460931.0658223336	1.0003651	0.0005402738
2460931.06721123	1.0002737	0.0005403305
2460931.0686001265	1.0008513	0.00054030505
2460931.0699890233	1.0002439	0.00054008473
2460931.0713779195	0.99988186	0.0005401013
2460931.072766816	0.9999727	0.00054022635
2460931.074155712	0.99910396	0.00054004585
2460931.0755446088	0.99987257	0.000540034
2460931.076933505	1.0003023	0.0005402555
2460931.0783224013	1.0003132	0.00054012914
2460931.079711298	1.0000654	0.0005402718
2460931.0811001942	1.0000304	0.00054000947
2460931.0824890905	0.99944973	0.00054000824
2460931.083877987	1.0005503	0.00054032507
2460931.0852668835	1.0003018	0.000540175
2460931.0866557797	1.0009702	0.00054032577
2460931.0880446765	1.0003663	0.0005403517
2460931.0894335727	1.0001992	0.00054006855
2460931.090822469	1.0001724	0.00054015743
2460931.0922113652	1.0003359	0.0005402988
2460931.0936002615	0.99981374	0.0005401723
2460931.094989158	1.0000494	0.0005401487
2460931.0963780545	1.0005866	0.0005402657
2460931.0977669507	1.0004396	0.00054042885
2460931.099155847	1.0005403	0.00054023816
2460931.1005447432	1.0001957	0.0005400134
2460931.10193364	1.0000179	0.00054024206
2460931.1033225358	1.000117	0.0005402239
2460931.1047114325	0.9994333	0.0005399679
2460931.1061003287	1.0000144	0.0005402391
2460931.107489225	1.0004216	0.0005402969
2460931.1088781212	0.9992181	0.0005400188
2460931.1102670175	1.0012195	0.00054033543
2460931.1116559138	1.0009477	0.0005404342
2460931.11304481	1.0000604	0.00054007466
2460931.1144337063	1.0000515	0.0005401881
2460931.1158226025	1.0004826	0.0005401345
2460931.117211499	1.0005199	0.000540126
2460931.301934654	0.99939495	0.0005399604
2460931.3033235497	1.0003496	0.00054014253
2460931.304712445	1.0004139	0.00054022664
2460931.306101341	1.0002639	0.0005401942
2460931.3074902366	1.0007969	0.0005403143
2460931.308879132	0.99962324	0.0005399435
2460931.3102680272	1.0004414	0.000540187
2460931.3116569226	0.9998448	0.00054017466
2460931.3130458184	1.000068	0.0005402652
2460931.3144347137	0.9996966	0.0005400798
2460931.315823609	1.0001848	0.0005401019
2460931.317212505	0.9996019	0.0005401886
2460931.3186014	0.9998423	0.0005402681
2460931.319990296	0.9995613	0.0005400194
2460931.3213791912	0.9998839	0.0005401267
2460931.3227680866	0.99997383	0.0005402937
2460931.3241569824	1.0011371	0.0005402477
2460931.3255458777	1.0000712	0.00054027623
2460931.326934773	0.99961287	0.0005399249
2460931.3283236683	1.0002306	0.0005402435
2460931.3297125637	1.0001099	0.0005402154
2460931.3311014595	1.0001302	0.00054006977
2460931.332490355	0.9998484	0.00054021203
2460931.33387925	1.0006719	0.00054022484
2460931.3352681454	1.0003077	0.0005401234
2460931.3366570408	0.9998169	0.00054020976
2460931.3380459365	0.9997213	0.0005401056
2460931.339434832	1.0003624	0.0005401882
2460931.340823727	0.99982786	0.0005400531
2460931.3422126225	1.001079	0.0005404568
2460931.343601518	1.0012537	0.0005404654
2460931.344990413	0.999614	0.00054009224
2460931.346379309	0.99987686	0.0005403723
2460931.347768204	1.0003271	0.00054008194
2460931.3491570996	1.0001978	0.0005401256
2460931.350545995	1.0000111	0.00053996313
2460931.3519348903	0.9994883	0.00054008333
2460931.3533237856	1.000494	0.0005402383
2460931.354712681	1.0007814	0.0005403267
2460931.3561015762	0.9997086	0.0005400649
2460931.3574904716	1.0005021	0.0005401544
2460931.358879367	1.0008799	0.0005401354
2460931.360268262	1.0011619	0.0005403932
2460931.361657157	0.99989676	0.00054003944
2460931.363046053	0.9989534	0.00054019823
2460931.364434948	1.0002267	0.0005402452
2460931.365823843	1.0008826	0.00054031925
2460931.3672127384	1.0008152	0.00054027577
2460931.368601634	1.0006088	0.0005403135
2460931.369990529	0.9995366	0.00054011785
2460931.3713794244	1.0001584	0.0005400698
2460931.3727683197	1.0007927	0.00054050673
2460931.374157215	1.00012	0.00054031046
2460931.3755461103	1.0005474	0.0005403568
2460931.376935005	1.0014743	0.0005403644
2460931.3783239005	0.99913	0.00053988927
2460931.379712796	0.99992394	0.0005401288
2460931.381101691	1.0003933	0.00054042676
2460931.3824905865	1.0007148	0.0005405271
2460931.3838794813	0.99986047	0.00054008426
2460931.3852683767	0.9993932	0.00053996313
2460931.386657272	1.0004056	0.000540388
2460931.3880461673	1.0002812	0.0005402938
2460931.3894350627	0.99977607	0.0005401791
2460931.3908239575	0.99977314	0.00054009625
2460931.392212853	1.0006748	0.00054038817
2460931.393601748	1.000504	0.000540199
2460931.394990643	1.0001873	0.0005401283
2460931.3963795383	1.0012944	0.0005402989
2460931.397768433	1.0013149	0.0005402497
2460931.3991573285	1.0004702	0.0005400868
2460931.400546224	1.0006545	0.0005401597
2460931.4019351187	1.0004203	0.00054037035
2460931.403324014	1.0019363	0.0005405268
2460931.4047129094	1.0003946	0.00054016156
2460931.406101804	1.0005285	0.0005402642
2460931.4074906996	1.0000126	0.0005402291
2460931.4088795944	1.0001845	0.00054019096
2460931.4102684897	1.0012448	0.00054032943
2460931.411657385	1.0000883	0.0005401169
2460931.41304628	1.000796	0.0005403795
2460931.4144351752	0.99985325	0.0005401878
2460931.41582407	0.9992842	0.00054003997
2460931.417212965	0.9992975	0.00054001313
2460931.4186018603	1.0016582	0.0005405907
2460931.419990755	1.000228	0.00054011657
2460931.4213796505	1.0007241	0.0005404062
2460931.422768546	1.000516	0.0005402007
2460931.4241574407	1.0003855	0.0005401271
2460931.4255463355	1.0000358	0.0005401771
2460931.4269352304	1.0004778	0.0005402849
2460931.4283241257	1.0004269	0.00054031576
2460931.4297130206	1.0000863	0.00054013275
2460931.431101916	1.0010393	0.000540336
2460931.4324908108	0.99962497	0.0005400794
2460931.4338797056	1.0008307	0.00054023514
2460931.435268601	1.0007032	0.00054027303
2460931.436657496	1.0008485	0.0005403024
2460931.4380463907	1.0007722	0.00054030714
2460931.439435286	0.99988633	0.0005402262
2460931.440824181	1.0005382	0.000540288
2460931.4422130757	1.0000378	0.00054025796
2460931.443601971	1.000729	0.0005402245
2460931.4449908654	1.0001496	0.0005401562
2460931.4463797607	1.0008769	0.00054031244
2460931.4477686556	1.0005246	0.00054022425
2460931.4491575505	1.0003649	0.0005402109
2460931.450546446	1.0012016	0.00054017
2460931.45193534	1.0008615	0.0005403555
2460931.4533242355	1.0009826	0.00054009625
2460931.4547131304	1.0004134	0.00054031564
2460931.456102025	1.0007879	0.0005403097
2460931.45749092	1.0008527	0.00054022885
2460931.458879815	1.0003735	0.0005401368
2460931.4602687103	1.0008562	0.0005403219
2460931.461657605	1.0001938	0.00054026104
2460931.4630465	1.0001258	0.0005401333
2460931.464435395	0.99995583	0.0005401329
2460931.4658242897	0.9999989	0.0005400572
2460931.4672131846	1.0018708	0.0005404723
2460931.4686020794	1.0006263	0.00054010545
2460931.4699909743	1.0008066	0.0005402827
2460931.471379869	1.0006576	0.00054026954
2460931.472768764	1.0017326	0.00054051774
2460931.474157659	1.0000947	0.00054008164
2460931.4755465537	1.0006925	0.0005401846
2460931.4769354486	1.0005339	0.0005401277
2460931.4783243435	1.0017666	0.0005404722
2460931.4797132383	1.0011318	0.0005403728
2460931.481102133	1.0006261	0.0005402359
2460931.482491028	1.0004908	0.00054011896
2460931.483879923	0.9999386	0.0005400523
2460931.4852688173	1.0000855	0.0005401291
2460931.4866577126	1.0008715	0.0005402395
2460931.488046607	0.9992766	0.00054023776
2460931.489435502	1.0007617	0.00054028304
2460931.4908243967	1.0011122	0.0005405409
2460931.4922132916	1.0006328	0.00054025557
2460931.4936021864	0.9999518	0.00054004387
2460931.494991081	1.000901	0.00054016185
2460931.4963799757	0.99998766	0.0005402508
2460931.4977688706	1.0001194	0.0005400333
2460931.4991577654	1.0007312	0.00054037
2460931.5005466603	0.99992824	0.0005402964
2460931.501935555	1.0011458	0.0005402939
2460931.5033244495	0.9998383	0.0005401998
2460931.5047133444	0.9997591	0.00054026366
2460931.506102239	1.0006268	0.0005402846
2460931.5074911336	0.99938136	0.0005400027
2460931.5088800285	1.0005673	0.00054028875
2460931.510268923	0.99991626	0.000540359
2460931.5116578178	1.0006981	0.00054010027
2460931.5130467126	1.0011531	0.00054016686
2460931.514435607	1.001645	0.0005403774
2460931.515824502	1.001072	0.000540346
2460931.5172133967	1.000617	0.00054046215
2460931.518602291	1.0020162	0.0005405748
2460931.519991186	1.0010742	0.0005401497
2460931.5213800804	0.99980885	0.00054035406
2460931.5227689752	1.0003332	0.000540072
2460931.5241578696	1.0007048	0.000540584
2460931.5255467645	1.0005447	0.0005403767
2460931.5269356593	1.0001963	0.0005399617
2460931.5283245537	0.9991045	0.000540134
2460931.5297134486	0.99959606	0.000540111
2460931.531102343	1.0007135	0.0005402921
2460931.532491238	0.9997521	0.00054004474
2460931.5338801323	1.000772	0.0005403123
2460931.535269027	1.0006695	0.0005400511
2460931.5366579215	0.9997775	0.0005401554
2460931.538046816	0.9997823	0.00053991453
2460931.5394357108	0.9997482	0.00054027827
2460931.540824605	1.0012023	0.0005404038
2460931.5422135	1.0007148	0.00054039055
2460931.5436023944	1.0009855	0.00054060173
2460931.5449912893	1.0001715	0.0005402345
2460931.5463801837	1.001114	0.00054019096
2460931.547769078	1.0013489	0.00054038316
2460931.5491579724	0.99998873	0.0005402239
2460931.5505468673	0.99951196	0.0005400064
2460931.5519357617	1.0001215	0.000540289
2460931.553324656	1.000635	0.00054026936
2460931.554713551	0.99978256	0.00054022693
2460931.5561024453	1.0004761	0.0005403044
2460931.5574913397	1.0004996	0.0005402769
2460931.5588802346	1.0008554	0.00054033526
2460931.560269129	1.0005635	0.00054013525
2460931.5616580234	1.0003816	0.0005404182
2460931.563046918	1.0001991	0.00054030196
2460931.564435812	0.99967146	0.00053998
2460931.565824707	1.0002319	0.00054019503
2460931.5672136014	1.000386	0.00054027105
2460931.568602496	1.0011528	0.0005402187
2460931.56999139	1.0003456	0.00054024835
2460931.5713802846	1.0002618	0.0005403669
2460931.572769179	1.0005509	0.00054024043
2460931.5741580734	1.0000492	0.0005401989
2460931.5755469683	1.000699	0.0005401383
2460931.5769358627	0.9998969	0.00054025365
2460931.578324757	1.0009805	0.00054022594
2460931.5797136514	1.0001433	0.00054019206
2460931.581102546	1.000537	0.0005404281
2460931.5824914402	1.0004392	0.0005401959
2460931.5838803346	1.0000626	0.0005401505
2460931.585269229	1.0003276	0.0005400838
2460931.5866581234	1.0006491	0.0005405483
2460931.588047018	1.0001603	0.00054016686
2460931.589435912	1.0004936	0.00054023834
2460931.5908248066	1.000915	0.000540182
2460931.592213701	1.0003461	0.00054029666
2460931.5936025954	1.0006604	0.00054036634
2460931.59499149	1.0006342	0.0005403555
2460931.5963803837	1.0009323	0.00054047414
2460931.5977692786	1.0007266	0.00054035604
2460931.599158173	1.0013891	0.0005402883
2460931.600547067	1.0007879	0.00054026325
2460931.6019359613	1.001219	0.0005404024
2460931.6033248557	1.0007561	0.0005402166
2460931.60471375	1.0008143	0.000540202
2460931.6061026445	1.0006455	0.0005402989
2460931.6074915384	1.000798	0.00054038764
2460931.608880433	1.0011108	0.00054026133
2460931.610269327	1.0004424	0.00054018636
2460931.6116582216	1.0005848	0.0005402883
2460931.613047116	1.0010307	0.0005403024
2460931.61443601	1.0000588	0.00054003106
2460931.6158249043	0.9999747	0.0005402913
2460931.6172137987	1.0002065	0.0005402329
2460931.6186026926	1.0007511	0.0005402133
2460931.619991587	1.000248	0.00054002344
2460931.6213804814	1.000341	0.0005401853
2460931.622769376	0.99939376	0.00054003
2460931.62415827	1.0002649	0.00054040225
2460931.625547164	0.99949026	0.000540106
2460931.6269360585	0.9994745	0.00054019794
2460931.6283249524	1.0005909	0.0005405007
2460931.629713847	0.999719	0.00053987163
2460931.631102741	1.0001161	0.0005401389
2460931.632491635	0.9993077	0.00054008013
2460931.6338805296	1.0003544	0.0005403029
2460931.6352694235	1.0008289	0.00054032315
2460931.636658318	1.0001653	0.00054039404
2460931.638047212	0.9999619	0.0005403325
2460931.639436106	1.0006753	0.0005401149
2460931.640825	1.0008762	0.0005404379
2460931.6422138945	1.0004908	0.00054025726
2460931.6436027884	0.9996972	0.0005400185
2460931.644991683	0.99955845	0.00054016046
2460931.646380577	1.000158	0.00054006645
2460931.647769471	0.9997882	0.0005400344
2460931.649158365	1.0004265	0.0005403076
2460931.6505472595	0.99933106	0.0005400091
2460931.6519361534	0.99909484	0.0005398047
2460931.6533250473	0.99983567	0.00054017815
2460931.6547139417	1.0009123	0.00054025
2460931.6561028357	0.99975806	0.00054026017
2460931.6574917296	0.99964464	0.0005401056
2460931.658880624	1.0004073	0.0005402959
2460931.6602695184	0.9997005	0.00054024527
2460931.6616584123	1.0004042	0.0005401864
2460931.6630473062	0.9996904	0.0005400399
2460931.6644362	0.99968743	0.0005404135
2460931.6658250946	0.99978065	0.00054006657
2460931.6672139885	0.9993128	0.000540091
2460931.6686028824	0.999786	0.0005400824
2460931.6699917763	1.0000427	0.0005401184
2460931.6713806703	1.0009801	0.0005404153
2460931.6727695647	0.99977154	0.00054024265
2460931.6741584586	1.0000588	0.00054020656
2460931.6755473525	0.99983454	0.0005401145
2460931.676936247	0.99906635	0.0005399767
2460931.678325141	1.0001578	0.0005401945
2460931.679714035	1.000118	0.0005400641
2460931.6811029287	0.9997027	0.00053989654
2460931.6824918226	1.0003871	0.00054013747
2460931.6838807166	1.0002362	0.00054018537
2460931.685269611	1.0001789	0.00054025743
2460931.6866585044	0.999595	0.0005400513
2460931.688047399	0.99988073	0.0005403391
2460931.6894362923	1.0002246	0.00054019626
2460931.6908251867	0.99986947	0.00054026576
2460931.6922140806	0.99923265	0.000539849
2460931.6936029745	0.9994022	0.0005399578
2460931.6949918685	1.0008459	0.00054025755
2460931.6963807624	1.0005966	0.0005402036
2460931.6977696563	1.0001268	0.00054001313
2460931.6991585502	1.0002902	0.0005402271
2460931.700547444	0.99994683	0.0005399395
2460931.701936338	0.9998155	0.0005402706
2460931.703325232	1.0004478	0.00054043357
2460931.704714126	1.0000461	0.00054010114
2460931.70610302	1.0004898	0.00054017844
2460931.7074919133	0.9997414	0.00053997536
2460931.7088808077	1.0000163	0.00054012245
2460931.7102697017	1.0000256	0.0005401948
2460931.711658595	0.99917036	0.00053999544
2460931.713047489	0.9994613	0.0005399395
2460931.714436383	0.99877596	0.0005398432
2460931.715825277	1.000077	0.00054032187
2460931.717214171	0.99942315	0.0005400394
2460931.7186030643	1.0004554	0.00054032484
2460931.7199919582	0.9999851	0.00054003793
2460931.721380852	1.0004303	0.00054015964
2460931.722769746	0.9999936	0.00054007
2460931.72415864	0.9994279	0.00053988973
2460931.7255475335	1.0001994	0.0005403032
2460931.7269364274	0.99980175	0.00053994544
2460931.7283253213	1.0001737	0.0005402213
2460931.7297142153	1.0003926	0.00054030644
2460931.7311031087	1.001633	0.00054063427
2460931.7324920027	1.0004076	0.00054027134
2460931.7338808966	0.9997105	0.00053992076
2460931.7352697905	1.0002353	0.00054007245
2460931.736658684	1.0006126	0.0005402193
2460931.738047578	1.0003508	0.00054022775
2460931.739436472	0.99977994	0.000540179
2460931.7408253653	0.9994323	0.00054004055
2460931.742214259	1.0009061	0.00054027647
2460931.7436031527	1.0005107	0.0005400798
2460931.7449920466	1.0003225	0.0005403683
2460931.74638094	1.0002804	0.00054017303
2460931.747769834	0.9998706	0.000540133
2460931.7491587275	1.0003964	0.0005402314
2460931.7505476214	1.0002505	0.00054042373
2460931.751936515	0.9997763	0.0005402055
2460931.753325409	1.0007287	0.0005403864
2460931.7547143023	0.9998289	0.0005400512
2460931.756103196	0.9998889	0.00054010743
2460931.75749209	1.0004735	0.00054028345
2460931.7588809836	1.0009882	0.0005402475
2460931.760269877	0.9997565	0.0005400962
2460931.761658771	1.0003178	0.00054020196
2460931.7630476644	1.000121	0.00054008194
2460931.7644365584	1.0006437	0.00054023275
2460931.765825452	0.9995484	0.00054027594
2460931.7672143453	1.0004255	0.0005402892
2460931.7686032387	1.0001603	0.00054015295
2460931.7699921327	0.9999159	0.00054009224
2460931.771381026	1.0003686	0.00054040103
2460931.77276992	1.000603	0.00054021156
2460931.7741588135	1.0003395	0.0005401677
2460931.7755477075	0.99991924	0.00054011116
2460931.776936601	0.99980104	0.0005401523
2460931.7783254944	1.0013726	0.0005404106
2460931.779714388	1.000337	0.0005403832
2460931.7811032813	1.0010669	0.0005405047
2460931.782492175	1.0008111	0.00054045604
2460931.7838810687	0.999721	0.0005401248
2460931.785269962	0.99995464	0.00054029515
2460931.7866588556	1.0007409	0.000540135
2460931.788047749	1.0000418	0.0005403144
2460931.789436643	0.99997795	0.00054011977
2460931.7908255365	1.0009242	0.00054041186
2460931.79221443	1.0001729	0.0005399867
2460931.7936033234	0.9999791	0.0005402431
2460931.794992217	1.0017223	0.0005404047
2460931.7963811103	1.0006273	0.00054029765
2460931.797770004	0.9989485	0.00053979974
2460931.7991588973	1.0013926	0.0005404967
2460931.800547791	1.0009072	0.00054037146
2460931.8019366846	0.9997398	0.00054022524
2460931.803325578	0.9994903	0.0005400647
2460931.804714471	0.9995539	0.0005399752
2460931.806103365	1.0005152	0.00054045196
2460931.8074922585	1.0000981	0.0005402283
2460931.808881152	1.0012867	0.0005404508
2460931.8102700454	1.000409	0.0005403851
2460931.8116589384	1.0003524	0.00054029044
2460931.8130478323	1.0011972	0.00054034236
2460931.814436726	1.000492	0.00054029655
2460931.815825619	1.0007472	0.00054035726
2460931.8172145123	0.9998071	0.000540239
2460931.818603406	1.0012026	0.0005404493
2460931.819992299	0.9995641	0.0005400594
2460931.8213811927	1.0004357	0.00054030056
2460931.822770086	0.9995354	0.0005400867
2460931.8241589796	0.99946547	0.00054017827
2460931.825547873	0.999945	0.000540202
2460931.826936766	1.0008794	0.00054032734
2460931.8283256595	1.0007818	0.0005401988
2460931.829714553	0.9999484	0.0005401984
2460931.8311034464	1.0003605	0.0005401277
2460931.83249234	1.0001779	0.00054023525
2460931.833881233	1.0006136	0.0005402435
2460931.8352701264	1.0003805	0.00054025
2460931.83665902	1.0003977	0.0005403838
2460931.8380479133	0.99983394	0.00054006284
2460931.8394368067	1.0001931	0.0005401826
2460931.8408256997	0.9997496	0.0005401829
2460931.842214593	0.9998358	0.00054003426
2460931.8436034867	0.9997152	0.00054032734
2460931.8449923797	1.0001822	0.0005403596
2460931.846381273	1.0008318	0.0005403134
2460931.847770166	1.0005714	0.00054029765
2460931.8491590596	0.99946237	0.00053994334
2460931.850547953	1.00057	0.0005404533
2460931.851936846	0.9998543	0.00054005865
2460931.8533257395	1.0001771	0.00054002635
2460931.854714633	0.9989794	0.00053989637
2460931.856103526	1.0003858	0.00054028636
2460931.8574924194	1.0008054	0.0005402774
2460931.8588813124	1.0008192	0.00054058473
2460931.860270206	1.0008347	0.0005403906
2460931.861659099	0.99989426	0.00054015755
2460931.8630479923	0.99960804	0.0005401775
2460931.8644368853	1.0001016	0.00054032484
2460931.8658257783	1.0009704	0.00054046034
2460931.867214672	1.0002654	0.00054022577
2460931.8686035653	1.000257	0.0005405106
2460931.8699924583	1.0003781	0.0005402797
2460931.8713813517	0.999808	0.00054008025
2460931.8727702447	0.99979997	0.00054021005
2460931.8741591377	1.0007622	0.00054045324
2460931.875548031	1.0005283	0.00054019305
2460931.876936924	1.0003568	0.0005403086
2460931.878325817	1.0003338	0.00054033945
2460931.8797147106	1.0001088	0.0005400462
2460931.8811036036	1.0001643	0.000540217
2460931.8824924966	0.99967706	0.0005400099
2460931.8838813896	0.99948335	0.0005401681
2460931.885270283	1.0000942	0.0005402595
2460931.886659176	1.0002307	0.0005404116
2460931.888048069	1.00048	0.000540175
2460931.8894369625	1.0007322	0.00054026133
2460931.8908258555	1.000662	0.00054047134
2460931.8922147485	1.0008203	0.00054027844
2460931.893603642	1.0002702	0.0005403449
2460931.8949925345	0.99975574	0.00054023525
2460931.896381428	1.0010535	0.00054033234
2460931.897770321	1.0001369	0.0005402068
2460931.899159214	1.0000931	0.0005401782
2460931.900548107	0.99894655	0.00053997006
2460931.901937	1.0008916	0.00054034946
2460931.9033258935	1.0003228	0.00054019305
2460931.9047147864	1.000062	0.000540263
2460931.9061036794	1.0008324	0.0005401002
2460931.9074925724	0.9998501	0.0005400398
2460931.9088814654	0.9993983	0.00054006407
2460931.9102703584	1.0000647	0.0005404612
2460931.9116592514	1.0004617	0.0005403059
2460931.9130481444	1.0003027	0.0005401701
2460931.9144370374	1.0006819	0.0005402731
2460931.9158259304	1.0007799	0.0005402585
2460931.9172148234	0.9999342	0.00054004166
2460931.9186037164	1.0003797	0.0005401772
2460931.9199926094	1.0003823	0.00054049626
2460931.9213815024	0.9997238	0.0005399126
2460931.9227703954	1.0000353	0.0005404118
2460931.9241592884	1.0002637	0.000540128
2460931.9255481814	1.0010353	0.0005405199
2460931.9269370744	1.0004288	0.0005402466
2460931.9283259674	0.99942946	0.0005401682
2460931.9297148604	1.0002505	0.0005402907
2460931.931103753	1.0008526	0.0005401792
2460931.932492646	1.0007844	0.00054015266
2460931.933881539	0.9998779	0.00054015074
2460931.935270432	1.0003439	0.00054028246
2460931.936659325	0.99975616	0.000540142
2460931.9380482174	1.0000424	0.00054002507
2460931.9394371104	0.9997653	0.0005400076
2460931.9408260034	1.0006789	0.00054035155
2460931.9422148964	1.0003033	0.0005402626
2460931.9436037894	1.0001291	0.00054022926
2460931.944992682	0.9999157	0.00054020697
2460931.946381575	1.0002313	0.00054039626
2460931.947770468	1.0009742	0.0005403769
2460931.9491593605	1.0001304	0.0005401257
2460931.9505482535	1.0006658	0.00054019026
2460931.9519371465	1.0010583	0.000540275
2460931.9533260395	1.0001929	0.00054021255
2460931.954714932	1.0003265	0.0005401969
2460931.956103825	0.999217	0.00053999847
2460931.957492718	1.0004088	0.000540156
2460931.9588816105	1.0002528	0.0005403827
2460931.9602705035	1.0003427	0.0005401781
2460931.961659396	0.99980265	0.00054009655
2460931.963048289	1.0001928	0.0005403201
2460931.9644371816	1.000445	0.00054049597
2460931.9658260746	0.9999137	0.0005401855
2460931.967214967	1.0000935	0.00054016674
2460931.96860386	1.001121	0.00054026267
2460931.9699927527	1.0001374	0.0005403194
2460931.9713816456	1.0002779	0.00054032716
2460931.9727705386	1.0005592	0.00054047845
2460931.974159431	0.9993018	0.0005400529
2460931.975548324	1.0008111	0.0005402465
2460931.9769372167	1.0009801	0.00054023636
2460931.9783261092	0.99966866	0.00054019917
2460931.9797150022	0.9993977	0.00054019643
2460931.9811038948	1.0003791	0.0005401747
2460931.9824927878	0.9997115	0.0005402391
2460931.9838816803	1.0007241	0.0005403738
2460931.985270573	1.000348	0.00054031616
2460931.986659466	1.0002661	0.0005401354
2460931.9880483584	1.0005226	0.00054027676
2460931.989437251	1.0005682	0.00054031034
2460931.990826144	0.99968493	0.00054007606
2460931.9922150364	1.0009103	0.0005402359
2460931.993603929	1.000528	0.00054023985
2460931.994992822	0.99904263	0.0005400304
2460931.9963817145	1.0007381	0.0005402282
2460931.997770607	0.999612	0.0005400214
2460931.9991594995	0.9998613	0.0005402497
2460932.0005483925	0.9995107	0.00054010807
2460932.001937285	0.999535	0.0005400183
2460932.0033261776	1.0009829	0.0005403328
2460932.00471507	1.0001994	0.00054038217
2460932.0061039627	1.0006028	0.0005402304
2460932.007492855	1.0004618	0.00054017734
2460932.008881748	1.0001434	0.0005400112
2460932.0102706407	0.99971944	0.0005401741
2460932.0116595333	1.0007445	0.0005401899
2460932.013048426	0.9992322	0.0005399375
2460932.0144373183	1.0001085	0.00054011267
2460932.015826211	0.9993826	0.00053999777
2460932.0172151034	0.99933106	0.0005403017
2460932.018603996	1.0002908	0.00054018426
2460932.0199928884	1.0002252	0.00054028677
2460932.021381781	1.0010184	0.00054051704
2460932.0227706735	1.0001507	0.0005400996
2460932.024159566	1.0006057	0.0005401226
2460932.0255484586	1.0002515	0.0005401941
2460932.026937351	1.0007092	0.0005405007
2460932.0283262436	0.9999641	0.00054013723
2460932.029715136	0.9992616	0.00053979555
2460932.0311040287	0.99971986	0.0005400609
2460932.032492921	0.9997813	0.0005401555
2460932.0338818138	1.0001814	0.00054027967
2460932.0352707063	0.9995422	0.00054016354
2460932.036659599	0.9995409	0.00054002966
2460932.0380484913	0.9989378	0.0005400506
2460932.0394373834	0.99969286	0.0005400249
2460932.040826276	0.9998703	0.0005401895
2460932.0422151685	0.9999222	0.00054019276
2460932.043604061	1.0009594	0.000540388
2460932.0449929535	1.0007244	0.00054017274
2460932.0463818456	0.99963903	0.0005399495
2460932.047770738	1.0000436	0.0005400046
2460932.0491596307	1.0004166	0.00054038345
2460932.050548523	1.0010668	0.00054039917
2460932.0519374157	1.0006334	0.0005403113
2460932.053326308	0.9994801	0.0005402465
2460932.0547152003	1.000374	0.0005403265
2460932.056104093	0.9999116	0.0005401875
2460932.057492985	0.999433	0.000540133
2460932.24360451	1.0004691	0.0005403494
2460932.2449934017	0.9991128	0.00054001436
2460932.2463822933	1.0000767	0.00053985795
2460932.2477711844	0.9998767	0.0005403672
2460932.249160076	0.99971086	0.0005400788
2460932.250548968	1.0009438	0.0005405448
2460932.251937859	1.0004065	0.00054035947
2460932.253326751	0.99876547	0.00054004265
2460932.2547156424	0.99960643	0.000540156
2460932.256104534	1.0002173	0.0005402849
2460932.2574934256	0.9999764	0.0005403291
2460932.2588823168	1.0002674	0.0005403031
2460932.2602712084	0.99994165	0.0005400996
2460932.2616601	0.99960893	0.00054008514
2460932.2630489916	1.0003806	0.0005403668
2460932.2644378827	1.0002917	0.0005401661
2460932.2658267743	1.000537	0.0005402599
2460932.267215666	0.99959135	0.00054011395
2460932.2686045575	0.9993075	0.00054004026
2460932.2699934486	1.0005236	0.00054027775
2460932.27138234	0.99897575	0.00053996354
2460932.2727712314	0.9997033	0.0005400847
2460932.274160123	1.0001966	0.0005403358
2460932.2755490146	1.0005667	0.0005403526
2460932.2769379057	1.0001131	0.0005401652
2460932.2783267973	1.0005077	0.000540183
2460932.2797156884	0.9997784	0.00054010854
2460932.28110458	1.0009481	0.00054025505
2460932.2824934716	1.0005459	0.0005402769
2460932.283882363	0.99952006	0.0005400868
2460932.2852712544	0.9997359	0.0005400435
2460932.286660146	0.9992703	0.0005400572
2460932.288049037	1.0002148	0.00054017885
2460932.2894379287	1.000589	0.0005403414
2460932.29082682	1.0001402	0.0005401676
2460932.292215711	1.0010875	0.00054042577
2460932.2936046026	1.0006187	0.00054028636
2460932.2949934937	1.0005163	0.0005402764
2460932.2963823853	1.0007112	0.0005403301
2460932.2977712764	1.0017043	0.00054051005
2460932.299160168	1.0004175	0.00054017577
2460932.300549059	1.0000173	0.0005403939
2460932.3019379503	0.9995432	0.00054005213
2460932.303326842	1.0004203	0.00054016785
2460932.304715733	0.99999595	0.00054013164
2460932.306104624	0.9999917	0.00054025534
2460932.307493516	1.0010256	0.00054049125
2460932.308882407	0.9997537	0.0005400987
2460932.310271298	0.9995355	0.00054003
2460932.3116601896	1.0003783	0.0005401724
2460932.313049081	1.0006859	0.0005404238
2460932.314437972	0.9989135	0.000540066
2460932.315826863	0.99928147	0.0005401832
2460932.3172157547	1.000302	0.0005401988
2460932.318604646	1.0005628	0.0005402564
2460932.319993537	1.0007522	0.0005402176
2460932.3213824285	1.000542	0.00054033526
2460932.322771319	0.99946594	0.0005399616
2460932.324160211	0.9999522	0.0005402417
2460932.325549102	1.0007497	0.0005404814
2460932.326937993	0.99979675	0.0005400099
2460932.328326884	1.0004666	0.0005403283
2460932.329715776	1.0001745	0.00054039195
2460932.3311046665	1.0001028	0.0005401486
2460932.332493558	1.0005711	0.0005402272
2460932.333882449	1.0011996	0.00054054195
2460932.3352713403	1.0004417	0.00054036186
2460932.3366602315	0.999726	0.0005402053
2460932.3380491226	1.0008178	0.00054033834
2460932.3394380137	1.0010648	0.00054033485
2460932.340826905	1.0010923	0.0005403916
2460932.342215796	1.0002017	0.00054026756
2460932.343604687	0.99977815	0.0005400507
2460932.3449935783	0.9997474	0.000540188
2460932.3463824694	1.0010688	0.0005406265
2460932.3477713605	1.0002599	0.00054036436
2460932.3491602517	1.0002922	0.00054023974
2460932.350549143	0.99986964	0.00054036727
2460932.351938034	1.0001248	0.0005401492
2460932.353326925	1.0011207	0.00054042466
2460932.354715816	0.99982524	0.00054040406
2460932.356104707	1.0005496	0.00054026523
2460932.357493598	1.0005733	0.00054028566
2460932.358882489	1.0005997	0.000540121
2460932.3602713803	1.0005788	0.0005405133
2460932.3616602714	1.0006244	0.0005403985
2460932.363049162	1.0001551	0.00054011296
2460932.364438053	0.99960315	0.00054012175
2460932.3658269444	0.99922466	0.00054016284
2460932.3672158355	1.0009583	0.00054038124
2460932.3686047266	0.9996283	0.0005400765
2460932.3699936173	1.0009124	0.0005404333
2460932.3713825084	1.0005409	0.00054021087
2460932.3727713996	1.0014441	0.00054052426
2460932.3741602907	1.0005426	0.00054032385
2460932.3755491814	1.0006303	0.0005400708
2460932.3769380725	1.0007818	0.00054032606
2460932.3783269636	1.001021	0.0005404163
2460932.379715855	1.0003998	0.0005402802
2460932.3811047454	1.0005574	0.00054048875
2460932.3824936366	1.0012994	0.00054027565
2460932.3838825277	1.000393	0.00054048863
2460932.3852714184	1.0004635	0.0005402418
2460932.3866603095	1.0000364	0.0005401783
2460932.3880492	1.0007795	0.00054056576
2460932.3894380913	1.0002134	0.0005403829
2460932.390826982	1.0003142	0.00054016523
2460932.392215873	1.0007252	0.0005404131
2460932.393604764	0.99998325	0.000540193
2460932.394993655	0.99970996	0.0005400868
2460932.3963825456	0.99967843	0.00054045854
2460932.3977714367	1.000553	0.00054020627
2460932.3991603274	1.0001553	0.00054042524
2460932.4005492185	1.0000082	0.0005401255
2460932.401938109	1.0004172	0.00054020697
2460932.4033270003	1.0007328	0.00054025435
2460932.404715891	0.9998352	0.00054030825
2460932.4061047817	0.99979913	0.0005402775
2460932.407493673	0.99975526	0.0005401429
2460932.4088825635	1.0008293	0.00054065563
2460932.4102714546	0.9996086	0.00054015906
2460932.4116603453	1.0005368	0.00054010894
2460932.413049236	1.000666	0.0005402306
2460932.414438127	1.00056	0.0005404715
2460932.4158270177	1.0003005	0.00054028304
2460932.4172159084	1.0005729	0.0005403264
2460932.4186047995	1.000408	0.0005402617
2460932.41999369	0.9997307	0.0005401435
2460932.421382581	1.0009388	0.0005404505
2460932.422771472	1.0003641	0.0005403755
2460932.4241603627	1.0016053	0.0005405188
2460932.4255492534	1.00062	0.0005402702
2460932.426938144	1.0001165	0.0005402296
2460932.4283270347	1.0000918	0.0005401693
2460932.429715926	1.0004408	0.0005401869
2460932.4311048165	0.99992484	0.0005401426
2460932.432493707	1.0005295	0.0005402569
2460932.433882598	1.0007888	0.00054028153
2460932.4352714885	1.0010877	0.00054029934
2460932.436660379	0.9997565	0.000540051
2460932.43804927	1.0002722	0.0005402712
2460932.439438161	1.0011622	0.000540421
2460932.4408270516	1.0014313	0.00054033706
2460932.4422159423	0.999972	0.0005399927
2460932.443604833	0.9998855	0.0005400864
2460932.4449937236	1.0002515	0.00054007367
2460932.4463826143	1.0008147	0.00054028304
2460932.447771505	1.0000087	0.0005400926
2460932.4491603957	1.0002142	0.0005403299
2460932.4505492863	1.0011543	0.00054022885
2460932.451938177	0.99917275	0.0005399544
2460932.4533270677	1.0007029	0.0005404452
2460932.4547159583	1.0006107	0.0005403795
2460932.456104849	1.0010061	0.0005402454
2460932.4574937397	1.0002359	0.00054028135
2460932.4588826303	1.000723	0.0005402015
2460932.4602715205	1.0002944	0.0005401231
2460932.4616604117	1.0009161	0.00054039824
2460932.4630493023	0.99991155	0.000540089
2460932.4644381925	1.0002753	0.0005399197
2460932.465827083	1.0002822	0.0005401769
2460932.467215974	1.0002588	0.0005403804
2460932.4686048646	0.9995368	0.000539996
2460932.469993755	1.0005927	0.0005404505
2460932.4713826454	1.0013007	0.0005404176
2460932.472771536	1.0005693	0.0005402901
2460932.4741604268	0.99995285	0.00054029044
2460932.4755493174	1.0001262	0.000540166
2460932.476938208	0.9997504	0.0005401941
2460932.4783270983	0.99996006	0.00054035604
2460932.479715989	1.0007739	0.00054023677
2460932.4811048796	0.99937254	0.0005400083
2460932.48249377	1.0007372	0.0005404142
2460932.4838826605	0.99937576	0.0005401002
2460932.485271551	0.99912566	0.0005401332
2460932.486660442	0.99973094	0.00054035615
2460932.488049332	1.0008559	0.00054045126
2460932.4894382227	0.9998236	0.00054025924
2460932.4908271134	1.0000063	0.0005401061
2460932.4922160036	1.0006415	0.00054037815
2460932.4936048943	0.9996683	0.00054031354
2460932.494993785	1.0005443	0.0005404226
2460932.496382675	0.9995792	0.000540217
2460932.497771566	0.9989655	0.00053990644
2460932.499160456	1.0008739	0.0005404417
2460932.5005493467	1.0004826	0.00054027775
2460932.501938237	1.0004175	0.00054020825
2460932.5033271275	1.0007056	0.0005404014
2460932.5047160177	0.99950033	0.00054021715
2460932.5061049084	1.0001079	0.00054024527
2460932.5074937986	1.0001293	0.0005401279
2460932.5088826893	1.0008559	0.0005403979
2460932.5102715795	1.0001577	0.0005401476
2460932.5116604697	0.99984056	0.0005402802
2460932.5130493604	0.9998379	0.0005402718
2460932.5144382506	0.99989825	0.0005404843
2460932.5158271412	1.0005682	0.0005404076
2460932.5172160314	1.0001194	0.00054016087
2460932.5186049216	1.0002791	0.0005403035
2460932.5199938123	0.999816	0.0005401625
2460932.5213827025	1.0004247	0.00054033205
2460932.522771593	1.0000528	0.0005402719
2460932.5241604834	1.00011	0.0005401683
2460932.5255493736	0.9990233	0.0005399582
2460932.5269382643	1.0007184	0.0005402978
2460932.5283271545	1.0007865	0.0005403995
2460932.5297160447	1.0004065	0.0005401992
2460932.5311049353	1.0012698	0.0005404308
2460932.5324938255	0.9991476	0.0005399773
2460932.5338827157	0.99953485	0.00053991267
2460932.535271606	1.0007248	0.0005403255
2460932.536660496	1.0008115	0.00054022536
2460932.538049387	1.0001136	0.00054012524
2460932.539438277	0.99874836	0.00053978775
2460932.540827167	1.0008463	0.0005404711
2460932.5422160574	0.99975187	0.0005401958
2460932.5436049476	0.9994506	0.00054013095
2460932.5449938383	0.9999258	0.0005400514
2460932.546382728	0.9987566	0.00053986884
2460932.5477716187	1.0003016	0.000540276
2460932.549160509	1.0001239	0.00054035307
2460932.550549399	1.0007359	0.0005402751
2460932.5519382893	0.99999774	0.00054025673
2460932.5533271795	1.0003933	0.0005401855
2460932.5547160697	1.0002804	0.00054017425
2460932.55610496	1.0004017	0.0005403162
2460932.55749385	0.9996788	0.000539896
2460932.5588827403	1.0004013	0.0005400526
2460932.5602716305	0.9998207	0.0005401314
2460932.5616605207	0.9999191	0.00054022577
2460932.563049411	1.0003829	0.0005401131
2460932.564438301	1.0005618	0.00054027326
2460932.5658271913	1.0000739	0.00054016715
2460932.5672160815	1.000298	0.0005401715
2460932.5686049717	1.0004476	0.0005403313
2460932.569993862	0.9988821	0.0005398956
2460932.5713827517	1.000493	0.00054013863
2460932.5727716424	0.9997209	0.0005402543
2460932.5741605326	0.999281	0.0005400438
2460932.5755494223	1.0002126	0.0005402062
2460932.5769383125	1.0004593	0.00054032786
2460932.5783272027	1.0000616	0.00054020627
2460932.579716093	1.0005044	0.00053999946
2460932.581104983	1.0002829	0.00054014736
2460932.582493873	1.000138	0.0005402694
2460932.583882763	0.999597	0.0005401214
2460932.5852716533	1.0000026	0.0005402645
2460932.5866605435	0.99886954	0.00053990615
2460932.5880494337	0.99986833	0.0005398676
2460932.5894383234	0.999519	0.0005401107
2460932.5908272136	0.9992401	0.0005399855
2460932.592216104	0.99993867	0.00054000865
2460932.5936049935	0.99954623	0.0005401513
2460932.5949938837	0.9994494	0.0005399693
2460932.596382774	1.0013354	0.0005402491
2460932.597771664	0.99985653	0.00054017734
2460932.599160554	0.99961525	0.00054013403
2460932.600549444	1.0000529	0.00054025033
2460932.6019383343	0.9996293	0.000540053
2460932.603327224	1.0001569	0.00054031407
2460932.6047161142	0.9985351	0.0005399143
2460932.606105004	0.9994922	0.0005399646
2460932.607493894	0.99940664	0.0005400578
2460932.608882784	0.99931574	0.0005401882
2460932.610271674	1.0001853	0.00054021494
2460932.611660564	1.0001442	0.0005400442
2460932.613049454	0.99969697	0.00054002006
2460932.614438344	1.0005776	0.00054010615
2460932.615827234	0.99970794	0.00054007856
2460932.617216124	0.99992156	0.000540138
2460932.618605014	0.999535	0.00054009486
2460932.619993904	0.9999675	0.00054021867
2460932.621382794	1.0001675	0.00054025505
2460932.6227716836	1.0002706	0.00054016215
2460932.624160574	0.9998477	0.0005401044
2460932.6255494636	0.9996879	0.0005401245
2460932.6269383538	1.0005461	0.0005404273
2460932.6283272435	1.0004827	0.00054030295
2460932.6297161337	0.99910456	0.0005400068
2460932.6311050234	1.0004133	0.0005402219
2460932.632493913	1.0001382	0.0005401564
2460932.6338828034	0.9996143	0.0005401852
2460932.635271693	0.99960536	0.00053998444
2460932.636660583	0.999804	0.0005401225
2460932.638049473	1.0001879	0.0005401128
2460932.639438363	0.9995858	0.00054008747
2460932.6408272525	0.99953073	0.00054000656
2460932.6422161427	1.0003997	0.0005402563
2460932.6436050325	0.99959654	0.00054014614
2460932.644993922	0.99989104	0.00054014457
2460932.6463828124	0.99979705	0.00053991814
2460932.6477717017	1.0002123	0.0005403538
2460932.649160592	0.99897164	0.00053982786
2460932.6505494816	1.0002254	0.00054039306
2460932.6519383714	0.9998835	0.0005402134
2460932.6533272616	1.0005853	0.00054013374
2460932.654716151	0.99952716	0.00054029503
2460932.656105041	1.0005724	0.00054014585
2460932.657493931	1.0003644	0.00054015423
2460932.6588828205	0.999746	0.00054020825
2460932.6602717103	1.0000546	0.00054018106
2460932.6616606	0.9996971	0.0005399156
2460932.6630494897	0.9994044	0.0005397117
2460932.66443838	1.0007907	0.00054040225
2460932.665827269	0.999367	0.0005399757
2460932.6672161594	0.99997205	0.0005401114
2460932.6686050487	0.99968904	0.0005400074
2460932.669993939	0.9996628	0.0005400712
2460932.6713828286	0.9996403	0.0005400954
2460932.6727717184	1.0008608	0.00054029946
2460932.674160608	1.0000557	0.00054026145
2460932.675549498	1.0000871	0.00054017745
2460932.6769383876	1.0002128	0.00054020126
2460932.6783272773	0.99995744	0.00054011977
2460932.679716167	1.0001321	0.00054038415
2460932.681105057	0.99997944	0.00054006797
2460932.6824939465	1.001169	0.000540362
2460932.683882836	0.99988574	0.00054024596
2460932.685271726	0.9999486	0.0005404484
2460932.6866606153	1.0006915	0.00054015464
2460932.688049505	1.0006038	0.0005402376
2460932.6894383947	0.99999297	0.00054001354
2460932.6908272845	1.0005785	0.0005404316
2460932.692216174	1.0011427	0.00054044
2460932.6936050635	1.000169	0.00054030947
2460932.694993953	1.0004456	0.00054026477
2460932.696382843	1.0003806	0.0005402293
2460932.6977717327	1.0004405	0.0005402125
2460932.6991606224	1.0001582	0.00054017914
2460932.700549512	0.9996498	0.0005400344
2460932.7019384014	1.0001783	0.0005403205
2460932.703327291	1.000438	0.00054042024
2460932.704716181	1.0008919	0.0005404032
2460932.7061050707	1.0002037	0.00054028124
2460932.7074939604	0.99999547	0.00053995
2460932.7088828497	1.0006918	0.0005402446
2460932.7102717394	1.0003251	0.0005399532
2460932.7116606287	1.000015	0.0005399134
2460932.7130495184	1.0005549	0.00053996523
2460932.714438408	1.0003729	0.00054031966
2460932.7158272974	1.0008043	0.0005402109
2460932.717216187	1.0004218	0.00054046203
2460932.718605077	1.001411	0.0005406726
2460932.719993966	1.0005351	0.00054000696
2460932.721382856	0.99983764	0.00053996884
2460932.722771745	1.0000795	0.0005402058
2460932.724160635	0.9989776	0.0005401311
2460932.7255495246	0.9995962	0.0005400574
2460932.726938414	0.99995446	0.0005403595
2460932.7283273037	1.0004861	0.0005402814
2460932.729716193	0.9997927	0.0005401281
2460932.7311050827	1.0006422	0.0005402723
2460932.7324939724	0.99985206	0.00053996337
2460932.7338828617	0.99942994	0.0005400964
2460932.7352717514	1.000213	0.00054036634
2460932.7366606407	0.99991655	0.00054004864
2460932.73804953	0.99971455	0.0005400749
2460932.7394384197	1.00074	0.0005402311
2460932.740827309	1.0002813	0.00054012757
2460932.7422161987	1.0004356	0.00054009893
2460932.743605088	0.9998981	0.0005402231
2460932.7449939777	1.0003006	0.00054017
2460932.746382867	1.0007037	0.0005404364
2460932.7477717563	0.9998095	0.00053995167
2460932.749160646	0.99905956	0.00054000464
2460932.7505495353	1.0005454	0.0005400189
2460932.7519384245	1.0002632	0.0005401608
2460932.7533273143	1.0007784	0.00054042775
2460932.754716204	1.0001671	0.00054029137
2460932.7561050933	1.0004804	0.00054031675
2460932.7574939826	1.001373	0.00054053206
2460932.758882872	1.000694	0.00054027885
2460932.7602717616	1.0014759	0.00054037286
2460932.761660651	0.9990582	0.0005398999
2460932.76304954	1.0000008	0.0005402233
2460932.7644384294	0.9999042	0.00054009544
2460932.7658273187	0.9996192	0.0005400215
2460932.7672162084	1.0006881	0.00054026104
2460932.7686050977	1.0000443	0.0005402171
2460932.769993987	0.9996134	0.00054015603
2460932.7713828767	0.99970585	0.0005401957
2460932.7727717655	0.9988334	0.00053998065
2460932.774160655	1.0005535	0.0005402781
2460932.7755495445	0.9998673	0.0005399336
2460932.7769384338	1.0012461	0.0005404244
2460932.778327323	0.99997693	0.00054014404
2460932.779716213	1.0000786	0.00054040714
2460932.781105102	0.99907655	0.0005401565
2460932.7824939913	1.0004131	0.000540169
2460932.7838828806	0.99958366	0.00054039236
2460932.78527177	1.0011053	0.00054044515
2460932.786660659	0.9999298	0.00054028345
2460932.7880495484	1.0007259	0.00054029055
2460932.7894384377	1.0001125	0.00053980295
2460932.790827327	1.0017799	0.0005404625
2460932.792216216	1.0013566	0.00054048584
2460932.7936051055	1.0000694	0.00054046244
2460932.7949939948	1.0016991	0.0005404823
2460932.796382884	1.001199	0.00054050446
2460932.7977717733	1.0002843	0.0005400083
2460932.7991606626	1.0001782	0.0005403451
2460932.800549552	0.99982756	0.0005401534
2460932.801938441	1.0002419	0.00054028595
2460932.8033273304	0.9997533	0.0005400936
2460932.8047162197	1.0009292	0.000540356
2460932.806105109	1.0015191	0.0005406905
2460932.807493998	0.9994768	0.00053979136
2460932.8088828875	1.000669	0.0005403226
2460932.8102717767	1.0011852	0.00054044236
2460932.811660666	0.9996503	0.0005399826
2460932.813049555	1.0001957	0.0005402524
2460932.814438444	1.0002282	0.00054005755
2460932.8158273334	1.0004587	0.00054024276
2460932.8172162226	1.0001332	0.0005403076
2460932.818605112	1.0007192	0.0005404314
2460932.819994001	1.0001013	0.00054017577
2460932.8213828905	1.0002743	0.0005403601
2460932.8227717797	0.99968743	0.00054030283
2460932.8241606685	1.0001806	0.0005403251
2460932.825549558	1.000167	0.00054018886
2460932.8269384466	1.0002252	0.0005402334
2460932.828327336	1.0010871	0.0005403024
2460932.829716225	1.000008	0.0005401292
2460932.8311051144	0.9990414	0.00053998834
2460932.8324940037	0.9994674	0.00054025615
2460932.833882893	0.9999562	0.00054038
2460932.835271782	1.0000248	0.0005400356
2460932.836660671	1.0000994	0.000540162
2460932.83804956	1.0007211	0.00054023875
2460932.839438449	0.99997073	0.0005403555
2460932.8408273384	0.9994216	0.0005401119
2460932.842216227	1.000296	0.0005402571
2460932.8436051165	0.99979246	0.00054017146
2460932.8449940057	1.0001425	0.0005403103
2460932.8463828946	1.0006357	0.00054033083
2460932.847771784	1.0010835	0.0005404078
2460932.8491606726	0.9997086	0.00054005295
2460932.850549562	1.0019256	0.00054044544
2460932.851938451	1.0003227	0.00054028566
2460932.85332734	1.0000908	0.0005403798
2460932.8547162293	1.0005503	0.0005400461
2460932.856105118	1.0012884	0.00054037507
2460932.8574940073	1.0003033	0.0005402837
2460932.8588828966	1.0002332	0.0005402208
2460932.8602717854	0.99993265	0.00054012786
2460932.8616606747	0.9985231	0.00053973036
2460932.8630495635	1.0016278	0.0005403
2460932.8644384528	0.9996948	0.0005401357
2460932.8658273416	1.0002096	0.00054022326
2460932.8672162304	1.0002935	0.00054022326
2460932.8686051196	1.000454	0.0005403492
2460932.8699940084	1.0005145	0.00054051535
2460932.8713828977	1.000906	0.0005404752
2460932.8727717865	0.9997109	0.0005400982
2460932.874160676	1.0011314	0.00054041727
2460932.8755495646	1.0001756	0.0005401451
2460932.876938454	1.0008668	0.0005403149
2460932.8783273427	0.9992014	0.00054025924
2460932.8797162315	1.0004065	0.00054037245
2460932.8811051203	1.0012821	0.00054050196
2460932.883882899	0.99938655	0.00053996936
2460932.8852717876	0.99986666	0.0005403566
2460932.8866606764	1.0010684	0.00054050796
2460932.8880495653	0.9989818	0.0005400196
2460932.8894384545	1.0002031	0.00054023153
2460932.892216232	1.0016594	0.0005404614
2460932.8936051214	1.0001426	0.00054018333
2460932.89499401	0.999484	0.00054017996
2460932.896382899	1.0000446	0.00054018106
2460932.897771788	1.0000724	0.0005401202
2460932.8991606766	1.0004704	0.0005404758
2460932.900549566	0.9993156	0.00054012804
2460932.9019384547	0.99988675	0.0005400733
2460932.9033273435	1.0002362	0.00054045446
2460932.904716233	0.99926597	0.00053976564
2460932.9074940104	1.0005424	0.00054044556
2460932.908882899	1.0001645	0.00054027874
2460932.910271788	1.0005809	0.00054023776
2460932.911660677	1.0000019	0.00054018403
2460932.913049566	1.0008663	0.00054047274
2460932.914438455	1.0008873	0.00054043793
2460932.9158273437	1.0005025	0.0005403422
2460932.9172162325	0.99962205	0.0005398799
2460932.9186051213	1.0000639	0.0005401704
2460932.91999401	1.000364	0.00054030516
2460932.921382899	0.9992628	0.0005400785
2460932.9227717877	1.0005848	0.0005403394
2460932.9241606765	0.9995469	0.000540205
2460932.9255495653	0.9996322	0.00054012414
2460932.9269384546	0.99942195	0.00053996063
2460932.928327343	1.0005502	0.0005402549
2460932.929716232	0.9999022	0.000540318
2460932.931105121	0.99998736	0.00054023054
2460932.9324940094	0.9997017	0.000540156
2460932.9338828987	1.0006762	0.0005404316
2460932.935271787	1.0000415	0.0005399792
2460932.9366606763	1.0008469	0.00054035
2460932.938049565	0.9999339	0.00053991616
2460932.9394384534	1.0000432	0.00054019364
2460932.9408273427	0.9996121	0.0005401143
2460932.942216231	1.0013475	0.0005407694
2460932.94360512	0.99987936	0.00054011587
2460932.9449940086	0.9996326	0.0005401528
2460932.9463828974	0.9998313	0.0005400913
2460932.9477717862	1.0010196	0.00054052914
2460932.949160675	1.0001658	0.00054035295
2460932.950549564	0.9992682	0.0005401448
2460932.9519384527	1.0006257	0.00054051704
2460932.9533273415	1.0000013	0.0005401958
2460932.9547162303	1.0007246	0.0005405333
2460932.956105119	1.0004196	0.0005404642
2460932.9574940074	0.9993754	0.0005401051
2460932.958882896	0.99961793	0.00054010685
2460932.960271785	1.0005043	0.00054013723
2460932.961660674	0.99988663	0.00053988147
2460932.9630495626	0.9993777	0.000540069
2460932.964438451	0.99850357	0.0005398428
2460932.96582734	0.9994044	0.00054023747
2460932.9672162286	0.9991241	0.0005400441
2460932.9686051174	1.0010747	0.0005405249
2460932.969994006	1.0000534	0.00054032006
2460932.9713828946	1.0010012	0.0005403924
2460932.9727717834	1.0009794	0.0005404245
2460932.974160672	0.99984324	0.0005401597
2460932.9755495605	0.99986297	0.0005402002
2460932.9769384493	1.0000333	0.0005403501
2460932.978327338	0.9996933	0.0005401378
2460932.979716227	1.0000315	0.0005402407
2460932.9811051157	0.9999326	0.00054044405
2460932.982494004	0.9992619	0.0005401599
2460932.983882893	1.0001224	0.00054017303
2460932.985271781	1.0007684	0.00054033956
2460932.98666067	1.0004276	0.0005403363
2460932.988049559	0.9992562	0.00053995615
2460932.989438447	1.000678	0.00054012384
2460932.990827336	1.0003228	0.00053993904
2460932.992216225	1.0004225	0.00054023945
2460932.993605113	1.0003287	0.00054015196
2460932.994994002	1.0005057	0.0005403797
2460932.9963828903	0.9996834	0.0005401725
2460932.997771779	0.99904156	0.0005400372
2460932.999160668	0.99994457	0.00054036
2460933.1852717125	0.9989359	0.00055421493
2460933.186660601	1.0005991	0.0005547046
2460933.188049489	1.0002315	0.00055465807
2460933.189438377	1.0003737	0.0005549102
2460933.1908272654	0.99991745	0.0005549227
2460933.1922161537	1.0008581	0.00055544876
2460933.193605042	1.0000027	0.0005553604
2460933.19499393	1.0002589	0.0005555001
2460933.1963828183	1.0000073	0.0005555021
2460933.197771706	1.0001614	0.00055570237
2460933.1991605945	1.00057	0.0005558278
2460933.200549483	0.99884963	0.0005558567
2460933.203327259	1.0007906	0.0005563753
2460933.2047161474	0.99933225	0.0005565671
2460933.2061050353	0.9997939	0.00055656716
2460933.2074939236	1.000886	0.00055689865
2460933.208882812	1.0000994	0.0005569003
2460933.2102717	0.99986035	0.0005567208
2460933.211660588	0.99975866	0.00055695686
2460933.2130494765	1.0001711	0.00055719446
2460933.2144383644	0.9991363	0.0005572381
2460933.2158272527	0.9991032	0.00055732415
2460933.217216141	1.0001441	0.00055781147
2460933.218605029	1.0003546	0.00055795914
2460933.2199939173	1.0008675	0.00055821217
2460933.2213828056	1.0010065	0.00055822
2460933.2227716935	1.0000447	0.00055823126
2460933.224160582	0.9989236	0.00055808556
2460933.22554947	0.9990873	0.00055848376
2460933.226938358	1.0000575	0.0005586762
2460933.2283272464	1.0003083	0.0005588898
2460933.2297161343	1.0001366	0.000558884
2460933.2311050226	1.0004	0.0005591003
2460933.2324939105	0.99922484	0.0005592241
2460933.233882799	0.9997945	0.0005595015
2460933.235271687	0.99945587	0.00055979716
2460933.236660575	0.9990089	0.0005597474
2460933.2380494634	1.0006343	0.0005603171
2460933.2394383512	0.9999176	0.0005602905
2460933.2408272396	1.0012163	0.00056096225
2460933.2422161275	0.99921787	0.00056082365
2460933.243605016	1.0001355	0.00056111766
2460933.2449939037	0.99997133	0.0005610199
2460933.246382792	0.999928	0.0005611016
2460933.2477716804	0.9994744	0.0005611978
2460933.249160568	1.0000529	0.00056171947
2460933.2505494566	0.9988959	0.00056144816
2460933.2519383444	0.9996914	0.00056173344
2460933.253327233	0.9996595	0.00056203204
2460933.254716121	1.0006824	0.000562147
2460933.256105009	0.99936974	0.0005622926
2460933.2574938973	1.0005015	0.00056259433
2460933.258882785	0.9992896	0.00056239223
2460933.2602716736	0.9996482	0.0005626203
2460933.267216114	0.99968684	0.0005634038
2460933.268605002	0.99999976	0.0005639375
2460933.26999389	0.999819	0.00056404696
2460933.2713827784	0.9992715	0.0005643471
2460933.2727716663	0.9996793	0.0005646111
2460933.2755494425	0.9995548	0.000564964
2460933.276938331	0.99859536	0.0005649567
2460933.2783272187	0.99942577	0.00056521624
2460933.279716107	0.9996951	0.0005652696
2460933.281104995	0.99988604	0.00056556193
2460933.2824938833	1.0004354	0.0005654692
2460933.283882771	1.0000411	0.0005656103
2460933.2852716595	0.999961	0.0005658833
2460933.2866605474	0.9998758	0.0005662973
2460933.2880494357	1.0006284	0.0005662987
2460933.290827212	0.9996286	0.00056672527
2460933.2922161	1.0001022	0.0005669011
2460933.293604988	0.99953616	0.00056708127
2460933.294993876	1.0007516	0.00056754454
2460933.2963827644	0.9997332	0.0005674323
2460933.297771652	0.9992756	0.0005676326
2460933.29916054	0.99955446	0.00056777196
2460933.3005494284	0.99918246	0.0005682621
2460933.301938317	1.00138	0.00056863297
2460933.3033272047	0.99927795	0.0005681836
2460933.304716093	1.0003316	0.0005692088
2460933.306104981	0.99994767	0.0005689617
2460933.3074938687	0.9994894	0.00056908606
2460933.308882757	0.9985759	0.0005690716
2460933.310271645	1.0007644	0.0005696061
2460933.3116605333	1.0001601	0.0005696666
2460933.313049421	0.99995965	0.0005699855
2460933.3144383095	1.0002555	0.00057009986
2460933.3158271974	0.9996334	0.0005701931
2460933.3172160853	0.99999774	0.00057045
2460933.3186049736	1.0010084	0.0005709606
2460933.3199938615	1.0006119	0.0005713766
2460933.32138275	1.0012476	0.00057141786
2460933.322771638	0.9999024	0.0005713558
2460933.324160526	0.9997546	0.0005714249
2460933.325549414	0.9991546	0.0005718194
2460933.3269383023	1.0001568	0.000572019
2460933.32832719	1.0006286	0.00057238666
2460933.3297160785	0.99958235	0.0005725893
2460933.3311049663	1.0000578	0.00057282957
2460933.3324938547	1.0009677	0.0005730448
2460933.3338827426	0.9996708	0.0005729781
2460933.3352716304	1.0006979	0.0005736472
2460933.336660519	1.0007759	0.00057392236
2460933.3380494067	1.0009555	0.0005739932
2460933.339438295	1.0001742	0.0005739439
2460933.340827183	1.000751	0.0005743843
2460933.342216071	0.99997	0.00057445496
2460933.343604959	1.0009772	0.00057496043
2460933.3449938474	1.0021605	0.0005754924
2460933.3463827353	1.0004436	0.00057559286
2460933.3477716236	1.0012188	0.00057604985
2460933.3491605115	0.99991447	0.00057614123
2460933.3505493994	1.0007019	0.0005764755
2460933.3519382877	1.0007188	0.0005767937
2460933.3533271756	1.0009133	0.00057714677
2460933.354716064	1.0008689	0.0005774379
2460933.356104952	1.0024517	0.00057801
2460933.35749384	1.0022104	0.00057822844
