2459474.1750679566	0.9885974	0.00059360225
2459474.1764569255	0.990187	0.00059371785
2459474.177845894	0.9898886	0.00059367885
2459474.179234863	0.99003553	0.00059341907
2459474.1806238317	0.9899573	0.0005935878
2459474.1820128006	0.988802	0.0005933061
2459474.1834017695	0.98916703	0.00059318513
2459474.1847907384	0.9894011	0.0005928584
2459474.1861797073	0.9891087	0.000593001
2459474.1875686757	0.9902504	0.0005933379
2459474.1889576446	0.98949224	0.0005930594
2459474.1903466135	0.9885159	0.0005929311
2459474.1917355824	0.98830086	0.0005925757
2459474.1931245513	0.9886456	0.0005926263
2459474.1945135198	0.9881792	0.00059242226
2459474.1959024887	0.98865384	0.00059254444
2459474.1972914576	0.98896366	0.00059239607
2459474.198680426	0.98852575	0.0005919345
2459474.200069395	0.9880728	0.00059124373
2459474.2014583633	0.9889127	0.000590788
2459474.202847332	0.9876403	0.00058941025
2459474.204236301	0.9884897	0.0005887797
2459474.20562527	0.9882535	0.0005874937
2459474.2070142385	0.9887604	0.00058666186
2459474.208403207	0.98699206	0.00058574916
2459474.209792176	0.98739016	0.0005851247
2459474.211181144	0.9872626	0.0005845741
2459474.212570113	0.9878948	0.0005844626
2459474.2139590816	0.9871921	0.00058367534
2459474.2153480505	0.9869314	0.0005835335
2459474.2167370194	0.9881993	0.0005833188
2459474.2181259873	0.98613006	0.0005826563
2459474.219514956	0.98693794	0.0005829696
2459474.2209039247	0.9873821	0.0005826303
2459474.222292893	0.98672885	0.00058279576
2459474.223681862	0.9873097	0.00058267615
2459474.2250708304	0.9869985	0.00058233424
2459474.2264597993	0.9871254	0.0005827225
2459474.2278487673	0.9874695	0.0005823782
2459474.229237736	0.9866093	0.00058243406
2459474.2306267046	0.98725766	0.00058235734
2459474.232015673	0.98652965	0.00058235775
2459474.2334046415	0.98689586	0.00058225275
2459474.2347936104	0.98726404	0.0005822708
2459474.236182579	0.9863802	0.0005821984
2459474.2375715473	0.9860877	0.0005820629
2459474.2389605152	0.98659927	0.000582218
2459474.240349484	0.98784477	0.00058243546
2459474.2417384526	0.98562866	0.0005817185
2459474.243127421	0.986735	0.00058207667
2459474.2445163894	0.9868854	0.0005821201
2459474.245905358	0.98600626	0.0005821079
2459474.2472943263	0.98721594	0.0005821836
2459474.2486832943	0.98729986	0.0005823901
2459474.2500722627	0.9865731	0.00058201514
2459474.251461231	0.98763925	0.00058222405
2459474.2528501996	0.98711187	0.0005822458
2459474.254239168	0.9862247	0.00058216637
2459474.2556281365	0.98678404	0.000581996
2459474.257017105	0.98787254	0.00058233744
2459474.258406073	0.9871979	0.0005821975
2459474.2597950413	0.9868854	0.00058214355
2459474.2611840097	0.98738396	0.0005823775
2459474.262572978	0.98785335	0.0005822125
2459474.2639619466	0.9876574	0.00058223685
2459474.265350915	0.98751074	0.0005822747
2459474.266739883	0.9885302	0.000582495
2459474.268128851	0.98670536	0.0005825474
2459474.2695178194	0.9875699	0.00058233546
2459474.270906788	0.98842615	0.0005824227
2459474.272295756	0.98733944	0.00058231904
2459474.2736847242	0.98754066	0.000582461
2459474.2750736927	0.98810303	0.0005825269
2459474.2764626606	0.98674417	0.00058198435
2459474.277851629	0.9881195	0.0005826745
2459474.2792405966	0.98805004	0.0005824496
2459474.280629565	0.9886861	0.00058247
2459474.2820185334	0.9876805	0.00058243953
2459474.2834075014	0.98911476	0.00058254466
2459474.28479647	0.9885773	0.0005826387
2459474.286185438	0.9879724	0.00058248587
2459474.287574406	0.98783	0.00058260397
2459474.2889633738	0.98859346	0.0005826137
2459474.2903523417	0.9885618	0.0005825448
2459474.29174131	0.9888959	0.0005827037
2459474.293130278	0.99044055	0.00058328704
2459474.294519246	0.9904802	0.0005831327
2459474.2959082145	0.9903571	0.0005829192
2459474.2972971825	0.9911538	0.00058302016
2459474.29868615	0.9909152	0.0005834481
2459474.300075118	0.992619	0.0005838548
2459474.3014640864	0.992856	0.00058355374
2459474.3028530544	0.99423945	0.00058419444
2459474.3042420223	0.9947	0.0005841798
2459474.3056309903	0.9977616	0.0005849842
2459474.3070199583	0.99772954	0.0005849141
2459474.308408926	0.9986617	0.0005852138
2459474.309797894	0.99941826	0.00058553915
2459474.311186862	1.0004442	0.0005854415
2459474.31257583	1.0011208	0.00058568845
2459474.313964798	0.99979335	0.0005853192
2459474.315353766	0.99941033	0.0005854444
2459474.316742734	0.9999777	0.00058536953
2459474.318131702	0.9997665	0.0005853126
2459474.319520669	1.0008006	0.00058559794
2459474.320909637	0.99961215	0.00058524794
2459474.322298605	1.0012577	0.00058586005
2459474.323687573	1.0002873	0.00058542547
2459474.325076541	0.99994797	0.0005854642
2459474.326465509	0.99965936	0.00058521423
2459474.3278544764	0.9996571	0.00058522413
2459474.329243444	1.0005834	0.00058557437
2459474.330632412	1.0007663	0.00058523344
2459474.33202138	1.001742	0.0005858118
2459474.3334103473	1.0002787	0.0005854089
2459474.3347993153	1.000854	0.00058571773
2459474.3361882833	0.999484	0.00058531703
2459474.337577251	1.0002381	0.00058534223
2459474.3389662183	1.0012618	0.00058567885
2459474.340355186	0.9995767	0.0005852647
2459474.3417441538	1.0004419	0.0005854359
2459474.3431331213	1.0002645	0.0005856701
2459474.344522089	0.99991375	0.00058546034
2459474.3459110567	1.0005606	0.00058537634
2459474.3473000247	1.0000246	0.00058529794
2459474.3486889917	0.99993443	0.00058558164
2459474.3500779597	1.001201	0.0005854797
2459474.351466927	1.0002259	0.000585389
2459474.3528558947	0.9987388	0.000585343
2459474.3542448627	0.99893826	0.00058531
2459474.35563383	1.0000454	0.00058545714
2459474.3570227977	0.9989585	0.00058527826
2459474.358411765	0.99955523	0.00058529817
2459474.3598007327	1.0000435	0.0005853935
2459474.3611897	1.0004395	0.0005854932
2459474.3625786677	1.0004202	0.0005856319
2459474.363967635	1.0002753	0.00058558426
2459474.3653566027	1.0013165	0.000585728
2459474.36674557	1.0000623	0.00058564014
2459474.3681345377	1.0000114	0.0005855442
2459474.3695235047	1.0005139	0.00058560714
2459474.3709124723	1.0011244	0.00058568723
2459474.3723014398	1.0005205	0.00058572297
2459474.3736904073	1.0011282	0.00058566633
2459474.3750793748	0.999881	0.0005856211
2459474.3764683423	1.0001414	0.00058545865
2459474.3778573098	1.0017337	0.000585922
2459474.379246277	0.9993474	0.0005852628
2459474.3806352443	1.0001212	0.000585635
2459474.382024212	1.0005391	0.0005856124
2459474.3834131793	0.9999302	0.0005856672
2459474.3848021463	0.9998041	0.0005853523
2459474.386191114	0.99927783	0.00058522355
2459474.3875800814	1.0010121	0.0005854843
2459474.388969048	1.000314	0.00058566977
2459474.3903580154	1.0009645	0.00058581657
2459474.391746983	1.0004743	0.00058558496
2459474.39313595	1.0004779	0.00058554765
2459474.3945249175	1.0002893	0.00058548205
2459474.395913885	1.0007669	0.0005855982
2459474.397302852	1.0004435	0.0005855445
2459474.3986918195	0.99992555	0.0005857337
2459474.400080786	1.0000824	0.00058539474
2459474.4014697536	1.0008405	0.0005855559
2459474.4028587206	0.99998426	0.00058550807
2459474.4042476877	1.0000083	0.0005856813
2459474.405636655	0.9996796	0.0005854522
2459474.407025622	1.0000498	0.00058558356
2459474.4084145897	1.0010124	0.0005857605
2459474.4098035563	1.0002884	0.0005855805
2459474.4111925233	0.99982196	0.0005854799
2459474.4125814904	1.001493	0.0005858325
2459474.413970458	0.9997138	0.00058532995
2459474.415359425	1.0006341	0.0005856633
2459474.416748392	0.9993376	0.000585253
2459474.418137359	1.0007014	0.0005856828
2459474.4195263255	1.0008626	0.00058570405
2459474.420915293	0.99976885	0.0005853662
2459474.42230426	1.0004612	0.0005856607
2459474.423693227	1.0005133	0.000585589
2459474.425082194	1.0000719	0.0005855984
2459474.426471161	0.99985427	0.0005854105
2459474.427860128	1.0008084	0.00058582047
2459474.429249095	0.99911976	0.00058520614
2459474.430638062	1.001099	0.0005856372
2459474.432027029	1.0010267	0.00058582297
2459474.433415996	1.000078	0.00058541895
2459474.4348049625	1.0001795	0.0005854949
2459474.4361939295	1.0010694	0.0005856885
2459474.4375828966	1.0010754	0.0005856161
2459474.4389718636	1.0001603	0.0005855493
2459474.44036083	0.9987635	0.0005851523
2459474.4417497967	0.99981797	0.0005853971
2459474.443138764	1.0012718	0.00058580504
2459474.444527731	1.0009165	0.0005857424
2459474.4459166974	0.9998857	0.00058554014
2459474.4473056644	1.0009218	0.00058569707
2459474.4486946315	1.0006166	0.0005855518
2459474.4500835976	1.0011911	0.0005857013
2459474.4514725646	1.0011398	0.00058570475
2459474.452861531	1.0003418	0.00058569666
2459474.454250498	0.99934864	0.0005854168
2459474.455639465	1.0011505	0.0005856458
2459474.457028432	1.0006022	0.0005856808
2459474.4584173984	1.0008739	0.0005856174
2459474.459806365	1.0008656	0.000585667
2459474.4611953315	1.000219	0.0005852384
2459474.462584298	0.99994457	0.000585277
2459474.463973265	1.0002766	0.00058549154
2459474.4653622317	1.000655	0.0005852677
2459474.4667511983	1.0001792	0.0005854805
2459474.4681401653	1.0007187	0.0005857779
2459474.4695291314	1.0003992	0.00058545737
2459474.470918098	1.0003386	0.0005855765
2459474.4723070646	1.0012153	0.00058587757
2459474.473696031	1.0004408	0.00058563956
2459474.4750849977	0.99897337	0.0005850119
2459474.4764739648	1.000698	0.0005857494
2459474.4778629313	1.0011233	0.0005857595
2459474.479251898	0.99905276	0.00058502983
2459474.480640864	0.99955064	0.0005852944
2459474.4820298306	1.0010345	0.0005857082
2459474.483418797	0.99941796	0.0005853942
2459474.4848077637	1.0004693	0.0005856374
2459474.4861967303	1.0005375	0.0005856982
2459474.4875856964	1.00021	0.0005855248
2459474.488974663	1.001006	0.00058580935
2459474.490363629	1.0012915	0.000585765
2459474.4917525956	1.000139	0.00058541424
2459474.493141562	1.0010725	0.0005858581
2459474.494530529	1.0008473	0.0005858932
2459474.495919495	1.000427	0.0005854597
2459474.4973084615	1.0001062	0.0005854878
2459474.498697428	1.0012809	0.00058559654
2459474.5000863937	1.0010083	0.00058576046
2459474.5014753602	1.000204	0.000585541
2459474.502864327	1.0010206	0.00058561447
2459474.504253293	1.0007446	0.000585569
2459474.5056422595	1.0001302	0.00058554235
2459474.5070312256	1.0004745	0.00058560673
2459474.508420192	1.000613	0.0005856797
2459474.509809158	0.99998426	0.0005854888
2459474.5111981244	1.0012051	0.0005858354
2459474.5125870905	1.0012625	0.0005857815
2459474.513976057	1.0009043	0.000585587
2459474.515365023	0.9998502	0.000585613
2459474.5167539893	1.0012159	0.0005855537
2459474.518142956	0.9996779	0.0005854328
2459474.519531922	1.0012194	0.00058591994
2459474.5209208876	1.0001698	0.00058559544
2459474.522309854	1.0001549	0.00058553304
2459474.5236988203	1.0013849	0.00058592943
2459474.5250877864	0.99972326	0.00058552984
2459474.5264767525	0.99986994	0.00058558886
2459474.5278657186	1.0003538	0.000585475
2459474.529254685	1.0002148	0.00058552297
2459474.530643651	0.999854	0.0005856462
2459474.532032617	1.0006849	0.0005855276
2459474.533421583	0.9993593	0.00058543193
2459474.534810549	1.000505	0.0005856021
2459474.536199515	1.0002823	0.0005857133
2459474.5375884813	1.0010517	0.0005855839
2459474.5389774474	0.9997905	0.0005855438
2459474.540366413	1.0009909	0.0005856085
2459474.541755379	1.001236	0.0005856214
2459474.543144345	1.000575	0.00058548886
2459474.544533311	1.000939	0.0005854043
2459474.545922277	1.0000468	0.00058569974
2459474.547311243	0.99953276	0.00058543455
2459474.5487002092	1.0007867	0.0005857597
2459474.5500891744	0.99978817	0.00058553845
2459474.5514781405	0.9996765	0.00058533513
2459474.5528671066	0.9994918	0.0005851014
2459474.5542560727	1.0005032	0.00058578973
2459474.5556450384	0.9993959	0.00058547733
2459474.5570340045	1.0006406	0.0005855543
2459474.55842297	1.0003791	0.0005857384
2459474.559811936	0.99983394	0.0005854483
2459474.5612009014	1.0007405	0.0005856507
2459474.5625898675	1.0005766	0.0005856008
2459474.5639788336	1.0000602	0.0005855328
2459474.5653677993	0.9998421	0.00058551785
2459474.566756765	1.0008799	0.0005857007
2459474.568145731	1.0011303	0.0005858063
2459474.5695346966	0.9996022	0.00058541604
2459474.5709236623	1.0002873	0.0005854902
2459474.572312628	0.99992853	0.0005856049
2459474.5737015936	1.000482	0.0005856113
2459474.5750905597	1.0006934	0.0005856421
2459474.5764795253	1.0004287	0.0005856242
2459474.577868491	0.99991626	0.0005855829
2459474.5792574566	1.0004036	0.00058560056
2459474.5806464218	1.0000068	0.0005856776
2459474.582035388	1.000667	0.00058591104
2459474.5834243535	1.0015318	0.00058593415
2459474.584813319	1.0004346	0.0005856614
2459474.586202285	1.000771	0.0005856111
2459474.5875912504	1.0001456	0.0005855813
2459474.588980216	0.9997527	0.0005854145
2459474.5903691812	1.0001625	0.0005854476
2459474.591758147	1.0002959	0.00058565114
2459474.5931471125	0.9997232	0.0005854858
2459474.594536078	1.0007018	0.0005858003
2459474.595925044	1.0002552	0.00058544806
2459474.5973140094	0.9998992	0.00058563025
2459474.598702975	1.0004323	0.00058546563
2459474.6000919403	1.0010775	0.0005857543
2459474.6014809054	0.9997587	0.00058560417
2459474.602869871	0.9996528	0.00058556924
2459474.6042588367	1.0008595	0.0005854903
2459474.6056478024	0.99976206	0.0005853168
2459474.6070367675	1.000298	0.00058534014
2459474.608425733	0.99956954	0.00058548665
2459474.609814699	0.9995926	0.00058533484
2459474.6112036635	0.9996888	0.00058557733
2459474.612592629	1.0001944	0.00058550603
2459474.6139815943	0.99941033	0.000585468
2459474.61537056	1.0009404	0.0005855683
2459474.6167595256	1.0015857	0.0005859087
2459474.618148491	0.9994801	0.00058564305
2459474.619537456	1.0001266	0.0005856209
2459474.620926421	0.99956	0.00058534427
2459474.6223153863	1.0000343	0.0005854537
2459474.623704352	0.9995124	0.00058551034
2459474.625093317	1.0015417	0.00058578333
2459474.6264822828	1.0009395	0.00058579445
2459474.627871248	1.0011512	0.0005857317
2459474.629260213	1.0004197	0.000585535
2459474.630649178	0.9999628	0.0005855095
2459474.6320381435	0.9997312	0.0005853409
2459474.6334271086	1.000127	0.00058548106
2459474.634816074	1.0011564	0.0005858436
2459474.636205039	1.0008041	0.000585718
2459474.637594004	1.001442	0.0005856922
2459474.63898297	1.0007032	0.0005856809
2459474.640371935	1.0000749	0.0005854123
2459474.6417608997	0.9997469	0.000585516
2459474.643149865	1.000121	0.00058551953
2459474.64453883	0.99984235	0.00058546494
2459474.645927795	1.0001751	0.0005855691
2459474.6473167604	0.9995426	0.0005853847
2459474.6487057256	1.0004845	0.0005855596
2459474.6500946907	1.0011915	0.0005857942
2459474.6514836554	0.99970096	0.0005855237
2459474.6528726206	1.0002106	0.00058560126
2459474.6542615853	0.99970037	0.0005854216
2459474.6556505505	1.0005789	0.000585518
2459474.6570395157	0.99934256	0.0005851464
2459474.658428481	1.0010183	0.0005855994
2459474.659817446	1.001623	0.00058590545
2459474.6612064103	1.0008223	0.00058573537
2459474.6625953754	1.0004174	0.00058553315
2459474.6639843406	1.0011029	0.0005857007
2459474.6653733053	1.0000619	0.0005854898
2459474.6667622705	1.0011318	0.00058579835
2459474.6681512357	1.0018475	0.0005859839
2459474.6695402004	1.0006912	0.0005857659
2459474.670929165	0.99851096	0.00058514706
2459474.67231813	1.000745	0.00058538705
2459474.673707095	1.001638	0.0005859939
2459474.6750960597	1.0019574	0.0005857443
2459474.676485025	1.0001719	0.0005856476
2459474.6778739896	0.99999964	0.000585667
2459474.6792629547	1.0001085	0.0005857341
2459474.6806519195	1.0010697	0.00058571494
2459474.6820408837	1.0009083	0.0005856956
2459474.683429849	0.9997941	0.00058555877
2459474.6848188136	0.9999952	0.0005854488
2459474.6862077783	1.0002395	0.00058567856
2459474.6875967435	1.001005	0.0005856831
2459474.688985708	0.99991524	0.00058548636
2459474.690374673	1.0014845	0.0005858148
2459474.691763637	1.0002991	0.0005855896
2459474.693152602	0.99965924	0.00058542046
2459474.694541567	1.000441	0.00058553607
2459474.6959305317	0.99950534	0.00058546034
2459474.6973194964	1.0003866	0.0005855326
2459474.698708461	1.0011446	0.0005857968
2459474.700097426	0.9997832	0.00058551115
2459474.70148639	1.0005568	0.00058576977
2459474.702875355	1.0000677	0.0005855068
2459474.7042643195	1.0008893	0.000585577
2459474.705653284	1.0004168	0.0005856364
2459474.707042249	1.0005198	0.00058582873
2459474.7084312136	1.0006355	0.0005853386
2459474.7098201783	1.000419	0.00058553094
2459474.711209142	1.0002686	0.0005855634
2459474.712598107	1.0010697	0.0005858483
2459474.7139870715	0.9999053	0.0005855947
2459474.7153760362	1.000543	0.00058559707
2459474.716765001	1.0012972	0.0005857897
2459474.718153965	1.0008283	0.00058574707
2459474.71954293	1.0001918	0.0005856112
2459474.7209318946	1.000345	0.00058553
2459474.7223208584	1.0001692	0.0005857435
2459474.723709823	1.0006526	0.00058566715
2459474.725098788	0.99924916	0.0005853769
2459474.726487752	1.0005999	0.0005855999
2459474.7278767168	1.0001639	0.00058573653
2459474.729265681	1.0004002	0.0005854547
2459474.7306546457	1.0002449	0.0005854784
2459474.7320436095	1.0009979	0.0005857196
2459474.733432574	1.0017377	0.00058559835
2459474.7348215384	1.0017967	0.0005858999
2459474.736210503	0.9993659	0.00058548327
2459474.7375994674	1.0003164	0.0005854601
2459474.7389884316	0.9998988	0.0005855874
2459474.7403773963	0.9993316	0.00058538833
2459474.74176636	1.0002803	0.0005855982
2459474.7431553244	1.0012738	0.00058574957
2459474.744544289	1.0005243	0.0005858757
2459474.7459332533	1.0007199	0.0005859296
2459474.7473222176	1.0007161	0.0005856327
2459474.748711182	1.0013373	0.00058585074
2459474.7501001465	1.0012943	0.00058581895
2459474.7514891103	1.000213	0.00058554456
2459474.7528780745	1.000683	0.00058569276
2459474.754267039	1.0000961	0.0005857434
2459474.755656003	1.000232	0.0005857139
2459474.7570449673	0.9998941	0.000585588
2459474.7584339315	1.0001761	0.0005856165
2459474.7598228958	1.0005478	0.0005857547
2459474.76121186	1.0010821	0.0005858681
2459474.762600824	0.9999297	0.0005857238
2459474.763989788	1.0009536	0.00058570807
2459474.7653787523	1.0005049	0.0005857362
2459474.7667677165	1.0002699	0.0005855709
2459474.7681566807	1.002038	0.00058598636
2459474.769545645	1.0012218	0.00058574614
2459474.7709346088	1.0003484	0.00058573537
2459474.7723235725	1.0001532	0.0005856328
2459474.773712537	1.0013407	0.00058594206
2459474.775101501	1.0000569	0.00058562844
2459474.776490465	1.0000995	0.0005855436
2459474.777879429	1.0011004	0.0005857361
2459474.7792683933	0.9999276	0.0005855651
2459474.780657357	0.99973863	0.0005856768
2459474.782046321	1.0001646	0.0005857943
2459474.783435285	1.0007687	0.0005856165
2459474.784824249	1.0000335	0.000585688
2459474.786213213	1.0006961	0.00058587774
2459474.787602177	1.0003239	0.0005856279
2459474.788991141	1.0006284	0.0005857824
2459474.790380105	0.99985343	0.0005854837
2459474.7917690687	1.0018584	0.0005860086
2459474.7931580325	0.99999034	0.00058570463
2459474.7945469967	1.0009978	0.0005859994
2459474.7959359605	1.0001243	0.00058543123
2459474.7973249247	0.9999905	0.0005857257
2459474.7987138885	1.0008296	0.0005858461
2459474.8001028523	1.0008948	0.00058575615
2459474.8014918165	0.9994214	0.00058540044
2459474.80288078	0.9999972	0.0005856607
2459474.8042697436	0.9999218	0.0005857701
2459474.8056587074	1.0004063	0.00058584916
2459474.8070476716	1.0015075	0.00058594183
2459474.8084366354	1.0018823	0.00058602454
2459474.809825599	0.9999869	0.0005855341
2459474.811214563	1.0008774	0.0005856097
2459474.8126035263	1.0005499	0.0005855368
2459474.81399249	1.0003139	0.00058579096
2459474.815381454	1.0005414	0.0005857892
2459474.8167704176	1.0011477	0.0005859505
2459474.8181593814	1.0005684	0.00058561505
2459474.819548345	1.0003456	0.0005856983
2459474.820937309	1.0000988	0.0005856771
2459474.8223262723	0.99982464	0.0005854724
2459474.823715236	1.0002784	0.00058561336
2459474.8251042	1.0010916	0.0005857964
2459474.8264931636	1.0007277	0.00058584113
2459474.8278821274	1.0019559	0.00058591616
2459474.829271091	1.0006087	0.00058575964
2459474.830660055	1.0002762	0.000585862
2459474.8320490182	0.9998011	0.00058557885
2459474.8334379815	0.99928266	0.00058532605
2459474.8348269453	1.0006421	0.0005856927
2459474.836215909	1.0001172	0.0005854801
2459474.8376048724	1.0000546	0.00058564584
2459474.838993836	1.0004522	0.0005857917
2459474.8403828	1.0007389	0.00058583013
2459474.8417717633	1.0003954	0.000585745
2459474.8431607266	1.0004644	0.00058588636
2459474.8445496904	1.0014877	0.00058583607
2459474.8459386537	1.0009549	0.0005858009
2459474.8473276175	1.000577	0.0005855022
2459474.848716581	1.0005958	0.00058571686
2459474.8501055446	1.0009149	0.0005858757
2459474.851494508	0.99934494	0.00058534386
2459474.852883471	1.0004514	0.00058562617
2459474.8542724345	1.0007706	0.0005858477
2459474.855661398	1.0001266	0.0005854624
2459474.8570503616	1.001147	0.0005858908
2459474.858439325	0.9995339	0.000585559
2459474.8598282887	1.0005326	0.0005855986
2459474.861217252	1.000768	0.00058577594
2459474.862606215	1.0017309	0.0005858484
2459474.863995178	1.0014875	0.0005858108
2459474.865384142	1.00012	0.00058544934
2459474.866773105	1.000726	0.0005858334
2459474.8681620685	1.0000741	0.000585494
2459474.869551032	1.0005172	0.0005856804
2459474.870939995	1.0008154	0.00058578054
2459474.872328959	1.0001477	0.0005853618
2459474.873717922	1.0009096	0.0005859499
2459474.875106885	1.0005456	0.0005857899
2459474.8764958484	1.0016968	0.0005861046
2459474.8778848117	1.0024735	0.00058609317
2459474.879273775	1.0009217	0.0005858198
2459474.8806627383	1.0004644	0.00058572745
2459474.8820517017	1.0018989	0.00058597943
2459474.8834406645	1.0008662	0.0005856822
2459474.884829628	1.0001699	0.00058551534
2459474.886218591	1.0014453	0.00058595417
2459474.8876075544	1.0013838	0.000585963
2459474.8889965178	1.0006142	0.0005856726
2459474.8903854806	1.0002381	0.00058565853
2459474.891774444	1.0010794	0.00058586185
2459474.8931634068	1.0004212	0.00058575964
2459474.89455237	1.0004876	0.0005856421
2459474.8959413334	1.002781	0.00058619963
2459474.897330296	1.0001771	0.00058550114
2459474.8987192595	0.99935335	0.00058548653
2459474.900108223	1.0011312	0.00058597897
2459474.9014971857	1.0001159	0.00058555295
2459474.9028861485	1.0007	0.00058580446
2459474.904275112	1.0005916	0.0005858367
2459474.9056640747	1.0013376	0.000585955
2459474.907053038	1.0007212	0.0005857451
2459474.908442001	1.0005006	0.0005856334
2459474.909830964	1.0001543	0.00058566855
2459474.911219927	1.0012606	0.00058588857
2459474.9126088903	1.0009391	0.00058581703
2459474.9139978527	1.0019234	0.0005859909
2459474.915386816	1.0002537	0.00058571785
2459474.916775779	1.0011612	0.0005859391
2459474.918164742	1.0010506	0.00058594416
2459474.919553705	1.0014156	0.0005857164
2459474.920942668	1.0017866	0.00058602024
2459474.922331631	1.0002818	0.0005855854
2459474.9237205936	1.0002097	0.00058558804
2459474.9251095564	1.0007559	0.00058586936
2459474.9264985197	1.0006182	0.0005857241
2459474.9278874826	1.0006634	0.0005857241
2459474.9292764454	1.0015461	0.0005857969
2459474.9306654083	1.0013404	0.0005860691
2459474.9320543716	1.0009016	0.00058579294
2459474.933443334	0.99979377	0.0005855895
2459474.934832297	1.0004228	0.0005856582
2459474.9362212596	1.0008953	0.00058591034
2459474.9376102225	1.0009067	0.00058582
2459474.9389991853	0.9993546	0.00058542844
2459474.940388148	1.0013902	0.0005858585
2459474.941777111	1.0003108	0.0005855821
2459474.9431660734	0.99998707	0.0005855674
2459474.9445550363	1.0003313	0.00058566587
2459474.945943999	1.000008	0.00058560714
2459474.947332962	1.0001236	0.00058558263
2459474.948721925	1.0015568	0.00058589294
2459474.9501108876	1.0010209	0.00058595475
2459474.9514998505	1.0009774	0.0005856221
2459474.9528888133	1.0004272	0.0005858675
2459474.9542777757	1.0000005	0.00058523496
2459474.955666738	0.9999974	0.0005856923
2459474.957055701	1.0008595	0.0005857821
2459474.958444664	1.0000663	0.00058555335
2459474.9598336266	1.0007387	0.0005857989
2459474.9612225895	0.9995339	0.0005854209
2459474.962611552	1.0004635	0.0005858025
2459474.9640005142	1.0015817	0.0005860372
2459474.965389477	1.0018811	0.0005860304
2459474.9667784395	1.0001842	0.0005856518
2459474.9681674023	1.0008551	0.000585745
2459474.9695563647	1.0007049	0.00058582204
2459474.9709453275	1.0004573	0.0005856002
2459474.9723342904	1.0007093	0.0005857208
2459474.9737232523	1.0004714	0.0005855614
2459474.975112215	1.0008825	0.00058573385
2459474.9765011775	0.99984133	0.00058579096
2459474.9778901404	1.000869	0.0005857444
2459474.9792791028	1.0011299	0.0005857469
2459474.9806680656	1.0014122	0.00058580673
2459474.982057028	1.0009398	0.00058585394
2459474.98344599	1.0017093	0.0005860912
2459474.9848349527	1.0003825	0.0005859722
2459474.986223915	1.0006834	0.0005858166
2459474.9876128775	1.0005249	0.00058599864
2459474.9890018404	1.000369	0.000585594
2459474.9903908027	1.0000088	0.00058567984
2459474.991779765	1.0004401	0.00058562856
2459474.993168728	1.0004259	0.00058555574
2459474.99455769	1.0005696	0.00058585266
2459474.9959466523	1.0008054	0.00058581756
2459474.9973356146	1.0009185	0.0005859772
2459474.998724577	1.0010122	0.0005856449
2459475.0001135394	1.0009792	0.0005860422
2459475.0015025022	1.0005292	0.0005855689
2459475.0028914646	1.0008314	0.0005858529
2459475.0042804265	1.0003949	0.0005856724
2459475.005669389	1.0008243	0.0005858555
2459475.0070583513	1.0007615	0.0005857587
2459475.0084473137	1.0009785	0.00058608636
2459475.009836276	1.0013103	0.00058598025
2459475.0112252384	1.0017146	0.00058600534
2459475.012614201	1.0006567	0.000585998
2459475.0140031627	1.0003623	0.00058569096
2459475.015392125	1.0010507	0.0005858355
2459475.016781087	1.0013222	0.00058591866
2459475.0181700494	1.0004922	0.00058577565
2459475.019559012	1.0000399	0.0005855908
2459475.020947974	1.000561	0.000585669
2459475.0223369366	1.0008206	0.00058563025
2459475.0237258985	1.0001616	0.00058558036
2459475.0251148604	1.0014461	0.0005861619
2459475.0265038228	1.0020025	0.0005861794
2459475.027892785	1.0000099	0.0005856271
2459475.0292817475	1.0021394	0.00058605673
2459475.0306707094	1.0006121	0.000585943
2459475.032059672	1.0018907	0.0005860788
2459475.033448634	1.0005525	0.00058579486
2459475.0348375957	1.0009589	0.0005858943
2459475.036226558	1.0015522	0.00058553007
2459475.03761552	0.9994415	0.0005855455
2459475.0390044823	1.001742	0.00058592705
2459475.0403934442	1.0011034	0.00058584654
2459475.0417824066	1.0006795	0.0005856938
2459475.0431713685	1.0006031	0.00058572745
2459475.0445603305	0.9997862	0.0005856934
2459475.0459492924	0.99986607	0.0005856679
2459475.0473382547	1.0004591	0.00058578455
2459475.0487272167	1.0011736	0.00058579264
2459475.050116179	0.99964976	0.0005856667
2459475.051505141	1.0002223	0.00058574625
2459475.052894103	1.0013657	0.0005860973
2459475.054283065	1.0014493	0.00058586564
2459475.0556720267	0.9988389	0.00058543973
2459475.0570609886	1.0007945	0.0005859274
2459475.058449951	1.0028437	0.00058607274
2459475.059838913	0.99995714	0.00058539363
2459475.061227875	1.0006511	0.0005858106
2459475.0626168367	1.0008866	0.0005857981
2459475.064005798	1.000725	0.0005855703
2459475.0653947606	1.0007657	0.00058600423
2459475.0667837225	1.0007069	0.0005857399
2459475.0681726844	1.0002639	0.00058572675
2459475.0695616463	1.0004449	0.0005857606
2459475.0709506082	1.0001649	0.00058567163
2459475.07233957	1.0012499	0.00058579404
2459475.073728532	1.0000303	0.00058551214
2459475.0751174935	1.0003644	0.00058590167
2459475.0765064554	1.0007694	0.00058584136
2459475.0778954173	1.0003619	0.0005857251
2459475.0792843793	0.9990814	0.00058547454
2459475.080673341	1.0002954	0.00058585714
2459475.082062303	1.0006486	0.0005857895
2459475.083451265	1.000364	0.0005855918
2459475.0848402265	1.0006965	0.0005858258
2459475.0862291884	1.0008224	0.0005855352
2459475.0876181503	1.0005331	0.0005857208
2459475.0890071117	1.0018097	0.0005859096
2459475.0903960736	1.0001807	0.00058582326
2459475.0917850356	0.9999273	0.00058567495
2459475.0931739975	1.0012264	0.0005859769
2459475.094562959	1.0003672	0.0005857802
2459475.0959519204	0.9995516	0.00058561505
2459475.0973408823	1.0005715	0.0005857089
2459475.098729844	1.001072	0.0005857312
2459475.1001188057	0.99942935	0.0005853015
2459475.1015077676	0.99963427	0.000585352
2459475.1028967295	1.0010325	0.0005860014
2459475.1042856905	1.000632	0.0005857325
2459475.1056746524	1.000056	0.0005856528
2459475.107063614	1.0004618	0.00058576604
2459475.1084525757	1.0003362	0.00058552873
2459475.109841537	1.0008693	0.000586018
2459475.111230499	0.9999826	0.00058567233
2459475.1126194606	1.0010649	0.00058594457
2459475.1140084225	1.0005562	0.0005857549
2459475.1153973835	1.0012938	0.0005858922
2459475.1167863454	1.002037	0.00058612187
2459475.118175307	1.0003173	0.0005855647
2459475.1195642687	1.0000876	0.00058559986
2459475.12095323	1.000471	0.0005858426
2459475.1223421916	1.0000448	0.00058562716
2459475.1237311536	1.0005947	0.00058595795
2459475.1251201145	0.9995314	0.0005854535
2459475.126509076	1.0006894	0.00058586325
2459475.127898038	1.0008055	0.00058582245
2459475.1292869993	0.9997947	0.0005855938
2459475.130675961	1.0007981	0.00058575504
2459475.1320649222	0.99986166	0.00058546785
2459475.1334538837	0.99987835	0.0005855509
2459475.134842845	1.0007707	0.0005859221
2459475.1362318066	1.0002427	0.0005858029
2459475.137620768	1.0005335	0.00058583054
2459475.1390097295	1.0001789	0.00058563077
2459475.140398691	1.0005473	0.0005858408
2459475.1417876524	0.9999748	0.00058561406
2459475.143176614	1.0006257	0.0005857341
2459475.144565575	1.0007668	0.00058565784
2459475.1459545363	1.0012956	0.0005860955
2459475.1473434977	1.0012208	0.0005858703
2459475.148732459	1.0008075	0.0005858076
2459475.1501214206	1.0006721	0.00058587885
2459475.151510382	0.9995093	0.00058526656
2459475.1528993435	1.0016583	0.0005860362
2459475.154288305	1.000763	0.0005860939
2459475.155677266	1.0001187	0.00058587396
2459475.1570662274	1.0001023	0.0005857437
2459475.158455189	0.9996687	0.00058557285
2459475.15984415	1.0008073	0.0005857438
2459475.1612331113	1.0001969	0.0005856603
2459475.1626220727	1.0003295	0.00058573333
2459475.164011034	1.0002923	0.000585621
2459475.165399995	1.0008585	0.000585802
2459475.166788956	0.99991655	0.0005855866
2459475.1681779176	1.0004674	0.00058574614
2459475.169566879	1.0003241	0.0005857254
2459475.17095584	1.000873	0.0005860409
2459475.1723448015	1.0010402	0.00058591954
2459475.173733763	1.0005062	0.00058584166
2459475.1751227234	0.9997486	0.00058541435
2459475.176511685	1.0012939	0.0005860098
2459475.177900646	1.0012553	0.00058579794
2459475.1792896073	0.99930286	0.0005856698
2459475.180678569	1.0015126	0.00058583386
2459475.1820675298	1.0000836	0.00058560784
2459475.183456491	1.0018224	0.0005860509
2459475.1848454517	0.99981856	0.00058567943
2459475.1862344127	1.0004169	0.0005857739
2459475.187623374	1.0012982	0.0005860223
2459475.189012335	1.0008316	0.0005857851
2459475.1904012966	1.0018061	0.0005860793
2459475.1917902576	0.99952	0.00058547384
2459475.193179219	1.0004864	0.0005857045
2459475.19456818	1.0002311	0.0005857226
2459475.1959571405	1.0008541	0.0005857472
2459475.1973461015	1.0003854	0.0005857958
2459475.198735063	1.0014206	0.0005860155
2459475.200124024	1.0002254	0.0005859233
2459475.201512985	1.0018959	0.0005860158
2459475.2029019464	1.0018661	0.0005862086
2459475.2042909074	0.999753	0.0005854587
2459475.205679868	0.9990515	0.00058535975
2459475.207068829	0.9999699	0.0005856327
2459475.20845779	1.0002005	0.0005857158
2459475.209846751	1.0006055	0.00058570836
2459475.2112357123	1.0009868	0.0005856382
2459475.2126246733	1.0010308	0.00058585196
2459475.2140136342	1.0004838	0.0005857371
2459475.215402595	1.0002345	0.00058564666
2459475.2167915558	1.0011133	0.000585928
2459475.2181805167	0.9997857	0.0005856865
2459475.2195694777	0.9995795	0.0005854531
2459475.2209584387	1.0028179	0.0005862127
2459475.2223473997	1.0016767	0.00058601284
2459475.2237363607	1.0013583	0.00058588915
2459475.225125321	1.0009369	0.0005857941
2459475.226514282	1.0015756	0.0005860723
2459475.227903243	1.0006858	0.00058574846
2459475.2292922037	0.9999023	0.0005856411
2459475.2306811647	1.0004282	0.0005856787
2459475.2320701256	1.0002383	0.0005855312
2459475.2334590866	1.000837	0.0005857092
2459475.2348480476	1.000757	0.0005859201
2459475.236237008	1.0005039	0.00058571604
2459475.2376259686	0.9998695	0.00058539346
2459475.2390149296	1.0013784	0.00058608403
2459475.2404038906	1.0006521	0.00058573554
2459475.2417928516	1.0003965	0.00058588147
2459475.243181812	0.99971235	0.0005857934
2459475.244570773	0.99977016	0.00058546616
2459475.2459597336	1.00078	0.00058580603
2459475.247348694	0.99988645	0.0005858659
2459475.248737655	1.0010316	0.00058587466
2459475.2501266156	1.0001854	0.0005857847
2459475.2515155766	1.0003135	0.000585608
2459475.2529045376	1.000534	0.000585674
2459475.254293498	1.0003616	0.0005856907
2459475.2556824586	1.0003606	0.00058594113
2459475.257071419	1.0012488	0.0005858711
2459475.25846038	1.0002534	0.00058578985
2459475.2598493407	1.0009257	0.0005858382
2459475.2612383016	0.99938416	0.00058537547
2459475.262627262	0.9994019	0.0005854134
2459475.2640162227	1.0005391	0.0005859444
2459475.265405183	1.0014471	0.00058618863
2459475.2667941437	1.0012158	0.00058594637
2459475.2681831047	1.0004059	0.0005855625
2459475.269572065	1.0005717	0.0005856887
2459475.2709610257	1.0007874	0.00058573193
2459475.2723499867	1.0003707	0.00058580487
2459475.273738947	1.000087	0.0005857686
2459475.2751279077	1.000357	0.00058570324
2459475.276516868	0.99905413	0.0005855324
2459475.277905829	1.0000006	0.000585698
2459475.2792947893	1.0004826	0.0005859437
2459475.28068375	1.0001657	0.00058582437
2459475.2820727103	0.99977714	0.00058554247
2459475.283461671	1.0004519	0.00058576465
2459475.284850632	1.0025305	0.0005864247
2459475.286239592	1.0011774	0.00058585993
2459475.2876285524	1.0008464	0.0005858844
2459475.289017513	0.99946904	0.0005855306
2459475.2904064734	1.0013635	0.00058602734
2459475.291795434	1.0002342	0.0005855831
2459475.2931843945	0.9998903	0.00058561703
2459475.294573355	1.0010095	0.0005859662
2459475.295962315	1.0007436	0.00058597734
2459475.2973512756	1.0011481	0.00058593566
2459475.298740236	0.999865	0.0005855719
2459475.3001291966	1.0015672	0.00058605685
2459475.301518157	0.999743	0.00058568525
2459475.3029071176	1.0011053	0.00058598246
2459475.304296078	1.000453	0.00058573054
2459475.305685038	1.0000178	0.0005856217
2459475.3070739983	1.0011528	0.00058597134
2459475.308462959	1.0003281	0.00058569375
2459475.3098519193	1.0004301	0.00058571796
2459475.31124088	0.9998019	0.00058575143
2459475.3126298403	1.0015018	0.0005857781
2459475.3140188004	1.000228	0.0005857708
2459475.315407761	1.000341	0.0005857325
2459475.316796721	1.0009049	0.0005858818
2459475.3181856815	1.0013916	0.0005860267
2459475.3195746415	0.9999413	0.0005860041
2459475.320963602	0.9996387	0.0005856101
2459475.3223525626	1.0006745	0.0005858241
2459475.3237415226	0.9996927	0.0005856817
2459475.325130483	1.001279	0.00058610714
2459475.326519443	1.0012504	0.00058591436
2459475.3279084032	1.0001605	0.00058592943
2459475.3292973638	1.0000509	0.0005858196
2459475.330686324	1.001218	0.00058608473
2459475.3320752843	0.99937505	0.00058557943
2459475.3334642444	0.9998418	0.00058569974
2459475.334853205	1.0016996	0.00058618025
2459475.3362421645	1.0008276	0.00058603194
2459475.337631125	0.9999855	0.0005857599
2459475.339020085	1.0014883	0.00058621814
2459475.3404090456	1.0003678	0.00058590266
2459475.3417980056	0.99964845	0.0005858344
2459475.3431869657	1.0004506	0.00058579474
2459475.344575926	1.0009816	0.00058599206
2459475.345964886	1.001437	0.0005860565
2459475.3473538463	0.99984175	0.000585801
2459475.3487428064	1.0004314	0.0005856579
2459475.3501317664	1.0015011	0.0005860368
2459475.3515207265	0.9998146	0.0005856593
2459475.352909687	1.0007328	0.0005861819
2459475.354298647	1.0008821	0.0005858477
2459475.355687607	1.0005908	0.00058580906
2459475.3570765667	1.0001405	0.00058605353
2459475.358465527	1.0017757	0.0005862692
2459475.3598544872	1.0005287	0.00058571796
2459475.3612434473	1.0003158	0.0005855654
2459475.3626324073	1.0003175	0.00058571366
2459475.3640213674	1.0006342	0.0005860131
2459475.3654103274	1.0014044	0.0005860713
2459475.3667992875	1.002069	0.00058621645
2459475.3681882476	1.0000948	0.0005857945
2459475.3695772076	0.9998372	0.00058586936
2459475.3709661677	0.999992	0.0005857331
2459475.3723551277	1.000756	0.0005856553
2459475.3737440878	0.9998254	0.0005857177
2459475.375133048	1.000609	0.00058585923
2459475.3765220074	1.0004449	0.0005857662
2459475.3779109675	1.0010135	0.00058616867
2459475.3792999275	1.0004098	0.00058579806
2459475.3806888876	1.0004549	0.00058594736
2459475.3820778476	1.0013232	0.0005861277
2459475.383466807	1.0015004	0.00058611354
2459475.3848557672	0.99941456	0.0005859215
2459475.386244727	1.0014386	0.0005859246
2459475.387633687	0.9997273	0.0005858032
2459475.389022647	1.0006804	0.000585847
2459475.390411607	1.0002234	0.00058576924
2459475.3918005666	0.9999774	0.0005859153
2459475.3931895266	1.0010598	0.0005860699
2459475.3945784867	1.0001181	0.00058566086
2459475.3959674467	1.0015429	0.0005863396
2459475.397356406	0.9997647	0.00058572757
2459475.398745366	0.99970317	0.0005858041
2459475.400134326	1.0007983	0.0005858617
2459475.4015232855	1.0002306	0.00058563455
2459475.4029122456	1.0010992	0.0005859245
2459475.4043012056	1.0001105	0.0005859803
2459475.4056901652	1.0002323	0.0005858954
2459475.407079125	1.0011603	0.0005857659
2459475.408468085	1.0003681	0.00058573874
2459475.4098570445	0.9995669	0.00058545463
2459475.4112460045	1.0007762	0.0005859164
2459475.412634964	1.0009099	0.00058573164
2459475.414023924	0.999986	0.00058575295
2459475.4154128837	1.0012072	0.0005859426
2459475.4168018433	1.0013298	0.0005861239
2459475.418190803	1.0014454	0.00058594736
2459475.419579763	1.00026	0.0005859212
2459475.4209687226	1.0003929	0.0005856555
2459475.422357682	1.0008732	0.0005859565
2459475.423746642	1.0009928	0.0005858565
2459475.425135602	1.0001009	0.00058570434
2459475.4265245614	1.0000255	0.00058578775
2459475.427913521	1.0001984	0.0005857454
2459475.4293024805	1.0002495	0.00058584684
2459475.4306914406	1.0000995	0.00058567117
2459475.4320804	1.0006231	0.0005859622
2459475.4334693598	1.0010777	0.0005861158
2459475.4348583193	1.0010548	0.00058605697
2459475.4362472794	1.0006638	0.0005858994
2459475.4376362385	1.0011411	0.0005859215
2459475.439025198	1.0006533	0.0005860482
2459475.4404141577	1.0012194	0.00058606634
2459475.4418031177	0.9996412	0.00058557786
2459475.4431920773	1.0004853	0.00058598764
2459475.444581037	1.0002654	0.0005858359
2459475.4459699965	1.0009141	0.0005860453
2459475.4473589556	1.0003711	0.0005858561
2459475.448747915	1.0005835	0.00058608997
2459475.450136875	1.0001603	0.00058582233
2459475.4515258344	1.0001594	0.00058575236
2459475.452914794	0.999959	0.000585605
2459475.4543037536	0.9999106	0.00058580306
2459475.455692713	1.0005562	0.00058580894
2459475.4570816723	1.0011806	0.0005859214
2459475.458470632	0.9995538	0.0005857041
2459475.4598595914	1.0013118	0.00058604253
2459475.461248551	0.9998634	0.0005858942
2459475.4626375106	1.0005658	0.000586057
2459475.46402647	1.0017037	0.0005862145
2459475.46541543	1.0007077	0.00058593927
2459475.4668043894	1.0002326	0.0005858325
2459475.4681933485	1.0017962	0.000586293
2459475.469582308	1.0012515	0.0005859788
2459475.470971267	1.0014782	0.00058617257
2459475.472360227	1.0004141	0.00058577186
2459475.4737491864	1.001055	0.000586192
2459475.475138146	1.0003129	0.000585927
2459475.4765271056	1.0009514	0.00058600673
2459475.477916064	1.0005574	0.00058581703
2459475.479305024	1.0012991	0.0005859111
2459475.4806939834	1.0003422	0.0005858232
2459475.482082943	1.0001069	0.0005857866
2459475.483471902	0.9999439	0.00058580784
2459475.4848608617	1.0007749	0.0005859181
2459475.4862498213	1.0003362	0.00058586954
2459475.48763878	1.0008323	0.00058596506
2459475.4890277395	1.0007149	0.0005859354
2459475.4904166986	1.0000862	0.00058582245
2459475.491805658	1.0002303	0.00058583985
2459475.493194618	1.0001354	0.0005859162
2459475.494583577	1.0014431	0.0005859977
2459475.4959725365	1.0007659	0.0005858668
2459475.497361495	1.000488	0.00058585877
2459475.4987504547	1.0002909	0.00058597367
2459475.500139414	1.0011888	0.0005861603
2459475.5015283735	1.0001774	0.00058586005
2459475.5029173326	1.0006986	0.0005860688
2459475.5043062917	0.99976623	0.0005857522
2459475.5056952513	0.9998746	0.0005856259
2459475.5070842104	0.9997206	0.0005856108
2459475.5084731695	1.0021313	0.0005862836
2459475.5098621286	1.0014209	0.0005862155
2459475.5112510878	1.0005852	0.0005859121
2459475.5126400474	0.999831	0.0005857254
2459475.5140290065	1.0002409	0.0005859905
2459475.5154179656	0.99905133	0.00058543216
2459475.516806925	1.0004846	0.0005859466
2459475.518195884	1.0007018	0.0005855885
2459475.519584843	0.9999235	0.00058589666
2459475.520973802	1.0000988	0.0005858612
2459475.5223627617	1.0007753	0.0005860242
2459475.523751721	1.0007198	0.0005859081
2459475.52514068	1.0005451	0.00058615697
2459475.526529639	1.0000461	0.00058580656
2459475.5279185977	0.9989936	0.00058565056
2459475.5293075573	1.0005467	0.00058571424
2459475.5306965164	1.0007555	0.00058604113
2459475.5320854755	1.0011889	0.00058632647
2459475.5334744346	1.0003898	0.0005858144
2459475.5348633938	1.0000844	0.0005858032
2459475.536252353	1.0005984	0.00058605004
2459475.5376413115	0.99953246	0.0005856927
2459475.5390302707	1.0002677	0.0005859591
2459475.54041923	0.99940604	0.0005857657
2459475.541808189	1.0008923	0.0005860611
2459475.543197148	1.0003306	0.0005859547
2459475.544586107	1.0001031	0.00058601255
2459475.5459750663	1.0003805	0.00058608194
2459475.5473640254	0.99938637	0.0005858014
2459475.548752984	1.0002952	0.0005859079
2459475.550141943	1.0019937	0.0005863691
2459475.5515309023	1.0004138	0.00058582856
2459475.5529198614	1.0001172	0.00058584154
2459475.55430882	1.0009612	0.0005861065
2459475.555697779	1.0014949	0.0005862237
2459475.5570867383	1.0003188	0.0005857473
2459475.558475697	1.0007641	0.00058602705
2459475.559864656	1.0010296	0.00058586936
2459475.561253615	1.0008409	0.00058601506
2459475.562642574	0.9996957	0.00058562966
2459475.564031533	1.0007478	0.00058601453
2459475.565420492	1.0003054	0.00058597815
2459475.5668094507	1.0001371	0.00058589695
2459475.5681984094	1.0012628	0.0005861407
2459475.5695873685	1.0003322	0.0005857451
2459475.5709763276	1.001225	0.0005859614
2459475.5723652863	1.0009059	0.00058590923
2459475.5737542454	1.0009693	0.00058614323
2459475.575143204	1.0013754	0.00058583927
2459475.576532163	1.0002432	0.0005859574
2459475.577921122	1.0002351	0.0005859721
2459475.5793100805	1.0006553	0.0005859984
2459475.5806990396	1.0015604	0.0005861114
2459475.5820879983	1.0008676	0.0005861358
2459475.5834769574	0.9999186	0.0005857081
2459475.584865916	1.0006593	0.0005861317
2459475.586254875	1.0007428	0.0005859684
2459475.587643834	0.9999424	0.00058571337
2459475.5890327925	1.0010778	0.00058602676
2459475.590421751	1.0009418	0.0005861676
2459475.5918107103	1.000624	0.0005856962
2459475.593199669	1.0000709	0.00058581296
2459475.5945886276	1.0010751	0.0005860414
2459475.5959775867	1.0006881	0.0005862242
2459475.5973665453	1.0010285	0.00058607454
2459475.598755504	1.0003285	0.0005858027
2459475.6001444627	1.000895	0.00058594375
2459475.6015334213	1.0011445	0.00058615376
2459475.6029223804	1.0000407	0.0005858948
2459475.604311339	1.0007995	0.0005858305
2459475.6057002977	1.0006696	0.0005859746
2459475.6070892564	0.9999321	0.0005859312
2459475.608478215	1.001343	0.00058609404
2459475.6098671737	1.0000771	0.0005856429
2459475.6112561324	1.0009953	0.0005860785
2459475.612645091	1.0027236	0.00058649917
2459475.6140340497	1.0011909	0.00058615353
2459475.615423009	1.0000786	0.0005857272
2459475.6168119675	1.0019743	0.0005863262
2459475.6182009256	1.0002662	0.0005858378
2459475.6195898843	0.9998433	0.00058581075
2459475.620978843	0.9988255	0.0005855495
2459475.6223678016	1.0003544	0.00058596605
2459475.6237567603	1.0007294	0.00058623974
2459475.625145719	1.0002327	0.00058580324
2459475.6265346776	1.000261	0.00058598985
2459475.627923636	1.0004138	0.00058596197
2459475.6293125944	1.0005931	0.0005859131
2459475.630701553	0.999991	0.00058594806
2459475.6320905117	0.9995202	0.0005858296
2459475.6334794704	1.0010556	0.0005859808
2459475.634868429	1.0007554	0.00058605004
2459475.6362573877	0.9999363	0.00058569136
2459475.6376463464	1.0000622	0.00058594
2459475.6390353045	1.0008963	0.0005862097
2459475.640424263	1.0005435	0.0005860197
2459475.641813222	1.000025	0.00058595475
2459475.6432021805	1.0005757	0.0005861133
2459475.644591139	1.0004001	0.0005858386
2459475.6459800974	1.0000765	0.0005861226
2459475.647369056	0.9999385	0.0005856772
2459475.648758014	0.999461	0.000585686
2459475.650146973	1.0008471	0.0005858871
2459475.6515359315	1.0010659	0.0005860411
2459475.6529248897	0.99959177	0.0005856561
2459475.6543138484	1.000638	0.00058601843
2459475.655702807	1.0004528	0.00058603636
2459475.657091765	1.0003885	0.0005859726
2459475.6584807234	0.9997798	0.0005860298
2459475.659869682	1.0004069	0.0005860695
2459475.6612586407	1.0000095	0.0005858689
2459475.662647599	0.9997552	0.0005856105
2459475.6640365575	1.0006242	0.00058606314
2459475.6654255157	0.99964416	0.0005857454
2459475.6668144744	1.0017464	0.0005863895
2459475.668203433	1.001195	0.0005861193
2459475.669592391	0.99987435	0.0005855704
2459475.6709813494	1.000826	0.00058612565
2459475.6723703076	1.0004905	0.0005860273
2459475.6737592663	1.0013442	0.0005861508
2459475.6751482245	1.0005794	0.0005860415
2459475.676537183	1.0001051	0.00058569066
2459475.6779261413	1.0008602	0.0005858577
2459475.6793150995	1.0003856	0.0005858064
2459475.6807040577	1.0003382	0.00058588944
2459475.6820930163	1.0003105	0.0005860749
2459475.6834819745	1.0008886	0.0005858849
2459475.6848709327	0.9999056	0.00058563
2459475.6862598914	1.000482	0.0005860931
2459475.6876488496	0.99988353	0.00058578106
2459475.6890378078	0.9996184	0.00058580184
2459475.690426766	1.0001957	0.00058596197
2459475.691815724	1.000325	0.0005859552
2459475.693204683	0.9998002	0.0005859114
2459475.694593641	1.00066	0.0005861928
2459475.695982599	1.0009669	0.0005859978
2459475.6973715574	0.9997644	0.00058589573
2459475.6987605155	1.0014943	0.00058624794
2459475.7001494737	1.0016739	0.0005862941
2459475.701538432	1.0000854	0.00058584055
2459475.70292739	1.0004103	0.00058581703
2459475.7043163483	1.0005819	0.0005859741
2459475.705705307	1.0017076	0.0005860887
2459475.707094265	1.0002381	0.0005858988
2459475.7084832233	1.0009772	0.0005858848
2459475.709872181	1.0014687	0.0005864232
2459475.7112611393	1.0005475	0.00058618095
2459475.7126500974	0.99997586	0.00058593415
2459475.7140390556	1.0007561	0.0005862096
2459475.7154280143	0.99981844	0.0005857674
2459475.7168169725	1.0007684	0.0005861858
2459475.7182059307	0.9999064	0.0005856147
2459475.7195948884	1.000261	0.0005859889
2459475.7209838466	1.0011144	0.0005862384
2459475.722372805	0.99995285	0.0005860077
2459475.723761763	1.0000802	0.00058595283
2459475.725150721	1.0003638	0.0005859041
2459475.7265396793	1.000411	0.00058599433
2459475.7279286375	1.0000969	0.0005860753
2459475.729317595	1.0012945	0.0005861277
2459475.730706553	1.0010827	0.00058628235
2459475.732095511	0.9999158	0.00058588636
2459475.7334844694	1.000681	0.00058596197
2459475.7348734275	1.0008811	0.00058618136
2459475.7362623857	1.0009843	0.00058592675
2459475.737651344	1.0002023	0.00058597594
2459475.739040301	1.0015527	0.0005861431
2459475.7404292594	1.000473	0.0005857401
2459475.7418182176	1.0005913	0.0005860037
2459475.7432071758	1.0004632	0.00058591954
2459475.744596134	1.0004154	0.0005860188
2459475.7459850917	1.0006473	0.000585946
2459475.74737405	1.0002879	0.0005858163
2459475.748763008	1.0007921	0.0005859975
2459475.7501519658	1.0001031	0.00058558385
2459475.7515409235	1.0002968	0.00058592093
2459475.7529298817	1.0019792	0.00058636913
2459475.75431884	1.0008603	0.0005862358
2459475.7557077976	0.9997022	0.00058571
2459475.757096756	1.0001702	0.00058586535
2459475.7584857135	1.001232	0.0005860793
2459475.759874671	1.0005225	0.0005860347
2459475.7612636294	1.0010171	0.000586119
2459475.762652587	1.0000992	0.0005858661
2459475.7640415453	1.0008137	0.0005860192
2459475.765430503	1.0004461	0.0005861352
2459475.7668194612	1.000097	0.00058579724
2459475.768208419	1.000051	0.0005856676
2459475.7695973767	1.0016797	0.00058637984
2459475.7709863344	0.9996458	0.0005857796
2459475.7723752926	1.0009612	0.00058605504
2459475.7737642503	1.0011395	0.0005860634
2459475.7751532085	0.99993616	0.00058585755
2459475.7765421662	1.0006874	0.00058582844
2459475.7779311244	1.0006025	0.0005858609
2459475.7793200817	1.0005733	0.0005857247
2459475.7807090394	1.0007422	0.0005860683
2459475.7820979976	1.0000383	0.00058572006
2459475.7834869553	0.99969447	0.00058580795
2459475.784875913	1.0003806	0.0005861114
2459475.7862648712	1.0011213	0.00058604806
2459475.787653829	1.0005115	0.0005859237
2459475.7890427867	1.0012704	0.0005861279
2459475.7904317444	1.0016984	0.0005862262
2459475.791820702	1.0006186	0.0005861544
2459475.79320966	1.0003096	0.0005863245
2459475.7945986176	1.001266	0.0005861132
2459475.795987576	1.0013348	0.0005861469
2459475.7973765335	1.000504	0.00058606314
2459475.798765491	1.0013602	0.000586107
2459475.8001544485	1.0007257	0.0005858917
2459475.801543406	1.0012889	0.00058626285
2459475.8029323644	0.99986875	0.00058592996
2459475.804321322	0.9999992	0.0005858981
2459475.80571028	0.99942005	0.00058582966
2459475.8070992376	1.0004349	0.0005859342
2459475.8084881953	0.99958897	0.00058576756
2459475.8098771526	1.0008699	0.0005861793
2459475.8112661103	1.0003031	0.00058601727
2459475.812655068	1.0003002	0.0005859464
2459475.8140440257	1.0001853	0.000585985
2459475.8154329835	1.0012943	0.00058629655
2459475.816821941	1.0001051	0.0005857132
2459475.818210899	1.0009737	0.00058634777
2459475.819599856	0.9998215	0.0005858959
2459475.820988814	1.0006144	0.00058604527
2459475.8223777716	0.99941444	0.0005858383
2459475.8237667293	0.99944055	0.0005859212
2459475.825155687	1.0001075	0.0005859471
2459475.826544645	1.001103	0.00058624666
2459475.8279336025	1.0003881	0.0005859833
2459475.82932256	1.000457	0.0005858897
2459475.8307115175	1.0015129	0.0005862059
2459475.8321004747	1.0002416	0.000585775
2459475.8334894325	0.999862	0.0005858901
2459475.83487839	1.000484	0.00058613863
2459475.836267348	1.0011002	0.00058621704
2459475.8376563056	1.0008444	0.00058614207
2459475.839045263	1.0005103	0.0005861164
2459475.84043422	1.0006744	0.000586156
2459475.841823178	1.0000461	0.00058584753
2459475.8432121356	0.9995393	0.00058581977
2459475.844601093	1.000948	0.00058609346
2459475.8459900506	1.000435	0.0005858243
2459475.8473790083	1.0001538	0.0005858924
2459475.848767966	1.0006026	0.0005859829
2459475.850156923	1.0002145	0.00058595446
2459475.8515458805	1.0012113	0.0005862884
2459475.8529348383	1.0000111	0.000586071
2459475.8543237955	1.0006303	0.00058578805
2459475.8557127533	1.0000226	0.00058587885
2459475.8571017105	0.99920404	0.0005858864
2459475.8584906682	1.0019292	0.00058627065
2459475.8598796255	1.0005958	0.0005859677
2459475.8612685828	0.99994004	0.0005858763
2459475.8626575405	1.0015217	0.0005864809
2459475.8640464977	0.99987835	0.00058587844
2459475.8654354555	1.0005586	0.000585906
2459475.8668244127	1.0002838	0.00058592425
2459475.8682133704	1.000355	0.0005861438
2459475.8696023277	0.99977106	0.0005858984
2459475.870991285	1.001223	0.00058623886
2459475.872380242	1.0002623	0.00058611
2459475.8737691995	1.0012255	0.0005863179
2459475.875158157	1.0000125	0.0005859812
2459475.8765471145	0.99994427	0.00058590557
2459475.877936072	1.0007151	0.00058615307
2459475.8793250294	1.0010191	0.00058623333
2459475.8807139862	0.99973977	0.0005859361
2459475.882102944	1.001281	0.00058615697
2459475.883491901	0.99942386	0.0005857747
2459475.8848808585	1.0009514	0.00058633636
2459475.886269816	0.99947643	0.00058569363
2459475.8876587735	1.0001395	0.0005856632
2459475.8890477307	0.99904263	0.0005857685
2459475.890436688	1.0008659	0.00058618555
2459475.891825645	1.0009925	0.0005861711
2459475.8932146025	1.0005035	0.00058609835
2459475.8946035597	0.9996771	0.0005859375
2459475.895992517	1.0001397	0.00058598525
2459475.8973814747	1.0005554	0.0005862859
2459475.898770432	1.0003418	0.00058575434
2459475.900159389	1.0006793	0.00058620557
2459475.901548346	1.0004274	0.0005859748
2459475.9029373033	1.0010582	0.0005859695
2459475.9043262606	0.99997073	0.0005861286
2459475.905715218	1.0000002	0.00058591226
2459475.9071041755	1.0000999	0.0005861939
2459475.908493133	1.0014471	0.00058638654
2459475.90988209	1.0004653	0.00058606564
2459475.911271047	1.0006688	0.0005860957
2459475.912660004	0.99893004	0.00058563147
2459475.9140489614	1.0000993	0.0005860545
2459475.9154379186	1.0005201	0.000586111
2459475.916826876	1.0008694	0.0005860242
2459475.918215833	1.000834	0.00058599125
2459475.9196047904	1.000006	0.0005860195
2459475.920993747	1.0005033	0.00058608357
2459475.9223827044	0.99911755	0.00058565196
2459475.9237716617	1.0006608	0.0005861
2459475.925160619	1.0008007	0.0005859706
2459475.9265495758	1.0011244	0.0005860693
2459475.927938533	1.0006093	0.00058588904
2459475.9293274903	1.0007112	0.0005858626
2459475.930716447	1.0005884	0.00058591325
2459475.9321054043	1.0013771	0.00058611593
2459475.9334943616	1.0003214	0.0005859933
2459475.934883319	0.9988417	0.0005857161
2459475.9362722756	0.9996848	0.0005858669
2459475.937661233	0.99977726	0.0005860048
2459475.93905019	1.0005612	0.0005859877
2459475.9404391474	1.0008621	0.0005861616
2459475.941828104	1.0000123	0.0005859241
2459475.943217061	1.0002546	0.0005861246
2459475.9446060183	1.000443	0.00058603805
2459475.9459949755	0.9993101	0.00058580074
2459475.9473839323	0.9997195	0.0005858621
2459475.9487728896	0.9997681	0.00058599294
2459475.950161847	0.9998254	0.00058599125
2459475.951550803	1.0005318	0.000585988
2459475.9529397604	1.0007612	0.00058610766
2459475.9543287177	1.0005444	0.0005861958
2459475.9557176745	1.0007764	0.00058605155
2459475.9571066317	1.0008458	0.0005862381
2459475.9584955885	1.0010965	0.00058609666
2459475.9598845458	0.9991398	0.00058591855
2459475.9612735026	1.0001491	0.0005859833
2459475.9626624594	0.9994317	0.00058567245
2459475.9640514166	1.00064	0.00058611506
2459475.9654403734	1.0007129	0.00058608525
2459475.9668293307	0.9990923	0.00058572926
2459475.9682182875	1.0003754	0.0005861518
2459475.9696072447	0.9983402	0.0005854622
2459475.970996201	0.9967552	0.00058507087
2459475.9723851583	0.9966553	0.0005852695
2459475.973774115	0.9960083	0.0005848362
2459475.975163072	0.99485284	0.00058462925
2459475.976552029	0.99327	0.000584179
2459475.977940986	0.9926166	0.0005839501
2459475.979329943	0.98952526	0.00058333
2459475.9807189	0.9903457	0.00058352563
2459475.9821078563	0.98928213	0.0005831414
2459475.9834968136	0.98891383	0.00058281544
2459475.9848857704	0.988558	0.00058300496
2459475.986274727	0.9889786	0.0005828868
2459475.9876636844	0.9881236	0.0005830298
2459475.989052641	0.9883139	0.0005829665
2459475.990441598	0.98904335	0.0005831429
2459475.991830555	0.9876224	0.0005827097
2459475.9932195116	0.9894867	0.00058321294
2459475.9946084684	0.9895645	0.0005832037
2459475.995997425	0.9883705	0.00058305415
2459475.997386382	0.9887741	0.0005831421
2459475.998775339	0.987486	0.0005826944
2459476.000164296	0.9877392	0.0005828228
2459476.0015532523	0.98875797	0.00058282766
2459476.002942209	0.98845345	0.0005832225
2459476.004331166	0.9882075	0.00058304466
2459476.0057201227	0.98834145	0.00058302766
2459476.00710908	0.98731744	0.00058280345
2459476.008498037	0.98775077	0.00058270985
2459476.0098869936	0.98802745	0.0005828757
2459476.01127595	0.9868907	0.00058259076
2459476.0126649067	0.9875551	0.000582704
2459476.0140538635	0.98791224	0.0005829998
2459476.0154428203	0.98750216	0.0005826617
2459476.016831777	0.9869234	0.0005826507
2459476.018220734	0.9874759	0.0005829023
2459476.0196096906	0.9868223	0.00058286916
2459476.0209986474	0.9876652	0.00058286375
2459476.0223876038	0.9873386	0.000582727
2459476.0237765606	0.98699147	0.00058271736
2459476.0251655173	0.9876018	0.0005828596
2459476.026554474	0.987655	0.0005828233
2459476.027943431	0.9876085	0.00058276
2459476.0293323877	0.98717743	0.00058264914
2459476.030721344	0.98788357	0.00058287627
2459476.0321103004	0.9867985	0.00058265234
2459476.033499257	0.9891163	0.00058320415
2459476.034888214	0.98798275	0.0005827732
2459476.0362771708	0.9873347	0.00058278965
2459476.0376661276	0.98822886	0.0005829891
2459476.0390550843	0.986615	0.000582605
2459476.0404440407	0.98713386	0.00058260106
2459476.041832997	0.987493	0.0005828703
2459476.043221954	0.9869285	0.00058273925
2459476.0446109106	0.9875292	0.0005827402
2459476.045999867	0.9875997	0.0005827257
2459476.0473888237	0.9865581	0.0005825177
2459476.0487777805	0.9859889	0.00058240845
2459476.0501667373	0.9877843	0.00058291486
2459476.051555693	0.98776615	0.0005827563
2459476.05294465	0.98650604	0.00058251916
2459476.0543336067	0.98700297	0.0005828169
2459476.055722563	0.9868208	0.0005825975
2459476.05711152	0.98782295	0.00058290665
2459476.0585004766	0.98715156	0.0005825959
2459476.059889433	0.9866094	0.0005825543
2459476.0612783898	0.9880424	0.00058276864
2459476.0626673456	0.9874891	0.00058268366
2459476.0640563024	0.98835677	0.00058301794
2459476.0654452587	0.98875386	0.00058293843
2459476.0668342155	0.9870383	0.00058266945
2459476.0682231723	0.98770046	0.0005827726
2459476.0696121287	0.98727775	0.00058260147
2459476.0710010855	0.98800087	0.0005828748
2459476.0723900413	0.9877236	0.0005828334
2459476.073778998	0.9880389	0.0005827402
2459476.0751679544	0.9877282	0.000582855
2459476.0765569108	0.9879392	0.0005830642
2459476.0779458676	0.9886249	0.0005831506
2459476.079334824	0.988139	0.0005827748
2459476.0807237807	0.9879077	0.0005829033
2459476.0821127365	0.9874568	0.00058275706
2459476.0835016933	0.9876504	0.00058282726
2459476.0848906497	0.987699	0.00058263453
2459476.086279606	0.9887272	0.00058299425
2459476.087668563	0.9894184	0.0005832887
2459476.089057519	0.9872201	0.000582855
2459476.0904464754	0.9888702	0.00058309676
2459476.0918354318	0.989862	0.0005831633
2459476.093224388	0.9877003	0.00058280356
2459476.0946133444	0.9884745	0.0005829928
2459476.0960023007	0.9888187	0.00058306084
2459476.0973912575	0.9884859	0.0005830013
2459476.098780214	0.9892258	0.000583191
2459476.10016917	0.9899363	0.0005834193
2459476.1015581265	0.98835254	0.0005830725
2459476.102947083	0.98977435	0.00058329676
2459476.104336039	0.9899494	0.00058323424
2459476.1057249955	0.9903819	0.00058347255
2459476.107113952	0.9904161	0.00058345206
2459476.108502908	0.99183214	0.00058398786
2459476.109891865	0.9925221	0.00058406946
2459476.1112808213	0.99404526	0.00058448256
2459476.112669777	0.994824	0.00058464735
2459476.1140587335	0.99542904	0.0005849545
2459476.11544769	0.9960693	0.0005851157
2459476.116836646	0.99612725	0.0005849311
2459476.1182256024	0.99902827	0.000585974
2459476.1196145588	0.99915665	0.0005858597
2459476.121003515	0.999788	0.0005859407
2459476.122392471	1.0007683	0.00058610074
2459476.1237814273	1.0013486	0.0005864459
2459476.1251703836	1.0004997	0.0005859433
2459476.12655934	1.00084	0.000586127
2459476.1279482963	0.9999352	0.0005857282
2459476.1293372526	1.0010191	0.00058635965
2459476.130726209	1.0003028	0.0005859759
2459476.132115165	1.0000474	0.00058597955
2459476.133504121	0.99963444	0.00058591866
2459476.1348930774	1.0003322	0.0005860268
2459476.1362820338	1.0008126	0.0005863491
2459476.13767099	1.0000968	0.0005859845
2459476.1390599464	1.0001636	0.00058583874
2459476.1404489023	1.0000193	0.0005859838
2459476.1418378586	1.0008405	0.0005861021
2459476.1432268145	1.0005565	0.00058623665
2459476.144615771	1.000039	0.00058603485
2459476.146004727	1.0012672	0.0005862121
2459476.1473936834	1.0007668	0.00058615656
2459476.1487826393	0.9999964	0.00058594433
2459476.1501715956	1.0007651	0.0005861538
2459476.151560552	1.0007145	0.0005858552
2459476.152949508	1.0011816	0.00058632775
2459476.1543384637	1.0004635	0.00058600813
2459476.15572742	1.0004637	0.00058610336
2459476.1571163763	0.99991167	0.0005860283
2459476.158505332	1.000418	0.0005860409
2459476.1598942885	1.0001734	0.0005858798
2459476.161283245	0.9998771	0.000586001
2459476.1626722002	1.0001677	0.0005863058
2459476.1640611566	0.9998264	0.00058601436
2459476.165450113	1.0002502	0.00058589515
2459476.1668390688	1.0004294	0.00058592536
2459476.168228025	1.0007458	0.0005863592
2459476.1696169814	1.0000644	0.0005860463
2459476.1710059373	1.0009587	0.0005862749
2459476.172394893	0.9997396	0.00058593065
2459476.173783849	0.999727	0.00058574893
2459476.1751728053	1.0001839	0.0005861056
2459476.176561761	1.0007267	0.0005862284
2459476.1779507175	1.0009843	0.0005861907
2459476.1793396734	1.0001056	0.00058566045
2459476.1807286297	1.0000694	0.0005858241
2459476.1821175856	1.0002488	0.00058594457
2459476.1835065414	0.9991493	0.00058570417
2459476.1848954973	1.0009695	0.0005861586
2459476.1862844536	1.0015652	0.0005862433
2459476.1876734095	0.99932796	0.00058586366
2459476.189062366	0.99981314	0.00058604806
2459476.1904513217	0.9993571	0.0005858576
2459476.1918402775	1.0001994	0.0005858598
2459476.1932292334	1.0003762	0.00058594765
2459476.1946181892	0.99952435	0.0005859234
2459476.196007145	1.0003293	0.00058614626
2459476.1973961014	1.000506	0.0005861727
2459476.1987850573	1.0014877	0.00058630406
2459476.200174013	0.9988419	0.0005856922
2459476.2015629695	1.0005506	0.0005860312
2459476.202951925	1.0012193	0.00058627914
2459476.2043408807	0.9999366	0.0005860794
2459476.205729837	1.0003487	0.00058588193
2459476.207118793	0.999877	0.000585988
2459476.208507749	1.0006275	0.00058620767
2459476.2098967046	1.0001736	0.00058602006
2459476.2112856605	0.9992034	0.0005856967
2459476.2126746164	1.0007007	0.0005860337
2459476.214063572	1.000045	0.0005861026
2459476.215452528	1.0010861	0.00058612734
2459476.216841484	1.001073	0.0005861788
2459476.21823044	0.99961936	0.0005858237
2459476.219619396	1.0012914	0.0005863495
2459476.221008352	0.99985033	0.0005858858
2459476.222397308	0.9999562	0.00058604055
2459476.2237862633	1.0009383	0.0005861791
2459476.225175219	1.0010777	0.00058624486
2459476.226564175	1.0002259	0.00058605376
2459476.227953131	1.0009421	0.000586211
2459476.2293420867	0.999986	0.0005860557
2459476.2307310426	0.9999709	0.00058630237
2459476.2321199984	0.99911726	0.0005859133
2459476.233508954	1.0002794	0.0005861901
2459476.2348979097	1.0004596	0.0005860838
2459476.2362868655	1.000665	0.0005859355
2459476.2376758214	1.0002683	0.0005860642
2459476.2390647773	1.000084	0.0005860092
2459476.240453733	1.0000529	0.00058588415
2459476.241842689	1.0002866	0.00058608764
2459476.2432316444	1.0003105	0.0005861339
2459476.2446206002	1.0005336	0.000586118
2459476.246009556	1.0011035	0.0005863505
2459476.247398512	1.0012088	0.00058630685
2459476.248787468	1.0006771	0.0005860748
2459476.250176423	1.0012258	0.0005863346
2459476.251565379	1.0020331	0.0005863736
2459476.2529543345	1.0001127	0.0005859668
2459476.2543432903	1.0003806	0.0005859914
2459476.255732246	1.0011238	0.0005860598
2459476.257121202	1.0007354	0.0005861603
2459476.2585101575	1.0001415	0.0005861084
2459476.2598991133	1.0003047	0.00058609695
2459476.261288069	1.0002904	0.00058612373
2459476.262677025	1.0003102	0.0005861546
2459476.26406598	1.0003607	0.0005860947
2459476.265454936	1.0015333	0.00058615266
2459476.2668438917	0.9998463	0.0005858464
2459476.2682328476	0.99993753	0.00058596494
2459476.269621803	0.999784	0.00058587064
2459476.271010759	0.99979633	0.0005858815
2459476.2723997147	1.00048	0.00058613135
2459476.2737886696	1.0005085	0.00058625307
2459476.2751776255	1.0001817	0.0005861565
2459476.2765665813	1.0005666	0.00058625895
2459476.2779555367	1.0008967	0.00058605324
2459476.2793444926	0.9993495	0.000585914
2459476.280733448	1.0008484	0.0005861858
2459476.282122404	1.0001502	0.00058600307
2459476.2835113592	1.000286	0.00058618194
2459476.2849003146	1.0013276	0.00058617385
2459476.2862892705	1.0003144	0.0005861875
2459476.287678226	0.99960876	0.0005854572
2459476.2890671818	1.0006365	0.00058616116
2459476.290456137	0.99963	0.00058593217
2459476.291845093	1.0000359	0.0005859453
2459476.293234048	1.0009375	0.0005861235
2459476.294623004	1.0005893	0.0005861813
2459476.296011959	0.9992035	0.0005857013
2459476.297400915	1.0000216	0.00058594975
2459476.2987898705	0.99990046	0.0005860955
2459476.300178826	1.0004187	0.0005861911
2459476.3015677817	1.0000045	0.00058597623
2459476.302956737	1.0003133	0.0005859146
2459476.3043456925	0.99978554	0.0005859605
2459476.305734648	0.99999833	0.0005859839
2459476.3071236033	1.0010934	0.00058647833
2459476.308512559	1.0003515	0.0005860577
2459476.3099015146	1.000569	0.0005860224
2459476.31129047	1.0004656	0.00058607024
2459476.312679426	0.9998508	0.000586018
2459476.3140683807	1.000997	0.00058629253
2459476.315457336	1.0020399	0.000586361
2459476.316846292	0.999575	0.00058588205
2459476.3182352474	0.9995784	0.00058595045
2459476.319624203	1.0001903	0.0005861387
2459476.321013158	1.000902	0.0005863858
2459476.322402114	0.9994007	0.0005858393
2459476.323791069	0.99994624	0.0005861973
2459476.3251800244	1.0006934	0.0005862016
2459476.32656898	0.99877506	0.0005857957
2459476.327957935	1.0003911	0.0005862028
2459476.3293468906	1.0004302	0.0005859007
2459476.3307358464	0.99982	0.0005858124
2459476.332124802	1.0008143	0.0005863509
2459476.3335137567	1.0006415	0.000586192
2459476.334902712	1.0006268	0.0005861725
2459476.3362916675	1.0005423	0.0005860675
2459476.337680623	1.0000247	0.00058601197
2459476.3390695783	1.0007061	0.0005861284
2459476.3404585337	0.9996952	0.0005860074
2459476.341847489	1.0002295	0.00058625033
2459476.3432364445	1.0012403	0.00058613665
2459476.3446254	0.99913716	0.0005858305
2459476.3460143553	1.0001938	0.00058593415
2459476.3474033107	0.9994023	0.00058576866
2459476.348792266	0.99954957	0.0005858832
2459476.3501812215	1.0002627	0.0005859523
2459476.351570177	1.0003992	0.0005861841
2459476.352959132	1.0016874	0.00058643887
2459476.3543480868	1.0002534	0.0005863013
2459476.355737042	1.0012529	0.000586452
2459476.3571259975	1.0001189	0.00058608956
2459476.358514953	1.0009596	0.00058648194
2459476.3599039083	0.99922675	0.0005857344
2459476.3612928637	0.9996437	0.00058582576
2459476.362681819	1.0005821	0.00058620685
2459476.364070774	1.0003778	0.0005860361
2459476.3654597295	1.00119	0.00058628246
2459476.3668486844	1.0004823	0.0005860887
2459476.36823764	1.0007399	0.0005860666
2459476.369626595	1.0003239	0.0005860806
2459476.3710155506	0.9999122	0.00058577926
2459476.372404506	1.0000476	0.00058598956
2459476.3737934604	1.0009733	0.0005861779
2459476.375182416	1.0007321	0.00058619794
2459476.376571371	1.0013087	0.00058633497
2459476.3779603266	1.0009648	0.0005860814
2459476.3793492815	1.0002904	0.0005862623
2459476.380738237	1.0005372	0.00058615126
2459476.3821271923	1.0012658	0.000586402
2459476.3835161477	0.9997625	0.00058603653
2459476.384905102	0.99953324	0.00058598636
2459476.3862940576	1.0008255	0.00058604
2459476.387683013	0.99968714	0.0005858947
2459476.389071968	0.9999218	0.00058620115
2459476.3904609233	1.0002247	0.00058603764
2459476.3918498787	1.0004408	0.0005859792
2459476.3932388336	1.0015332	0.00058638107
2459476.3946277886	1.0006334	0.00058619364
2459476.3960167435	0.9998265	0.0005859524
2459476.397405699	1.0015349	0.0005864772
2459476.3987946543	1.0017663	0.00058648054
2459476.400183609	1.0005273	0.00058609876
2459476.4015725646	1.0006706	0.00058612885
2459476.4029615195	0.9997729	0.0005858151
2459476.4043504745	1.0007896	0.00058626616
2459476.4057394294	1.0006274	0.00058607
2459476.407128385	1.0004818	0.00058626814
2459476.4085173397	0.9994983	0.0005858615
2459476.409906295	1.0000985	0.00058596046
2459476.41129525	1.0004046	0.00058601354
2459476.4126842055	0.9994043	0.0005859915
2459476.41407316	0.9998718	0.0005861197
2459476.415462115	1.0013163	0.0005861722
2459476.4168510702	1.0010628	0.0005862895
2459476.418240025	0.99964595	0.0005860334
2459476.4196289806	1.000189	0.0005860821
2459476.4210179355	1.001193	0.00058615283
2459476.4224068904	0.9991246	0.0005858311
2459476.423795846	1.0003275	0.00058604125
2459476.4251848003	1.0011057	0.00058618595
2459476.426573755	0.9998619	0.0005859089
2459476.4279627106	1.0000501	0.0005861164
2459476.4293516655	0.9998225	0.0005860808
2459476.4307406205	1.0009054	0.00058623974
2459476.432129576	1.0000647	0.000585907
2459476.433518531	1.0024414	0.0005866742
2459476.4349074853	1.0004606	0.0005861823
2459476.43629644	1.0006498	0.0005862006
2459476.4376853956	1.0007719	0.00058600114
2459476.4390743505	1.0004438	0.0005860532
2459476.4404633055	1.0009112	0.0005861658
2459476.4418522604	1.0012479	0.0005861236
2459476.4432412153	0.9994345	0.0005859349
2459476.4446301702	1.0006193	0.0005860193
2459476.446019125	1.0004169	0.0005861281
2459476.44740808	1.0018959	0.0005863963
2459476.448797035	1.0002232	0.00058620167
2459476.45018599	0.9987799	0.0005856607
2459476.451574945	1.0006919	0.0005862877
2459476.4529639	1.0007176	0.00058610796
2459476.4543528548	1.0003636	0.0005863057
2459476.4557418097	1.0009387	0.00058622693
2459476.4571307646	0.9999534	0.0005862945
2459476.4585197195	1.0003538	0.00058620336
2459476.4599086745	0.9996801	0.00058593677
2459476.4612976294	1.0010828	0.0005862639
2459476.4626865843	0.99961156	0.00058593595
2459476.4640755393	1.0001934	0.00058613997
2459476.4654644937	1.0008746	0.000586263
2459476.4668534487	1.0003645	0.0005859885
2459476.4682424036	1.001351	0.00058625144
2459476.4696313585	1.000402	0.000586158
2459476.4710203134	0.9997919	0.00058589224
2459476.4724092684	1.001223	0.000586375
2459476.4737982233	1.0005423	0.00058612827
2459476.4751871773	0.99978775	0.0005859547
2459476.4765761322	1.0015883	0.0005865063
2459476.477965087	0.99980205	0.0005861149
2459476.479354042	0.999026	0.0005857106
2459476.480742997	1.0009418	0.0005863132
2459476.482131952	0.99964136	0.0005860451
2459476.483520907	1.0002775	0.0005861383
2459476.4849098613	1.0014333	0.00058640406
2459476.486298816	1.0006868	0.0005861928
2459476.4876877707	1.0008373	0.0005861024
2459476.4890767257	1.0008991	0.0005861019
2459476.4904656806	1.0004528	0.0005859468
2459476.4918546355	1.0005201	0.0005860131
2459476.49324359	1.0010109	0.0005862243
2459476.494632545	0.9996627	0.0005859332
2459476.4960214994	1.0002152	0.0005860634
2459476.4974104543	1.0009363	0.00058628427
2459476.498799409	1.0003415	0.0005860347
2459476.5001883637	0.9999207	0.0005859981
2459476.5015773186	1.0005548	0.0005861824
2459476.502966273	0.9999486	0.00058602897
2459476.504355228	0.9991138	0.0005857651
2459476.5057441825	1.0013102	0.00058648206
2459476.507133137	1.0002451	0.00058629335
2459476.508522092	1.0002975	0.00058614806
2459476.509911047	0.9996866	0.00058598636
2459476.5113000013	1.0005466	0.00058605213
2459476.512688956	1.0003314	0.00058609643
2459476.514077911	1.0005939	0.0005861203
2459476.515466865	1.000728	0.00058612943
2459476.51685582	1.0013156	0.00058627763
2459476.5182447745	1.0000352	0.0005862825
2459476.5196337295	0.99993974	0.0005861622
2459476.521022684	1.0005456	0.00058625476
2459476.522411639	0.9993238	0.00058588875
2459476.5238005933	0.9993664	0.00058580877
2459476.525189548	0.99947494	0.00058596826
2459476.5265785023	1.0009238	0.0005861532
2459476.527967457	1.0002621	0.00058634445
2459476.5293564117	1.0004053	0.00058607676
2459476.5307453666	0.99926054	0.0005858362
2459476.532134321	1.0016924	0.0005865769
2459476.533523276	1.0004569	0.0005861252
2459476.5349122304	1.001072	0.0005863145
2459476.5363011844	0.9999907	0.00058614585
2459476.5376901394	1.0004113	0.0005859517
2459476.539079094	1.0012406	0.00058637117
2459476.540468049	1.0008725	0.0005862743
2459476.5418570032	1.0001796	0.00058613985
2459476.5432459577	0.9998289	0.00058616145
2459476.5446349126	1.0012658	0.00058633694
2459476.5460238666	1.0006462	0.0005862979
2459476.547412821	1.0003511	0.00058621564
2459476.548801776	0.9997613	0.0005860178
2459476.5501907305	1.0002683	0.00058622647
2459476.551579685	1.0014006	0.000586372
2459476.5529686394	1.0003489	0.0005860184
2459476.5543575943	1.0006372	0.0005861846
2459476.5557465483	1.0006301	0.00058632053
2459476.557135503	1.0002803	0.00058610446
2459476.5585244573	1.0010206	0.00058626244
2459476.559913412	1.0001552	0.00058591913
2459476.5613023667	1.0012994	0.00058636063
2459476.562691321	1.000214	0.00058602187
2459476.5640802756	0.99908894	0.0005857354
2459476.5654692296	0.99968785	0.0005860808
2459476.5668581845	0.9988553	0.0005859537
2459476.568247139	0.9993418	0.0005858076
2459476.5696360935	1.0005134	0.00058597757
2459476.571025048	1.0005435	0.0005860949
2459476.5724140024	0.9995334	0.00058599387
2459476.573802957	1.0004884	0.00058612693
2459476.5751919113	1.0000542	0.0005861287
2459476.5765808653	1.000978	0.0005864019
2459476.57796982	1.0000638	0.00058609276
2459476.5793587742	0.9999466	0.0005858399
2459476.5807477287	1.0004393	0.0005863377
2459476.5821366836	0.999852	0.0005862982
2459476.583525638	0.9999363	0.0005861376
2459476.5849145926	1.0017357	0.0005868189
2459476.5863035466	0.99999344	0.0005860361
2459476.587692501	1.0000098	0.00058618496
2459476.5890814555	0.9989195	0.0005857819
2459476.5904704095	1.0006295	0.0005863919
2459476.591859364	1.000071	0.0005861089
2459476.5932483184	1.0003824	0.00058625574
2459476.594637273	1.0009099	0.00058668706
2459476.596026227	1.0000294	0.00058639963
2459476.5974151813	1.0005957	0.0005865071
2459476.598804136	0.9996737	0.0005860455
2459476.6001930903	0.9991509	0.00058600964
2459476.6015820447	1.0007385	0.0005863609
2459476.602970999	1.000402	0.00058637164
2459476.6043599537	0.9998921	0.0005860972
2459476.605748907	1.0006919	0.00058647885
2459476.6071378617	0.9998335	0.00058628153
2459476.608526816	1.0001985	0.00058639765
2459476.6099157706	0.9998285	0.0005862266
2459476.611304725	1.0005039	0.00058631354
2459476.612693679	1.0004195	0.00058623403
2459476.6140826335	1.0014987	0.0005865466
2459476.615471588	0.99982774	0.0005861135
2459476.616860542	1.0005474	0.0005864
2459476.618249496	1.000714	0.00058628904
2459476.6196384504	1.0003844	0.0005862882
2459476.621027405	1.0006243	0.0005863163
2459476.6224163594	0.999627	0.0005860689
2459476.6238053134	0.9998463	0.0005861649
2459476.625194268	1.0001009	0.00058632874
2459476.626583222	0.99994254	0.00058616116
2459476.627972176	1.0003198	0.00058624754
2459476.6293611303	1.00134	0.00058654626
2459476.6307500848	1.0003928	0.00058634183
2459476.6321390388	0.999263	0.0005860485
2459476.633527993	0.99944276	0.00058612507
2459476.634916947	0.99900895	0.0005858689
2459476.636305901	0.99936694	0.00058598554
2459476.6376948557	0.99984944	0.00058621855
2459476.6390838097	1.0000186	0.0005862155
2459476.640472764	0.99970645	0.00058620935
2459476.641861718	1.0007197	0.000586146
2459476.6432506726	1.0014936	0.0005865284
2459476.6446396266	0.99966455	0.00058592675
2459476.6460285806	0.99975234	0.00058584334
2459476.6474175346	1.0003048	0.0005864026
2459476.648806489	1.0009811	0.0005863356
2459476.650195443	1.0013998	0.00058638427
2459476.6515843975	1.0009092	0.0005864411
2459476.6529733515	1.0020956	0.0005865635
2459476.654362306	1.0010512	0.00058629044
2459476.65575126	1.001428	0.0005865659
2459476.6571402135	1.0004901	0.00058622664
2459476.658529168	1.0003375	0.00058631354
2459476.659918122	1.0001204	0.000586123
2459476.6613070765	0.99974257	0.00058606954
2459476.6626960305	1.0003285	0.0005860794
2459476.6640849845	1.0000315	0.0005859942
2459476.665473939	1.0003971	0.0005862654
2459476.6668628925	1.0009983	0.0005864849
2459476.6682518465	1.0005835	0.0005862987
2459476.669640801	0.9998614	0.0005861266
2459476.671029755	1.0006464	0.00058620964
2459476.672418709	0.9998876	0.00058608386
2459476.6738076634	1.0016204	0.00058657664
2459476.6751966174	1.0006855	0.00058631005
2459476.676585571	1.0010641	0.00058652944
2459476.6779745254	1.0006727	0.0005863502
2459476.6793634794	1.0001993	0.0005862254
2459476.6807524334	1.0021265	0.000586603
2459476.6821413874	1.0012511	0.0005865545
2459476.6835303414	1.0015932	0.0005864212
2459476.684919296	1.0011375	0.0005863534
2459476.6863082494	1.0011617	0.0005864062
2459476.6876972034	1.0008018	0.00058622967
2459476.6890861574	1.0002834	0.0005860949
2459476.6904751114	1.0008388	0.0005864597
2459476.6918640654	1.0011344	0.00058645365
2459476.69325302	1.0012916	0.0005866346
2459476.694641974	1.0019534	0.00058656884
2459476.696030928	1.0010222	0.00058627495
2459476.6974198814	1.0007852	0.00058629224
2459476.6988088354	1.0011326	0.00058638107
2459476.7001977894	1.0000817	0.0005860881
2459476.7015867434	1.0001093	0.0005860024
2459476.7029756973	1.0009414	0.0005862114
2459476.7043646513	1.0016605	0.0005864824
2459476.7057536053	1.0010097	0.0005861647
2459476.707142559	1.0009475	0.0005863371
2459476.708531513	1.0003821	0.0005861674
2459476.709920467	1.0002571	0.0005862163
2459476.711309421	1.0016266	0.00058650505
2459476.712698375	1.0017551	0.00058647717
2459476.714087329	1.0016218	0.0005865508
2459476.715476283	1.0005051	0.00058615353
2459476.7168652364	1.0027069	0.0005866149
2459476.7182541904	1.0009598	0.0005863047
2459476.7196431444	1.0020036	0.0005864706
2459476.7210320984	1.001797	0.0005865856
2459476.7224210524	1.0016042	0.0005863854
2459476.7238100064	1.0005	0.00058627845
2459476.7251989604	1.0018235	0.0005865895
2459476.7265879135	1.0007001	0.00058643013
2459476.7279768675	1.0010304	0.00058632385
2459476.7293658215	1.0022439	0.0005865982
2459476.7307547755	1.0011123	0.00058641064
2459476.7321437295	1.0018154	0.00058652624
2459476.7335326835	1.0018297	0.0005864988
2459476.734921637	1.0010056	0.0005862906
2459476.736310591	1.0015229	0.00058637635
2459476.7376995445	1.0010155	0.0005862518
2459476.7390884985	1.0014324	0.00058645225
2459476.7404774525	1.0020154	0.0005864972
2459476.741866406	1.0028324	0.00058670103
2459476.74325536	1.0006531	0.0005862697
2459476.744644314	1.0005435	0.0005861623
2459476.746033268	1.0013168	0.0005863582
2459476.747422221	1.0012339	0.0005863809
2459476.748811175	1.0009465	0.000586231
2459476.750200129	1.0010824	0.00058636715
2459476.7515890826	1.0000845	0.00058625126
2459476.7529780366	1.0006878	0.0005861177
2459476.7543669906	1.0006654	0.0005861887
2459476.755755944	1.0005715	0.000586313
2459476.7571448977	1.0014836	0.0005865468
2459476.7585338512	1.0003725	0.0005860577
2459476.7599228052	1.0005473	0.00058626843
2459476.7613117592	1.001895	0.0005864778
2459476.762700713	1.0012318	0.0005863649
2459476.764089667	1.0021987	0.00058659713
2459476.7654786203	1.0008101	0.0005862694
2459476.766867574	1.0002899	0.0005863286
2459476.7682565274	1.0010527	0.0005862952
2459476.7696454814	1.0008302	0.00058616966
2459476.7710344354	1.0003666	0.00058615586
2459476.772423389	1.0007464	0.0005860704
2459476.773812343	1.0007483	0.0005861858
2459476.7752012964	1.0009894	0.00058642594
2459476.77659025	0.9996426	0.000585951
2459476.7779792035	1.0016336	0.0005865717
2459476.779368157	0.9995487	0.00058585365
2459476.780757111	1.0013993	0.00058616593
2459476.7821460646	0.9998712	0.00058612943
2459476.7835350186	1.0009993	0.00058646995
2459476.784923972	1.0007528	0.0005863165
2459476.786312926	1.0012121	0.00058646913
2459476.787701879	1.0007452	0.00058608287
2459476.7890908327	1.0006704	0.00058629544
2459476.7904797867	1.0001172	0.0005860689
2459476.79186874	1.000123	0.00058608054
2459476.7932576938	1.000203	0.00058604934
2459476.7946466478	1.0003146	0.0005861918
2459476.7960356013	1.0003523	0.0005862476
2459476.7974245544	1.0014356	0.0005863627
2459476.7988135084	1.0006275	0.00058622146
2459476.800202462	1.0009099	0.0005861722
2459476.8015914154	1.0010971	0.00058633747
2459476.802980369	0.99972576	0.0005860394
2459476.804369323	1.0009645	0.0005864344
2459476.8057582765	1.000792	0.000586222
2459476.8071472296	1.0001649	0.00058588386
2459476.808536183	1.0007559	0.00058614434
2459476.809925137	1.000304	0.0005860338
2459476.8113140906	1.0005664	0.0005861466
2459476.812703044	0.99968183	0.0005860405
2459476.8140919977	0.9996365	0.00058590766
2459476.815480951	1.0007304	0.0005862676
2459476.816869905	1.0006151	0.000586315
2459476.8182588583	1.0007453	0.0005863438
2459476.819647812	1.0001503	0.00058602815
2459476.8210367654	1.0010012	0.00058641547
2459476.822425719	1.0005841	0.0005861165
2459476.8238146724	1.0008432	0.00058623735
2459476.825203626	1.000109	0.0005861381
2459476.8265925795	1.0014186	0.00058645016
2459476.8279815326	1.0005039	0.0005861464
2459476.829370486	1.0007303	0.00058614253
2459476.83075944	1.0002755	0.0005859483
2459476.8321483936	1.0001415	0.0005859588
2459476.833537347	0.99988115	0.0005859809
2459476.8349263007	1.0000368	0.00058597
2459476.836315254	0.9997452	0.0005859582
2459476.8377042073	1.0007985	0.00058635697
2459476.839093161	0.9998167	0.00058588677
2459476.8404821143	1.0011252	0.0005862245
2459476.841871068	1.0003198	0.00058615365
2459476.8432600214	0.9994527	0.00058588985
2459476.8446489745	1.0011823	0.0005864597
2459476.846037928	1.000979	0.00058633543
2459476.847426881	1.000914	0.00058613793
2459476.8488158346	1.0009766	0.0005862225
2459476.850204788	1.0006057	0.00058622035
2459476.8515937417	1.0015477	0.0005864699
2459476.852982695	0.99992746	0.00058607006
2459476.8543716487	0.9996044	0.0005860031
2459476.8557606023	1.0011382	0.0005862678
2459476.857149556	1.0006542	0.00058627914
2459476.8585385084	1.0004617	0.0005861449
2459476.859927462	1.0002048	0.0005861137
2459476.8613164155	1.0021548	0.0005864402
2459476.862705369	1.0002401	0.0005860881
2459476.8640943225	0.9996273	0.00058593176
2459476.8654832756	1.000636	0.0005861324
2459476.866872229	0.99991244	0.0005862657
2459476.868261182	1.0014261	0.0005862075
2459476.8696501357	1.0002054	0.00058618817
2459476.871039089	0.99983555	0.0005858911
2459476.8724280423	1.0005988	0.00058613514
2459476.873816996	1.0001822	0.0005861526
2459476.8752059494	0.999652	0.00058599823
2459476.8765949025	0.99938375	0.0005858778
2459476.8779838555	1.0002009	0.00058621156
2459476.879372809	1.0002671	0.0005863689
2459476.880761762	1.0008501	0.0005862127
2459476.8821507157	1.0003207	0.0005860895
2459476.883539669	1.0007224	0.0005863495
2459476.8849286223	0.9993728	0.00058602676
2459476.886317576	1.0001427	0.0005861868
2459476.887706529	1.0005728	0.00058625755
2459476.889095482	1.000729	0.00058634137
2459476.8904844355	1.000481	0.00058642006
2459476.8918733886	0.9989139	0.00058584753
2459476.893262342	1.0015669	0.0005863723
2459476.894651295	1.0000398	0.0005862188
2459476.8960402487	0.9998513	0.000586038
2459476.8974292018	1.0004342	0.0005861929
2459476.898818155	1.000052	0.0005862446
2459476.9002071084	0.9989618	0.0005857609
2459476.9015960614	1.0003148	0.0005859858
2459476.902985015	1.0009215	0.00058645377
2459476.904373968	0.9999542	0.0005861526
2459476.905762921	0.99982226	0.0005860001
2459476.9071518746	0.99995315	0.0005861036
2459476.908540827	1.0004292	0.0005860944
2459476.9099297808	0.9997724	0.0005860526
2459476.911318734	1.0006378	0.00058611867
2459476.9127076874	1.0004907	0.0005862048
2459476.9140966404	1.0003781	0.00058609707
2459476.915485594	1.0006351	0.0005862588
2459476.916874547	0.99942964	0.0005859585
2459476.9182634996	1.0001491	0.0005861742
2459476.919652453	0.99922466	0.00058594666
2459476.921041406	1.0002394	0.0005861343
2459476.9224303593	1.0004151	0.0005862979
2459476.923819313	0.9991207	0.000585932
2459476.925208266	0.9996011	0.0005861463
2459476.926597219	0.99913955	0.00058585434
2459476.9279861725	1.0003247	0.0005860656
2459476.929375125	1.0009186	0.00058639544
2459476.930764078	1.000126	0.0005862031
2459476.9321530317	0.99979645	0.0005861597
2459476.9335419848	1.0012147	0.0005864318
2459476.934930938	1.0002576	0.0005860916
2459476.936319891	1.000994	0.0005863243
2459476.937708844	0.99975115	0.0005860936
2459476.939097797	0.9994057	0.0005859854
2459476.94048675	0.99901307	0.0005859477
2459476.941875703	1.0010333	0.00058627385
2459476.9432646562	0.9996213	0.00058611145
2459476.9446536093	1.000279	0.00058631774
2459476.946042563	0.99961424	0.0005860544
2459476.947431516	0.999902	0.00058601174
2459476.9488204685	0.99885243	0.00058586715
2459476.9502094216	0.9994132	0.0005859043
2459476.9515983746	0.99946123	0.00058613066
2459476.9529873277	1.0003802	0.000586221
2459476.954376281	0.99885607	0.0005861017
2459476.9557652343	0.9990658	0.00058582186
2459476.9571541874	1.0006429	0.0005863062
2459476.95854314	1.0003422	0.00058621576
2459476.959932093	0.9989317	0.0005857406
2459476.961321046	1.0000131	0.0005862502
2459476.962709999	0.9995148	0.0005859374
2459476.9640989522	1.0000532	0.00058621034
2459476.9654879053	1.0000275	0.0005862993
2459476.9668768584	0.9994691	0.00058597483
2459476.9682658114	1.0007069	0.0005862731
2459476.969654764	1.0003632	0.00058610935
2459476.971043717	0.99913687	0.0005858709
2459476.97243267	0.99908376	0.0005859429
2459476.9738216233	1.0008968	0.00058622216
2459476.9752105763	0.9996438	0.0005861158
2459476.9765995294	1.001197	0.0005863331
2459476.9779884825	0.99994767	0.00058615423
2459476.979377435	1.0009152	0.0005864424
2459476.9807663877	0.99976665	0.0005861235
2459476.9821553407	1.0000063	0.0005861074
2459476.983544294	1.0003524	0.0005860548
2459476.984933247	0.9996303	0.0005861332
2459476.9863222	1.0002273	0.0005861313
2459476.987711153	1.0014002	0.0005863398
2459476.9891001056	1.0006231	0.0005864078
2459476.9904890587	1.0004894	0.0005861858
2459476.9918780113	1.0000523	0.000586118
2459476.9932669643	0.9988134	0.0005858193
2459476.9946559174	1.0007583	0.0005864029
2459476.9960448705	0.9996321	0.0005859325
2459476.9974338235	0.9998372	0.00058614905
2459476.9988227757	1.0006452	0.0005862428
2459477.0002117287	1.0000756	0.0005862105
2459477.001600682	0.9990856	0.0005859669
2459477.002989635	0.9999944	0.0005860645
2459477.0043785875	0.9996686	0.0005859362
2459477.0057675405	0.99919295	0.00058586954
2459477.0071564936	0.9999551	0.00058618304
2459477.008545446	1.0007893	0.0005862874
2459477.009934399	1.0007361	0.00058644195
2459477.011323352	0.99976534	0.0005860986
2459477.0127123045	0.99963963	0.00058597146
2459477.0141012575	1.0001522	0.00058602495
2459477.0154902106	0.9994005	0.0005859939
2459477.016879163	0.9998684	0.00058617146
2459477.0182681163	1.0011468	0.00058645336
2459477.019657069	0.9993428	0.0005857634
2459477.0210460215	1.0008272	0.0005862432
2459477.0224349746	0.99996203	0.0005859831
2459477.023823927	0.999731	0.00058602495
2459477.02521288	1.0011573	0.0005863338
2459477.0266018333	0.9995989	0.00058602175
2459477.027990786	1.000847	0.0005863361
2459477.0293797385	1.0002141	0.00058603013
2459477.030768691	1.0006665	0.000586318
2459477.032157644	0.9998411	0.0005860515
2459477.0335465968	0.9998813	0.00058613776
2459477.03493555	1.0007095	0.00058623886
2459477.0363245024	1.0005165	0.00058617786
2459477.0377134555	0.99939257	0.00058589096
2459477.0391024076	1.0002453	0.00058601436
2459477.0404913607	1.0004668	0.00058616145
2459477.0418803133	1.0000079	0.0005862593
2459477.043269266	0.99956656	0.0005859823
2459477.044658219	0.9999352	0.0005861147
2459477.0460471716	0.99995655	0.000586309
2459477.0474361246	1.0014923	0.00058641913
2459477.0488250772	0.9994784	0.0005860119
2459477.05021403	1.0003934	0.00058632396
2459477.0516029825	1.0010242	0.0005864637
2459477.052991935	0.999867	0.0005861631
2459477.054380888	1.0008495	0.0005862786
2459477.0557698407	0.9998248	0.0005861241
2459477.0571587933	1.0004839	0.00058622
2459477.0585477464	1.0007019	0.00058620365
2459477.0599366985	0.99994755	0.0005862009
2459477.061325651	1.0011299	0.0005863738
2459477.062714604	0.9999523	0.0005861108
2459477.064103557	1.0004697	0.0005863086
2459477.0654925094	1.0009649	0.0005863815
2459477.066881462	1.0002303	0.00058607076
2459477.068270415	1.0002756	0.0005862207
2459477.069659367	1.0001959	0.0005863707
2459477.07104832	0.99941814	0.0005860455
2459477.0724372724	1.0000703	0.0005862343
2459477.0738262255	0.99963385	0.0005861125
2459477.075215178	1.0007818	0.0005864324
2459477.0766041307	1.0002872	0.00058622914
2459477.0779930833	1.0007218	0.0005864406
2459477.0793820354	0.99948496	0.00058610336
2459477.080770988	1.0002044	0.00058622967
2459477.082159941	1.0000196	0.00058613194
2459477.0835488937	1.0003295	0.0005861299
2459477.0849378463	0.99949646	0.000586066
2459477.086326799	1.0008235	0.0005862905
2459477.0877157515	1.0000094	0.0005861194
2459477.089104704	1.0001974	0.000586153
2459477.090493656	1.0003761	0.0005863346
2459477.091882609	1.0016336	0.00058650563
2459477.0932715614	1.0013754	0.000586682
2459477.094660514	1.0010825	0.0005864269
2459477.096049467	1.0008754	0.0005863809
2459477.0974384197	1.0017037	0.000586466
2459477.0988273723	1.0005027	0.00058628805
2459477.1002163244	1.0001806	0.00058627396
2459477.101605277	0.9999905	0.00058621063
2459477.1029942296	1.0006952	0.0005863156
2459477.1043831822	1.0003216	0.000586213
2459477.105772135	1.0007108	0.0005863949
2459477.1071610874	0.999907	0.0005861833
2459477.1085500396	0.99959487	0.0005861724
2459477.1099389917	1.0011228	0.00058646104
2459477.1113279443	1.0008235	0.0005862773
2459477.112716897	1.0010468	0.00058660406
2459477.1141058495	1.0008599	0.0005864527
2459477.115494802	0.99974006	0.0005862809
2459477.1168837547	1.0003631	0.0005864071
2459477.1182727073	1.0003135	0.00058631203
2459477.1196616595	1.0008681	0.0005864787
2459477.121050612	0.9996183	0.0005862103
2459477.122439564	1.0010016	0.0005862308
2459477.123828517	0.999919	0.0005860122
2459477.1252174694	1.000645	0.0005866482
2459477.126606422	1.0001615	0.00058616017
2459477.1279953746	0.99892056	0.0005858617
2459477.129384327	0.9999572	0.0005862097
2459477.130773279	1.0007659	0.00058633764
2459477.1321622315	1.0004495	0.0005862959
2459477.133551184	0.9995921	0.0005860695
2459477.1349401367	0.9999826	0.00058632693
2459477.136329089	0.9995174	0.0005859374
2459477.1377180414	1.0002936	0.000586231
2459477.139106994	0.9998492	0.00058588525
2459477.140495946	0.9992227	0.0005859369
2459477.1418848983	1.0001596	0.0005861032
2459477.143273851	1.0005012	0.0005862517
2459477.1446628035	0.9989422	0.0005858965
2459477.1460517556	0.9997074	0.0005860804
2459477.1474407082	0.99893826	0.00058573385
2459477.148829661	1.0010961	0.0005863818
2459477.1502186125	1.0004308	0.0005863767
2459477.151607565	0.99953514	0.00058595755
2459477.1529965177	1.0005789	0.00058630767
2459477.15438547	1.0001194	0.00058614236
2459477.1557744225	1.0002205	0.0005861301
2459477.1571633746	1.0003407	0.0005862388
2459477.158552327	1.0002972	0.00058641273
2459477.1599412793	0.99965906	0.00058597827
2459477.1613302315	1.0013669	0.00058644963
2459477.162719184	1.0002857	0.00058635103
2459477.164108136	1.000747	0.0005862707
2459477.165497089	0.9997486	0.00058631704
2459477.166886041	1.0007712	0.00058626465
2459477.1682749935	0.9994485	0.00058601325
2459477.1696639457	1.0011686	0.00058638526
2459477.171052898	1.0001756	0.0005861665
2459477.17244185	0.99907905	0.00058596954
2459477.1738308026	1.0003036	0.0005861252
2459477.1752197547	1.0002456	0.0005862709
2459477.1766087073	1.0005732	0.0005863674
2459477.1779976594	1.0007507	0.00058634434
2459477.179386612	1.001398	0.000586492
2459477.1807755637	0.9994848	0.0005861087
2459477.1821645163	1.0004638	0.000586221
2459477.1835534684	1.0002191	0.00058615656
2459477.1849424206	0.9997732	0.0005860513
2459477.186331373	0.999604	0.000586122
2459477.1877203253	1.0005953	0.0005863458
2459477.1891092774	1.0010225	0.00058646733
2459477.1904982296	1.0005732	0.00058622635
2459477.1918871817	1.0004022	0.00058628625
2459477.193276134	0.99974895	0.0005859684
2459477.1946650865	0.9999604	0.00058624067
2459477.1960540386	1.0013865	0.00058649806
2459477.1974429907	0.99984956	0.0005861612
2459477.1988319433	1.0008423	0.0005863552
2459477.200220895	0.99977356	0.0005860855
2459477.201609847	0.9987351	0.00058589893
2459477.2029987997	0.9994317	0.0005860548
2459477.204387752	0.99953014	0.0005860742
2459477.205776704	1.002436	0.000586701
2459477.207165656	1.0005989	0.0005863813
2459477.2085546087	1.0007838	0.0005864423
2459477.209943561	1.0005752	0.0005863401
2459477.2113325126	1.0001094	0.00058621244
2459477.2127214647	1.0010983	0.0005863694
2459477.214110417	1.0010351	0.0005864896
2459477.215499369	1.0011959	0.00058641454
2459477.2168883216	1.000758	0.000586417
2459477.2182772737	1.001093	0.0005864615
2459477.219666226	1.0005491	0.000586389
2459477.2210551775	0.99909014	0.00058600004
2459477.2224441296	1.0006212	0.000586329
2459477.223833082	1.0010964	0.0005863335
2459477.225222034	1.0004879	0.0005864084
2459477.2266109865	1.0002587	0.000586177
2459477.2279999387	1.000386	0.0005860018
2459477.229388891	1.000429	0.00058620266
2459477.2307778425	1.0000528	0.0005862086
2459477.2321667946	1.0000978	0.0005862061
2459477.2335557467	1.0003712	0.0005861665
2459477.234944699	1.0004163	0.00058632594
2459477.236333651	1.000563	0.0005862227
2459477.237722603	1.0001496	0.00058623555
2459477.2391115553	1.0008519	0.0005862668
2459477.240500507	1.0005572	0.00058640365
2459477.241889459	1.0002769	0.0005863199
2459477.243278411	1.0005597	0.0005862892
2459477.2446673634	1.0000942	0.0005862029
2459477.2460563155	1.0004026	0.00058623846
2459477.2474452676	1.0006375	0.0005862077
2459477.2488342198	1.000656	0.0005862939
2459477.250223172	1.0018156	0.00058679836
2459477.2516121236	0.9991792	0.0005857274
2459477.2530010752	1.0007114	0.0005862428
2459477.2543900274	1.0015264	0.0005864699
2459477.2557789795	1.0005925	0.00058630056
2459477.2571679316	1.0003941	0.0005862948
2459477.258556884	1.0009836	0.0005862399
2459477.259945836	1.0007222	0.0005863955
2459477.2613347876	0.9995379	0.00058616675
2459477.2627237393	1.0002702	0.0005861853
2459477.2641126914	1.0001198	0.0005861276
2459477.2655016435	1.0009311	0.00058633933
2459477.2668905957	0.9999723	0.00058634207
2459477.268279548	0.9996792	0.00058611535
2459477.2696685	1.0004448	0.00058624544
2459477.271057451	0.9993322	0.00058602437
2459477.2724464033	1.0001931	0.00058619014
2459477.2738353554	0.99965286	0.0005860212
2459477.2752243076	1.000423	0.0005861995
2459477.276613259	1.0002464	0.0005862106
2459477.2780022114	1.0005343	0.0005863767
2459477.2793911635	0.99988985	0.00058610184
2459477.2807801147	0.99971235	0.0005860933
2459477.282169067	1.0004638	0.0005860187
2459477.283558019	1.0003756	0.0005860985
2459477.2849469706	1.0000968	0.0005862535
2459477.286335923	0.99981266	0.0005860555
2459477.287724875	1.0006975	0.00058640423
2459477.2891138266	1.0002021	0.00058630493
2459477.2905027787	0.9998816	0.0005861002
2459477.2918917304	0.99999404	0.0005861725
2459477.293280682	1.0004947	0.0005861973
2459477.294669634	0.99926597	0.0005859222
2459477.2960585863	1.0005699	0.000586382
2459477.297447538	0.9993878	0.00058597483
2459477.29883649	1.0006605	0.00058641843
2459477.300225442	1.0004221	0.0005864233
2459477.3016143935	1.0001944	0.00058625126
2459477.303003345	1.0004886	0.0005862975
2459477.3043922973	1.0001733	0.0005862632
2459477.305781249	1.000253	0.00058617786
2459477.307170201	1.0004005	0.0005863324
2459477.3085591528	1.0009335	0.0005862655
2459477.309948105	0.99951345	0.0005860577
2459477.311337056	1.0007781	0.0005863439
2459477.3127260082	0.9998793	0.000586335
2459477.31411496	1.0006415	0.00058632117
2459477.315503912	1.0007243	0.00058645505
2459477.3168928637	1.0004851	0.0005864529
2459477.318281816	1.0000336	0.00058635324
2459477.3196707675	1.0007588	0.0005864706
2459477.321059719	1.0002083	0.000586121
2459477.322448671	1.000344	0.0005864078
2459477.3238376225	1.00058	0.0005863145
2459477.3252265747	0.99965876	0.00058606145
2459477.3266155263	1.001958	0.0005868346
2459477.3280044785	1.0003424	0.0005862881
2459477.32939343	1.0005835	0.000586367
2459477.330782382	1.0008576	0.0005865513
2459477.3321713335	1.0001607	0.0005861843
2459477.333560285	1.0009252	0.0005864128
2459477.334949237	1.0006613	0.0005862168
2459477.336338189	1.0000666	0.00058614707
2459477.3377271406	1.0001532	0.0005862905
2459477.3391160923	1.000291	0.00058617484
2459477.340505044	1.0014505	0.0005864983
2459477.3418939956	1.0008423	0.00058650394
2459477.3432829473	1.0000391	0.0005860824
2459477.344671899	1.0013905	0.00058661256
2459477.3460608507	1.0006015	0.000586419
2459477.347449803	1.0006611	0.00058615784
2459477.3488387545	1.0007148	0.0005863438
2459477.350227706	1.0004889	0.00058638974
2459477.3516166573	1.0004963	0.000586288
2459477.353005609	0.99965596	0.0005860658
2459477.354394561	0.999637	0.00058632134
2459477.355783513	0.9997363	0.0005862163
2459477.3571724645	1.0002173	0.00058617274
2459477.358561416	1.0006502	0.0005863789
2459477.359950368	0.9996631	0.0005861592
2459477.3613393195	1.0001324	0.0005863051
2459477.362728271	1.000337	0.00058649125
2459477.364117223	0.9999858	0.0005862306
2459477.3655061745	0.9992973	0.0005859693
2459477.366895126	1.0005119	0.000586297
2459477.368284078	1.0009652	0.0005861775
2459477.3696730295	1.0000892	0.00058629265
2459477.371061981	0.9999382	0.0005862633
2459477.3724509324	1.0008332	0.0005864007
2459477.373839884	1.0002846	0.0005862231
2459477.3752288357	1.0002322	0.0005863362
2459477.3766177874	1.0002537	0.000586465
2459477.378006739	1.000293	0.00058641087
2459477.3793956907	1.0012809	0.000586427
2459477.3807846424	0.9991838	0.0005860469
2459477.3821735936	1.0005778	0.0005863121
2459477.3835625453	0.9987663	0.0005858981
2459477.384951497	1.0008786	0.0005866107
2459477.3863404486	0.9999285	0.00058628904
2459477.3877294003	0.99994034	0.00058629585
2459477.389118352	1.0005316	0.00058625825
2459477.3905073036	1.000572	0.0005862707
2459477.391896255	1.0002478	0.0005860636
2459477.3932852065	0.99983114	0.0005861833
2459477.394674158	1.0008873	0.00058634905
2459477.39606311	0.9999992	0.0005861297
2459477.397452061	1.0004289	0.000586448
2459477.3988410127	1.0002779	0.0005862145
2459477.4002299644	1.0008304	0.00058635516
2459477.401618916	1.0004404	0.0005863089
2459477.4030078673	1.0000658	0.0005862422
2459477.404396819	0.99924016	0.00058593735
2459477.40578577	1.00011	0.00058627385
2459477.407174722	1.0002956	0.000586123
2459477.4085636735	0.9987103	0.00058583246
2459477.409952625	1.0005115	0.0005863167
2459477.411341577	1.000682	0.0005863145
2459477.4127305276	1.0011972	0.00058653584
2459477.4141194792	1.0003992	0.00058645423
2459477.415508431	1.0002004	0.0005863028
2459477.4168973826	1.0001739	0.0005863372
2459477.418286334	1.0004177	0.00058633566
2459477.4196752855	0.9995789	0.0005861773
2459477.421064237	1.0009881	0.0005863644
2459477.4224531883	0.99992496	0.00058628846
2459477.4238421395	1.0004947	0.0005864843
2459477.425231091	0.9999094	0.0005862317
2459477.426620043	1.0006263	0.0005863327
2459477.428008994	1.0003027	0.0005861466
2459477.4293979458	1.0000124	0.0005861191
2459477.4307868974	0.99965936	0.00058609893
2459477.432175848	1.0001823	0.0005863725
2459477.4335648	0.99987274	0.0005861376
2459477.434953751	0.99982995	0.0005861801
2459477.4363427027	1.0001211	0.0005860715
2459477.4377316544	0.9997501	0.000586179
2459477.4391206056	1.0007257	0.0005864029
2459477.4405095573	0.9998802	0.0005862289
2459477.4418985085	0.9997869	0.0005861648
2459477.4432874597	1.0001372	0.0005863117
2459477.444676411	0.99942434	0.00058636465
2459477.4460653625	1.0000015	0.0005862322
2459477.447454314	1.0014367	0.0005865869
2459477.4488432654	0.9995096	0.0005860208
2459477.450232217	1.0004376	0.00058630126
2459477.4516211683	1.0004916	0.0005863648
2459477.4530101195	1.0003166	0.0005863691
2459477.4543990707	1.0001501	0.0005862458
2459477.455788022	0.99944645	0.0005860748
2459477.4571769736	1.000681	0.0005862608
2459477.458565925	0.99968666	0.00058620644
2459477.4599548765	1.0006851	0.0005863672
2459477.4613438277	0.99906754	0.0005860361
2459477.462732779	1.0000159	0.00058617216
2459477.46412173	0.99984944	0.00058620767
2459477.4655106817	1.0007963	0.0005863692
2459477.466899633	0.99933624	0.00058601605
2459477.468288584	0.99992085	0.00058621867
2459477.469677536	1.0002284	0.00058625545
2459477.471066487	1.0003427	0.00058634265
2459477.4724554378	0.9993462	0.00058619434
2459477.4738443894	1.0000829	0.00058630353
2459477.4752333406	0.99980396	0.00058609457
2459477.476622292	1.0006133	0.000586376
2459477.4780112435	1.0005214	0.00058622716
2459477.4794001947	0.99908745	0.0005859622
2459477.480789146	1.0003343	0.00058616215
2459477.4821780976	1.0001798	0.00058643986
2459477.4835670483	0.9999126	0.0005861881
2459477.4849559995	0.99989563	0.00058620586
2459477.4863449507	0.9999526	0.00058642833
2459477.4877339024	0.9996465	0.0005862359
2459477.4891228536	0.9999165	0.0005863231
2459477.490511805	0.9990858	0.0005860098
2459477.491900756	0.99910927	0.00058614404
2459477.493289707	1.0010291	0.00058636814
2459477.4946786584	0.9998025	0.00058605114
2459477.4960676096	1.0005813	0.000586322
2459477.497456561	0.9999747	0.00058633485
2459477.498845512	1.0002806	0.00058619824
2459477.5002344633	1.0004997	0.0005862159
2459477.501623415	1.0000579	0.000586324
2459477.5030123657	0.9998162	0.00058644556
2459477.504401317	1.0006486	0.0005864912
2459477.505790268	0.9995924	0.000586219
2459477.5071792193	1.0001904	0.00058623
2459477.5085681705	1.0018537	0.00058658555
2459477.5099571217	0.9998857	0.00058613543
2459477.511346073	0.9987202	0.0005858105
2459477.5127350236	0.9999005	0.0005861168
2459477.514123975	1.0010482	0.0005865312
2459477.5155129265	1.0012416	0.00058659195
2459477.5169018777	1.0000677	0.000586177
2459477.518290829	1.0006107	0.0005863278
2459477.51967978	1.0003824	0.00058640586
2459477.5210687313	0.9997676	0.00058615353
2459477.5224576825	0.9988782	0.00058586296
2459477.5238466333	1.0002081	0.0005864908
2459477.5252355845	0.9998676	0.0005862233
2459477.5266245357	0.99939495	0.00058607786
2459477.528013487	1.0006154	0.0005864459
2459477.529402438	1.0007173	0.0005862364
2459477.5307913893	0.99994546	0.00058621535
2459477.53218034	0.99999964	0.0005861615
2459477.533569291	0.99995565	0.00058635074
2459477.534958242	1.0006949	0.0005862256
2459477.536347193	1.0001583	0.00058648863
2459477.5377361444	1.0003453	0.00058650837
2459477.5391250956	0.9994695	0.00058600755
2459477.540514047	0.9989422	0.00058600394
2459477.541902998	0.99952793	0.0005862361
2459477.5432919487	1.0001647	0.00058643986
2459477.5446808995	0.9999277	0.0005862145
2459477.5460698507	1.0005664	0.0005864798
2459477.547458802	1.0012798	0.0005864586
2459477.548847753	0.99905777	0.00058617006
2459477.5502367043	1.0007248	0.0005864718
2459477.5516256555	0.99951965	0.00058622943
2459477.553014606	1.0010661	0.0005862942
2459477.554403557	0.9996726	0.00058615423
2459477.555792508	1.0004876	0.0005863825
2459477.5571814594	1.0000261	0.0005862232
2459477.55857041	0.99904794	0.00058603636
2459477.5599593613	1.0000002	0.0005861939
2459477.5613483125	1.0001547	0.00058610766
2459477.5627372637	1.0006187	0.0005863222
2459477.564126214	0.999479	0.00058621983
2459477.565515165	0.99993336	0.00058635144
2459477.5669041164	1.0005203	0.0005862329
2459477.5682930676	1.0003362	0.00058637897
2459477.5696820184	1.0006008	0.0005863882
2459477.5710709696	1.0005288	0.0005863412
2459477.572459921	1.0007555	0.00058628374
2459477.573848871	0.9997981	0.0005862314
2459477.5752378223	1.0000058	0.00058614434
2459477.576626773	1.0003048	0.00058625673
2459477.578015724	1.0004926	0.00058619806
2459477.5794046754	0.999817	0.0005860949
2459477.580793626	0.99976355	0.0005862288
2459477.5821825773	0.999905	0.0005863122
2459477.583571528	1.000273	0.0005862293
2459477.584960479	0.99996555	0.00058631616
2459477.58634943	1.0002464	0.0005862299
2459477.587738381	1.0004346	0.00058631424
2459477.589127332	1.0007408	0.00058636797
2459477.5905162827	1.0000943	0.00058635493
2459477.591905234	1.0005804	0.0005861631
2459477.593294184	0.9998824	0.0005863165
2459477.5946831354	1.0003682	0.00058630476
2459477.596072086	1.0004756	0.00058627065
2459477.5974610373	0.9998586	0.0005860106
2459477.598849988	1.0002558	0.00058636814
2459477.6002389393	0.9990585	0.0005859657
2459477.60162789	1.0009934	0.0005863972
2459477.603016841	1.0011543	0.00058659096
2459477.6044057915	0.9998329	0.000586263
2459477.6057947427	1.0009562	0.00058632944
2459477.6071836934	1.0001354	0.0005861619
2459477.608572644	0.9994589	0.0005861693
2459477.6099615954	0.9988104	0.0005859525
2459477.611350546	1.0009497	0.00058641244
2459477.6127394973	0.99877596	0.00058597355
2459477.6141284476	0.99998105	0.00058633444
2459477.6155173983	1.0009012	0.00058656733
2459477.6169063495	1.0007522	0.00058647845
2459477.6182953003	0.9997458	0.0005862213
2459477.619684251	1.0001204	0.0005863593
2459477.621073202	1.0001885	0.00058635033
2459477.622462153	0.99961925	0.00058616174
2459477.6238511032	1.0001705	0.000586385
2459477.6252400544	1.0003284	0.0005864368
2459477.626629005	0.99986124	0.00058622746
2459477.628017956	0.9999304	0.00058621814
2459477.629406907	1.0002446	0.00058623165
2459477.630795858	1.0010605	0.00058644864
2459477.6321848086	1.0001622	0.00058636366
2459477.633573759	0.9998088	0.0005860392
2459477.63496271	0.9994306	0.0005862585
2459477.636351661	0.9997418	0.0005863325
2459477.6377406116	0.99898297	0.0005859292
2459477.6391295623	1.0007963	0.0005862842
2459477.640518513	0.9999126	0.00058615993
2459477.6419074642	1.000965	0.00058643514
2459477.643296415	0.9989878	0.00058612914
2459477.6446853653	1.0007545	0.0005863624
2459477.646074316	1.0002755	0.0005862876
2459477.6474632667	1.0000948	0.0005862808
2459477.6488522175	0.99912584	0.0005860999
2459477.6502411687	0.9998807	0.00058625784
2459477.6516301194	1.0007708	0.0005864354
2459477.65301907	0.9994332	0.000586198
2459477.6544080204	0.9991611	0.00058620353
2459477.655796971	1.0003296	0.00058616436
2459477.657185922	1.0007789	0.00058658986
2459477.6585748727	1.0007555	0.0005863706
2459477.6599638234	1.0006799	0.0005863888
2459477.661352774	1.0004227	0.00058638176
2459477.662741725	1.0004704	0.0005863719
2459477.664130675	0.9999586	0.00058628374
2459477.665519626	0.9999986	0.00058619544
2459477.6669085766	0.99935114	0.0005861573
2459477.6682975274	0.99997014	0.00058617536
2459477.669686478	1.0000185	0.0005862142
2459477.671075429	1.0004673	0.0005865535
2459477.6724643796	1.0002494	0.0005863726
2459477.67385333	1.0006515	0.00058633904
2459477.6752422806	1.000304	0.00058620644
2459477.6766312313	0.99977154	0.0005862784
2459477.678020182	0.99959475	0.0005862742
2459477.679409133	1.0005579	0.0005864677
2459477.6807980835	1.0003908	0.00058651227
2459477.6821870343	1.0009328	0.0005863873
2459477.683575985	0.99985003	0.0005860405
2459477.6849649353	0.99966705	0.0005860086
2459477.686353886	1.0003967	0.0005862335
2459477.687742837	1.0001762	0.0005863614
2459477.689131787	0.99950725	0.0005861386
2459477.690520738	1.0002636	0.00058636116
2459477.6919096885	0.9996002	0.0005862806
2459477.6932986393	1.0005225	0.00058633933
2459477.6946875895	1.0003122	0.0005863126
2459477.6960765403	1.0002381	0.0005862212
2459477.6974654905	0.9994873	0.00058626046
2459477.6988544413	1.000044	0.0005861922
2459477.700243392	0.99961066	0.0005860704
2459477.7016323428	0.9995882	0.0005861061
2459477.7030212935	0.9993688	0.0005861533
2459477.7044102433	1.0000315	0.00058632396
2459477.705799194	1.0001904	0.0005863793
2459477.707188145	0.9999458	0.0005863291
2459477.7085770955	1.0007715	0.00058654277
2459477.709966046	1.0000038	0.0005863537
2459477.7113549965	1.000287	0.0005862813
2459477.7127439473	1.0004246	0.0005861666
2459477.714132897	1.0005846	0.0005864167
2459477.715521848	1.0014544	0.0005866198
2459477.7169107986	0.99961096	0.0005861277
2459477.718299749	1.0003307	0.00058640214
2459477.7196886996	0.999587	0.00058634375
2459477.7210776503	0.9996622	0.0005862039
2459477.7224666006	1.000711	0.0005865257
2459477.7238555513	1.0001352	0.0005861582
2459477.7252445016	0.99956995	0.0005862286
2459477.726633452	1.0004127	0.0005863446
2459477.7280224026	1.0001527	0.0005864071
2459477.729411353	0.9999215	0.00058622967
2459477.7308003036	0.9997285	0.0005863338
2459477.7321892544	1.0001564	0.00058634975
2459477.7335782046	1.0004278	0.0005864455
2459477.734967155	1.0011199	0.0005863838
2459477.736356105	0.9996851	0.0005862687
2459477.737745056	0.9999762	0.00058629294
2459477.739134006	1.0000231	0.00058632245
2459477.740522957	1.0002247	0.0005864052
2459477.741911907	0.99908894	0.0005859175
2459477.743300858	0.99987155	0.0005860515
2459477.7446898078	0.999589	0.0005860675
2459477.7460787585	1.0002148	0.00058628945
2459477.747467709	0.9996371	0.0005862508
2459477.7488566595	0.99928206	0.0005861663
2459477.75024561	1.0002929	0.0005863137
2459477.7516345605	0.99947697	0.0005860125
2459477.753023511	1.0000429	0.00058636046
2459477.7544124615	1.0006533	0.0005864244
2459477.7558014113	0.999774	0.00058624253
2459477.7571903616	0.99909174	0.0005861473
2459477.7585793124	0.9991478	0.00058618933
2459477.7599682626	1.000887	0.00058653264
2459477.7613572134	1.0004531	0.00058633875
2459477.7627461636	1.0009941	0.00058657903
2459477.764135114	0.9995874	0.00058621506
2459477.765524064	1.0000223	0.0005861678
2459477.7669130145	0.999989	0.0005862125
2459477.7683019647	0.99994904	0.0005862969
2459477.7696909155	0.99931437	0.0005863124
2459477.7710798657	0.9995317	0.00058612844
2459477.772468816	0.9988995	0.0005859115
2459477.7738577668	0.99918264	0.0005862766
2459477.7752467166	0.9998312	0.00058631995
2459477.776635667	1.0001885	0.00058622233
2459477.7780246176	0.9988353	0.00058596785
2459477.779413568	0.9978936	0.00058585795
2459477.780802518	0.9963143	0.00058548193
2459477.7821914684	0.99684006	0.0005854894
2459477.783580419	0.99485254	0.0005850579
2459477.784969369	0.99442434	0.00058489724
2459477.786358319	0.99351406	0.0005846723
2459477.7877472695	0.99128485	0.0005841885
2459477.78913622	0.9899456	0.00058397366
2459477.7905251705	0.9905643	0.0005840057
2459477.791914121	0.9903384	0.0005837935
2459477.793303071	0.98927045	0.0005836079
2459477.7946920213	0.98793155	0.00058322016
2459477.796080971	0.98893404	0.00058360415
2459477.7974699214	0.9880206	0.000583208
2459477.7988588717	0.9882304	0.0005835196
2459477.8002478224	0.9893152	0.00058356917
2459477.8016367727	0.98783743	0.00058303814
2459477.803025723	0.987502	0.0005829969
2459477.8044146732	0.987961	0.00058338913
2459477.805803623	0.9872421	0.000583002
2459477.8071925733	0.9874114	0.0005832164
2459477.8085815236	0.9871692	0.00058302033
2459477.809970474	0.9868002	0.0005828462
2459477.811359424	0.9869382	0.00058291695
2459477.8127483744	0.98703605	0.0005830118
2459477.8141373247	0.9873201	0.0005831551
2459477.8155262745	0.98865324	0.00058346963
2459477.816915225	0.98611826	0.0005827667
2459477.818304175	0.9874936	0.0005831469
2459477.8196931253	0.9863308	0.0005827702
2459477.8210820756	0.9867046	0.00058285537
2459477.822471026	0.98757756	0.0005829845
2459477.823859976	0.9874191	0.0005831051
2459477.825248926	0.9873707	0.00058304763
2459477.826637876	0.9869603	0.0005831264
2459477.8280268265	0.9869536	0.0005829321
2459477.8294157768	0.9884724	0.00058316666
2459477.830804727	0.98699206	0.0005830704
2459477.8321936773	0.9860002	0.00058274885
2459477.8335826276	0.9862283	0.00058278436
2459477.834971578	0.9879667	0.0005832739
2459477.8363605277	0.9873503	0.0005830549
2459477.8377494775	0.98675877	0.0005828983
2459477.8391384277	0.987973	0.00058325107
2459477.840527378	0.98754966	0.00058327295
2459477.8419163283	0.98699725	0.00058297126
2459477.8433052786	0.98727775	0.000582967
2459477.844694229	0.9863987	0.0005829412
2459477.846083178	0.98659074	0.00058282824
2459477.8474721285	0.9876272	0.0005831139
2459477.8488610787	0.98718023	0.00058299984
2459477.850250029	0.98678994	0.00058306387
2459477.8516389793	0.98649436	0.0005827785
2459477.853027929	0.9867677	0.0005829201
2459477.8544168794	0.9871776	0.0005831762
2459477.855805829	0.9869602	0.00058308546
2459477.8571947794	0.98740673	0.0005830985
2459477.8585837292	0.9870356	0.00058290723
2459477.8599726795	0.9880033	0.0005832108
2459477.86136163	0.9874908	0.0005830987
2459477.86275058	0.98692155	0.00058281695
2459477.86413953	0.98633146	0.0005828307
2459477.8655284797	0.9880373	0.00058329775
2459477.86691743	0.9869118	0.0005829625
2459477.8683063798	0.9864534	0.0005828933
2459477.86969533	0.9874868	0.00058326626
2459477.8710842803	0.9868671	0.00058288133
2459477.87247323	0.98671126	0.0005827741
2459477.8738621804	0.98691255	0.00058292155
2459477.8752511307	0.98824036	0.0005830528
2459477.87664008	0.98735315	0.00058302877
2459477.8780290303	0.9879513	0.0005832993
2459477.87941798	0.98726743	0.0005832136
2459477.8808069304	0.9865152	0.0005827833
2459477.8821958806	0.987495	0.00058315526
2459477.8835848304	0.98775864	0.0005832296
2459477.8849737807	0.98780864	0.0005831762
2459477.88636273	0.9876441	0.00058308605
2459477.8877516803	0.98647285	0.0005828948
2459477.88914063	0.9874757	0.00058314495
2459477.8905295804	0.98724985	0.0005830268
2459477.89191853	0.98711836	0.0005831135
2459477.8933074805	0.9877255	0.00058298634
2459477.8946964303	0.98677075	0.0005827814
2459477.89608538	0.98794824	0.0005832469
2459477.89747433	0.98745906	0.0005830386
2459477.89886328	0.98678935	0.0005830563
2459477.90025223	0.987896	0.00058339786
2459477.9016411803	0.9876045	0.00058310665
2459477.90303013	0.9879049	0.00058319763
2459477.9044190804	0.9895846	0.0005835705
2459477.9058080297	0.98850316	0.00058332883
2459477.9071969795	0.98911583	0.00058355095
2459477.90858593	0.98875856	0.00058332935
2459477.9099748796	0.9884572	0.00058352714
2459477.91136383	0.98854095	0.0005836006
2459477.9127527797	0.9887127	0.0005837457
2459477.9141417295	0.9894468	0.000583514
2459477.9155306797	0.9899079	0.00058381504
2459477.916919629	0.98969847	0.00058366783
2459477.918308579	0.99093384	0.00058405526
2459477.919697529	0.9921717	0.0005844982
2459477.921086479	0.9937366	0.0005846873
2459477.922475429	0.99459803	0.0005847651
2459477.923864379	0.9961984	0.00058507564
2459477.925253329	0.9961682	0.0005853667
2459477.926642278	0.9974925	0.00058555696
2459477.9280312285	0.9986969	0.00058609
2459477.9294201783	1.0004193	0.00058623165
2459477.930809128	1.0002172	0.00058637466
2459477.932198078	0.9994385	0.0005862905
2459477.933587028	0.99925894	0.0005861967
2459477.934975978	0.99920136	0.0005860477
2459477.9363649273	0.9996156	0.0005862529
2459477.937753877	0.999287	0.0005861669
2459477.939142827	0.99934775	0.00058626954
2459477.940531777	1.0001925	0.0005864137
2459477.941920727	0.9994851	0.0005862258
2459477.943309677	1.0010954	0.0005866654
2459477.9446986266	0.9988986	0.0005861661
2459477.946087576	0.9994922	0.0005860962
2459477.947476526	0.9996747	0.0005862085
2459477.948865476	1.000111	0.0005863307
2459477.950254426	1.0000862	0.0005864959
2459477.9516433757	0.9998139	0.0005864836
2459477.9530323255	0.9996225	0.00058636925
2459477.9544212753	0.9991273	0.0005860918
2459477.955810225	0.9996434	0.0005862467
2459477.9571991744	0.99987274	0.00058643165
2459477.9585881243	1.000154	0.0005862676
2459477.959977074	0.9990376	0.0005860403
2459477.961366024	0.9990112	0.0005860865
2459477.962754974	1.0004026	0.0005862915
2459477.964143924	0.9989649	0.0005861538
2459477.9655328738	1.0001742	0.00058627164
2459477.966921823	1.0004522	0.00058642885
2459477.968310773	0.9996602	0.000586098
2459477.9696997227	0.99981487	0.0005863262
2459477.9710886725	1.000189	0.0005863364
2459477.9724776223	0.9995558	0.0005862871
2459477.973866572	1.000668	0.0005864279
2459477.975255522	0.999262	0.0005861815
2459477.9766444713	0.999964	0.00058633566
2459477.9780334206	0.99990356	0.0005863553
2459477.9794223704	1.000704	0.00058655697
2459477.9808113202	0.99998504	0.0005864115
2459477.98220027	1.0005165	0.0005864166
2459477.98358922	0.9995021	0.0005861453
2459477.9849781697	0.9994404	0.0005861003
2459477.986367119	1.0002767	0.00058638805
2459477.987756069	0.9997008	0.00058627455
2459477.9891450186	0.9997696	0.00058614835
2459477.9905339684	0.99958324	0.00058642984
2459477.991922918	0.9994441	0.0005861943
2459477.9933118676	0.9997119	0.00058611634
2459477.9947008174	0.9991548	0.0005860501
2459477.996089767	1.0003188	0.0005862542
2459477.9974787165	0.99936515	0.0005861083
2459477.9988676663	0.9997193	0.000586295
2459478.0002566157	1.0002421	0.000586352
2459478.0016455655	0.9987969	0.0005859734
2459478.0030345153	1.0000987	0.00058650016
2459478.004423465	1.0009614	0.0005865441
2459478.005812415	1.0005474	0.0005865249
2459478.007201364	1.0003476	0.00058645906
2459478.0085903136	1.0005077	0.0005865665
2459478.0099792634	1.0005745	0.0005865431
2459478.011368213	0.9995116	0.0005860547
2459478.0127571626	0.9987294	0.00058620767
2459478.0141461124	0.9997105	0.00058627804
2459478.015535062	0.99877495	0.0005860289
2459478.016924011	0.99971706	0.000586313
2459478.018312961	1.0001357	0.00058638316
2459478.0197019107	1.0021878	0.0005871211
2459478.02109086	1.0001127	0.00058623485
2459478.02247981	1.0000811	0.00058613427
2459478.0238687596	1.0000557	0.0005862104
2459478.025257709	0.99943805	0.00058628985
2459478.0266466583	1.0007875	0.0005865477
2459478.028035608	1.0005399	0.0005865276
2459478.0294245575	0.9989914	0.00058611
2459478.0308135073	1.0004963	0.000586531
2459478.0322024566	0.99937326	0.0005863483
2459478.0335914064	1.0004444	0.00058638945
2459478.034980356	1.0002916	0.0005865628
2459478.0363693056	0.9995468	0.000586231
2459478.037758255	0.9994814	0.00058613095
2459478.0391472043	0.9990694	0.0005860929
2459478.040536154	0.9995821	0.0005862612
2459478.0419251034	1.0008247	0.0005865503
2459478.043314053	0.99998784	0.0005862062
2459478.0447030026	0.9990767	0.0005860268
2459478.0460919524	0.9993799	0.000586006
2459478.0474809012	0.99936146	0.00058623386
2459478.048869851	1.0001132	0.00058632216
2459478.0502588004	0.99950445	0.0005864197
2459478.05164775	1.0009494	0.00058662356
2459478.0530366995	0.99884874	0.0005860391
2459478.0544256493	0.9997239	0.0005862128
2459478.0558145987	0.9994675	0.0005862459
2459478.057203548	1.0002567	0.000586347
2459478.0585924974	1.000153	0.00058634003
2459478.059981447	0.99944466	0.00058630033
2459478.0613703965	1.0000286	0.00058643677
2459478.062759346	1.0003796	0.0005865537
2459478.0641482957	0.99956656	0.00058627856
2459478.065537245	0.9992566	0.000586081
2459478.0669261944	1.0002944	0.00058642746
2459478.0683151437	1.0002971	0.00058627507
2459478.069704093	0.9998614	0.0005862851
2459478.071093043	1.0009632	0.0005865742
2459478.072481992	0.9993677	0.00058627804
2459478.0738709415	1.0008453	0.00058645173
2459478.0752598913	1.0001161	0.00058622257
2459478.0766488407	0.999694	0.0005864637
2459478.0780377896	1.000961	0.0005865603
2459478.079426739	0.99955624	0.0005863816
2459478.0808156887	1.0002635	0.00058650837
2459478.082204638	1.0005872	0.0005864772
2459478.0835935874	1.0003392	0.0005863652
2459478.084982537	0.9994371	0.0005862235
2459478.0863714865	0.9998136	0.0005861806
2459478.0877604354	0.99947953	0.00058613427
2459478.0891493848	0.9997773	0.00058633514
2459478.090538334	0.99953276	0.0005863855
2459478.091927284	1.0005136	0.0005866222
2459478.0933162333	0.99950945	0.00058623403
2459478.0947051826	1.0003278	0.00058644195
2459478.096094132	0.9996938	0.0005862696
2459478.097483081	0.9998063	0.0005862086
2459478.0988720306	0.99901754	0.0005861123
2459478.10026098	1.0005078	0.0005867125
2459478.1016499293	1.0004814	0.0005863868
2459478.1030388786	1.0002209	0.0005863672
2459478.104427828	0.9996265	0.00058622315
2459478.1058167773	0.9996301	0.0005861182
2459478.1072057267	0.9997732	0.00058639963
2459478.108594676	1.0005577	0.0005865166
2459478.1099836254	1.0005344	0.000586339
2459478.1113725747	0.9997163	0.0005861268
2459478.112761524	1.000266	0.0005862494
2459478.1141504734	0.99946654	0.00058616773
2459478.1155394227	1.0001522	0.0005862689
2459478.116928372	0.9992448	0.0005860722
2459478.118317321	1.0004748	0.00058656465
2459478.1197062703	0.9999907	0.00058605935
2459478.1210952196	0.9987825	0.00058609736
2459478.122484169	0.9986053	0.00058615574
2459478.1238731183	0.99904966	0.00058616395
2459478.1252620677	1.0002761	0.0005860962
2459478.126651017	1.0007768	0.00058632944
2459478.128039966	1.0004245	0.0005862592
2459478.129428915	1.0003481	0.00058655074
2459478.1308178646	1.000563	0.0005866044
2459478.132206814	0.9993206	0.0005860982
2459478.1335957632	1.0001084	0.0005866096
2459478.1349847126	0.99982476	0.0005863924
2459478.136373662	0.9996323	0.0005863099
2459478.137762611	1.000389	0.0005864613
2459478.13915156	1.0006223	0.00058663834
2459478.140540509	1.0000639	0.00058628316
2459478.1419294584	1.0001276	0.0005862088
2459478.1433184077	1.0002788	0.0005863765
2459478.144707357	1.000185	0.00058636226
2459478.1460963064	1.000522	0.00058640214
2459478.1474852557	0.999819	0.0005862128
2459478.1488742046	1.0014644	0.0005868222
2459478.1502631535	1.0010914	0.0005865279
2459478.151652103	1.0001476	0.0005865069
2459478.153041052	1.0006579	0.0005862842
2459478.1544300015	1.0000318	0.0005864646
2459478.155818951	1.0005515	0.00058639207
2459478.1572079	1.0004267	0.0005863808
2459478.1585968486	0.99990296	0.0005862146
2459478.159985798	1.0007766	0.0005865128
2459478.1613747473	0.99969274	0.00058611156
2459478.1627636966	0.9997113	0.0005863899
2459478.1641526455	1.0004872	0.00058629713
2459478.165541595	1.000074	0.000586487
2459478.166930544	1.0005283	0.000586633
2459478.168319493	1.0006449	0.00058650016
2459478.169708442	0.999946	0.00058642693
2459478.1710973913	1.0001707	0.0005865177
2459478.1724863406	0.9992338	0.0005862224
2459478.1738752895	1.0003839	0.0005862841
2459478.175264239	1.0004873	0.00058651675
2459478.176653188	0.99992895	0.00058631867
2459478.1780421366	1.0011557	0.00058650173
2459478.179431086	0.9989528	0.00058615475
2459478.1808200353	1.000363	0.00058637775
2459478.182208984	0.9994786	0.00058636774
2459478.1835979335	0.9996415	0.0005861334
2459478.184986883	0.999997	0.0005864403
2459478.1863758317	1.0006771	0.0005867009
2459478.187764781	1.0001953	0.00058652635
2459478.1891537295	1.0004033	0.0005863844
2459478.190542679	1.000781	0.00058672775
2459478.1919316277	1.0014244	0.0005866794
2459478.193320577	1.0009394	0.00058670354
2459478.1947095264	1.0004779	0.0005864193
2459478.1960984753	1.0005251	0.00058632914
2459478.1974874246	0.99996793	0.00058623985
2459478.198876373	0.9994546	0.0005861535
2459478.2002653223	1.0008377	0.00058654184
2459478.201654271	1.0010376	0.0005864931
2459478.2030432206	0.9998894	0.0005864523
2459478.2044321694	1.0006576	0.0005867167
2459478.205821119	1.0008082	0.00058659
2459478.2072100677	0.99943095	0.0005861001
2459478.2085990165	1.0001674	0.00058633066
2459478.2099879654	0.99950194	0.0005861308
2459478.2113769143	0.9994644	0.000586137
2459478.2127658636	1.0014006	0.00058689725
2459478.2141548125	0.99962807	0.0005862919
2459478.2252664044	0.9996711	0.00058611104
2459478.226655354	1.0001286	0.0005865245
2459478.2280443027	1.001094	0.00058680336
2459478.229433251	0.9993685	0.0005862721
2459478.2308222004	1.0013119	0.0005867008
2459478.2322111493	1.0005206	0.0005863643
2459478.233600098	0.9996852	0.0005862612
2459478.2349890475	0.99953574	0.0005864472
2459478.2363779964	1.000981	0.0005865309
2459478.2377669453	0.9987757	0.0005861182
2459478.239155894	0.998327	0.00058575656
2459478.240544843	1.0003926	0.0005863572
2459478.241933792	0.9992429	0.0005861306
2459478.243322741	0.99940675	0.0005862359
2459478.24471169	0.9995092	0.00058640406
2459478.246100639	0.9991053	0.0005862791
2459478.247489588	1.0006934	0.00058647245
2459478.2488785363	0.9996516	0.0005863937
2459478.250267485	0.99927783	0.0005862123
2459478.2516564345	0.99971277	0.0005862912
2459478.2530453834	0.99994785	0.0005862053
2459478.2544343323	0.99988097	0.00058633497
2459478.255823281	1.000205	0.00058641605
2459478.25721223	1.0000207	0.00058640394
2459478.2586011784	0.99930644	0.00058622495
2459478.2599901278	1.0000345	0.0005863892
2459478.2613790766	0.9998218	0.00058643176
2459478.2627680255	1.0000539	0.0005863778
2459478.2641569744	0.9988326	0.00058611884
2459478.2655459233	1.000298	0.00058646884
2459478.266934872	0.9993828	0.0005862225
2459478.268323821	1.0002822	0.00058647664
2459478.2697127694	1.000045	0.0005864271
2459478.2711017183	1.0012753	0.00058675953
2459478.272490667	0.999821	0.00058630365
2459478.273879616	0.99919105	0.0005862467
2459478.275268565	1.0013804	0.0005865758
2459478.276657514	0.9994172	0.00058609474
2459478.2780464627	1.000531	0.0005864529
2459478.279435411	1.0010654	0.0005867966
2459478.28082436	1.0003557	0.00058639847
2459478.282213309	1.0002818	0.00058663666
2459478.2836022577	0.9997239	0.00058640965
2459478.2849912066	1.0008254	0.00058667775
2459478.2863801555	1.0005184	0.0005865753
2459478.2877691044	1.00033	0.00058643165
2459478.2891580528	0.99951005	0.00058652984
2459478.2905470016	0.9994501	0.0005864479
2459478.2919359505	1.0002874	0.00058640586
2459478.2933248994	1.0000619	0.0005864283
2459478.2947138483	1.0003113	0.0005864512
2459478.296102797	0.9997008	0.0005863317
2459478.297491746	0.9992901	0.0005862587
2459478.2988806944	1.0001343	0.0005864843
2459478.3002696433	1.0011986	0.0005868067
2459478.301658592	1.0002847	0.0005862793
2459478.3030475406	0.9992546	0.0005865138
2459478.3044364895	1.000493	0.0005865964
2459478.3058254384	0.99991965	0.00058635644
2459478.307214387	0.999686	0.00058634067
2459478.308603336	0.9998848	0.000586546
2459478.3099922845	1.0006304	0.0005867978
2459478.311381233	1.0003593	0.0005865413
2459478.312770182	0.99945444	0.00058625103
2459478.3141591307	0.9991238	0.0005862004
2459478.3155480796	1.0003633	0.000586523
2459478.3169370284	1.0002269	0.0005865195
2459478.318325977	1.0001818	0.00058649457
2459478.3197149253	1.0000627	0.0005864535
2459478.321103874	0.9997047	0.0005864912
2459478.322492823	1.0010513	0.0005867076
2459478.3238817714	1.000915	0.0005867411
2459478.3252707203	1.000126	0.0005864794
2459478.326659669	1.0004238	0.0005866659
2459478.3280486176	0.9997346	0.0005864346
2459478.329437566	1.0001296	0.0005865815
2459478.330826515	1.0007428	0.0005865903
2459478.3322154633	0.9994681	0.00058631477
2459478.333604412	1.0003595	0.00058639096
2459478.334993361	1.0005327	0.000586454
2459478.3363823094	1.0002353	0.00058651133
2459478.3377712583	1.0003656	0.000586546
2459478.3391602067	1.0001549	0.0005866645
2459478.340549155	1.0000951	0.0005865001
2459478.341938104	1.0000303	0.00058646663
2459478.343327053	0.9993682	0.0005863381
2459478.3447160013	0.999993	0.0005866309
2459478.34610495	1.0005733	0.0005865404
2459478.3474938986	0.9996691	0.000586328
2459478.3488828475	1.0007449	0.0005866812
2459478.350271796	1.0002677	0.00058661937
2459478.3516607443	0.9994985	0.0005865391
2459478.353049693	1.000329	0.0005867319
2459478.3544386416	1.0000272	0.0005863589
2459478.3558275905	0.99933964	0.0005861242
2459478.357216539	1.00057	0.00058657373
2459478.3586054877	0.9994019	0.0005864885
2459478.3599944357	1.0000846	0.00058633776
2459478.3613833846	0.9998591	0.0005866624
2459478.362772333	0.9990236	0.0005862467
2459478.364161282	0.9992681	0.00058610016
2459478.3655502303	0.99917763	0.00058618526
2459478.366939179	0.9997544	0.00058650615
2459478.3683281275	0.9997985	0.0005863778
2459478.369717076	1.0005801	0.00058665173
2459478.3711060244	0.9994974	0.0005863051
2459478.372494973	0.99992085	0.00058664806
2459478.3738839217	0.9996074	0.00058602553
2459478.37527287	0.99943405	0.000586402
2459478.376661819	0.9995367	0.0005863125
2459478.3780507674	0.9996041	0.0005862544
2459478.3794397153	1.000698	0.0005866378
2459478.380828664	0.998858	0.0005862839
2459478.3822176126	1.0000001	0.00058633485
2459478.383606561	0.99942917	0.00058637024
2459478.38499551	0.99945676	0.00058636954
2459478.3863844583	1.0003285	0.0005865785
2459478.387773407	0.9989392	0.00058610167
2459478.3891623556	0.999765	0.0005862918
2459478.3905513035	1.0001254	0.0005866672
2459478.391940252	1.0001667	0.00058632693
2459478.393329201	0.99916834	0.0005861329
2459478.394718149	0.99942374	0.0005863423
2459478.3961070976	1.0004886	0.0005865686
2459478.3974960465	0.9997796	0.0005863062
2459478.398884995	0.99964505	0.0005863534
2459478.400273943	1.0011593	0.0005866038
2459478.4016628913	1.0000101	0.00058653695
2459478.40305184	1.0004928	0.00058644556
2459478.4044407886	0.999841	0.00058646663
2459478.405829737	1.0004348	0.0005865788
2459478.4072186854	0.9991509	0.0005861368
2459478.408607634	1.0000445	0.0005862864
2459478.409996582	0.9994516	0.00058635074
2459478.4113855306	1.0004507	0.000586552
2459478.412774479	1.00098	0.00058680587
2459478.4141634274	0.9993826	0.0005863472
2459478.415552376	0.9997846	0.00058611145
2459478.4169413242	0.9995446	0.0005864752
2459478.418330273	1.0005156	0.00058652635
2459478.419719221	1.0005414	0.00058645615
2459478.4211081695	1.0011076	0.00058676564
2459478.422497118	0.99995184	0.000586661
2459478.4238860663	0.99942917	0.00058636925
2459478.4252750147	1.0000032	0.00058648095
2459478.426663963	0.9991471	0.0005862118
2459478.4280529115	1.000304	0.0005865912
2459478.42944186	1.0006192	0.0005865876
2459478.430830808	0.9988257	0.00058626925
2459478.4322197568	1.000218	0.0005865415
2459478.433608705	1.0003011	0.00058670586
2459478.4349976536	0.9991216	0.00058628846
2459478.436386602	1.0002338	0.0005864934
2459478.4377755504	1.0002184	0.00058639346
2459478.439164499	1.000698	0.0005864872
2459478.4405534468	1.0001366	0.00058649975
2459478.441942395	1.0002477	0.0005864631
2459478.4433313436	0.99973285	0.00058642303
2459478.444720292	1.000195	0.00058664655
2459478.4461092404	1.0005715	0.0005865404
2459478.447498189	1.0000404	0.00058641034
2459478.4488871368	1.0007696	0.0005865488
2459478.4502760847	0.9996737	0.00058639114
2459478.451665033	1.0000477	0.0005864035
2459478.4530539815	0.9998662	0.0005862701
2459478.45444293	1.0011483	0.0005867864
2459478.4558318784	1.0003108	0.0005867212
2459478.4572208268	0.998985	0.00058639137
2459478.458609775	1.000153	0.0005865724
2459478.4599987236	1.0003667	0.0005865049
2459478.4613876715	1.0004239	0.00058674655
2459478.4627766195	1.0001109	0.0005863117
2459478.464165568	0.9987796	0.00058604614
2459478.4655545163	1.0008113	0.0005867421
2459478.4669434647	0.9996042	0.0005863111
2459478.468332413	0.99980265	0.000586528
2459478.4697213615	0.99990565	0.00058646454
2459478.471110309	1.0013202	0.00058678846
2459478.4724992574	0.9991084	0.000586345
2459478.473888206	1.0002803	0.00058636686
2459478.4752771542	0.99958926	0.00058621645
2459478.4766661027	1.000048	0.0005865138
2459478.4780550506	1.0008895	0.0005867447
2459478.479443999	1.0015501	0.000586791
2459478.480832947	0.99891806	0.0005861801
2459478.4822218954	1.0003499	0.00058668124
2459478.4836108433	1.0004332	0.00058665103
2459478.4849997917	1.0017194	0.0005869773
2459478.48638874	1.0005542	0.00058660907
2459478.4877776885	1.0003924	0.0005865311
2459478.4891666365	1.0008327	0.0005866894
2459478.4905555844	1.0001491	0.0005864436
2459478.491944533	1.0003633	0.0005865646
2459478.493333481	1.0008388	0.000586523
2459478.494722429	1.0011384	0.0005867436
2459478.4961113776	0.9994753	0.0005862364
2459478.4975003256	1.0000824	0.0005863399
2459478.498889274	1.0006976	0.0005864473
2459478.500278222	1.000539	0.00058683724
2459478.50166717	0.9995882	0.0005862773
2459478.5030561183	0.9989894	0.0005860149
2459478.504445066	1.0005848	0.0005865334
2459478.5058340146	1.0006588	0.00058662903
2459478.507222963	1.0014527	0.0005866073
2459478.508611911	1.0000045	0.0005868332
2459478.5100008594	1.0005972	0.0005865505
2459478.511389807	0.9999008	0.00058639864
2459478.5127787553	0.999943	0.00058655656
2459478.514167703	1.0000484	0.00058643986
2459478.5155566516	1.0020062	0.00058714626
2459478.5169455996	1.0003268	0.0005864279
2459478.518334548	0.99990004	0.00058618886
2459478.519723496	1.0004106	0.00058664917
2459478.521112444	1.0005885	0.0005866543
2459478.522501392	1.0007688	0.0005866158
2459478.5238903402	0.9988771	0.0005862522
2459478.525279288	1.0002154	0.0005864716
2459478.5266682366	1.000017	0.0005866001
2459478.5280571845	0.9989477	0.0005862743
2459478.529446133	1.0005348	0.00058653875
2459478.5308350804	1.002058	0.00058692397
2459478.532224029	1.0005522	0.00058661506
2459478.533612977	1.0000281	0.0005864135
2459478.5350019247	1.0003916	0.0005865087
2459478.536390873	1.0004683	0.0005864974
2459478.537779821	0.9993541	0.0005865491
2459478.5391687695	0.9993851	0.00058637833
2459478.5405577174	1.0001646	0.0005865825
2459478.541946665	1.0009371	0.00058659236
2459478.5433356133	0.99926025	0.00058615004
2459478.5447245613	0.99953216	0.0005864807
2459478.546113509	1.0008407	0.0005866391
2459478.5475024576	1.0002548	0.0005865616
2459478.5488914056	0.9992775	0.0005863104
2459478.5502803535	1.000902	0.00058665563
2459478.5516693015	0.9989822	0.00058633107
2459478.5530582494	1.00019	0.0005866043
2459478.5544471974	0.9998449	0.0005864001
2459478.5558361458	1.0000681	0.0005863884
2459478.5572250937	0.99971825	0.0005865304
2459478.5586140417	0.999759	0.00058638625
2459478.5600029896	0.9994826	0.00058628805
2459478.5613919375	1.00023	0.0005863159
2459478.5627808855	0.9985643	0.00058617163
2459478.5641698334	1.0002862	0.0005865005
2459478.5655587814	0.999446	0.000586321
2459478.56694773	0.999256	0.0005862559
2459478.5683366777	1.0000739	0.0005864842
2459478.5697256257	1.0002657	0.0005866502
2459478.571114573	0.9998458	0.0005861528
2459478.572503521	0.9998218	0.0005863854
2459478.5738924695	0.9999271	0.0005865016
2459478.5752814175	0.9988025	0.0005861733
2459478.5766703654	0.9992599	0.0005863459
2459478.5780593134	0.9993462	0.000586283
2459478.5794482613	1.0006533	0.0005866282
2459478.5808372092	1.0004425	0.00058653724
2459478.5822261567	1.0003682	0.000586745
2459478.5836151047	0.99936724	0.00058633054
2459478.585004053	0.99985856	0.0005864031
2459478.586393001	0.99977803	0.0005864655
2459478.587781949	1.0002085	0.0005867301
2459478.589170897	1.0001849	0.0005866356
2459478.590559845	1.0004294	0.0005865862
2459478.5919487923	1.0010858	0.0005868181
2459478.5933377403	1.000981	0.0005871118
2459478.594726688	0.9993096	0.0005862793
2459478.596115636	1.000292	0.00058663596
2459478.597504584	1.0009359	0.00058679713
2459478.598893532	0.9995181	0.00058636995
2459478.60028248	0.9994108	0.0005863711
2459478.6016714275	0.99988145	0.0005864791
2459478.6030603754	1.0004971	0.000586603
2459478.6044493234	0.99978083	0.00058636797
2459478.6058382713	0.9998013	0.0005864969
2459478.6072272193	0.99954104	0.0005864658
2459478.608616167	1.0015577	0.00058683427
2459478.610005115	1.0002773	0.00058654085
2459478.6113940626	0.9999108	0.0005865311
2459478.6127830106	0.99980253	0.00058656605
2459478.6141719585	1.0001848	0.00058650377
2459478.6155609065	0.99899966	0.0005864629
2459478.6169498544	1.0003173	0.0005865781
2459478.6183388024	0.99919313	0.0005861881
2459478.61972775	0.9997505	0.0005863679
2459478.621116698	0.99964595	0.00058656384
2459478.6225056453	1.0002464	0.000586513
2459478.623894593	1.0008067	0.00058675447
2459478.625283541	1.0010936	0.0005868273
2459478.626672489	1.0001097	0.00058677566
2459478.628061437	0.99979764	0.00058644864
2459478.6294503845	1.0000795	0.0005864307
2459478.6308393325	0.9999893	0.00058635
2459478.63222828	1.0009457	0.00058665196
2459478.633617228	1.0000811	0.00058634335
2459478.635006176	0.9997863	0.0005863717
2459478.6363951233	0.99967265	0.00058635825
2459478.6377840713	1.000177	0.00058663037
2459478.639173019	1.0000106	0.00058644207
2459478.640561967	0.9999388	0.0005864334
2459478.6419509146	0.99923456	0.00058633334
2459478.643339862	0.9988673	0.00058609695
2459478.64472881	1.0005422	0.0005865419
2459478.646117758	1.0015029	0.0005867369
2459478.6475067055	0.99952346	0.0005865203
2459478.6488956534	1.0000396	0.00058659876
2459478.6502846014	0.9998002	0.00058644847
2459478.651673549	1.0000205	0.00058646465
2459478.6530624963	0.9992672	0.0005863132
2459478.6544514443	1.0000135	0.00058651983
2459478.655840392	1.0010084	0.00058664294
2459478.6572293397	1.0000006	0.0005866135
2459478.6586182876	1.0009264	0.0005865426
2459478.6600072356	1.0002395	0.0005865334
2459478.661396183	0.999836	0.00058648
2459478.6627851306	1.0005797	0.00058676547
2459478.664174078	1.0004399	0.00058651343
2459478.665563026	0.9998474	0.00058647286
2459478.666951974	1.0006442	0.00058663014
2459478.6683409214	0.9997613	0.000586426
2459478.6697298693	0.9998466	0.0005864287
2459478.671118817	1.0002494	0.0005866176
2459478.6725077643	1.0005811	0.0005866602
2459478.6738967123	0.9985161	0.00058608677
2459478.6752856597	1.0003824	0.0005865432
2459478.6766746077	1.0005201	0.00058642274
2459478.678063555	0.9997563	0.000586514
2459478.679452503	0.9998592	0.0005865944
2459478.6808414506	0.99889904	0.00058620825
2459478.682230398	1.0005001	0.00058653514
2459478.6836193455	0.9999499	0.0005865384
2459478.6850082935	0.9997158	0.00058633316
2459478.686397241	0.9979565	0.0005860275
2459478.687786189	0.998552	0.0005860206
2459478.6891751364	0.9992197	0.00058646844
2459478.6905640843	1.0003762	0.0005865669
2459478.6919530313	1.000075	0.0005865724
2459478.6933419793	1.0000236	0.00058640377
2459478.694730927	1.0002358	0.0005865185
2459478.6961198743	1.0005792	0.0005867235
2459478.697508822	0.99952906	0.0005862661
2459478.6988977697	0.9998684	0.00058648747
2459478.7002867176	1.0001583	0.0005865187
2459478.701675665	0.99959785	0.0005866192
2459478.703064612	1.0004246	0.0005865776
2459478.70445356	0.99965614	0.0005863978
2459478.7058425075	0.9997116	0.00058646617
2459478.707231455	0.999389	0.00058637396
2459478.708620403	0.9991388	0.0005861594
2459478.7100093504	0.99960876	0.0005864611
2459478.711398298	0.9992056	0.0005860499
2459478.7127872454	0.99998647	0.00058647204
2459478.714176193	0.9992283	0.0005864879
2459478.7155651404	0.9998634	0.0005863518
2459478.7169540883	1.000679	0.00058697164
2459478.718343036	0.99995923	0.0005865514
2459478.7197319833	0.9992881	0.00058632105
2459478.721120931	1.0003794	0.0005865742
2459478.722509878	0.9995997	0.0005864284
2459478.7238988257	0.99904794	0.0005861958
2459478.725287773	0.9992989	0.0005863428
2459478.726676721	1.000428	0.0005866884
2459478.7280656686	0.99978274	0.0005865955
2459478.729454616	0.99974835	0.0005864741
2459478.7308435636	1.0001112	0.00058662135
2459478.7322325106	0.9987383	0.00058621203
2459478.7336214585	0.99952656	0.0005864153
2459478.735010406	1.0000199	0.00058642076
2459478.7363993535	1.0014281	0.0005868092
2459478.737788301	0.99920994	0.00058626663
2459478.7391772484	1.0012544	0.00058665354
2459478.740566196	0.99912316	0.00058632635
2459478.741955144	1.0003117	0.0005866185
2459478.743344091	0.99948835	0.0005864332
2459478.7447330384	0.99987715	0.0005863386
2459478.746121986	1.0004838	0.00058683066
2459478.7475109333	0.9998144	0.0005863552
2459478.748899881	0.99960375	0.00058638456
2459478.7502888283	1.0005994	0.0005867289
2459478.7516777758	0.9995965	0.0005862871
2459478.753066723	0.99972093	0.0005864067
2459478.7544556707	1.0001715	0.0005864333
2459478.755844618	0.9997362	0.0005864203
2459478.7572335657	0.999128	0.0005861493
2459478.758622513	0.99998844	0.00058646954
2459478.7600114606	0.9985717	0.00058624434
2459478.761400408	1.0003225	0.0005866468
2459478.762789355	1.0003697	0.00058661064
2459478.7641783026	0.99931955	0.0005863842
2459478.76556725	0.99971426	0.00058645976
2459478.7669561976	0.9996543	0.000586521
2459478.768345145	1.000607	0.00058668776
2459478.7697340925	0.9995875	0.00058643916
2459478.77112304	0.9988128	0.0005861418
2459478.772511987	0.99980813	0.00058640726
2459478.7739009345	1.0000012	0.0005866059
2459478.775289882	0.9997751	0.0005863232
2459478.776678829	1.0004473	0.0005866751
2459478.7780677765	0.9996376	0.0005863494
2459478.779456724	1.0001507	0.000586518
2459478.7808456714	0.9988701	0.00058630406
2459478.782234619	1.0001217	0.00058666617
2459478.783623566	0.9994672	0.00058631715
2459478.7850125134	0.9997441	0.0005863446
2459478.786401461	0.9994957	0.00058628974
2459478.7877904084	0.9999517	0.0005866277
2459478.7891793554	1.000613	0.00058693386
2459478.790568303	1.0007215	0.0005867444
2459478.7919572503	0.99962527	0.00058645394
2459478.7933461973	1.001656	0.0005871315
2459478.794735145	1.0001543	0.00058660156
2459478.7961240923	0.99893093	0.00058640726
2459478.7975130393	1.0008842	0.00058673834
2459478.798901987	0.9991811	0.00058637396
2459478.8002909343	0.99991244	0.0005865721
2459478.8016798818	0.9988638	0.00058620406
2459478.803068829	0.99971354	0.0005863956
2459478.804457776	0.999979	0.0005865024
2459478.8058467233	1.0005476	0.00058695
2459478.8072356707	0.9993713	0.00058645784
2459478.808624618	0.9997653	0.00058645476
2459478.8100135652	1.0007076	0.000586791
2459478.8114025127	0.9999259	0.00058635237
2459478.81279146	1.0002822	0.00058659073
2459478.8141804067	0.9989961	0.0005863615
2459478.815569354	0.9999137	0.0005864909
2459478.8169583017	1.0002365	0.0005865867
2459478.818347249	1.0001699	0.00058665604
2459478.819736196	0.99936	0.0005862474
2459478.8211251437	1.0001593	0.00058653584
2459478.822514091	0.9996894	0.0005863959
2459478.8239030377	0.99906737	0.0005862375
2459478.825291985	0.99967265	0.00058656535
2459478.826680932	0.99952	0.00058656145
2459478.8280698797	1.0000652	0.0005864383
2459478.829458827	0.9999108	0.000586508
2459478.830847774	0.99992806	0.0005864212
2459478.8322367216	1.0002282	0.00058664556
2459478.833625668	1.0007958	0.0005867867
2459478.8350146157	1.0002449	0.0005866119
2459478.836403563	0.99958885	0.0005866195
2459478.83779251	1.000067	0.00058649847
2459478.8391814576	1.0006285	0.0005866759
2459478.8405704047	0.999233	0.0005862621
2459478.841959352	1.0005584	0.00058667484
2459478.8433482987	0.9990064	0.00058629946
2459478.844737246	1.0000458	0.00058655225
2459478.846126193	0.99972874	0.0005864928
2459478.8475151407	1.0003687	0.0005867099
2459478.8489040877	0.9996508	0.0005864646
2459478.850293035	1.0015411	0.0005871043
2459478.851681982	0.9997612	0.0005866464
2459478.8530709296	1.0011784	0.0005868943
2459478.854459876	1.0000333	0.0005865688
2459478.8558488237	0.9996259	0.0005865251
2459478.8572377707	0.99998224	0.00058663834
2459478.858626718	1.0010595	0.00058667536
2459478.860015665	0.9997385	0.0005864215
2459478.8614046127	0.9993466	0.000586319
2459478.8627935597	1.0014933	0.00058695854
2459478.864182506	1.0009073	0.00058676244
2459478.8655714537	1.0006754	0.0005868398
2459478.8669604007	0.99933994	0.00058619445
2459478.8683493477	0.99988097	0.0005866684
2459478.869738295	1.001226	0.0005869408
2459478.871127242	1.000649	0.00058673555
2459478.8725161897	0.99939185	0.0005863952
2459478.8739051362	0.99905974	0.0005863005
2459478.8752940833	1.0002755	0.00058666314
2459478.8766830307	1.0001963	0.00058665336
2459478.8780719778	0.99990344	0.0005866376
2459478.879460925	0.9999173	0.0005865463
2459478.8808498723	1.0001525	0.00058651326
2459478.8822388193	0.9997854	0.0005862667
2459478.883627766	0.99997884	0.0005867604
2459478.885016713	0.99935246	0.00058648357
2459478.8864056603	1.0002595	0.00058648054
2459478.8877946073	0.9996762	0.00058648747
2459478.8891835543	1.0000806	0.0005866772
2459478.8905725013	1.0013919	0.0005870103
2459478.891961449	0.99929994	0.00058632635
2459478.893350396	0.99985063	0.0005865778
2459478.8947393424	0.9998773	0.00058659626
2459478.8961282894	1.0004715	0.00058655563
2459478.897517237	1.0013808	0.0005870386
2459478.898906184	0.9994836	0.0005864061
2459478.900295131	1.0002098	0.00058663596
2459478.901684078	0.9992892	0.0005864265
2459478.903073025	1.0005357	0.0005866764
2459478.9044619715	1.001069	0.00058681564
2459478.905850919	1.000316	0.00058662693
2459478.907239866	0.99953246	0.0005863637
2459478.908628813	0.9997832	0.00058636285
2459478.91001776	1.0006964	0.0005866953
2459478.911406707	1.0009234	0.00058676116
2459478.912795654	1.0001806	0.00058643316
2459478.9141846006	1.0013647	0.0005866987
2459478.9155735476	0.999981	0.00058670825
2459478.9169624946	1.0002122	0.0005865016
2459478.918351442	0.9995876	0.00058637396
2459478.919740389	1.0009296	0.00058677077
2459478.921129336	1.0005542	0.0005865403
2459478.922518283	1.0006512	0.0005868886
2459478.9239072297	0.999953	0.00058668636
2459478.9252961767	0.999745	0.0005866208
2459478.9266851237	0.99996793	0.0005864187
2459478.9280740707	1.0006468	0.00058660284
2459478.9294630177	1.0021826	0.0005869584
2459478.9308519647	1.0004412	0.00058678153
2459478.9322409118	1.0006303	0.00058665226
2459478.933629859	0.99961376	0.0005865776
2459478.9350188053	1.0000896	0.0005867487
2459478.9364077523	1.000127	0.0005866207
2459478.9377966993	1.0007288	0.0005868288
2459478.9391856464	0.9993633	0.00058652955
2459478.9405745934	0.9996474	0.0005864501
2459478.9419635404	1.0000521	0.0005865805
2459478.9433524874	1.000464	0.0005867206
2459478.9447414335	1.0007595	0.0005868401
2459478.9461303805	1.001138	0.0005865466
2459478.9475193275	1.0002606	0.0005865446
2459478.9489082745	0.99951065	0.00058650796
2459478.9502972215	1.0007547	0.00058674905
2459478.9516861686	0.9996603	0.0005865555
2459478.9530751156	1.0001392	0.0005864714
2459478.954464062	1.0009345	0.0005868561
2459478.955853009	1.0005059	0.0005866748
2459478.9572419557	0.999683	0.00058659096
2459478.9586309027	1.000016	0.00058668194
2459478.9600198497	1.0011549	0.0005867901
2459478.9614087967	0.9997536	0.0005865524
2459478.9627977437	1.0005398	0.0005866922
2459478.96418669	1.0004789	0.0005865651
2459478.965575637	1.001257	0.0005868275
2459478.966964584	0.9988855	0.0005863099
2459478.968353531	1.0008819	0.0005869081
2459478.969742478	0.9990699	0.00058638275
2459478.9711314244	1.000565	0.00058664207
2459478.9725203714	0.9998233	0.00058668444
2459478.9739093184	0.9998977	0.00058658526
2459478.975298265	1.0009831	0.00058688526
2459478.9766872115	1.0001427	0.00058651634
2459478.9780761586	1.0003258	0.000586625
2459478.9794651056	1.0003153	0.00058670755
2459478.980854052	1.0007097	0.00058674306
2459478.982242999	1.0002971	0.0005866733
2459478.983631946	0.999993	0.0005865287
2459478.9850208927	0.9990599	0.00058641774
2459478.9864098392	1.0005226	0.0005868438
2459478.9877987863	0.99998444	0.0005865452
2459478.9891877333	1.000599	0.00058672443
2459478.99057668	0.9998162	0.00058647175
2459478.991965627	1.0001382	0.0005866118
2459478.9933545734	1.0010339	0.00058677315
2459478.99474352	1.0012529	0.000586749
2459478.996132467	0.99947363	0.0005867126
2459478.9975214135	0.99914074	0.0005864935
2459478.9989103605	1.0011926	0.0005867876
2459479.000299307	0.99954	0.00058647187
2459479.001688254	1.0002544	0.00058659783
2459479.003077201	0.9994079	0.00058640045
2459479.004466147	0.99957913	0.00058653374
2459479.005855094	0.99983215	0.0005866836
2459479.0072440407	0.99890465	0.0005863315
2459479.0086329877	1.0000826	0.000586522
2459479.0100219343	1.0007368	0.0005867893
2459479.0114108813	0.99960274	0.00058651995
2459479.012799828	1.0000521	0.0005865671
2459479.014188775	0.99966544	0.00058658933
2459479.015577721	1.0004078	0.0005864666
2459479.016966668	0.9998266	0.00058645685
2459479.0183556145	1.0005594	0.0005866367
2459479.0197445615	1.0002162	0.00058653165
2459479.021133508	1.0010436	0.00058682554
2459479.022522455	1.000582	0.00058675895
2459479.0239114016	0.99951005	0.0005863602
2459479.025300348	1.0012956	0.0005869141
2459479.0266892947	0.99987155	0.00058658427
2459479.0280782417	1.0010004	0.00058685686
2459479.0294671883	1.0012316	0.00058693264
2459479.030856135	1.0006661	0.00058656506
2459479.032245082	1.0008049	0.0005868069
2459479.0336340284	1.0002863	0.00058669446
2459479.0350229745	1.0001823	0.00058667036
2459479.0364119215	1.0000238	0.0005866136
2459479.037800868	0.9990677	0.0005864401
2459479.039189815	1.0002395	0.000586607
2459479.0405787616	1.0004109	0.0005866404
2459479.041967708	0.99956423	0.0005864622
2459479.043356655	1.0005232	0.00058663235
2459479.0447456012	1.0001684	0.00058648054
2459479.046134548	0.99931157	0.0005864843
2459479.047523495	1.0005475	0.0005868295
2459479.0489124414	0.9995532	0.0005865021
2459479.050301388	0.9996365	0.00058675476
2459479.0516903345	1.0005006	0.0005865539
2459479.0530792815	1.0004766	0.00058664876
2459479.054468228	0.99993134	0.0005866949
2459479.055857174	1.0001107	0.00058651634
2459479.0572461206	1.0013858	0.00058697525
2459479.0586350677	1.000746	0.0005865918
2459479.060024014	1.0000693	0.00058665173
2459479.0614129608	1.0002828	0.00058677036
2459479.0628019073	0.9994248	0.0005864676
2459479.0641908543	0.9998576	0.00058658875
2459479.0655798004	0.99973494	0.00058657274
2459479.066968747	0.99925524	0.000586379
2459479.0683576935	0.9994922	0.0005863771
2459479.06974664	1.0002635	0.0005868081
2459479.071135587	1.000647	0.00058684195
2459479.0725245336	0.9991807	0.00058642786
2459479.07391348	1.0008326	0.00058686093
2459479.0753024262	1.0009985	0.00058689
2459479.076691373	1.0013319	0.00058689894
2459479.0780803193	1.0003612	0.00058672536
2459479.079469266	0.99972	0.0005866568
2459479.0808582124	1.0013089	0.0005869315
2459479.0822471594	1.000634	0.0005867755
2459479.083636106	1.0007879	0.00058672123
2459479.085025052	0.99891746	0.00058632303
2459479.0864139986	1.0004399	0.0005867627
2459479.087802945	1.000981	0.00058682857
2459479.0891918917	1.00042	0.0005866929
2459479.0905808383	1.0008417	0.00058676983
2459479.091969785	0.999315	0.00058667304
2459479.0933587314	0.99982166	0.0005866726
2459479.094747678	1.000205	0.00058663107
2459479.096136624	1.0003666	0.00058672234
2459479.0975255705	0.99958086	0.000586553
2459479.098914517	1.0002259	0.00058658724
2459479.1003034636	1.0000618	0.000586744
2459479.10169241	1.0004945	0.00058670534
2459479.1030813567	1.0000848	0.0005865822
2459479.1044703033	1.0009764	0.0005868749
2459479.1058592494	1.0001756	0.0005866611
2459479.107248196	0.999206	0.00058643165
2459479.1086371425	0.9995202	0.0005864289
2459479.110026089	1.0001879	0.00058662274
2459479.1114150356	0.999869	0.0005866008
2459479.112803982	1.0001979	0.00058670936
2459479.1141929287	0.9991132	0.0005863852
2459479.1155818743	0.9985897	0.0005861918
2459479.116970821	1.000438	0.0005866946
2459479.1183597674	0.99917585	0.0005863778
2459479.119748714	0.99977577	0.00058643066
2459479.1211376605	1.0000979	0.0005865834
2459479.122526607	1.000196	0.00058664987
2459479.1239155536	1.0000654	0.0005866403
2459479.1253044996	1.0000144	0.0005865095
2459479.1266934457	0.9999072	0.00058642746
2459479.1280823923	1.0005481	0.000586827
2459479.129471339	0.99878937	0.00058616325
2459479.1308602854	1.0003026	0.0005869397
2459479.132249232	0.9990994	0.0005863395
2459479.133638178	1.0001402	0.0005868049
2459479.1350271245	0.99984676	0.0005866453
2459479.1364160706	1.0008788	0.00058669783
2459479.137805017	1.0009531	0.0005867605
2459479.1391939637	1.0008111	0.000586983
2459479.14058291	0.99961597	0.00058676815
2459479.1419718564	1.0009722	0.00058685726
2459479.143360803	0.999648	0.0005866696
2459479.1447497495	1.000014	0.0005866379
2459479.146138695	0.9990398	0.00058639783
2459479.1475276416	0.9994764	0.00058649067
2459479.148916588	0.99999046	0.00058670866
2459479.1503055342	1.000547	0.0005867914
2459479.151694481	1.0001637	0.00058656145
2459479.1530834273	1.0003237	0.0005866848
2459479.1544723734	0.9996134	0.0005866719
2459479.1558613195	1.0006196	0.0005868515
2459479.157250266	1.0009068	0.0005867736
2459479.158639212	1.0001045	0.0005867264
2459479.1600281587	0.9994846	0.00058660813
2459479.1614171052	1.0002537	0.000586805
2459479.1628060513	1.0006323	0.00058680004
2459479.164194998	0.9998316	0.0005868207
2459479.1655839444	0.99929106	0.0005865728
2459479.16697289	1.000634	0.0005866695
2459479.1683618366	0.99981344	0.00058656756
2459479.1697507827	1.0002807	0.00058667135
2459479.171139729	0.9992283	0.0005863686
2459479.1725286753	1.0001625	0.0005867366
2459479.173917622	1.0002021	0.00058670057
2459479.1753065684	0.9999282	0.0005866531
2459479.176695514	0.99955595	0.00058650435
2459479.1780844606	1.0001813	0.000586874
2459479.1794734066	1.0002111	0.0005866094
2459479.180862353	1.0001936	0.0005866803
2459479.1822512993	0.9994574	0.00058653584
2459479.183640246	0.9997953	0.000586627
2459479.185029192	1.0003012	0.0005867134
2459479.186418138	1.0008467	0.00058685936
2459479.187807084	0.99991983	0.0005865927
2459479.1891960306	1.0009044	0.0005867885
2459479.1905849767	1.0003113	0.00058686064
2459479.1919739232	0.9994373	0.0005864976
2459479.1933628693	1.0005233	0.00058695057
2459479.1947518154	0.9999615	0.00058657496
2459479.1961407615	1.0013244	0.00058710633
2459479.1975297076	1.0006797	0.0005869014
2459479.198918654	1.0000032	0.00058671285
2459479.2003076	1.0007623	0.00058685476
2459479.2016965463	1.000653	0.00058696425
2459479.203085493	0.99927205	0.00058657484
2459479.204474439	1.0005152	0.00058684027
2459479.2058633855	1.0001175	0.00058683066
2459479.207252331	0.9991001	0.0005865047
2459479.208641277	0.99993366	0.0005866666
2459479.2100302237	0.99960274	0.0005865396
2459479.21141917	0.9999715	0.0005865671
2459479.212808116	1.0002772	0.0005866706
2459479.2141970624	1.0020878	0.0005871541
2459479.2155860085	1.0002899	0.00058666855
2459479.216974954	0.999946	0.00058650016
2459479.2183639007	0.9993901	0.0005866219
2459479.2197528468	1.0004694	0.0005867173
2459479.221141793	0.9992422	0.0005864654
2459479.222530739	0.9990854	0.00058651203
2459479.2239196855	1.0003148	0.0005867468
2459479.2253086315	0.999649	0.0005865355
2459479.226697577	0.99953026	0.00058654865
2459479.2280865232	1.0005524	0.0005867149
2459479.22947547	0.99968	0.0005866786
2459479.230864416	0.99994904	0.00058660173
2459479.232253362	1.0006928	0.0005867654
2459479.233642308	0.99885434	0.0005864864
2459479.235031254	0.9997756	0.00058669643
2459479.2364202	0.99953896	0.00058652763
2459479.2378091463	0.9997806	0.00058683386
2459479.2391980924	1.0014576	0.00058690074
2459479.2405870385	1.0010986	0.0005867338
2459479.2419759845	0.99954087	0.000586519
2459479.243364931	1.0004672	0.0005867741
2459479.244753877	1.0002184	0.00058680156
2459479.2461428232	0.99924666	0.00058656797
2459479.247531769	0.99871594	0.00058630545
2459479.248920715	0.99949193	0.00058657234
2459479.250309661	1.0003184	0.0005867889
2459479.251698607	1.0001266	0.00058660994
2459479.253087553	1.0001745	0.0005867264
2459479.2544764993	0.99998116	0.0005866189
2459479.2558654454	0.99904454	0.00058645505
2459479.2572543914	0.99999934	0.00058646186
2459479.2586433375	0.9995781	0.0005867161
2459479.2600322836	1.0005201	0.0005865989
2459479.2614212297	1.0003631	0.00058672344
2459479.262810176	1.0003251	0.00058683957
2459479.264199122	0.99952203	0.0005866299
2459479.265588068	0.99958444	0.0005866096
2459479.2669770136	1.0008122	0.0005871001
2459479.2683659596	1.0003794	0.00058683683
2459479.2697549057	0.99853414	0.0005863322
2459479.271143852	1.0005502	0.0005868491
2459479.272532798	0.9988976	0.0005864343
2459479.273921744	0.99973947	0.0005863392
2459479.27531069	0.999646	0.00058657833
2459479.2766996357	1.0004073	0.00058667734
2459479.2780885817	1.0007006	0.0005867602
2459479.279477528	0.99981874	0.0005866861
2459479.2808664734	1.0003092	0.00058663025
2459479.2822554195	1.0000225	0.00058656686
2459479.2836443656	1.0002558	0.0005867092
2459479.2850333117	0.9992926	0.0005864138
2459479.286422258	0.9996885	0.00058670016
2459479.2878112034	0.9993172	0.00058660423
2459479.2892001495	0.9995821	0.00058656564
2459479.2905890956	0.9998266	0.00058667245
2459479.2919780416	1.0004762	0.0005868214
2459479.2933669873	0.9993309	0.0005863232
2459479.2947559333	0.9999723	0.0005864004
2459479.2961448794	1.0001136	0.0005867923
2459479.297533825	0.9995002	0.00058642536
2459479.298922771	0.9993234	0.0005864891
2459479.300311717	1.0005517	0.00058660936
2459479.301700663	1.0000595	0.00058668054
2459479.303089609	1.0000072	0.0005869155
2459479.304478555	1.0008376	0.00058684725
2459479.305867501	1.0013465	0.00058709574
2459479.3072564467	1.0003736	0.0005869108
2459479.3086453923	0.99918777	0.00058642164
2459479.3100343384	0.9991688	0.00058669585
2459479.3114232845	1.0003548	0.00058671966
2459479.3128122305	0.9995793	0.0005866554
2459479.314201176	0.99988174	0.000586586
2459479.3155901222	1.0007997	0.00058683776
2459479.316979068	0.99984366	0.00058665674
2459479.318368014	0.99930316	0.0005865799
2459479.3197569596	1.0011309	0.00058686704
2459479.3211459056	0.9994566	0.0005865951
2459479.3225348517	1.0002137	0.0005867237
2459479.3239237973	0.99962384	0.0005864031
2459479.3253127434	0.99981594	0.00058657705
2459479.3267016895	0.9996556	0.0005867921
2459479.3280906347	0.9987833	0.000586438
2459479.3294795807	1.0002149	0.0005867686
2459479.330868527	0.99979967	0.00058644585
2459479.3322574724	1.000422	0.00058654207
2459479.3336464185	0.9994043	0.0005867036
2459479.335035364	0.9999072	0.0005866867
2459479.33642431	1.000122	0.00058668276
2459479.337813256	0.9999117	0.000586642
2459479.3392022015	0.9997849	0.00058665674
2459479.3405911475	0.99902225	0.00058636355
2459479.341980093	1.0002949	0.0005865388
2459479.3433690392	1.0005013	0.0005867345
2459479.344757985	0.999759	0.00058663654
2459479.346146931	1.0001949	0.0005869776
2459479.3475358766	1.0002282	0.00058675057
2459479.348924822	0.9993244	0.0005865903
2459479.3503137683	0.9997779	0.000586652
2459479.351702714	0.9997394	0.00058655866
2459479.35309166	0.9996991	0.00058654696
2459479.3544806056	0.9999662	0.0005864851
2459479.3558695517	0.99892473	0.0005864911
2459479.357258497	0.9994387	0.0005867344
2459479.358647443	1.0000135	0.00058672513
2459479.3600363885	0.99960256	0.0005866368
2459479.3614253346	0.99869674	0.00058638403
2459479.36281428	0.9999343	0.0005865922
2459479.364203226	1.0005527	0.0005867562
2459479.365592172	0.9997528	0.000586729
2459479.3669811175	0.9998947	0.00058694463
2459479.368370063	0.99986184	0.00058664364
2459479.3697590088	0.9997221	0.0005866611
2459479.371147955	1.0001379	0.0005868654
2459479.3725369005	1.0011524	0.0005868403
2459479.373925846	1.0005821	0.00058685517
2459479.375314792	1.0001898	0.0005867524
2459479.376703738	0.9990125	0.00058636296
2459479.378092683	0.99991804	0.00058671983
2459479.379481629	1.0003783	0.0005868105
2459479.3808705746	1.0000942	0.00058683305
2459479.3822595202	0.9983582	0.0005864004
2459479.3836484663	1.0006855	0.000586855
2459479.385037412	0.9998497	0.0005868278
2459479.3864263576	0.99942964	0.00058658526
2459479.387815303	1.0002807	0.0005868043
2459479.389204249	1.0003011	0.00058668345
2459479.3905931944	0.99967945	0.0005864917
2459479.3919821405	1.0005583	0.0005869425
2459479.393371086	0.99983054	0.0005865554
2459479.3947600317	0.9988692	0.0005865032
2459479.3961489773	0.99926007	0.0005867072
2459479.397537923	0.9990939	0.0005863203
2459479.3989268686	1.0005232	0.0005868189
2459479.400315814	1.000355	0.0005866021
2459479.40170476	0.99964553	0.000586684
2459479.403093706	0.99918765	0.0005862749
2459479.4044826515	0.9992225	0.0005866927
2459479.405871597	1.0006914	0.0005869763
2459479.4072605427	0.99987537	0.00058672245
2459479.408649488	0.9997722	0.00058673153
2459479.410038434	1.0000976	0.0005866478
2459479.4114273796	1.0004523	0.0005870141
2459479.412816325	0.9986924	0.0005864853
2459479.414205271	0.99771994	0.00058614084
2459479.4155942164	0.99986166	0.0005866798
2459479.416983162	0.9999715	0.00058681855
2459479.418372107	0.99890476	0.00058641547
2459479.4197610533	1.0001724	0.00058677315
2459479.421149999	0.99935347	0.00058656017
2459479.4225389445	1.0002273	0.00058685977
2459479.42392789	1.0000935	0.00058656314
2459479.4253168358	0.99977726	0.00058673124
2459479.4267057814	0.99948126	0.00058669253
2459479.4280947265	0.9993861	0.00058668124
2459479.429483672	1.001017	0.00058700825
2459479.4308726178	0.9992991	0.0005866089
2459479.4322615634	0.99943376	0.0005867418
2459479.433650509	0.99970907	0.00058671413
2459479.4350394546	0.9994306	0.0005866334
2459479.4364284	0.9990545	0.00058648037
2459479.4378173454	0.9997943	0.0005868258
2459479.439206291	0.99897665	0.0005864532
2459479.4405952366	0.9995133	0.0005865867
2459479.441984182	1.0002837	0.0005868725
2459479.443373128	0.99994284	0.0005867196
2459479.4447620735	0.9991853	0.00058655016
2459479.446151019	0.9995273	0.0005865953
2459479.4475399647	0.99958265	0.0005865525
2459479.44892891	1.000251	0.00058653037
2459479.4503178555	1.0005594	0.00058669545
2459479.451706801	0.9992537	0.0005866421
2459479.4530957467	1.0004468	0.00058690587
2459479.4544846923	1.0000377	0.00058681064
2459479.455873638	1.000159	0.0005869535
2459479.4572625835	0.99982524	0.0005867171
2459479.4586515287	0.9991604	0.0005864902
2459479.4600404743	0.99925977	0.0005866072
2459479.4614294195	0.9994203	0.0005866237
2459479.462818365	0.9994193	0.000586634
2459479.4642073107	0.9998037	0.00058678474
2459479.4655962563	0.9999805	0.00058679195
2459479.466985202	1.0001011	0.0005867817
2459479.468374147	0.9997671	0.0005865693
2459479.4697630927	0.9994169	0.0005867354
2459479.471152038	0.9993171	0.0005863932
2459479.4725409835	0.99954987	0.00058672734
2459479.473929929	0.999402	0.0005867414
2459479.4753188747	0.99899375	0.0005865702
2459479.4767078203	1.0008062	0.00058696506
2459479.4780967655	0.99825096	0.00058617606
2459479.4794857106	0.99946284	0.00058651477
2459479.4808746562	1.000276	0.0005868693
2459479.482263602	0.9990708	0.0005866101
2459479.483652547	0.9984566	0.0005863984
2459479.4850414926	0.9995881	0.0005865334
2459479.4864304382	1.0004073	0.0005868763
2459479.487819384	0.9997003	0.0005866289
2459479.4892083285	0.9993351	0.00058670575
2459479.490597274	1.0005325	0.0005867901
2459479.49198622	0.99902225	0.00058652647
2459479.493375165	0.9991708	0.0005865338
2459479.4947641105	0.9995065	0.00058668066
2459479.496153056	0.9988773	0.0005864158
2459479.4975420013	1.0003844	0.0005868901
2459479.4989309465	0.9997384	0.0005865763
2459479.500319892	0.9999122	0.00058674644
2459479.501708837	0.99941784	0.0005865367
2459479.503097783	1.0003675	0.0005868311
2459479.5044867285	1.0002831	0.0005868387
2459479.5058756736	1.0006922	0.00058707176
2459479.507264619	0.9996656	0.00058656133
2459479.5086535644	0.99910927	0.0005865047
2459479.5100425095	1.000424	0.0005866756
2459479.511431455	0.9999528	0.0005868127
2459479.5128204003	0.99952173	0.0005867209
2459479.514209346	1.000139	0.0005867282
2459479.515598291	1.0003961	0.0005868411
2459479.5169872367	0.99973255	0.0005867332
2459479.5183761823	1.0002444	0.00058676564
2459479.519765127	1.000294	0.0005868562
2459479.5211540726	0.99966526	0.00058693363
2459479.5225430178	1.0006721	0.00058684155
2459479.5239319634	1.0000749	0.0005867306
2459479.5253209085	1.0000533	0.000586622
2459479.526709854	0.9988266	0.0005866153
2459479.5280987993	0.99953634	0.0005867435
2459479.5294877444	0.99889815	0.0005865577
2459479.5308766896	0.99979836	0.0005868689
2459479.532265635	1.0011181	0.00058701704
2459479.5336545804	0.999024	0.0005864688
2459479.535043526	1.0001342	0.0005866945
2459479.536432471	0.99982077	0.00058667787
2459479.5378214163	0.99977124	0.0005865834
2459479.5392103614	0.99997133	0.0005867604
2459479.5405993066	0.999411	0.00058672397
2459479.541988252	0.99960303	0.0005866939
2459479.5433771973	0.99956393	0.0005867973
2459479.544766143	0.99986106	0.0005868213
2459479.546155088	0.9988498	0.00058661366
2459479.5475440333	0.9992339	0.00058668875
2459479.5489329784	1.0000577	0.0005867535
2459479.5503219236	1.0004268	0.0005866892
2459479.5517108687	0.99961394	0.00058680214
2459479.5530998143	0.99967325	0.00058675255
2459479.5544887595	0.9998614	0.00058684463
2459479.5558777046	0.9993526	0.000586646
2459479.5572666503	0.99969923	0.0005866619
2459479.5586555954	1.0003356	0.00058677956
2459479.56004454	0.9994088	0.00058665534
2459479.5614334857	0.9995194	0.0005866801
2459479.562822431	1.0004144	0.0005867389
2459479.564211376	0.9989588	0.0005864159
2459479.5656003216	1.0000497	0.00058665854
2459479.566989267	0.99956894	0.00058662443
2459479.568378212	0.99968165	0.0005868639
2459479.5697671566	1.0004692	0.0005868973
2459479.571156102	0.99878633	0.0005864725
2459479.5725450474	0.9998541	0.00058663264
2459479.5739339925	0.99969923	0.0005866904
2459479.5753229377	0.99960893	0.00058676663
2459479.576711883	1.0000192	0.00058671704
2459479.5781008285	0.9994385	0.00058647833
2459479.579489773	0.99933875	0.00058637693
2459479.5808787183	0.9993661	0.0005867624
2459479.5822676634	0.99921983	0.00058672443
2459479.5836566086	0.9992915	0.000586523
2459479.585045554	0.99888784	0.00058641203
2459479.5864344994	0.9981404	0.0005862767
2459479.5878234445	0.99824417	0.00058628694
2459479.589212389	0.99847233	0.0005862394
2459479.5906013343	0.997509	0.00058619666
2459479.5919902795	0.9967699	0.0005857675
2459479.5933792247	0.99523115	0.0005855433
2459479.5947681703	0.9938778	0.0005851814
2459479.5961571154	0.9939383	0.00058515614
2459479.5975460606	0.9930331	0.00058501284
2459479.5989350057	0.99105626	0.00058456475
2459479.6003239504	0.98985744	0.0005842215
2459479.6017128956	0.989224	0.000584071
2459479.6031018407	0.98931795	0.00058417476
2459479.604490786	0.9913004	0.00058458274
2459479.605879731	0.9879787	0.0005837434
2459479.607268676	0.98900807	0.000583855
2459479.6086576213	0.98805004	0.0005837334
2459479.610046566	0.9876222	0.00058382354
2459479.611435511	0.9891034	0.0005838405
2459479.6128244563	0.9881213	0.0005837501
2459479.6142134015	0.98796004	0.00058378576
2459479.6156023466	0.9873877	0.0005835232
2459479.6169912918	0.98788714	0.00058378227
2459479.618380237	0.98824394	0.0005838614
2459479.6197691816	0.9877227	0.00058378937
2459479.6211581267	0.9879021	0.00058387936
2459479.622547072	0.98868066	0.0005840156
2459479.623936017	0.987563	0.0005835512
2459479.625324962	0.98815095	0.0005838046
2459479.6267139073	0.98749393	0.0005835042
2459479.6281028525	0.9869788	0.0005835246
2459479.629491797	0.98723906	0.0005835216
2459479.6308807423	0.98706466	0.000583596
2459479.6322696875	0.9865775	0.00058338867
2459479.633658632	0.98707074	0.0005835064
2459479.6350475773	0.98606074	0.0005832161
2459479.6364365225	0.9868836	0.0005833594
2459479.6378254676	0.9869757	0.0005835459
2459479.639214413	0.9877114	0.0005835927
2459479.6406033575	0.9871726	0.0005835104
2459479.6419923026	0.987714	0.00058370864
2459479.6433812473	0.9862081	0.0005834
2459479.6447701924	0.9874205	0.00058365345
2459479.6461591376	0.9872931	0.00058354787
2459479.6475480828	0.9868762	0.00058356137
2459479.648937028	0.9868577	0.00058338745
2459479.650325972	0.9858167	0.00058324815
2459479.6517149173	0.986931	0.0005835544
2459479.6531038624	0.9868689	0.00058339915
2459479.6544928076	0.9865867	0.00058345956
2459479.6558817527	0.98680735	0.000583321
2459479.6572706974	0.9866897	0.000583432
2459479.6586596426	0.98656267	0.0005834074
2459479.6600485872	0.98695207	0.0005835438
2459479.661437532	0.9862107	0.00058320916
2459479.662826477	0.9874176	0.0005836489
2459479.6642154222	0.9869955	0.00058357645
2459479.6656043674	0.98742115	0.00058367144
2459479.666993312	0.98737574	0.00058344234
2459479.668382257	0.98638844	0.0005832446
2459479.669771202	0.98585504	0.00058321754
2459479.6711601466	0.98697275	0.0005835774
2459479.6725490917	0.98643434	0.0005832364
2459479.673938037	0.9872944	0.00058347796
2459479.6753269816	0.9866069	0.00058356376
2459479.6767159267	0.9861492	0.00058328063
2459479.678104872	0.98690164	0.0005833977
2459479.6794938166	0.98785275	0.0005838253
2459479.6808827613	0.98698133	0.0005834893
2459479.682271706	0.9860564	0.0005834103
2459479.683660651	0.9884884	0.0005838575
2459479.6850495962	0.98676366	0.00058357965
2459479.686438541	0.987488	0.00058342476
2459479.687827486	0.9861041	0.00058327784
2459479.6892164308	0.9876518	0.00058365805
2459479.6906053755	0.9869826	0.00058360485
2459479.6919943206	0.98766315	0.00058364274
2459479.6933832653	0.98648685	0.00058348064
2459479.6947722104	0.9868049	0.0005834872
2459479.696161155	0.9880848	0.00058389007
2459479.6975501003	0.9862045	0.0005834594
2459479.698939045	0.98774326	0.0005835607
2459479.7003279896	0.98704976	0.0005835833
2459479.7017169343	0.9879306	0.0005838668
2459479.7031058795	0.9870502	0.0005835171
2459479.704494824	0.9880818	0.0005837885
2459479.7058837693	0.98690504	0.00058348407
2459479.707272714	0.988696	0.0005839129
2459479.708661659	0.9878024	0.0005837615
2459479.7100506034	0.9886119	0.0005838717
2459479.711439548	0.98902315	0.00058396446
2459479.712828493	0.9861623	0.00058345427
2459479.714217438	0.9880843	0.0005838226
2459479.715606383	0.98777515	0.0005835696
2459479.7169953277	0.9882912	0.000583823
2459479.718384273	0.98833925	0.00058382814
2459479.7197732176	0.9892663	0.00058401685
2459479.721162162	0.98826766	0.00058396306
2459479.722551107	0.9887618	0.00058403926
2459479.7239400516	0.98808074	0.00058402726
2459479.7253289963	0.98955095	0.0005842883
2459479.7267179415	0.9899618	0.00058414805
2459479.728106886	0.99149233	0.00058478373
2459479.729495831	0.99142116	0.0005847158
2459479.7308847755	0.99203247	0.00058499933
2459479.73227372	0.9937572	0.00058516744
2459479.733662665	0.9950796	0.0005856279
2459479.73505161	0.9963534	0.0005858479
2459479.7364405547	0.99797684	0.0005864222
2459479.7378294994	0.9981194	0.0005862956
2459479.7392184446	0.99909574	0.00058653165
2459479.740607389	0.99991715	0.000586689
2459479.7419963335	0.9995313	0.0005867166
2459479.743385278	1.0002894	0.00058693043
2459479.7447742233	1.0008053	0.0005869622
2459479.746163168	1.0005502	0.0005871113
2459479.7475521127	0.99910915	0.0005868167
2459479.7489410574	1.0002726	0.0005868127
2459479.750330002	0.99989563	0.0005868736
2459479.7517189467	0.99889624	0.00058643956
2459479.7531078914	0.9985918	0.0005863923
2459479.754496836	0.9993006	0.0005866592
2459479.755885781	1.0001612	0.0005867759
2459479.757274726	1.0001999	0.0005868053
2459479.7586636706	1.0000913	0.00058672525
2459479.7600526153	0.9994021	0.00058663933
2459479.7614415595	0.99841994	0.000586446
2459479.762830504	1.0003097	0.00058666366
2459479.764219449	0.99960834	0.0005869218
2459479.765608394	0.9993183	0.000586785
2459479.7669973387	1.0008266	0.0005869667
2459479.7683862834	0.9997863	0.0005867573
2459479.769775228	1.0008504	0.00058700785
2459479.7711641723	0.99919325	0.0005865669
2459479.772553117	1.0001174	0.0005869718
2459479.7739420617	0.99971485	0.00058659643
2459479.7753310064	1.000335	0.0005870747
2459479.776719951	0.99963397	0.0005864657
2459479.7781088958	0.9994814	0.00058684906
2459479.7794978404	0.99963754	0.0005868834
2459479.780886785	1.0001462	0.0005869503
2459479.78227573	0.9987961	0.0005865177
2459479.7836646745	0.9993157	0.00058668246
2459479.785053619	0.99913794	0.00058661966
2459479.786442564	0.99957687	0.00058681885
2459479.7878315086	0.9994054	0.0005866294
2459479.7892204532	0.99981904	0.0005867289
2459479.790609398	1.0002248	0.0005869297
2459479.791998342	0.9996038	0.0005865783
2459479.793387287	0.99909294	0.0005866102
2459479.7947762315	0.99915606	0.0005867405
2459479.796165176	0.99941033	0.0005866578
2459479.7975541204	0.9997085	0.00058673864
2459479.798943065	0.99971765	0.00058661617
2459479.80033201	0.999798	0.0005867222
2459479.801720954	1.0000495	0.0005869412
2459479.8031098987	0.99992836	0.0005866884
2459479.8044988434	0.99934244	0.000586746
2459479.805887788	0.9989984	0.0005867411
2459479.8072767328	1.0004588	0.0005868902
2459479.8086656774	0.99918467	0.0005866493
2459479.810054622	0.99875885	0.0005864901
2459479.8114435663	0.9995209	0.00058676617
2459479.8128325106	1.0006778	0.00058712874
2459479.8142214552	1.0001626	0.00058687903
2459479.8156104	0.9997656	0.00058661273
2459479.8169993446	1.0000455	0.000586673
2459479.8183882893	0.99933696	0.0005867136
2459479.819777234	0.9990046	0.00058647356
2459479.8211661777	1.0007254	0.00058684015
2459479.8225551224	0.9978123	0.0005861629
2459479.823944067	0.9985415	0.00058651855
2459479.825333012	0.9993588	0.0005866689
2459479.8267219565	1.0007554	0.000587141
2459479.8281109007	0.9995692	0.00058680587
2459479.8294998454	1.0004799	0.0005869088
2459479.83088879	0.9991118	0.00058663054
2459479.8322777343	1.0002539	0.0005869386
2459479.833666679	1.0005059	0.000586948
2459479.835055623	0.99935895	0.00058672647
2459479.836444568	0.99890155	0.00058658776
2459479.8378335126	0.9994859	0.00058691826
2459479.839222457	0.99929106	0.0005866504
2459479.8406114015	0.9992962	0.00058667606
2459479.8420003457	0.9990792	0.0005867233
2459479.8433892904	0.9993708	0.0005866825
2459479.8447782346	1.0004146	0.00058702845
2459479.8461671793	0.9992769	0.00058666605
2459479.847556124	0.9993996	0.000586896
2459479.848945068	0.9993065	0.0005867123
2459479.850334013	0.99940085	0.00058672164
2459479.851722957	0.9993914	0.00058670476
2459479.8531119013	0.99941874	0.0005868312
2459479.854500846	1.0001919	0.00058698334
2459479.85588979	0.9990076	0.0005866159
2459479.857278735	0.9999386	0.0005867153
2459479.8586676796	0.9993105	0.0005867692
2459479.860056624	1.0004115	0.0005868755
2459479.861445568	1.0001031	0.00058663887
2459479.8628345123	0.99994224	0.0005869304
2459479.864223457	0.9998327	0.000586895
2459479.8656124016	0.9991238	0.00058665127
2459479.867001346	0.99916476	0.00058669073
2459479.8683902905	1.0005771	0.00058699085
2459479.8697792348	1.0001212	0.0005870931
2459479.8711681794	0.9997895	0.00058673986
2459479.872557123	1.0003607	0.0005869871
2459479.873946068	0.9995896	0.000586645
2459479.875335012	0.9997081	0.0005866907
2459479.876723957	0.9996144	0.0005867731
2459479.878112901	1.000106	0.0005869872
2459479.8795018457	0.9989166	0.0005865671
2459479.88089079	1.0002731	0.0005869914
2459479.882279734	1.0004075	0.0005870849
2459479.8836686783	1.001143	0.00058721605
2459479.885057623	1.0003858	0.0005869001
2459479.8864465673	0.99959755	0.0005866894
2459479.887835512	0.9993901	0.0005864284
2459479.889224456	0.99969363	0.0005868134
2459479.8906134004	0.9990295	0.0005865705
2459479.8920023446	0.99981016	0.0005867621
2459479.893391289	0.99934417	0.0005867846
2459479.8947802335	0.99927825	0.00058672845
2459479.8961691777	0.99994147	0.0005869405
2459479.897558122	0.9998279	0.0005867425
2459479.8989470666	1.0011091	0.00058701466
2459479.900336011	1.0000374	0.00058693974
2459479.901724955	0.9998972	0.0005869566
2459479.9031138993	0.9997773	0.000586986
2459479.9045028435	0.9995946	0.00058664754
2459479.905891788	0.9991524	0.0005866523
2459479.9072807324	0.99922657	0.0005867997
2459479.9086696766	0.99822176	0.0005864185
2459479.9100586213	1.0009023	0.00058699667
2459479.9114475655	0.9994702	0.0005867451
2459479.9128365093	0.9996292	0.0005867294
2459479.9142254535	0.99995637	0.00058696343
2459479.915614398	0.99890095	0.00058655854
2459479.9170033424	0.9992551	0.0005865049
2459479.9183922866	0.9996469	0.00058681564
2459479.9197812313	1.0002581	0.00058689935
2459479.9211701755	0.9997745	0.00058669597
2459479.9225591193	0.99995923	0.0005867757
2459479.9239480635	1.0006833	0.00058710884
2459479.925337008	0.9991383	0.00058658177
2459479.9267259524	0.99919325	0.0005865687
2459479.9281148966	0.99961644	0.0005868153
2459479.929503841	0.99985224	0.00058682077
2459479.930892785	0.9992197	0.0005866613
2459479.9322817293	0.9989489	0.0005866501
2459479.9336706735	1.0001671	0.0005870324
2459479.9350596177	0.9999183	0.00058683835
2459479.936448562	0.9999972	0.0005868525
2459479.937837506	1.0007476	0.00058732566
2459479.9392264504	0.9987545	0.00058657903
2459479.940615395	1.0006644	0.00058694853
2459479.942004339	0.99956375	0.0005868281
2459479.943393283	0.99941164	0.00058677234
2459479.9447822273	1.000375	0.00058692385
2459479.9461711715	0.9994513	0.0005865737
2459479.9475601157	0.99973214	0.0005868262
2459479.94894906	0.9991981	0.00058670243
2459479.950338004	1.0004734	0.00058676756
2459479.9517269484	0.99979585	0.0005869386
2459479.9531158926	0.99926114	0.0005867455
2459479.954504837	0.99915785	0.00058667426
2459479.955893781	0.9994725	0.00058674166
2459479.9572827253	0.9998008	0.0005870573
2459479.9586716695	1.0004979	0.0005868038
2459479.9600606137	0.9989976	0.00058638
2459479.961449558	0.99973786	0.00058676454
2459479.9628385017	0.9998343	0.00058683933
2459479.964227446	1.0008967	0.00058699097
2459479.96561639	1.0000933	0.00058679597
2459479.9670053343	0.9996353	0.00058670883
2459479.9683942785	1.0001435	0.0005868705
2459479.969783223	0.99906087	0.0005865966
2459479.971172167	0.99982107	0.0005865669
2459479.9725611107	0.9999413	0.0005870448
2459479.973950055	0.99988973	0.00058682176
2459479.975338999	1.0002929	0.0005869093
2459479.9767279434	0.9991987	0.00058648945
2459479.9781168876	0.99957633	0.0005867437
2459479.9795058314	0.9997222	0.0005869191
2459479.9808947756	0.99951065	0.0005868374
2459479.9822837193	0.999342	0.0005865138
2459479.9836726636	0.9987221	0.0005864936
2459479.985061608	0.99929696	0.0005867861
2459479.986450552	0.9998301	0.00058690784
2459479.987839496	1.000275	0.00058691006
2459479.9892284404	1.0002221	0.0005870512
2459479.9906173847	0.99842465	0.000586557
2459479.9920063284	1.0001521	0.0005868615
2459479.993395272	1.0004023	0.0005869917
2459479.9947842164	1.0001421	0.00058697956
2459479.9961731606	0.9997932	0.00058685406
2459479.997562105	1.0005913	0.0005869195
2459479.998951049	1.0000043	0.00058707397
2459480.000339993	0.9991472	0.00058667717
2459480.001728937	1.0004282	0.0005869202
2459480.003117881	0.99934834	0.00058677705
2459480.004506825	0.99945915	0.000586761
2459480.005895769	0.99991983	0.00058670907
2459480.007284713	0.9998474	0.00058687304
2459480.008673657	0.99976075	0.0005871341
2459480.0100626014	0.99949884	0.0005867322
2459480.0114515456	0.9996569	0.00058678153
2459480.012840489	1.0007247	0.00058719545
2459480.014229433	0.99946654	0.00058678526
2459480.0156183774	0.9997969	0.0005868929
2459480.0170073216	1.001102	0.0005873418
2459480.0183962653	1.000138	0.0005869617
2459480.0197852096	0.9993378	0.00058670784
2459480.021174154	1.0008451	0.00058716163
2459480.022563097	0.99943405	0.00058674876
2459480.0239520413	0.9988019	0.00058656425
2459480.0253409855	1.0005745	0.00058703945
2459480.0267299293	0.99881715	0.00058655225
2459480.0281188735	1.0004764	0.00058716256
2459480.0295078177	0.9999755	0.000586858
2459480.0308967615	0.9996855	0.0005870354
2459480.0322857057	1.0002843	0.00058721215
2459480.0336746494	0.99974537	0.00058694376
2459480.035063593	0.99915045	0.00058673794
2459480.0364525374	1.0003487	0.0005870287
2459480.037841481	0.9994111	0.00058675715
2459480.0392304254	1.0002993	0.0005870232
2459480.0406193696	0.99957705	0.0005869324
2459480.0420083134	0.99908906	0.000586524
2459480.043397257	0.99919343	0.0005869172
2459480.044786201	0.9997673	0.0005867623
2459480.046175145	0.99988323	0.00058672257
2459480.047564089	0.9987547	0.0005867134
2459480.048953033	0.9997276	0.0005865521
2459480.050341977	0.9994655	0.00058678177
2459480.051730921	1.0005512	0.00058697915
2459480.0531198643	1.0005689	0.0005868225
2459480.0545088085	0.9990847	0.00058675616
2459480.0558977523	1.0000877	0.00058697816
2459480.0572866965	0.9986623	0.0005867102
2459480.0586756403	0.99964285	0.00058690953
2459480.0600645845	1.0001051	0.0005871512
2459480.0614535282	0.99936366	0.0005866777
2459480.062842472	0.99969023	0.0005869097
2459480.0642314157	0.999344	0.0005867905
2459480.06562036	0.99860877	0.00058663526
2459480.0670093037	0.99905276	0.0005866693
2459480.068398248	0.9983028	0.0005865366
2459480.0697871917	1.0004606	0.00058703043
2459480.0711761354	0.9993976	0.0005867795
2459480.0725650797	0.9995173	0.00058676046
2459480.073954023	0.99977297	0.00058683514
2459480.075342967	0.99983805	0.00058680936
2459480.076731911	1.0007234	0.00058715016
2459480.0781208547	0.9993459	0.0005869331
2459480.079509799	0.9989671	0.00058683177
2459480.0808987427	1.0008664	0.00058712286
2459480.0822876864	1.0008287	0.0005869329
2459480.08367663	0.99988395	0.0005869366
2459480.085065574	1.0003539	0.00058703386
2459480.0864545177	0.9996436	0.0005869923
2459480.087843462	0.99927396	0.00058685447
2459480.0892324056	1.0001894	0.00058704306
2459480.0906213494	1.0000597	0.0005869916
2459480.0920102936	0.9994185	0.00058682053
2459480.093399237	0.9993997	0.0005869377
2459480.0947881807	0.9991825	0.0005866891
2459480.0961771244	0.9996321	0.0005869161
2459480.0975660686	1.0004574	0.0005872094
2459480.0989550124	1.0001686	0.00058724417
2459480.100343956	0.9992935	0.0005867993
2459480.1017329	0.9998063	0.0005868202
2459480.103121844	0.9993301	0.0005867922
2459480.1045107874	0.9997946	0.0005868202
2459480.105899731	0.9997824	0.00058704085
2459480.107288675	0.9997136	0.0005870682
2459480.108677619	0.9992744	0.00058683933
2459480.110066563	0.9988472	0.0005866967
2459480.1114555066	0.99960047	0.000586915
2459480.1128444504	0.9997077	0.00058693124
2459480.1142333937	1.0000709	0.00058692216
2459480.1156223374	0.9996346	0.000586855
2459480.1170112817	1.0005529	0.00058708934
2459480.1184002254	0.99973226	0.0005868227
2459480.119789169	1.0001445	0.0005868366
2459480.121178113	0.99997246	0.000586997
2459480.1225670567	0.99950796	0.00058705104
2459480.123956	1.0000467	0.0005869428
2459480.1253449437	1.0008898	0.0005870738
2459480.126733888	0.999953	0.00058699684
2459480.1281228317	0.99901986	0.0005866298
2459480.1295117754	0.9988201	0.00058672513
2459480.130900719	0.99997383	0.0005870866
2459480.132289663	0.99930334	0.000586645
2459480.1336786062	0.99986935	0.00058692053
2459480.13506755	0.9999874	0.00058705674
2459480.1364564938	1.0002034	0.00058701256
2459480.1378454375	1.0009503	0.0005871932
2459480.1392343813	0.9996045	0.0005868374
2459480.140623325	0.9995208	0.0005868359
2459480.142012269	0.99915045	0.0005866584
2459480.1434012125	1.0001394	0.0005871049
2459480.144790156	1.0005349	0.00058688776
2459480.1461790996	0.99938464	0.0005867924
2459480.1475680433	1.0002284	0.0005868831
2459480.148956987	0.9996522	0.00058689446
2459480.150345931	1.0008724	0.0005872078
2459480.1517348746	0.9993578	0.0005867577
2459480.1531238183	0.99991727	0.00058696826
2459480.1545127616	0.99973226	0.0005868934
2459480.1559017054	0.99974334	0.00058702886
2459480.157290649	0.9994304	0.0005869959
2459480.158679593	1.0002843	0.00058694155
2459480.1600685366	1.0006889	0.0005870353
2459480.1614574804	1.0002632	0.00058695994
2459480.1628464237	1.0004209	0.00058696215
2459480.164235367	1.0004311	0.0005871947
2459480.1656243107	0.999955	0.0005869033
2459480.1670132545	0.99982697	0.00058694324
2459480.1684021982	0.99998105	0.0005868041
2459480.169791142	0.9999094	0.00058709044
2459480.1711800857	1.0008458	0.00058709737
2459480.1725690295	1.0006483	0.0005871113
2459480.1739579723	0.99970704	0.00058684195
2459480.175346916	1.0002942	0.0005869706
2459480.17673586	0.99994266	0.00058686634
2459480.1781248036	0.9999176	0.0005869699
2459480.1795137473	0.9997055	0.0005869394
2459480.1809026906	1.0008916	0.0005871268
2459480.1822916344	1.0003363	0.00058693124
2459480.183680578	0.99940884	0.0005869377
2459480.1850695214	1.0009605	0.0005871884
2459480.186458465	0.9992803	0.0005867883
2459480.1878474085	0.99967355	0.0005871025
2459480.189236352	1.0000378	0.000587009
2459480.190625296	1.0014704	0.0005873391
2459480.1920142397	1.0000635	0.0005869291
2459480.193403183	0.99865216	0.0005866353
2459480.1947921263	0.9996136	0.00058696716
2459480.19618107	1.0004154	0.0005869295
2459480.1975700133	0.9995806	0.0005869364
2459480.198958957	0.99984723	0.0005870042
2459480.200347901	0.99931973	0.00058674184
2459480.2017368446	0.99960876	0.0005868173
2459480.203125788	0.9995583	0.0005870367
2459480.204514731	0.9996323	0.0005870522
2459480.205903675	0.999248	0.0005867568
2459480.207292618	0.99921036	0.000586781
2459480.208681562	0.9993465	0.0005867147
2459480.2100705057	0.9995174	0.00058683276
2459480.211459449	0.9994019	0.0005868084
2459480.212848393	0.9998592	0.0005869932
2459480.2142373356	0.9994842	0.00058701134
2459480.2156262794	1.0008425	0.00058697234
2459480.217015223	0.9995614	0.0005867581
2459480.2184041664	0.9992622	0.0005867242
2459480.21979311	0.99965614	0.000586948
2459480.2211820534	1.000172	0.00058734504
2459480.222570997	1.0010324	0.00058715156
2459480.2239599405	1.0003905	0.0005870199
2459480.225348884	1.0006375	0.00058703346
2459480.2267378275	1.0003756	0.0005870762
2459480.228126771	0.9992709	0.00058662065
2459480.2295157146	0.99956465	0.00058681046
2459480.230904658	0.99970984	0.00058685296
2459480.2322936016	1.0001405	0.00058693346
2459480.233682545	0.99903893	0.00058675394
2459480.235071488	1.0000311	0.0005870082
2459480.2364604315	1.0007894	0.0005869928
2459480.2378493752	1.0007643	0.0005872309
2459480.2392383185	1.0005618	0.0005871108
2459480.2406272623	0.9990738	0.0005869005
2459480.2420162056	0.9990931	0.0005866605
2459480.2434051493	0.99986625	0.00058711204
2459480.244794092	1.0007634	0.0005871798
2459480.2461830354	0.9996824	0.0005869321
2459480.247571979	1.0005045	0.0005871093
2459480.2489609225	0.9994363	0.0005870972
2459480.250349866	1.0005335	0.0005870024
2459480.2517388095	0.9996693	0.00058687525
2459480.2531277533	0.9999017	0.0005870492
2459480.254516696	0.99915445	0.00058689504
2459480.2559056394	1.000049	0.0005869376
2459480.257294583	0.9999081	0.00058693474
2459480.2586835264	1.0002929	0.0005869201
2459480.2600724697	0.99977136	0.0005869257
2459480.2614614135	0.9993847	0.0005869277
2459480.2628503568	1.0002749	0.00058690284
2459480.2642393	0.99949324	0.0005869523
2459480.2656282433	1.0002084	0.000587067
2459480.2670171866	0.9999361	0.0005867637
2459480.26840613	0.9997553	0.0005868607
2459480.2697950737	0.99906695	0.0005867618
2459480.271184017	0.99957013	0.00058689207
2459480.2725729602	1.0004026	0.00058708456
2459480.273961904	0.9998785	0.00058693637
2459480.275350847	0.9988123	0.0005867292
2459480.27673979	1.0001799	0.00058717706
2459480.2781287334	0.999938	0.0005868245
2459480.279517677	1.0012248	0.0005873646
2459480.2809066204	1.0002528	0.00058705575
2459480.2822955637	0.9999719	0.000586865
2459480.283684507	1.0000143	0.0005869808
2459480.2850734503	1.0001104	0.0005869539
2459480.2864623936	0.99954987	0.00058694975
2459480.287851337	0.9990266	0.00058670423
2459480.28924028	1.0004219	0.00058726413
2459480.2906292235	0.99933714	0.0005869304
2459480.292018167	1.0006878	0.000586954
2459480.2934071105	1.0002154	0.0005871458
2459480.2947960533	1.0003791	0.0005871703
2459480.2961849966	1.0011187	0.00058717007
2459480.29757394	0.9993319	0.0005868575
2459480.298962883	0.99956316	0.00058703515
2459480.300351827	1.0004855	0.0005871789
2459480.30174077	0.998947	0.0005867335
2459480.3031297135	1.0008026	0.000587415
2459480.304518657	0.99938446	0.00058691093
2459480.3059075996	0.99929357	0.000586848
2459480.307296543	0.99928826	0.00058695104
2459480.308685486	0.99940735	0.0005869027
2459480.3100744295	0.99985063	0.0005870207
2459480.311463373	0.99974537	0.0005868927
2459480.312852316	1.0009907	0.00058728596
2459480.31424126	0.99863213	0.0005868319
2459480.3156302026	1.000349	0.0005871582
2459480.317019146	0.99929076	0.0005868176
2459480.318408089	0.99914026	0.000586984
2459480.3197970325	1.0001272	0.00058702915
2459480.321185976	1.0002646	0.00058701006
2459480.322574919	1.0006609	0.0005874817
2459480.3239638624	1.0010277	0.00058747805
2459480.325352805	1.000524	0.0005872396
2459480.3267417485	1.0005374	0.00058712927
2459480.328130692	0.99998116	0.0005871216
2459480.329519635	1.0000434	0.00058710657
2459480.3309085784	1.0006629	0.0005871567
2459480.3322975216	0.9994688	0.0005867995
2459480.333686465	1.0001374	0.0005869468
2459480.3350754078	0.99971527	0.00058711367
2459480.336464351	0.999952	0.00058690074
2459480.337853294	1.000419	0.00058725424
2459480.339242237	0.9995427	0.0005869389
2459480.3406311804	0.99921864	0.0005869523
2459480.3420201237	0.9993213	0.00058688293
2459480.343409067	1.0020934	0.0005875773
2459480.3447980103	0.9990604	0.000586982
2459480.346186953	0.9993234	0.00058693445
2459480.3475758964	0.9997865	0.0005871417
2459480.3489648397	0.99978554	0.0005871107
2459480.3503537825	1.0007606	0.0005872445
2459480.351742726	1.0000846	0.00058718846
2459480.353131669	1.0011721	0.00058743363
2459480.3545206124	0.9995994	0.0005870542
2459480.355909555	1.0001153	0.00058710243
2459480.3572984985	1.0009497	0.000587396
2459480.358687442	1.0000813	0.00058720744
2459480.3600763846	0.9995367	0.00058723683
2459480.361465328	1.000374	0.0005872113
2459480.362854271	0.99996793	0.00058709463
2459480.3642432145	1.0000546	0.0005873298
2459480.365632157	0.99954784	0.0005871785
2459480.3670211	0.99982107	0.00058705284
2459480.3684100434	1.0000144	0.0005870772
2459480.3697989867	1.0002471	0.00058720354
2459480.37118793	1.0000454	0.00058714335
2459480.372576873	1.0002358	0.0005872096
2459480.373965816	0.999608	0.0005869743
2459480.3753547594	1.0002466	0.00058710604
2459480.3767437018	1.0009199	0.0005871957
2459480.378132645	1.0000775	0.0005870525
2459480.3795215883	0.99851984	0.0005868685
2459480.3809105316	1.0006505	0.0005873555
2459480.3822994744	0.99902594	0.000586828
2459480.3836884177	0.9998745	0.00058709126
2459480.385077361	1.000783	0.00058730744
2459480.3864663034	0.9991543	0.000586954
2459480.3878552467	0.999798	0.00058703055
2459480.38924419	1.0008006	0.00058741577
2459480.390633133	1.0012566	0.00058740296
2459480.392022076	1.0002502	0.0005871877
2459480.393411019	0.99934524	0.00058708165
2459480.394799962	1.0000114	0.0005871472
2459480.396188905	0.99957913	0.0005871816
2459480.397577848	0.99991554	0.0005871304
2459480.398966791	1.0001041	0.00058719737
2459480.400355734	0.99946094	0.0005869137
2459480.401744677	0.99958974	0.00058706605
2459480.4031336205	0.9993766	0.0005868513
2459480.4045225633	1.0006828	0.0005870693
2459480.405911506	0.99993396	0.000587099
2459480.407300449	0.99939525	0.0005870999
2459480.4086893923	1.0006808	0.0005872867
2459480.410078335	0.99986166	0.00058694056
2459480.4114672784	0.99927217	0.0005870607
2459480.412856221	1.0003788	0.0005872552
2459480.4142451645	1.0001106	0.0005870328
2459480.4156341073	1.0010096	0.0005874022
2459480.41702305	0.9994165	0.0005870436
2459480.418411993	0.99942434	0.000587022
2459480.4198009362	1.000607	0.0005872478
2459480.421189879	0.9990882	0.00058699964
2459480.4225788224	1.0006127	0.0005871842
2459480.423967765	0.99876857	0.00058675994
2459480.4253567085	0.9998069	0.0005872162
2459480.426745651	0.99866295	0.0005870179
2459480.428134594	0.99962294	0.0005871966
2459480.429523537	0.999832	0.00058706664
2459480.43091248	1.0000936	0.0005872422
2459480.432301423	0.9992376	0.0005870091
2459480.433690366	1.000424	0.0005872724
2459480.435079309	0.9996327	0.0005872037
2459480.4364682515	1.0003422	0.0005873048
2459480.437857195	0.99998784	0.0005871287
2459480.4392461376	1.000638	0.0005872265
2459480.4406350804	1.0008363	0.0005875184
2459480.4420240237	1.0003064	0.00058722735
2459480.4434129666	0.9994332	0.00058704446
2459480.4448019094	0.99969643	0.0005870694
2459480.446190852	1.0005363	0.0005871612
2459480.447579795	1.0009508	0.00058746117
2459480.448968738	1.0005732	0.0005871042
2459480.450357681	0.998875	0.00058684044
2459480.451746624	0.99971074	0.0005871676
2459480.453135567	1.0003928	0.00058725115
2459480.45452451	1.0003966	0.00058725104
2459480.455913453	1.0001487	0.0005873569
2459480.4573023953	0.9997469	0.0005871197
2459480.458691338	0.9999351	0.00058712653
2459480.4600802814	0.99880713	0.00058693124
2459480.461469224	1.00058	0.0005872242
2459480.462858167	0.99982697	0.00058705657
2459480.46424711	1.0009766	0.0005872485
2459480.465636053	1.0009162	0.00058728084
2459480.4670249955	1.0006353	0.0005873814
2459480.4684139383	0.9997613	0.00058713305
2459480.469802881	1.0007991	0.0005872137
2459480.471191824	0.99963427	0.0005872063
2459480.4725807672	1.0001478	0.0005871933
2459480.47396971	1.0006343	0.0005872945
2459480.475358653	1.0003104	0.0005872331
2459480.4767475952	1.0009923	0.00058729
2459480.478136538	1.0001212	0.00058719236
2459480.479525481	1.0010802	0.00058739516
2459480.480914424	1.000246	0.0005873685
2459480.482303367	0.99990284	0.00058712444
2459480.48369231	0.99916893	0.0005870064
2459480.4850812526	0.99974936	0.0005871234
2459480.486470195	1.0009629	0.0005873788
2459480.487859138	0.99989504	0.0005872788
2459480.4892480806	1.0002855	0.00058733136
2459480.4906370235	0.9997366	0.0005870507
2459480.4920259668	1.0005635	0.0005872469
2459480.4934149096	1.0010347	0.000587402
2459480.4948038524	1.0012956	0.00058748625
2459480.496192795	1.000042	0.00058716454
2459480.4975817376	0.9991928	0.0005869254
2459480.4989706804	1.0010186	0.0005875951
2459480.500359623	1.0015314	0.000587551
2459480.501748566	0.9991071	0.00058707554
2459480.503137509	1.000324	0.0005872153
2459480.5045264517	1.0005455	0.00058726576
2459480.5059153945	0.9996024	0.0005870932
2459480.507304337	0.9994709	0.0005869789
2459480.5086932797	0.9995885	0.0005871495
2459480.5100822225	0.9988623	0.000587046
2459480.5114711653	0.9994077	0.0005870063
2459480.512860108	1.000812	0.00058738573
2459480.514249051	1.0000921	0.00058712985
2459480.515637994	1.0005618	0.0005874027
2459480.517026936	0.99952954	0.0005871254
2459480.518415879	0.9999679	0.00058719586
2459480.519804822	0.99986875	0.0005871691
2459480.5211937646	0.99951583	0.00058701995
2459480.522582707	1.0000979	0.0005871917
2459480.52397165	1.0005827	0.0005872443
2459480.5253605926	1.0000303	0.0005872693
2459480.526749535	0.99993026	0.0005874572
2459480.528138478	0.99983317	0.00058719487
2459480.5295274206	1.0001585	0.0005871921
2459480.5309163635	1.0008844	0.0005875405
2459480.5323053063	1.0006104	0.0005874272
2459480.533694249	1.000129	0.0005872178
2459480.5350831915	0.99976575	0.000587038
2459480.5364721343	1.001231	0.00058755133
2459480.5378610766	0.99984175	0.0005871882
2459480.5392500195	1.0010108	0.0005875636
2459480.5406389623	0.9995456	0.00058706955
2459480.542027905	1.0002308	0.0005873579
2459480.5434168475	0.9998131	0.0005871834
2459480.5448057903	0.99996495	0.00058704976
2459480.546194733	0.9996681	0.0005871371
2459480.5475836755	1.000091	0.0005871592
2459480.5489726183	1.0004128	0.0005871155
2459480.5503615607	0.9994646	0.0005871052
2459480.5517505035	0.99901867	0.0005869747
2459480.5531394463	0.9999114	0.000587114
2459480.554528389	1.0001929	0.00058700895
2459480.5559173315	0.9999472	0.0005871943
2459480.557306274	0.9989883	0.0005869163
2459480.5586952167	0.9999207	0.00058722426
2459480.560084159	1.0000883	0.00058744894
2459480.561473102	1.0001422	0.0005873412
2459480.5628620447	0.99972385	0.000587249
2459480.5642509875	0.99994147	0.0005871882
2459480.56563993	0.99995434	0.00058735907
2459480.567028872	0.99984765	0.0005871209
2459480.568417815	0.9990627	0.00058697455
2459480.5698067574	1.0007117	0.00058741966
2459480.5711957	0.9994756	0.00058703753
2459480.572584643	0.9999472	0.0005872567
2459480.5739735854	0.99873036	0.0005870541
2459480.575362528	1.0002645	0.00058743224
2459480.5767514706	0.99930036	0.0005872594
2459480.578140413	0.99975514	0.0005873446
2459480.5795293557	0.99920976	0.00058718346
2459480.580918298	0.9998827	0.0005872144
2459480.582307241	0.9994057	0.000587111
2459480.5836961833	1.0000337	0.0005873647
2459480.585085126	1.0002713	0.0005873453
2459480.586474069	0.99999344	0.0005872684
2459480.587863011	0.9998172	0.0005872822
2459480.5892519536	0.9992202	0.00058714976
2459480.590640896	0.9999168	0.000587264
2459480.592029839	0.99993175	0.0005873113
2459480.593418781	0.99983925	0.00058740063
2459480.594807724	1.0004478	0.00058731926
2459480.5961966664	0.99999815	0.0005873832
2459480.5975856087	0.9998478	0.00058728084
2459480.598974551	0.99974895	0.0005872555
2459480.600363494	0.999404	0.00058708276
2459480.6017524363	1.0003555	0.00058735075
2459480.603141379	1.0000824	0.00058737316
2459480.6045303214	1.0002222	0.00058745
2459480.6059192643	1.0000759	0.00058715447
2459480.607308206	1.0001329	0.000587416
2459480.608697149	0.9999976	0.0005873676
2459480.6100860913	0.9990892	0.00058707595
2459480.611475034	0.9998178	0.0005873788
2459480.6128639765	0.99987197	0.00058738084
2459480.614252919	1.0000308	0.0005872909
2459480.6156418617	0.999068	0.0005869726
2459480.617030804	0.99955904	0.0005871897
2459480.6184197464	1.0004929	0.00058747333
2459480.6198086888	1.0003036	0.0005873555
2459480.621197631	1.0004306	0.00058740535
2459480.622586574	1.0004843	0.00058767264
2459480.6239755163	1.0002764	0.0005873386
2459480.625364459	1.0005423	0.00058738317
2459480.6267534015	0.9995636	0.0005872719
2459480.6281423434	1.0005486	0.0005874592
2459480.629531286	1.0004032	0.00058745773
2459480.6309202285	0.9990808	0.00058716786
2459480.632309171	1.0004642	0.0005875924
2459480.6336981137	0.9996259	0.0005872378
2459480.635087056	1.0004361	0.00058739295
2459480.6364759984	0.99974895	0.00058734964
2459480.6378649403	1.0001862	0.0005873949
2459480.639253883	0.99961734	0.0005872268
2459480.6406428255	0.99983335	0.00058745383
2459480.642031768	1.0000554	0.0005874378
2459480.6434207107	1.0009253	0.00058772834
2459480.644809653	1.0011624	0.00058744877
2459480.6461985954	0.99910027	0.0005872701
2459480.6475875373	1.0007802	0.0005874512
2459480.6489764797	0.999969	0.0005874118
2459480.6503654225	1.0001812	0.0005874293
2459480.651754365	0.9996323	0.0005872257
2459480.653143307	0.99934506	0.0005871591
2459480.6545322496	1.0006052	0.0005876593
2459480.6559211924	1.0005485	0.0005873385
2459480.6573101347	1.0006319	0.00058766094
2459480.6586990766	1.0006429	0.00058740994
2459480.660088019	1.0004958	0.0005874068
2459480.6614769613	1.0005331	0.00058766303
2459480.6628659037	1.0005612	0.0005875855
2459480.6642548465	0.9999178	0.00058735284
2459480.665643789	1.0003016	0.0005877465
2459480.667032731	0.9999743	0.0005872568
2459480.668421673	0.9998687	0.00058745255
2459480.6698106155	0.99979085	0.0005871844
2459480.671199558	1.0013007	0.00058780983
2459480.6725885	1.000039	0.00058751885
2459480.6739774426	1.0003533	0.00058739155
2459480.675366385	0.99997807	0.00058763917
2459480.6767553277	1.0000607	0.0005875083
2459480.6781442696	1.0006891	0.00058740575
2459480.679533212	1.0005172	0.0005874627
2459480.6809221543	0.99982727	0.00058729993
2459480.6823110967	1.0005369	0.0005875384
2459480.683700039	0.9994726	0.0005873063
2459480.6850889814	0.9999014	0.0005873763
2459480.6864779238	1.001157	0.00058786315
2459480.687866866	1.0012729	0.00058774353
2459480.689255808	1.0002528	0.0005874705
2459480.6906447504	1.0002645	0.0005875031
2459480.6920336927	0.99998426	0.000587193
2459480.693422635	0.9989704	0.00058722956
2459480.6948115774	1.0003954	0.0005875271
2459480.69620052	0.9991827	0.0005873022
2459480.697589462	0.99987996	0.0005872215
2459480.698978404	1.0013047	0.0005877331
2459480.7003673464	0.9995957	0.0005874206
2459480.7017562888	1.0005548	0.0005875398
2459480.703145231	0.99966854	0.00058732956
2459480.7045341735	0.99996495	0.0005874138
2459480.705923116	1.0010719	0.00058764225
2459480.7073120577	0.9996301	0.0005872169
2459480.7087009996	1.00016	0.0005874975
2459480.710089942	1.0006691	0.00058753835
2459480.7114788843	1.0004033	0.00058775657
2459480.7128678267	0.9993926	0.00058726914
2459480.714256769	1.0005809	0.000587515
2459480.7156457114	0.999461	0.00058751664
2459480.7170346538	0.99998397	0.0005875317
2459480.718423595	1.0010058	0.0005876822
2459480.7198125375	1.0014277	0.0005876686
2459480.72120148	0.99922395	0.0005873239
2459480.7225904223	0.9990207	0.0005870082
2459480.7239793646	1.0000019	0.0005874399
2459480.725368307	1.0001833	0.0005877455
2459480.726757249	0.9992681	0.0005873604
2459480.728146191	0.9998369	0.00058754307
2459480.729535133	0.9990575	0.0005872496
2459480.7309240755	0.99923235	0.0005873429
2459480.732313018	0.99984664	0.0005873683
2459480.7337019597	0.99958354	0.00058744766
2459480.735090902	1.00098	0.0005876247
2459480.7364798444	1.0002441	0.00058771856
2459480.737868787	0.9997452	0.0005874898
2459480.739257728	1.0011932	0.00058766763
2459480.7406466706	0.9999438	0.0005875572
2459480.742035613	0.9989012	0.0005871583
2459480.7434245553	1.0004059	0.0005873841
2459480.744813497	1.0003144	0.0005875145
2459480.7462024395	1.0002924	0.00058764376
2459480.747591382	1.0001547	0.00058755727
2459480.7489803233	0.9995255	0.0005873634
2459480.7503692657	1.0005752	0.00058771775
2459480.751758208	0.99983275	0.00058739196
2459480.75314715	1.0001831	0.00058763364
2459480.7545360923	1.0001069	0.0005875637
2459480.7559250346	1.0004109	0.0005875401
2459480.7573139765	1.0001125	0.00058748585
2459480.7587029184	1.0009832	0.00058785087
2459480.760091861	1.0003835	0.00058755383
2459480.7614808027	0.9999081	0.0005875196
2459480.762869745	1.0001159	0.0005876017
2459480.7642586874	0.9997608	0.0005874821
2459480.7656476293	1.0001225	0.00058758573
2459480.7670365716	1.0000138	0.00058765954
2459480.7684255135	0.999406	0.0005873391
2459480.7698144554	1.000126	0.0005874454
2459480.7712033973	0.9999497	0.0005875549
2459480.7725923397	1.000549	0.00058766385
2459480.773981282	0.99965405	0.0005876569
2459480.775370224	1.0008045	0.0005877102
2459480.7767591663	0.999691	0.00058734894
2459480.778148108	1.000178	0.000587582
2459480.77953705	1.0002042	0.0005876999
2459480.780925992	0.9997011	0.00058744376
2459480.7823149343	1.0003086	0.00058765715
2459480.783703876	1.0000622	0.0005875744
2459480.7850928186	1.0007534	0.00058772916
2459480.7864817604	1.0007241	0.00058771187
2459480.787870703	0.9990802	0.0005876108
2459480.789259644	1.0001056	0.00058764644
2459480.7906485866	0.9989538	0.0005874651
2459480.7920375285	1.000355	0.0005877304
2459480.793426471	1.0000951	0.00058762426
2459480.7948154127	0.9998662	0.00058767357
2459480.7962043546	1.0004995	0.0005877552
2459480.797593297	1.0008159	0.0005876877
2459480.7989822384	1.0004466	0.0005877252
2459480.8003711808	0.9992685	0.00058750674
2459480.8017601226	0.99940604	0.0005876522
2459480.803149065	0.9986611	0.00058725686
2459480.804538007	1.0003926	0.000587665
2459480.805926949	0.9988806	0.00058737694
2459480.807315891	1.000085	0.00058788946
2459480.808704833	1.0007842	0.0005879644
2459480.8100937745	0.9990411	0.00058746745
2459480.811482717	1.0004573	0.0005876304
2459480.8128716587	0.99901146	0.00058739213
2459480.8142606006	0.9996147	0.00058736146
2459480.815649543	1.0001554	0.0005876244
2459480.817038485	1.0003165	0.0005878389
2459480.8184274267	0.9998176	0.00058760034
2459480.8198163686	1.0000696	0.00058764033
2459480.8212053105	1.0008695	0.0005877809
2459480.8225942524	0.99899495	0.00058741577
2459480.823983195	0.9996273	0.0005877921
2459480.8253721367	1.0010365	0.00058779476
2459480.8267610786	0.999496	0.00058752083
2459480.8281500204	1.001016	0.00058774697
2459480.8295389623	0.9996913	0.000587517
2459480.830927904	0.9975749	0.0005871016
2459480.832316846	0.99946064	0.00058754
2459480.833705788	1.0001353	0.0005877622
2459480.8350947304	1.000145	0.00058777205
2459480.8364836723	1.0008026	0.00058789784
2459480.837872614	0.9994256	0.0005875702
2459480.8392615556	1.0002187	0.0005875608
2459480.8406504975	1.000414	0.00058777444
2459480.84203944	1.0000663	0.0005876652
2459480.8434283817	1.000496	0.00058796926
2459480.8448173236	1.0002391	0.00058772304
2459480.8462062655	0.99958605	0.0005878508
2459480.8475952074	1.000436	0.00058781455
2459480.8489841493	0.99982077	0.0005877487
2459480.850373091	1.0002345	0.0005879242
2459480.851762033	1.000223	0.00058770855
2459480.853150975	1.0001996	0.0005877877
2459480.854539917	0.9999727	0.00058791746
2459480.8559288587	1.0000485	0.0005876092
2459480.8573178006	0.99916863	0.00058762886
2459480.8587067425	1.0009154	0.0005881222
2459480.860095684	1.0003757	0.0005877451
2459480.8614846263	1.0000969	0.00058764755
2459480.862873568	0.9999419	0.0005877699
2459480.86426251	1.001184	0.0005879285
2459480.865651452	1.0008855	0.00058784225
2459480.867040394	1.0006799	0.0005877585
2459480.8684293358	0.9991434	0.00058754743
2459480.869818277	1.0007285	0.0005878423
2459480.871207219	1.001071	0.00058774056
2459480.872596161	0.999248	0.0005875167
2459480.873985103	0.99956036	0.00058753096
2459480.8753740448	1.00009	0.0005877351
2459480.8767629866	0.9994723	0.00058773934
2459480.8781519285	1.001038	0.00058780616
2459480.87954087	0.99949634	0.00058764825
2459480.880929812	1.0002029	0.0005878261
2459480.8823187537	0.9988719	0.0005874579
2459480.8837076956	0.9999625	0.0005876974
2459480.8850966375	0.9998345	0.00058769796
2459480.8864855794	0.9993428	0.0005875592
2459480.8878745213	1.0000155	0.0005877268
2459480.889263463	0.9994186	0.00058778806
2459480.8906524046	0.99996525	0.0005878678
2459480.8920413465	0.99972916	0.0005875423
2459480.893430288	1.0009882	0.0005879418
2459480.89481923	0.99934995	0.00058750337
2459480.8962081717	1.0015177	0.0005880748
2459480.8975971136	0.9999846	0.0005878801
2459480.8989860555	1.0001411	0.0005877425
2459480.900374997	1.0010688	0.0005880555
2459480.901763939	0.9997282	0.00058765395
2459480.9031528807	1.0002177	0.00058794935
2459480.904541822	0.9992613	0.00058771257
2459480.905930764	1.0007082	0.000587752
2459480.907319706	1.0005394	0.0005879603
2459480.908708648	0.99957794	0.0005875665
2459480.9100975893	0.9994646	0.0005875306
2459480.911486531	0.99964565	0.00058736675
2459480.9128754726	1.0002846	0.0005876471
2459480.9142644145	1.0011683	0.00058787386
2459480.9156533564	1.000591	0.0005878357
2459480.9170422982	0.9995742	0.00058769115
2459480.91843124	1.0004772	0.00058788375
2459480.919820181	1.0014752	0.0005880986
2459480.921209123	1.0008451	0.00058806036
2459480.922598065	0.99963415	0.0005876785
2459480.923987007	1.0001563	0.00058784056
2459480.925375948	0.99977654	0.000587746
2459480.92676489	0.9998763	0.00058767246
2459480.928153832	0.999748	0.0005876642
2459480.929542774	0.9992485	0.0005875462
2459480.930931715	1.0012618	0.0005880363
2459480.9323206567	0.9998123	0.00058781035
2459480.9337095986	1.0002764	0.0005880044
2459480.93509854	0.9996725	0.00058780157
2459480.936487482	0.99900895	0.0005874734
2459480.937876424	0.9994923	0.0005876696
2459480.9392653652	0.9990487	0.00058751414
2459480.9406543067	0.99966514	0.0005877765
2459480.9420432486	0.9996309	0.00058767013
2459480.94343219	1.0004983	0.0005878578
2459480.944821132	0.9999376	0.00058770477
2459480.946210074	1.0006045	0.00058777136
2459480.947599015	0.99965984	0.00058776315
2459480.948987957	0.9999709	0.0005880087
2459480.9503768985	1.0001553	0.00058792095
2459480.95176584	0.9994792	0.00058771775
2459480.953154782	1.000831	0.00058801787
2459480.9545437233	0.9981209	0.00058756315
2459480.955932665	1.0000159	0.0005880046
2459480.9573216066	1.0005913	0.0005880097
2459480.9587105485	1.0013129	0.00058815343
2459480.9600994904	1.0000455	0.0005878367
2459480.9614884313	0.99912757	0.0005876979
2459480.962877373	1.0003663	0.0005879022
2459480.9642663146	1.0009904	0.0005880157
2459480.9656552565	0.99942946	0.0005875913
2459480.967044198	0.9993856	0.0005875864
2459480.96843314	1.0004498	0.0005879159
2459480.9698220813	1.0002329	0.0005880028
2459480.9712110227	1.001113	0.0005881509
2459480.972599964	0.9990554	0.00058772136
2459480.973988906	0.99957776	0.0005877286
2459480.9753778474	1.0005238	0.00058797636
2459480.9767667893	1.0004132	0.0005878367
2459480.9781557308	1.0002006	0.00058781565
2459480.9795446726	1.000109	0.00058791746
2459480.9809336136	0.99927783	0.000587448
2459480.9823225555	1.000151	0.0005879281
2459480.983711497	1.0002363	0.00058801915
2459480.9851004384	1.0004376	0.000588019
2459480.9864893802	0.9997097	0.00058772793
2459480.9878783217	1.0003703	0.00058808975
2459480.9892672636	0.9999105	0.0005877582
2459480.9906562045	1.000325	0.0005879613
2459480.992045146	0.99924165	0.0005878239
2459480.993434088	0.99898887	0.0005875678
2459480.9948230293	1.0000137	0.0005879722
2459480.9962119707	1.000041	0.00058787584
2459480.9976009126	0.99943477	0.00058776134
2459480.998989854	0.99932957	0.00058764726
2459481.000378796	0.99957013	0.0005880176
2459481.001767737	0.999637	0.0005876945
2459481.0031566783	0.99981266	0.00058804493
2459481.00454562	0.9996775	0.00058779714
2459481.0059345616	0.999434	0.0005877163
2459481.007323503	0.99930024	0.00058764976
2459481.0087124445	1.0005723	0.0005879855
2459481.0101013863	1.0003358	0.0005878321
2459481.0114903273	0.9994414	0.0005877592
2459481.0128792687	0.9997842	0.0005877962
2459481.0142682106	0.9995588	0.0005877938
2459481.015657152	1.0000912	0.0005879982
2459481.0170460935	1.0002459	0.00058814214
2459481.018435035	0.9993965	0.00058788894
2459481.019823977	1.0000836	0.00058782246
2459481.0212129178	0.99898905	0.00058745046
2459481.022601859	0.9988039	0.0005876725
2459481.0239908006	1.0009294	0.0005880115
2459481.025379742	0.99961394	0.00058774796
2459481.026768684	1.0004996	0.0005880416
2459481.0281576253	1.0001357	0.00058813073
2459481.029546567	0.9998849	0.0005882705
2459481.0309355077	0.9998431	0.00058793457
2459481.032324449	1.000603	0.0005881066
2459481.033713391	1.0010018	0.0005882559
2459481.0351023325	0.99951017	0.0005877671
2459481.036491274	0.9997863	0.0005878378
2459481.0378802153	1.0011388	0.00058815675
2459481.0392691568	1.0000958	0.00058803556
2459481.040658098	0.99943215	0.00058778736
2459481.042047039	0.9998815	0.0005878531
2459481.043435981	0.9995264	0.0005878805
2459481.0448249225	1.0010191	0.0005882646
2459481.046213864	0.99985576	0.0005880182
2459481.0476028053	0.99960047	0.000587982
2459481.0489917467	1.0007106	0.0005881769
2459481.050380688	0.9998802	0.00058793806
2459481.051769629	0.9996776	0.00058795494
2459481.0531585705	1.0003444	0.00058802846
2459481.054547512	0.999879	0.0005879742
2459481.0559364534	0.99983305	0.0005878325
2459481.057325395	1.0003293	0.0005882704
2459481.0587143362	1.0004067	0.00058808795
2459481.0601032777	1.00039	0.00058808026
2459481.0614922186	1.0000598	0.0005880427
2459481.06288116	0.99979365	0.0005878768
2459481.0642701015	0.99874675	0.00058773125
2459481.065659043	0.9998436	0.00058823015
2459481.0670479843	0.99884063	0.00058760185
2459481.0684369258	1.0001103	0.00058804435
2459481.069825867	0.99918795	0.00058785867
2459481.071214808	0.99975395	0.00058793236
2459481.0726037496	1.0000259	0.00058809924
2459481.073992691	1.0008847	0.0005882795
2459481.0753816324	0.99929935	0.0005879272
2459481.076770574	1.0002738	0.00058795966
2459481.0781595153	0.99991757	0.0005879935
2459481.0795484567	0.99978554	0.00058832683
2459481.080937398	1.0006607	0.00058816315
2459481.082326339	0.99992865	0.0005879942
2459481.0837152805	1.0008869	0.0005882371
2459481.0851042215	0.9997842	0.0005879212
2459481.086493163	0.9998658	0.0005880149
2459481.0878821043	0.9992554	0.00058794254
2459481.0892710458	0.99955267	0.00058797677
2459481.090659987	0.99944913	0.0005880537
2459481.092048928	0.9995676	0.0005879817
2459481.0934378696	0.99967605	0.0005879285
2459481.094826811	1.0001528	0.00058798667
2459481.096215752	1.0000635	0.0005882442
2459481.0976046934	0.9995049	0.0005880658
2459481.098993635	0.9990123	0.00058803154
2459481.100382576	1.0005747	0.00058822363
2459481.101771517	0.99939007	0.0005879762
2459481.103160458	1.000451	0.00058831455
2459481.1045493996	1.0002989	0.0005880798
2459481.105938341	1.000054	0.0005880942
2459481.1073272824	0.9994498	0.00058807625
2459481.108716224	0.999506	0.00058812374
2459481.110105165	0.9999179	0.00058802
2459481.111494106	1.0003011	0.0005880155
2459481.112883047	0.99958396	0.00058823236
2459481.1142719886	1.0002984	0.000588128
2459481.1156609296	0.9997893	0.00058802514
2459481.117049871	0.9998125	0.0005880466
2459481.1184388124	1.0002717	0.0005881817
2459481.1198277534	0.99958396	0.00058812805
2459481.121216695	1.0001252	0.0005881045
2459481.122605636	1.0000324	0.00058818114
2459481.123994577	0.99895835	0.00058795244
2459481.125383518	0.999913	0.00058814697
2459481.1267724596	0.99923235	0.00058796036
2459481.128161401	0.9996536	0.00058795995
2459481.129550342	1.0000938	0.0005879929
2459481.1309392834	1.0002493	0.00058809784
2459481.132328224	1.0000075	0.000588105
2459481.1337171653	1.0004302	0.00058835483
2459481.1351061068	0.99947065	0.0005880288
2459481.1364950477	1.0008265	0.0005883693
2459481.137883989	0.999307	0.0005880485
2459481.1392729306	1.0003054	0.00058820745
2459481.1406618715	1.0002494	0.00058821426
2459481.1420508125	1.0006149	0.0005882329
2459481.1434397534	0.9998413	0.0005880331
2459481.144828695	0.9990967	0.0005878697
2459481.1462176363	0.9993344	0.00058813056
2459481.1476065773	1.0010936	0.0005884135
2459481.1489955187	1.0003573	0.00058815844
2459481.1503844596	0.9990661	0.0005881046
2459481.1517734006	0.99973154	0.00058819685
2459481.1531623416	1.000814	0.00058828894
2459481.154551283	0.9985408	0.0005880812
2459481.155940224	1.0002629	0.00058805296
2459481.1573291654	0.99976486	0.0005879988
2459481.1587181063	1.0006298	0.00058844226
2459481.1601070478	0.9995583	0.00058799377
2459481.1614959887	0.99981153	0.00058805745
2459481.1628849297	0.9989844	0.00058813486
2459481.1642738706	0.99963164	0.00058807334
2459481.165662812	0.9988254	0.0005878245
2459481.167051753	0.9996611	0.0005882237
2459481.1684406945	0.9990148	0.0005880934
2459481.1698296354	1.0005313	0.00058828306
2459481.171218577	0.9990487	0.0005879082
2459481.1726075173	1.0001278	0.000588349
2459481.1739964583	0.99980235	0.0005882656
2459481.1753853997	1.0008998	0.0005884283
2459481.1767743407	0.9998792	0.000588378
2459481.178163282	0.99926585	0.0005879177
2459481.179552223	0.9999637	0.0005882858
2459481.180941164	0.9995099	0.0005881
2459481.182330105	1.0007734	0.0005882233
2459481.183719046	1.0001665	0.00058842066
2459481.185107987	0.99937284	0.0005880551
2459481.1864969283	1.0004418	0.0005882397
2459481.1878858693	0.99922234	0.0005881786
2459481.1892748107	0.99951315	0.00058824435
2459481.1906637517	0.9994996	0.0005880744
2459481.192052692	1.00064	0.00058838376
2459481.1934416336	1.0005541	0.0005884587
2459481.1948305746	0.99903715	0.0005879436
2459481.1962195155	0.9995351	0.0005880858
2459481.1976084565	0.99982303	0.00058835634
2459481.198997398	0.9990151	0.0005881459
2459481.200386339	0.9997245	0.0005881972
2459481.20177528	1.0006524	0.0005883682
2459481.203164221	1.0011162	0.0005882635
2459481.2045531617	0.9999299	0.0005880956
2459481.2059421027	0.99957883	0.0005880991
2459481.2073310437	0.9987104	0.00058805064
2459481.208719985	1.000429	0.0005884634
2459481.210108926	0.99936897	0.00058818876
2459481.211497867	1.0003513	0.00058833166
2459481.2128868075	0.9991113	0.0005882569
2459481.2142757485	0.9994051	0.0005882033
2459481.21566469	0.99965763	0.0005883477
2459481.217053631	1.0003307	0.00058810954
2459481.218442572	1.0004704	0.0005884887
2459481.219831513	0.999434	0.00058815425
2459481.2212204537	0.9996237	0.00058823824
2459481.2226093947	1.0000743	0.000588536
2459481.2239983357	1.0003866	0.0005883083
2459481.2253872766	0.99904436	0.00058809016
2459481.2267762176	0.9997895	0.0005881011
2459481.2281651585	0.99973434	0.00058841595
2459481.2295540995	0.9996321	0.00058823713
2459481.2309430405	0.99980825	0.000588297
2459481.232331982	0.9997357	0.00058838
2459481.2337209224	0.9990488	0.00058819976
2459481.2351098633	0.9992859	0.0005882899
2459481.2364988043	1.0002109	0.00058852887
2459481.2378877453	0.9999595	0.0005883598
2459481.239276686	1.0002428	0.0005882674
2459481.240665627	0.99944305	0.0005883403
2459481.242054568	1.0002764	0.0005885474
2459481.2434435086	0.9995566	0.0005883181
2459481.2448324496	0.9999369	0.000588281
2459481.2462213906	0.9999472	0.00058848795
2459481.2476103315	0.998997	0.0005883188
2459481.2489992725	0.9996914	0.0005883393
2459481.2503882134	0.99945486	0.0005883509
2459481.2517771544	0.99956065	0.0005882636
2459481.253166095	1.0005097	0.0005885239
2459481.254555036	0.9997086	0.00058824196
2459481.255943977	0.9988547	0.00058816996
2459481.257332918	1.0005224	0.0005887024
2459481.2587218587	0.99922967	0.0005881232
2459481.2601107997	0.9999404	0.0005884547
2459481.2614997406	0.9989193	0.000588308
2459481.262888681	1.000216	0.0005883272
2459481.264277622	0.9999231	0.00058846886
2459481.265666563	0.99949807	0.00058821385
2459481.267055504	0.9989721	0.00058827014
2459481.268444445	1.000023	0.0005883569
2459481.269833386	0.9989955	0.00058816007
2459481.271222327	0.9991448	0.0005883274
2459481.272611268	0.99977016	0.0005883351
2459481.2740002084	0.9997613	0.00058839284
2459481.275389149	0.99941707	0.00058839924
2459481.27677809	1.0007552	0.00058847165
2459481.278167031	1.0008235	0.0005887644
2459481.2795559717	0.99965596	0.0005883487
2459481.2809449127	0.99936986	0.00058833364
2459481.2823338537	1.000328	0.0005885493
2459481.283722794	0.99966013	0.0005885968
2459481.2851117346	0.99870485	0.0005879701
2459481.2865006756	0.9991143	0.00058837316
2459481.2878896166	0.9990938	0.0005882123
2459481.2892785575	1.0008649	0.00058871927
2459481.2906674985	0.9992424	0.00058824755
2459481.2920564394	0.99964005	0.0005886306
2459481.2934453795	1.0006684	0.0005886441
2459481.2948343204	1.000847	0.0005886812
2459481.2962232614	1.0000913	0.0005884563
2459481.2976122024	0.9999397	0.00058843545
2459481.299001143	1.0016842	0.0005888843
2459481.300390084	1.0003926	0.00058873324
2459481.301779025	0.99934816	0.0005883011
2459481.3031679653	0.999986	0.00058861705
2459481.3045569058	0.9995052	0.00058847846
2459481.3059458467	1.0005685	0.0005887157
2459481.3073347877	1.0009683	0.00058866676
2459481.3087237286	0.9996346	0.000588455
2459481.310112669	1.0004861	0.0005888042
2459481.31150161	0.99897677	0.0005884418
2459481.312890551	0.99842167	0.00058820215
2459481.314279491	0.99910015	0.000588412
2459481.315668432	0.99970144	0.0005885744
2459481.317057373	1.0000843	0.0005884419
2459481.3184463135	0.99985564	0.00058844703
2459481.3198352545	1.0007874	0.00058820326
2459481.3212241954	0.99958855	0.00058839703
2459481.322613136	0.99945384	0.0005884951
2459481.3240020764	0.9994096	0.000588423
2459481.3253910174	1.0004219	0.0005887709
2459481.326779958	0.9989836	0.00058850466
2459481.328168899	0.9996991	0.0005887411
2459481.3295578393	0.99925834	0.00058845425
2459481.3309467803	0.9996027	0.000588571
2459481.3323357212	0.9985863	0.00058822025
2459481.3337246613	0.9995868	0.00058842555
2459481.335113602	0.9994927	0.0005885938
2459481.3365025427	1.0003768	0.0005888097
2459481.3378914837	0.99995285	0.00058858143
2459481.339280424	0.99982244	0.0005887339
2459481.340669365	1.0003564	0.000588473
2459481.342058306	0.99996233	0.00058851985
2459481.343447246	1.0002863	0.00058874744
2459481.344836187	0.9995337	0.00058838254
2459481.3462251276	0.99992037	0.00058871205
2459481.3476140685	0.9996715	0.0005884862
2459481.349003009	1.0010797	0.0005885301
2459481.35039195	0.9993792	0.0005885117
2459481.3517808905	0.99877024	0.0005883281
2459481.3531698314	0.9997768	0.00058865245
2459481.3545587715	0.9991957	0.0005885081
2459481.3559477124	0.9993163	0.0005884426
2459481.357336653	1.0011152	0.0005888165
2459481.3587255934	1.000013	0.000588743
2459481.3601145344	0.99934226	0.00058855565
2459481.361503475	0.9997609	0.0005885538
2459481.362892416	1.0016059	0.0005891299
2459481.364281356	1.0003694	0.000588648
2459481.365670297	0.9993242	0.0005885894
2459481.3670592373	0.99980146	0.0005887388
2459481.368448178	0.999052	0.00058842835
2459481.369837119	1.0003766	0.0005888244
2459481.3712260593	1.0000986	0.0005886671
2459481.3726150002	0.99866354	0.0005884119
2459481.3740039403	1.0004933	0.00058882183
2459481.3753928808	0.99877477	0.000588572
2459481.3767818217	0.99922466	0.0005886198
2459481.378170762	1.0000476	0.00058838056
2459481.3795597027	0.99962604	0.00058850006
2459481.3809486437	1.000038	0.0005887956
2459481.382337584	0.9995357	0.0005883762
2459481.383726524	0.99909574	0.0005885644
2459481.385115465	1.0000527	0.0005886715
2459481.3865044056	0.9998654	0.0005886894
2459481.387893346	1.0000277	0.0005885992
2459481.389282287	1.0004764	0.00058872014
2459481.3906712276	1.0000471	0.0005885207
2459481.392060168	0.9991992	0.00058854884
2459481.3934491086	0.99945897	0.00058839633
2459481.394838049	0.99958646	0.00058853434
2459481.3962269896	0.99901193	0.00058865006
2459481.39761593	0.9993913	0.0005887315
2459481.3990048706	0.9990713	0.00058832683
2459481.4003938115	0.9974388	0.00058827136
2459481.401782752	0.99606	0.0005879056
2459481.4031716925	0.994838	0.0005875562
2459481.4045606325	0.99445736	0.0005874227
2459481.4059495735	0.9942008	0.0005871874
2459481.407338514	0.9904863	0.0005864472
2459481.4087274545	0.99156946	0.00058649393
2459481.410116395	0.9897832	0.00058626954
2459481.4115053355	0.9902166	0.0005863089
2459481.4128942764	0.9905534	0.0005864453
2459481.4142832165	0.98991555	0.0005862372
2459481.415672157	0.9888285	0.0005860669
2459481.4170610975	0.98994625	0.0005861271
2459481.418450038	0.98758733	0.0005857426
2459481.4198389784	0.98874176	0.0005859722
2459481.421227919	0.9878087	0.0005857974
2459481.4226168594	0.9882243	0.00058597006
2459481.4240058	0.9873777	0.0005856286
2459481.4253947404	0.9884942	0.00058606674
2459481.426783681	0.98663545	0.0005855057
2459481.4281726214	0.9880913	0.0005857159
2459481.429561562	0.9880839	0.00058581604
2459481.4309505024	0.98789614	0.0005858695
2459481.432339443	0.9872195	0.0005855103
2459481.4337283834	0.9873407	0.00058573735
2459481.4351173234	0.98750263	0.0005856196
2459481.436506264	0.98774517	0.00058571255
2459481.4378952044	0.988519	0.0005859488
2459481.439284145	0.9879158	0.00058594364
2459481.4406730854	0.98648316	0.0005856754
2459481.442062026	0.98638844	0.00058522203
2459481.4434509664	0.98624	0.00058541464
2459481.4448399064	0.988175	0.00058586884
2459481.446228847	0.9876606	0.0005857028
2459481.4476177874	0.98715264	0.00058567064
2459481.449006728	0.9868094	0.00058547605
2459481.4503956684	0.9870268	0.0005854624
2459481.451784609	0.98659694	0.0005854625
2459481.4531735494	0.9874078	0.00058577675
2459481.4545624894	0.9868904	0.0005856288
2459481.45595143	0.9859653	0.0005853202
2459481.4573403704	0.98659587	0.00058552535
2459481.458729311	0.98749113	0.0005856941
2459481.4601182514	0.9867499	0.00058545277
2459481.461507192	0.98748475	0.0005857668
2459481.4628961324	0.98624295	0.00058539736
2459481.464285073	0.9872997	0.00058550364
2459481.465674013	0.9855733	0.0005854317
2459481.4670629534	0.9876984	0.00058576016
2459481.4684518934	0.98670775	0.0005855312
2459481.469840834	0.9869457	0.00058561255
2459481.4712297744	0.9869003	0.00058572134
2459481.472618715	0.9864823	0.00058555685
2459481.4740076554	0.9871161	0.00058582105
2459481.4753965954	0.98896503	0.00058630103
2459481.476785536	0.98623174	0.0005855304
2459481.478174476	0.9862532	0.00058544474
2459481.4795634164	0.98592263	0.0005853131
2459481.480952357	0.98686326	0.000585622
2459481.4823412974	0.9866242	0.00058559683
2459481.483730238	0.9871778	0.00058570463
2459481.4851191775	0.9871791	0.00058548513
2459481.486508118	0.9865842	0.0005857681
2459481.4878970585	0.98669106	0.0005854307
2459481.489285999	0.9868955	0.00058570475
2459481.4906749395	0.9868	0.0005856826
2459481.4920638795	0.98754513	0.00058570143
2459481.49345282	0.9864914	0.0005856934
2459481.49484176	0.9862462	0.00058552995
2459481.4962307005	0.98693293	0.0005855138
2459481.4976196405	0.98652595	0.0005857793
2459481.499008581	0.98686004	0.00058569247
2459481.5003975215	0.9854978	0.0005853784
2459481.5017864616	0.9866722	0.000585806
2459481.503175402	0.98699504	0.00058588816
2459481.5045643426	0.9870147	0.00058569026
2459481.505953282	0.98730314	0.0005859203
2459481.5073422226	0.9869217	0.00058560836
2459481.508731163	0.9875352	0.00058594125
2459481.510120103	0.98720527	0.0005856462
2459481.5115090436	0.98712695	0.000585757
2459481.512897984	0.9869152	0.0005858305
2459481.514286924	0.9871279	0.00058590726
2459481.515675864	0.9881711	0.0005859303
2459481.5170648047	0.9870368	0.0005858069
2459481.5184537447	0.9873492	0.0005858339
2459481.519842685	0.98717856	0.0005857115
2459481.5212316257	0.9881248	0.0005860361
2459481.5226205657	0.9879769	0.0005860018
2459481.524009506	0.9884248	0.00058639
2459481.525398446	0.9887026	0.0005861784
2459481.5267873863	0.9881125	0.0005859693
2459481.5281763263	0.98886395	0.0005863714
2459481.529565267	0.9881273	0.00058608653
2459481.5309542073	0.9891208	0.0005863196
2459481.5323431473	0.9891708	0.0005860472
2459481.533732088	0.9892006	0.00058631675
2459481.5351210274	0.98838955	0.0005861525
2459481.536509968	0.9899017	0.0005865153
2459481.537898908	0.99010825	0.0005866003
2459481.5392878484	0.99044585	0.0005869788
2459481.5406767884	0.9926878	0.0005872771
2459481.542065729	0.99388236	0.0005876199
2459481.543454669	0.9945826	0.0005878294
2459481.5448436094	0.99577266	0.0005880141
2459481.546232549	0.9968467	0.0005883594
2459481.5476214895	0.9979362	0.0005884947
2459481.5490104295	0.9993208	0.0005888616
2459481.55039937	0.99892455	0.0005889703
2459481.55178831	1.0003073	0.0005892198
2459481.5531772505	1.0006114	0.000589258
2459481.5545661906	1.0000685	0.0005891679
2459481.55595513	0.99976856	0.00058916816
2459481.5573440706	1.0004826	0.00058921945
2459481.5587330107	0.99941957	0.0005889789
2459481.560121951	0.9997203	0.0005890669
2459481.561510891	0.99942124	0.0005888011
2459481.562899831	1.0008143	0.00058926473
2459481.5642887717	1.0006025	0.0005893807
2459481.5656777113	0.9992551	0.0005889527
2459481.567066652	0.99945986	0.0005890199
2459481.568455592	0.9990442	0.000588963
2459481.569844532	1.0002825	0.00058919535
2459481.5712334723	1.0008839	0.0005893564
2459481.5726224124	0.9998947	0.0005890551
2459481.5740113524	0.99986917	0.000589024
2459481.5754002924	0.9997963	0.00058909575
2459481.5767892324	1.0015684	0.00058940693
2459481.5781781725	1.0006498	0.00058942876
2459481.579567113	1.0001246	0.000589372
2459481.580956053	1.0000111	0.0005893109
2459481.582344993	0.9987992	0.0005889489
2459481.583733933	0.99965507	0.0005893621
2459481.5851228735	0.99988693	0.0005891574
2459481.586511813	0.99966794	0.00058926665
2459481.587900753	0.99886537	0.0005891289
2459481.5892896936	0.9984731	0.0005889285
2459481.5906786337	0.9998528	0.00058935356
2459481.5920675737	0.99952954	0.0005891587
2459481.5934565137	0.9999179	0.00058922375
2459481.5948454537	0.9995058	0.0005891453
2459481.596234394	1.0010612	0.00058942876
2459481.597623334	0.9998798	0.0005894031
2459481.599012274	1.0004556	0.000589509
2459481.600401214	1.0006983	0.0005894773
2459481.6017901544	1.0002813	0.00058933615
2459481.6031790944	0.9998508	0.00058905774
2459481.6045680344	0.9991923	0.00058915827
2459481.605956974	1.0008796	0.00058947364
2459481.607345914	0.9995717	0.00058921694
2459481.608734854	0.99980986	0.0005893004
2459481.6101237945	0.99971294	0.00058929203
2459481.6115127346	1.0003966	0.0005894269
2459481.6129016746	1.0002519	0.0005893676
2459481.6142906146	1.0000633	0.0005892604
2459481.615679554	1.0001335	0.000589568
2459481.617068494	1.000279	0.0005895197
2459481.6184574342	0.9998047	0.00058914314
2459481.6198463743	0.99996233	0.0005892401
2459481.6212353143	0.99988097	0.00058944675
2459481.622624255	0.99924743	0.00058899773
2459481.624013195	0.9989844	0.0005890665
2459481.625402135	0.9999156	0.00058936153
2459481.6267910744	0.999998	0.00058936846
2459481.6281800144	0.99988884	0.00058924407
2459481.6295689545	0.9986288	0.0005890656
2459481.6309578945	1.0007668	0.0005896697
2459481.6323468345	0.99881196	0.00058932486
2459481.6337357746	0.9989825	0.0005891336
2459481.6351247146	1.0015123	0.0005896296
2459481.636513654	0.99940586	0.0005893051
2459481.637902594	1.0000186	0.0005893485
2459481.639291534	0.99995875	0.0005893171
2459481.640680474	0.9996039	0.0005893988
2459481.6420694143	1.0002159	0.00058950676
2459481.6434583543	0.9999187	0.0005895048
2459481.6448472943	1.0001284	0.0005894253
2459481.646236234	1.000046	0.00058946916
2459481.647625174	1.0003192	0.0005896075
2459481.649014114	0.99960566	0.0005894592
2459481.650403054	1.0001838	0.0005895529
2459481.651791994	0.99861014	0.000589045
2459481.653180934	1.0007153	0.0005897292
2459481.654569874	0.9994426	0.0005893798
2459481.655958813	1.000221	0.0005895529
2459481.657347753	0.9993682	0.0005896279
2459481.658736693	0.99917996	0.000589273
2459481.6601256332	0.9997807	0.00058947597
2459481.6615145733	1.0003315	0.0005897858
2459481.6629035133	1.0001774	0.0005895716
2459481.6642924533	1.000359	0.00058972987
2459481.6656813934	1.0002316	0.00058954227
2459481.6670703324	0.999461	0.0005892526
2459481.6684592725	1.0001601	0.00058952393
2459481.6698482125	0.9999914	0.0005896913
2459481.6712371525	0.9999704	0.00058948516
2459481.6726260926	0.9991017	0.0005892822
2459481.6740150326	1.0005386	0.0005898056
2459481.675403972	0.99948806	0.0005895935
2459481.6767929117	0.9999914	0.00058957544
2459481.6781818517	0.9996721	0.000589512
2459481.679570792	0.99995035	0.0005897655
2459481.680959732	1.0000699	0.00058973423
2459481.6823486714	0.999422	0.00058938813
2459481.6837376114	1.0001398	0.00058951054
2459481.6851265514	1.000137	0.0005895194
2459481.686515491	0.9993006	0.00058958627
2459481.6879044306	1.0006775	0.000589691
2459481.6892933706	1.0000535	0.00058984937
2459481.6906823106	0.9995198	0.00058953644
2459481.6920712506	0.9992663	0.0005894756
2459481.69346019	1.0010417	0.00058980094
2459481.69484913	0.99952763	0.0005895771
2459481.69623807	1.0005667	0.00058972277
2459481.69762701	1.0000416	0.0005894629
2459481.6990159494	1.000615	0.00058965693
2459481.7004048894	0.9998629	0.0005896919
2459481.7017938294	1.000567	0.00058982405
2459481.703182769	1.0000714	0.0005897419
2459481.704571709	1.0002788	0.00058967946
2459481.705960649	1.0000033	0.0005895887
2459481.707349588	1.0000149	0.0005898175
2459481.708738528	0.99978644	0.0005896704
2459481.710127468	1.0010588	0.00058999413
2459481.711516408	1.0000981	0.000589808
2459481.712905348	0.9999813	0.00058974227
2459481.7142942874	0.99969274	0.0005896677
2459481.7156832274	1.0001415	0.00058955624
2459481.717072167	0.99980146	0.0005897955
2459481.7184611065	1.0007161	0.00058980746
2459481.7198500466	1.0015056	0.000589871
2459481.721238986	0.9999268	0.00058991293
2459481.722627926	1.0006518	0.00058993703
2459481.7240168657	1.0002223	0.0005898206
2459481.7254058057	1.0007493	0.00058993924
2459481.7267947453	1.0000323	0.00058971293
2459481.728183685	1.0004071	0.0005899436
2459481.729572625	1.000636	0.0005900422
2459481.7309615645	1.0007808	0.0005900951
2459481.7323505045	0.9993968	0.0005896082
2459481.733739444	0.9992988	0.0005897085
2459481.735128384	0.99998134	0.0005896753
2459481.7365173236	0.9998583	0.00058970624
2459481.737906263	1.0001186	0.00058987364
2459481.739295203	1.000111	0.0005897879
2459481.740684143	0.99985176	0.0005897494
2459481.7420730824	1.0006646	0.0005899781
2459481.7434620224	0.99994785	0.0005898517
2459481.744850962	0.9992568	0.00058960676
2459481.746239902	0.9994329	0.0005898087
2459481.747628841	0.99984235	0.0005896153
2459481.7490177806	0.9994409	0.00058971514
2459481.7504067207	0.99955624	0.00058967003
2459481.7517956602	1.0004328	0.00058989733
2459481.7531846003	1.0010911	0.00059017655
2459481.75457354	0.9998921	0.0005897563
2459481.75596248	1.0006669	0.00058996695
2459481.757351419	1.0008053	0.00059023994
2459481.7587403585	0.99985343	0.0005900779
2459481.7601292985	0.99978554	0.0005898318
2459481.761518238	1.0011904	0.0005902082
2459481.7629071777	1.0005956	0.00059007533
2459481.7642961177	0.9994891	0.0005898981
2459481.7656850573	1.0000651	0.0005898603
2459481.7670739964	1.000574	0.00059003173
2459481.7684629364	0.9997928	0.00058992207
2459481.769851876	0.99969804	0.0005898227
2459481.7712408155	1.0002774	0.0005899711
2459481.7726297555	0.9989503	0.00058976817
2459481.774018695	0.99969023	0.00058993965
2459481.7754076347	1.0011162	0.0005900805
2459481.7767965747	0.99996823	0.00058998336
2459481.778185514	1.0008533	0.00059009064
2459481.7795744534	0.9996667	0.0005897311
2459481.7809633934	0.99976546	0.0005899045
2459481.782352333	0.9990852	0.00058998243
2459481.7837412725	0.99927235	0.0005899982
2459481.785130212	0.9994027	0.00058984983
2459481.786519152	0.9991897	0.0005897887
2459481.787908091	0.9997447	0.0005898843
2459481.789297031	0.9993286	0.0005898418
2459481.7906859703	0.9988475	0.00058966683
2459481.79207491	0.998952	0.0005899276
2459481.79346385	0.99993426	0.00059005665
2459481.7948527895	0.9994887	0.0005899775
2459481.796241729	0.99909997	0.00058994634
2459481.797630668	1.0001212	0.0005900664
2459481.7990196077	1.0003927	0.0005900868
2459481.8004085477	0.9991049	0.00058985443
2459481.8017974873	1.0009403	0.000590241
2459481.803186427	1.000068	0.00059013726
2459481.8045753664	0.99993724	0.0005901794
2459481.805964306	0.99980175	0.00059015915
2459481.807353245	1.00083	0.00059030554
2459481.808742185	0.9996558	0.000590003
2459481.8101311247	0.999169	0.00059007126
2459481.8115200642	1.0003712	0.0005901204
2459481.812909004	0.99983853	0.00059014943
2459481.8142979434	0.99927795	0.00058990374
2459481.815686883	0.9997252	0.00058997003
2459481.8170758225	0.9997807	0.0005900121
2459481.8184647616	1.001815	0.0005906704
2459481.819853701	0.9996513	0.0005901139
2459481.8212426407	0.9992381	0.00059000583
2459481.8226315803	0.99853617	0.0005898542
2459481.8240205203	1.0000105	0.0005901137
2459481.82540946	0.99922645	0.0005899854
2459481.8267983994	0.9998175	0.00059018977
2459481.8281873385	0.9997852	0.00059019314
2459481.829576278	1.0000037	0.0005903107
2459481.8309652177	0.9997608	0.0005902198
2459481.832354157	0.99931735	0.0005899235
2459481.833743097	1.0000587	0.00059031456
2459481.8351320364	0.99861544	0.0005898949
2459481.836520976	0.9992506	0.0005900366
2459481.837909915	1.0001235	0.00059052155
2459481.8392988546	1.0000271	0.00059016194
2459481.840687794	0.9998373	0.0005901581
2459481.8420767337	0.9993467	0.00058998924
2459481.8434656733	0.9994823	0.00059019536
2459481.8448546124	0.9997578	0.00059016305
2459481.846243552	0.99912363	0.0005899916
2459481.847632491	1.0011567	0.00059054926
2459481.8490214306	1.0006281	0.00059059693
2459481.85041037	0.9994803	0.0005903811
2459481.8517993097	1.0000874	0.0005902239
2459481.8531882493	0.99939793	0.0005903867
2459481.854577189	0.9993741	0.00059012964
2459481.8559661284	0.999244	0.00059013953
2459481.857355068	1.0002471	0.0005902588
2459481.858744007	0.9992338	0.0005902406
2459481.860132946	0.9995174	0.00059024227
2459481.8615218857	0.9986667	0.0005900204
2459481.8629108253	0.99999005	0.0005903745
2459481.864299765	1.0004514	0.0005904909
2459481.8656887044	1.0016042	0.000590611
2459481.867077644	0.99988055	0.00059036847
2459481.868466583	0.99996215	0.00059036404
2459481.869855522	1.0000412	0.00059041276
2459481.8712444617	0.9990682	0.0005900879
2459481.8726334013	0.9997824	0.0005903601
2459481.874022341	1.0003685	0.00059042
2459481.8754112804	0.99989086	0.0005903272
2459481.8768002195	1.0011331	0.0005907811
2459481.8781891586	0.9996177	0.00059038936
2459481.879578098	0.9999657	0.0005903949
2459481.8809670378	1.0003927	0.00059070333
2459481.882355977	1.0004417	0.0005905958
2459481.8837449164	1.0004598	0.0005905854
2459481.885133856	0.999603	0.0005903314
2459481.8865227955	0.99942	0.0005901628
2459481.887911734	1.0006168	0.0005905353
2459481.8893006737	1.0000027	0.00059042755
2459481.8906896133	1.0003953	0.0005906527
2459481.892078553	1.0003525	0.0005904984
2459481.893467492	1.0002139	0.0005906875
2459481.8948564315	1.0000533	0.0005906844
2459481.896245371	0.9996241	0.0005902723
2459481.89763431	0.99981374	0.00059044664
2459481.8990232493	1.0010546	0.000590393
2459481.900412189	1.0014879	0.0005908096
2459481.901801128	1.0005865	0.00059059093
2459481.9031900675	0.9993948	0.0005903139
2459481.904579007	0.9991126	0.0005903321
2459481.905967946	0.99957174	0.00059041637
2459481.9073568857	1.0001198	0.0005906363
2459481.908745825	1.0004897	0.00059060537
2459481.910134764	1.0004364	0.00059060595
2459481.9115237035	0.9998062	0.00059036096
2459481.9129126426	0.9997346	0.000590535
2459481.914301582	0.99960536	0.0005905517
2459481.9156905217	1.0005697	0.0005906229
2459481.917079461	1.0008042	0.0005909186
2459481.9184684	0.9996701	0.0005905756
2459481.919857339	1.0006627	0.00059082033
2459481.9212462786	1.0000447	0.00059067307
2459481.9226352177	1.00039	0.0005906568
2459481.924024157	0.9995457	0.00059066905
2459481.925413097	0.99959224	0.00059066084
2459481.926802036	1.0007969	0.00059067784
2459481.928190975	0.99972403	0.0005908413
2459481.929579914	1.0002198	0.0005908159
2459481.9309688536	1.0003116	0.00059075287
2459481.9323577927	0.99945104	0.00059076044
2459481.9337467323	1.0001273	0.0005908009
2459481.9351356714	1.0000668	0.0005908544
2459481.936524611	1.001367	0.00059109676
2459481.93791355	1.0003422	0.0005908125
2459481.939302489	1.0008049	0.00059096236
2459481.9406914283	1.0005994	0.0005908099
2459481.9420803674	0.9997788	0.000590925
2459481.943469307	1.000256	0.00059086643
2459481.944858246	0.9996796	0.0005906309
2459481.9462471856	0.9991931	0.0005907177
2459481.9476361247	1.0015314	0.00059129525
2459481.949025064	1.0021609	0.00059123774
2459481.950414003	1.0008005	0.0005911169
2459481.951802942	1.0010438	0.0005912535
2459481.9531918815	0.9993451	0.0005906546
2459481.9545808206	0.9999338	0.00059088785
2459481.95596976	1.0004715	0.00059079804
2459481.9573586993	1.000299	0.0005908989
2459481.958747638	1.0010233	0.0005910504
2459481.9601365775	1.0011386	0.0005911657
2459481.9615255166	1.0010573	0.00059115817
2459481.9629144557	1.0002903	0.00059117336
2459481.9643033952	1.0002586	0.0005912508
2459481.9656923343	0.9991134	0.0005908696
2459481.9670812734	1.0004808	0.0005912582
2459481.968470213	0.9999183	0.00059127697
2459481.9698591516	1.0014215	0.0005912242
2459481.9712480907	1.0005069	0.00059126405
2459481.9726370303	0.99969345	0.0005909823
2459481.9740259694	1.0005636	0.000591171
2459481.9754149085	1.0004386	0.0005913586
2459481.976803848	1.0004497	0.00059122255
2459481.978192787	1.0013418	0.00059154024
2459481.979581726	1.0002098	0.0005913758
2459481.980970665	1.000418	0.00059137365
2459481.9823596044	1.0009732	0.0005915551
2459481.9837485435	1.0000945	0.00059111044
2459481.9851374826	0.99989164	0.00059129397
2459481.9865264217	0.9999237	0.0005911925
2459481.9879153613	0.99988884	0.00059147546
2459481.9893043	1.0001563	0.000591262
2459481.990693239	1.0010415	0.00059162034
2459481.992082178	1.0000092	0.0005913989
2459481.993471117	1.0006653	0.0005915643
2459481.994860057	1.0000583	0.00059147505
2459481.996248996	1.0007	0.00059167045
2459481.997637935	0.99969494	0.00059149077
2459481.9990268736	1.0015501	0.0005918437
2459482.0004158127	1.0002003	0.0005918398
2459482.0018047523	1.0002725	0.000591673
2459482.0031936914	0.99993336	0.0005915529
2459482.0045826305	1.000382	0.0005917793
2459482.0059715696	1.0010018	0.0005918943
2459482.0073605087	1.0004866	0.00059172185
2459482.0087494478	0.9988316	0.00059146323
2459482.0101383864	1.000013	0.0005919675
2459482.0115273255	1.0001935	0.0005918107
2459482.012916265	1.0006036	0.00059190864
2459482.014305204	1.0003284	0.0005918236
2459482.0156941433	1.0009745	0.00059215416
2459482.0170830823	1.0015184	0.00059234607
2459482.0184720214	1.0007732	0.0005922679
2459482.01986096	1.0002788	0.00059204124
2459482.021249899	0.99917716	0.0005918442
2459482.0226388383	1.0011116	0.0005922818
2459482.0240277774	1.0008328	0.00059237273
2459482.0254167165	1.0008456	0.00059239415
2459482.0268056556	0.9997505	0.00059207965
2459482.0281945947	1.0000155	0.00059245207
2459482.0295835333	0.99988925	0.0005924013
2459482.0309724724	0.9995368	0.00059233524
2459482.0323614115	1.0002961	0.0005924621
2459482.0337503506	0.9995046	0.0005923744
2459482.0351392897	0.9997491	0.00059242896
2459482.036528229	0.999299	0.00059247063
2459482.037917168	1.0000287	0.0005926669
2459482.0393061065	1.0011076	0.00059298147
2459482.0406950456	0.99957293	0.0005928644
2459482.0420839847	1.0007911	0.00059322634
2459482.043472924	1.0002658	0.00059308985
2459482.044861863	0.99990964	0.0005930413
2459482.046250802	0.99968785	0.0005933212
2459482.047639741	1.0007818	0.0005934833
2459482.04902868	1.000125	0.00059358566
2459482.050417619	1.0000577	0.00059357076
2459482.051806558	1.001888	0.000594199
2459482.0531954966	1.0003072	0.00059389893
2459482.0545844357	0.9994924	0.00059379236
2459482.0559733748	1.0010335	0.000594279
2459482.057362314	1.0023237	0.0005947029
2459482.058751253	1.0006617	0.00059440045
2459482.0601401916	0.99876165	0.000593896
2459482.0615291307	0.9994104	0.00059430074
2459482.06291807	1.0007528	0.0005947463
2459482.0643070084	1.0002053	0.0005948129
2459482.0656959475	0.999958	0.0005948233
2459482.0670848866	1.0000323	0.00059491623
2459482.0684738257	0.9999391	0.0005951565
2459482.0698627643	0.9995586	0.00059525925
2459482.0712517034	0.9998284	0.00059563253
2459482.072640642	0.99916244	0.000595855
2459482.074029581	1.0023116	0.0005970174
2459482.0754185203	1.0002235	0.0005969617
2459482.0768074594	0.9998301	0.0005971033
2459482.078196398	1.0010791	0.00059818215
2459482.0795853366	1.0013951	0.0005990648
2459482.0809742757	0.9995088	0.0005993354
2459482.082363215	1.0003768	0.0006006186
2459482.0837521534	1.0012336	0.0006018139
2459482.0851410925	1.0007427	0.0006029275
2459482.0865300316	0.99963325	0.00060370815
2459482.0879189707	1.0002636	0.000604794
2459482.0893079094	0.999439	0.0006059389
2459482.090696848	1.0005256	0.0006075668
2459482.092085787	0.9997726	0.0006089934
2459482.093474726	1.0002053	0.00061091
2459482.094863665	1.000325	0.0006122655
2459482.096252604	1.002057	0.0006139717
2459482.097641543	1.0013866	0.0006153134
2459482.0990304817	1.0009757	0.0006160344
2459482.1004194203	1.0009701	0.0006170606
2459482.1018083594	1.0024512	0.0006180544
2459482.103197298	1.000648	0.000618115
2459482.104586237	1.0004743	0.0006187544
2459482.1059751757	1.000762	0.00061943574
2459482.107364115	0.99946284	0.0006197153
2459482.108753054	1.0005902	0.00062060775
2459482.110141992	1.0012168	0.0006219488
2459482.111530931	1.0007958	0.0006223904
2459482.1129198703	1.0003762	0.0006231687
2459482.114308809	1.0000424	0.00062380935
2459482.115697748	1.0008934	0.0006249557
2459482.1170866867	1.0009682	0.0006255327
2459482.1184756258	1.0008104	0.0006261086
2459482.119864564	1.0012082	0.00062656094
2459482.121253503	1.0016261	0.00062720035
2459482.122642442	1.0004891	0.0006273761
2459482.1240313808	1.0012485	0.00062816765
2459482.12542032	1.0008988	0.00062885275
2459482.1268092585	1.0011014	0.0006293341
2459482.1281981976	1.0004729	0.0006298522
2459482.129587136	1.000714	0.0006304405
2459482.130976075	1.0004153	0.0006310807
2459482.1323650135	1.0005459	0.00063185993
2459482.1337539526	1.0006481	0.00063298544
2459482.135142891	0.9994025	0.0006341508
2459482.1365318303	1.0000932	0.00063524715
2459482.137920769	1.000342	0.000636258
2459482.139309708	0.9999235	0.00063707994
2459484.8574574594	1.0013986	0.00060904166
2459484.8588463934	1.0000381	0.00060924486
2459484.8602353274	1.0012435	0.000609886
2459484.8616242614	1.0009557	0.0006102503
2459484.8630131953	1.0011501	0.00061052083
2459484.864402129	1.000589	0.0006111634
2459484.865791063	1.0010871	0.000611875
2459484.867179997	1.0008392	0.0006120415
2459484.868568931	1.0002187	0.00061221933
2459484.8699578648	1.0010816	0.00061288214
2459484.8713467983	1.001665	0.0006133795
2459484.8727357322	1.0009286	0.00061373314
2459484.8741246657	1.0001234	0.0006136822
2459484.8755135997	1.0031327	0.0006149544
2459484.8769025337	1.0014205	0.0006154785
2459484.8782914677	1.0011716	0.0006160749
2459484.8796804016	1.0019375	0.0006170131
2459484.8810693356	1.001318	0.000617863
2459484.8824582696	1.0004693	0.0006190159
2459484.883847203	1.0017004	0.0006206875
2459484.8852361366	1.0021881	0.000622682
2459484.8866250706	1.0025232	0.0006247562
2459484.8880140046	1.0005747	0.00062670704
2459484.8894029385	1.0022439	0.00062941585
2459484.8907918725	1.000739	0.00063138636
2459484.906070145	1.0020787	0.0006307426
2459484.9074590784	1.0015922	0.00062770967
2459484.9088480123	1.0024805	0.00062500354
2459484.9102369463	1.0020343	0.00062220293
2459484.9116258803	1.0024087	0.0006198542
2459484.9130148143	1.0017506	0.0006171011
2459484.914403748	1.0025721	0.00061487406
2459484.9157926817	1.0034946	0.00061297655
2459484.9171816153	1.002313	0.0006106696
2459484.918570549	1.001885	0.0006088991
2459484.919959483	1.0016241	0.00060749886
2459484.921348417	1.0025356	0.0006063592
2459484.922737351	1.001188	0.0006050102
2459484.9241262847	1.0013031	0.00060408085
2459484.925515218	1.001892	0.0006031854
2459484.926904152	1.0029031	0.00060260925
2459484.928293086	1.0025401	0.00060168584
2459484.92968202	1.0012939	0.0006007048
2459484.931070954	1.0013149	0.0005999408
2459484.932459888	1.0015006	0.00059906574
2459484.9338488216	1.0005288	0.0005982085
2459484.935237755	1.0013784	0.00059793604
2459484.936626689	1.0027822	0.0005978933
2459484.938015623	1.0032895	0.0005975761
2459484.939404557	1.0019054	0.0005967536
2459484.940793491	1.0025954	0.0005968306
2459484.9421824245	1.0019857	0.0005964002
2459484.9435713585	1.0022765	0.00059640885
2459484.944960292	1.0018873	0.00059589784
2459484.946349226	1.0023228	0.0005959785
2459484.94773816	1.002596	0.00059585384
2459484.949127094	1.0019435	0.00059577386
2459484.9505160274	1.001534	0.0005955227
2459484.9519049614	1.0018351	0.00059556286
2459484.9532938953	1.0019642	0.0005953208
2459484.954682829	1.0026064	0.00059553137
2459484.956071763	1.0033613	0.00059580954
2459484.9574606963	1.0007778	0.00059511705
2459484.9588496303	1.0023943	0.0005952498
2459484.9602385643	1.0030104	0.0005953223
2459484.9616274983	1.0019209	0.0005948885
2459484.9630164322	1.0021381	0.0005950021
2459484.9644053658	1.0020227	0.0005947278
2459484.9657942993	1.0024639	0.00059481786
2459484.9671832332	1.0024633	0.00059472834
2459484.968572167	1.0030375	0.0005947982
2459484.969961101	1.0030453	0.00059458206
2459484.971350035	1.0019107	0.000594299
2459484.9727389687	1.0028064	0.0005945075
2459484.974127902	1.001712	0.00059429236
2459484.975516836	1.002063	0.0005943497
2459484.97690577	1.0015217	0.00059413543
2459484.978294704	1.0036694	0.0005945555
2459484.9796836376	1.0019598	0.0005942743
2459484.9810725716	1.0015345	0.0005942457
2459484.9824615056	1.002437	0.00059458154
2459484.9838504395	1.0013269	0.0005942534
2459484.9852393726	1.0010699	0.0005942704
2459484.9866283066	1.0025436	0.00059470086
2459484.9880172405	1.0020615	0.0005946086
2459484.9894061745	1.0028085	0.00059484923
2459484.9907951085	1.002219	0.0005948553
2459484.992184042	1.0016737	0.0005948724
2459484.993572976	1.0020838	0.00059487205
2459484.9949619095	1.0018678	0.0005949001
2459484.9963508435	1.0026104	0.000594792
2459484.9977397774	1.0007256	0.00059453247
2459484.999128711	1.0016127	0.000594781
2459485.000517645	1.0012428	0.00059484807
2459485.001906579	1.0021744	0.000595059
2459485.003295513	1.0013901	0.00059505744
2459485.004684446	1.0008781	0.00059489225
2459485.00607338	1.0015461	0.00059534615
2459485.007462314	1.0015302	0.00059508247
2459485.008851248	1.0021796	0.0005955096
2459485.010240182	1.0021814	0.00059539446
2459485.0116291153	1.0028157	0.00059566903
2459485.0130180493	1.002128	0.0005954811
2459485.014406983	1.0017538	0.0005955451
2459485.015795917	1.000447	0.00059508067
2459485.0171848503	1.0016241	0.00059558725
2459485.0185737843	0.99949694	0.00059507537
2459485.0199627182	1.0002847	0.00059522514
2459485.021351652	0.9980696	0.0005948226
2459485.0227405857	0.9971592	0.00059464684
2459485.0241295197	0.9967543	0.00059443247
2459485.025518453	0.9948866	0.00059407094
2459485.026907387	0.99476624	0.0005942873
2459485.0282963207	0.9932798	0.0005938523
2459485.0296852547	0.9915608	0.00059367367
2459485.0310741886	0.99108315	0.00059345056
2459485.0324631226	0.99118054	0.00059338135
2459485.0338520566	0.99175316	0.0005936123
2459485.0352409896	0.9911503	0.0005935206
2459485.0366299236	0.990273	0.0005936545
2459485.0380188576	0.990796	0.00059368677
2459485.0394077916	0.99093026	0.00059361564
2459485.040796725	0.98933214	0.00059337437
2459485.042185659	0.99056304	0.0005936945
2459485.043574593	0.9914053	0.00059387094
2459485.0449635265	0.9904833	0.00059363456
2459485.04635246	0.9905307	0.0005939218
2459485.047741394	0.9907264	0.00059387146
2459485.049130328	0.98924917	0.00059369457
2459485.050519262	0.98943055	0.0005936898
2459485.0519081955	0.989131	0.0005936351
2459485.0532971295	0.9897659	0.0005937861
2459485.0546860634	0.98994714	0.00059396226
2459485.056074997	0.9899123	0.00059421983
2459485.0574639305	0.9894116	0.0005941937
2459485.0588528644	0.9886818	0.0005938037
2459485.0602417984	0.9895921	0.0005942701
2459485.0616307324	0.98830706	0.0005940226
2459485.063019666	0.98910135	0.0005941589
2459485.0644086	0.98894095	0.00059412955
2459485.0657975334	0.9888657	0.00059434946
2459485.0671864673	0.9891253	0.0005944219
2459485.068575401	0.98973775	0.0005945246
2459485.069964335	0.98921967	0.0005947408
2459485.071353269	0.99001306	0.0005949198
2459485.072742203	0.98976105	0.00059478584
2459485.0741311363	0.9899245	0.0005949151
2459485.07552007	0.9888442	0.00059479347
2459485.076909004	0.98808277	0.00059481955
2459485.0782979373	0.98991483	0.0005951668
2459485.0796868713	0.9883027	0.0005949672
2459485.0810758052	0.9890549	0.00059515773
2459485.082464739	0.9888229	0.00059539214
2459485.0838536727	0.98910505	0.00059532083
2459485.0852426062	0.9894776	0.00059534993
2459485.08663154	0.98928374	0.0005956135
2459485.088020474	0.9887646	0.0005955029
2459485.0894094077	0.9887827	0.0005958632
2459485.0907983417	0.9886534	0.00059573917
2459485.0921872756	0.98864037	0.000595657
2459485.0935762096	0.98905087	0.00059583364
2459485.094965143	0.9889479	0.0005961843
2459485.0963540766	0.99066967	0.00059638545
2459485.0977430106	0.9891368	0.0005963142
2459485.0991319446	0.98973244	0.00059631764
2459485.100520878	0.9902227	0.00059668015
2459485.101909812	0.98932046	0.00059656537
2459485.103298746	0.9892504	0.0005965278
2459485.10468768	0.98937297	0.00059682695
2459485.106076613	0.9894765	0.0005969099
2459485.107465547	0.9891753	0.00059687096
2459485.108854481	0.98909307	0.00059710623
2459485.1102434145	0.98867834	0.00059680245
2459485.1116323485	0.9894337	0.00059736136
2459485.1130212825	0.989558	0.00059738156
2459485.1144102165	0.9896536	0.00059756165
2459485.1157991495	0.9893298	0.00059749914
2459485.1171880835	0.9898801	0.00059805915
2459485.1185770174	0.9896003	0.00059783633
2459485.1199659514	0.9898452	0.000598051
2459485.121354885	0.9886945	0.00059784594
2459485.122743819	0.9896386	0.0005981274
2459485.124132753	0.9891353	0.0005982032
2459485.1255216864	0.9899305	0.00059831596
2459485.12691062	0.9887241	0.0005983542
2459485.128299554	0.9898582	0.00059877045
2459485.129688488	0.9898416	0.0005987634
2459485.131077422	0.99048465	0.00059909286
2459485.1324663553	0.99059975	0.00059901114
2459485.1338552893	0.9901431	0.0005991933
2459485.1352442233	0.9892185	0.0005990307
2459485.1366331563	0.9903993	0.0005995443
2459485.1380220903	0.98969054	0.0005994019
2459485.1394110243	0.9893955	0.00059944636
2459485.1407999583	0.9901776	0.000599856
2459485.142188892	0.9898779	0.00059987133
2459485.1435778257	0.9905628	0.00060006045
2459485.1449667597	0.9894364	0.00060012337
2459485.146355693	0.9898335	0.00060033705
2459485.1477446267	0.99065506	0.0006008011
2459485.1491335607	0.9913872	0.0006007728
2459485.1505224947	0.99117696	0.0006008713
2459485.1519114287	0.9918208	0.0006013444
2459485.153300362	0.99150497	0.0006013226
2459485.154689296	0.9916275	0.00060141337
2459485.1560782297	0.99252737	0.0006020023
2459485.1574671636	0.9931622	0.000602173
2459485.158856097	0.9941068	0.00060247176
2459485.160245031	0.9953564	0.0006029854
2459485.161633965	0.9960809	0.0006031443
2459485.163022899	0.9968616	0.00060351426
2459485.1644118326	0.9973547	0.0006039349
2459485.165800766	1.0000787	0.000604558
2459485.1671897	1.0020553	0.0006052743
2459485.168578634	1.0007554	0.0006052357
2459485.1699675675	1.001013	0.0006053962
2459485.1713565015	1.0031137	0.0006059682
2459485.1727454355	1.0026593	0.0006057806
2459485.1741343695	1.0022148	0.0006059811
2459485.175523303	1.0025607	0.00060624955
2459485.1769122365	1.0023988	0.00060627336
2459485.1783011705	1.0024858	0.00060658006
2459485.1796901044	1.0024723	0.0006066927
2459485.181079038	1.0033212	0.00060704997
2459485.182467972	1.002372	0.00060694804
2459485.183856906	1.0036129	0.0006073308
2459485.18524584	1.0025089	0.00060736615
2459485.186634773	1.001952	0.0006074872
2459485.188023707	1.0022533	0.0006077497
2459485.189412641	1.0029639	0.0006077905
2459485.190801575	1.0022477	0.0006078768
2459485.1921905084	1.0016888	0.000607945
2459485.1935794423	1.0024565	0.00060851575
2459485.1949683763	1.0026917	0.00060834625
2459485.19635731	1.0012829	0.00060838176
2459485.1977462433	1.0031731	0.00060892757
2459485.1991351773	1.0025284	0.000609037
2459485.2005241113	1.0021379	0.0006090008
2459485.2019130453	1.0020778	0.00060911226
2459485.2033019788	1.0027057	0.0006095285
2459485.2046909127	1.0016	0.00060941523
2459485.2060798462	1.0023144	0.000609742
2459485.20746878	1.0016656	0.0006098567
2459485.2088577137	1.0019829	0.00061030587
2459485.2102466477	1.0024607	0.0006102939
2459485.2116355817	1.0026153	0.000610491
2459485.2130245157	1.0011102	0.0006101681
2459485.2144134496	1.0020494	0.00061065605
2459485.215802383	1.001134	0.0006106815
2459485.2171913167	1.002282	0.000611008
2459485.2185802506	1.0023581	0.00061105867
2459485.2199691846	1.0020142	0.0006111244
2459485.221358118	1.002318	0.0006114067
2459485.222747052	1.0021869	0.0006116189
2459485.224135986	1.0016682	0.0006118736
2459485.22552492	1.0027649	0.0006118873
2459485.226913853	1.0021801	0.0006120491
2459485.228302787	1.0011984	0.00061212695
2459485.229691721	1.0028225	0.00061286305
2459485.231080655	1.00189	0.0006126236
2459485.232469589	1.0024768	0.00061282696
2459485.2338585225	1.002816	0.00061317685
2459485.2352474565	1.0025554	0.00061316247
2459485.23663639	1.0022931	0.00061335723
2459485.238025324	1.0021719	0.0006135169
2459485.239414258	1.0015436	0.0006135851
2459485.2408031914	1.0024816	0.0006141264
2459485.2421921254	1.0009663	0.0006138263
2459485.2435810594	1.0017589	0.00061422563
2459485.2449699934	1.0019587	0.0006141913
2459485.2463589264	1.0013459	0.0006146459
2459485.2477478604	1.0020591	0.000614835
2459485.2491367944	1.0016906	0.0006146682
2459485.2505257283	1.0018498	0.0006150256
2459485.2519146623	1.0018946	0.0006150736
2459485.253303596	1.0021205	0.00061532826
2459485.25469253	1.0017515	0.00061547733
2459485.256081464	1.0010197	0.0006154892
2459485.2574703973	1.002047	0.0006159612
2459485.2588593313	1.0013791	0.00061600405
2459485.2602482648	1.0017312	0.0006161626
2459485.2616371987	1.0016594	0.0006165948
2459485.2630261327	1.0015925	0.0006166003
2459485.2644150667	1.0018932	0.0006166766
2459485.2658040007	1.0018929	0.0006171548
2459485.267192934	1.0018201	0.0006171917
2459485.2685818677	1.0016613	0.0006174782
2459485.2699708017	1.000738	0.0006172381
2459485.2713597356	1.0011772	0.0006175989
2459485.2727486696	1.0008513	0.00061768695
2459485.2741376036	1.0011559	0.00061775575
2459485.275526537	1.0015543	0.0006182976
2459485.2769154706	1.0010657	0.0006182378
2459485.2783044046	1.0012795	0.000618452
2459485.2796933386	1.0020902	0.0006190627
2459487.186705055	0.9992679	0.0005878347
2459487.1880939966	1.0001221	0.000588022
2459487.1894829376	0.9987022	0.0005876993
2459487.190871879	0.99974376	0.00058770657
2459487.1922608204	0.99982715	0.00058764906
2459487.1936497614	0.9994278	0.000587383
2459487.1950387023	1.000222	0.00058741507
2459487.1964276438	0.9993054	0.0005874387
2459487.197816585	0.9985471	0.00058715296
2459487.1992055266	0.9990824	0.00058731757
2459487.2005944676	1.0007071	0.0005877851
2459487.201983409	0.99873894	0.00058710447
2459487.2033723504	0.9988207	0.00058649667
2459487.204761291	0.99859065	0.00058701244
2459487.2061502323	0.9997159	0.00058718823
2459487.2075391733	0.99812317	0.0005869712
2459487.2089281147	0.9996879	0.000587299
2459487.2103170557	0.9990822	0.0005872041
2459487.211705997	0.9989197	0.0005870199
2459487.213094938	0.999565	0.0005871858
2459487.214483879	0.99912083	0.00058691896
2459487.21587282	0.999413	0.0005870592
2459487.2172617614	0.9989388	0.00058680546
2459487.2186507024	1.0001026	0.0005874067
2459487.2200396433	0.9996128	0.00058730814
2459487.221428585	0.9982527	0.00058692525
2459487.2228175257	0.9980526	0.0005868024
2459487.224206466	0.9984307	0.00058710197
2459487.2255954077	1.0003067	0.00058738247
2459487.2269843486	0.9994004	0.00058673817
2459487.2283732896	0.9988106	0.00058710604
2459487.2297622305	0.99903	0.0005871273
2459487.2311511715	0.99880064	0.000587021
2459487.232540113	0.99860877	0.00058694725
2459487.2339290534	1.0006391	0.00058715075
2459487.2353179944	0.9989479	0.00058681285
2459487.2367069353	0.9989486	0.00058714923
2459487.2380958763	0.99890167	0.000587017
2459487.2394848173	0.99917203	0.00058706163
2459487.240873758	0.9987668	0.0005871694
2459487.242262699	0.99851686	0.0005866752
2459487.24365164	0.99884623	0.00058690715
2459487.2450405806	0.9996985	0.00058722915
2459487.2464295216	0.99742544	0.00058672985
2459487.2478184626	0.99783564	0.0005867979
2459487.2492074035	0.99949604	0.0005872541
2459487.2505963445	0.9978965	0.0005868227
2459487.2519852854	0.9998631	0.000586965
2459487.2533742264	0.9991386	0.0005870562
2459487.2547631664	0.9987902	0.000587141
2459487.2561521074	0.9984609	0.0005870144
2459487.2589299893	0.9988438	0.00058697147
2459487.26031893	0.99937123	0.00058722805
2459487.2617078708	0.9982178	0.00058698235
2459487.2630968117	0.9987174	0.0005871102
2459487.2644857517	0.99887866	0.0005869357
2459487.2658746927	0.99931735	0.0005873453
2459487.2672636337	0.9989135	0.00058698165
2459487.268652574	0.99921274	0.00058709737
2459487.270041515	0.9996725	0.000587132
2459487.2714304556	0.9984288	0.0005870075
2459487.2728193966	0.99861103	0.00058728544
2459487.274208337	0.99841815	0.00058694626
2459487.2755972776	0.99979985	0.00058724085
2459487.276986218	0.99991405	0.000587325
2459487.278375159	0.99897105	0.0005870703
2459487.2797640995	0.9993099	0.0005872875
2459487.28115304	1.0001209	0.0005874203
2459487.282541981	0.99809396	0.00058687804
2459487.2839309215	0.99843353	0.0005868872
2459487.2853198615	0.99829084	0.0005868859
2459487.2867088025	0.9976244	0.00058691774
2459487.288097743	1.0005927	0.0005876547
2459487.2894866834	0.99942887	0.0005871862
2459487.290875624	0.99874717	0.00058722397
2459487.292264565	0.9986897	0.00058703334
2459487.2936535054	0.99854445	0.0005870004
2459487.2950424454	0.9981976	0.0005868449
2459487.296431386	0.9989877	0.00058713806
2459487.2978203264	0.9996259	0.0005872397
2459487.299209267	0.99907285	0.00058704865
2459487.3005982074	0.998693	0.00058715267
2459487.301987148	0.9989371	0.0005870343
2459487.3033760884	0.9997641	0.0005871586
2459487.3047650284	0.9998851	0.00058730185
2459487.306153969	0.99812657	0.0005869748
2459487.3075429094	0.9990501	0.00058669667
2459487.30893185	0.9987625	0.00058699783
2459487.3103207904	0.99941206	0.0005871472
2459487.311709731	0.99936676	0.00058713194
2459487.3130986714	0.9981539	0.0005869491
2459487.3144876114	0.9990464	0.00058719877
2459487.3158765514	0.99866384	0.00058686413
2459487.317265492	0.9991507	0.0005870489
2459487.3186544324	0.9993149	0.0005871243
2459487.3200433725	1.0011388	0.0005876717
2459487.321432313	1.0000288	0.00058732147
2459487.3228212534	0.99945706	0.00058739615
2459487.3242101935	0.9992401	0.00058713707
2459487.3255991335	0.9999681	0.000587165
2459487.326988074	0.99957263	0.00058741216
2459487.328377014	0.99889606	0.00058704393
2459487.3297659545	0.99872166	0.0005870279
2459487.3311548945	0.9997346	0.0005871053
2459487.332543835	0.9992319	0.0005871884
2459487.333932775	0.9991308	0.0005871187
2459487.335321715	0.9981902	0.0005869014
2459487.336710655	0.99952775	0.00058730633
2459487.3380995956	0.9993798	0.0005871748
2459487.3394885357	0.999665	0.0005873526
2459487.3408774757	0.99962205	0.00058702467
2459487.342266416	0.99867046	0.00058688724
2459487.343655356	0.99906707	0.0005872082
2459487.345044296	0.9979263	0.00058678276
2459487.3464332363	0.99974054	0.00058713835
2459487.3478221763	0.99924743	0.0005870431
2459487.3492111163	0.99941146	0.0005871161
2459487.3506000564	1.0001446	0.00058721454
2459487.3519889964	0.9998011	0.0005870225
2459487.3533779364	0.9990155	0.00058717356
2459487.354766877	1.000145	0.00058759935
2459487.3561558165	0.99778473	0.0005868056
2459487.3575447565	0.99922335	0.0005871027
2459487.3589336965	1.0000739	0.00058716664
2459487.3603226366	0.9999844	0.0005873119
2459487.3617115766	0.99846107	0.0005870366
2459487.3631005166	0.9996599	0.0005873592
2459487.3644894566	0.99885124	0.00058692746
2459487.365878396	0.9988229	0.00058701646
2459487.3672673358	0.99938047	0.0005871402
2459487.368656276	0.99795246	0.000586861
2459487.370045216	0.999147	0.0005872686
2459487.371434156	0.99902266	0.00058708934
2459487.372823096	0.9987833	0.00058685226
2459487.3742120354	1.0002965	0.00058749807
2459487.375600975	0.9986695	0.00058698
2459487.376989915	0.99980783	0.0005872032
2459487.378378855	0.99973524	0.00058722886
2459487.3797677946	1.0008076	0.0005873968
2459487.3811567347	1.0001029	0.0005872699
2459487.3825456747	0.99943477	0.00058731873
2459487.3839346142	0.99965876	0.0005873242
2459487.385323554	0.9997117	0.0005872686
2459487.3867124934	0.9985544	0.0005870031
2459487.3881014334	0.99936223	0.00058720255
2459487.389490373	0.9983709	0.0005871232
2459487.390879313	0.99926627	0.00058715226
2459487.3922682526	0.9994876	0.0005872622
2459487.3936571926	0.99974835	0.0005871442
2459487.395046132	0.9987746	0.0005870907
2459487.3964350712	1.0000826	0.00058735075
2459487.3978240113	0.9990267	0.00058706914
2459487.399212951	0.99987614	0.0005874141
2459487.4006018904	0.99912506	0.0005870662
2459487.4019908304	0.9995652	0.0005871215
2459487.40337977	0.999104	0.00058715383
2459487.4047687096	0.99938124	0.00058733154
2459487.4061576487	0.99964166	0.0005871647
2459487.407546588	0.9992241	0.0005872389
2459487.4089355282	0.9989623	0.00058700837
2459487.410324468	0.9991103	0.0005868121
2459487.4117134074	0.999341	0.0005872591
2459487.413102347	0.99924463	0.0005871045
2459487.4144912865	1.0000832	0.00058732694
2459487.4158802256	1.000022	0.0005873485
2459487.417269165	0.9986338	0.00058713247
2459487.4186581047	0.999517	0.00058719795
2459487.4200470443	0.99968684	0.00058755075
2459487.421435984	0.99907845	0.000587153
2459487.4228249234	0.9996856	0.0005871354
2459487.4242138625	0.99959505	0.00058717903
2459487.425602802	0.9992334	0.00058702414
2459487.426991741	0.9997804	0.0005871268
2459487.4283806807	0.9995695	0.0005869784
2459487.4297696203	0.9989604	0.00058703916
2459487.4311585594	0.99957544	0.00058705686
2459487.432547499	0.9995905	0.00058737554
2459487.4339364385	1.0011028	0.00058754685
2459487.435325378	0.99995655	0.0005873836
2459487.4367143167	0.99922514	0.0005871907
2459487.4381032563	1.0005068	0.0005873566
2459487.4394921954	0.9986514	0.00058701885
2459487.440881135	1.0004159	0.0005873274
2459487.442270074	0.9995367	0.00058730354
2459487.4436590136	0.999425	0.0005871779
2459487.445047953	0.99941456	0.0005873021
2459487.446436892	1.0003619	0.000587428
2459487.447825831	0.99956965	0.00058700726
2459487.4492147705	0.9989067	0.00058719417
2459487.4506037096	0.9999145	0.0005872495
2459487.451992649	0.9986989	0.00058700395
2459487.453381588	0.999867	0.0005871664
2459487.4547705273	0.9999335	0.00058746716
2459487.4561594664	0.99945146	0.0005871835
2459487.4575484055	0.9995568	0.00058739324
2459487.4589373446	0.9994792	0.0005870641
2459487.4603262837	0.9985996	0.0005869684
2459487.461715223	0.99930257	0.000587118
2459487.4631041624	0.9995834	0.0005871187
2459487.4644931015	1.0008489	0.0005874709
2459487.4658820406	1.0001317	0.0005872063
2459487.467270979	0.9991034	0.0005870741
2459487.4686599183	0.99891865	0.0005869286
2459487.4700488574	0.9988702	0.00058705435
2459487.4714377965	0.9995214	0.00058713014
2459487.4728267356	0.99946123	0.00058720796
2459487.4742156747	0.9999648	0.0005874844
2459487.475604614	0.9996907	0.0005871803
2459487.4769935524	0.9999259	0.00058725243
2459487.4783824915	0.99907726	0.00058688835
2459487.4797714306	0.998995	0.0005871464
2459487.4811603692	0.99985886	0.0005874398
2459487.4825493083	0.9997706	0.00058719516
2459487.4839382474	0.99915856	0.00058724213
2459487.4853271865	0.99997723	0.00058726186
2459487.486716125	0.9988964	0.0005870379
2459487.488105064	0.9987157	0.000586929
2459487.489494003	0.999553	0.0005872496
2459487.490882942	0.9989476	0.0005870273
2459487.4922718806	0.9992278	0.0005870361
2459487.4936608197	0.99868304	0.00058698346
2459487.4950497583	0.9988476	0.00058700854
2459487.496438697	1.0000831	0.00058720686
2459487.497827636	0.99911386	0.00058714976
2459487.4992165747	0.9997245	0.00058714824
2459487.500605514	1.0002918	0.0005872865
2459487.5019944524	0.99904996	0.000587014
2459487.503383391	0.9993434	0.00058709085
2459487.50477233	0.99889016	0.00058692927
2459487.506161269	0.9998309	0.000587083
2459487.5075502074	0.9999167	0.0005872402
2459487.508939146	0.9992306	0.0005871376
2459487.5103280847	0.9996697	0.0005871557
2459487.511717024	0.9996609	0.0005870803
2459487.5131059624	0.99912226	0.0005871922
2459487.514494901	0.9997303	0.00058725284
2459487.5158838397	0.9998921	0.00058717106
2459487.517272778	0.9993976	0.00058738736
2459487.518661717	0.99940175	0.0005870924
2459487.5200506556	0.99911994	0.00058705
2459487.521439594	1.0001088	0.0005873169
2459487.522828533	0.99912906	0.0005871785
2459487.5242174715	1.0000399	0.00058729685
2459487.52560641	0.9990603	0.0005870091
2459487.5269953483	0.99820596	0.00058707315
2459487.528384287	0.99917394	0.00058705185
2459487.5297732255	0.99931115	0.00058709073
2459487.531162164	0.999936	0.00058726076
2459487.532551103	0.9993012	0.00058698154
2459487.5339400414	0.9991467	0.00058706367
2459487.53532898	0.9999145	0.00058717513
2459487.536717918	0.9995214	0.0005872704
2459487.5381068564	0.9993097	0.0005872184
2459487.539495795	0.999383	0.0005870745
2459487.5408847337	0.9986981	0.0005869517
2459487.5422736723	1.0005782	0.00058746873
2459487.5436626105	1.0001088	0.0005872058
2459487.545051549	0.99966484	0.0005874108
2459487.5464404877	0.9994968	0.00058725965
2459487.5478294254	1.0002681	0.0005873685
2459487.549218364	1.0001867	0.0005873102
2459487.550607302	0.9999084	0.00058726233
2459487.551996241	1.0001466	0.0005871973
2459487.5533851795	0.9979484	0.00058687397
2459487.5547741177	0.99965036	0.0005872508
2459487.5561630563	0.999879	0.00058713334
2459487.557551994	0.9987752	0.0005871113
2459487.558940932	0.9987752	0.0005871954
2459487.560329871	1.0012515	0.0005877468
2459487.561718809	0.99942094	0.0005871992
2459487.5631077476	0.9988511	0.00058710127
2459487.5644966858	1.0007277	0.00058731466
2459487.565885624	0.99944586	0.0005873244
2459487.567274562	0.9998091	0.00058722595
2459487.5686635002	0.999077	0.0005870931
2459487.5700524384	0.9999752	0.0005871702
2459487.5714413766	1.0001734	0.00058744435
2459487.5728303147	0.9994764	0.00058725727
2459487.5742192534	0.99844915	0.0005868868
2459487.5756081915	1.0008688	0.0005873048
2459487.5769971292	1.0018882	0.000588091
2459487.5783860674	0.9999838	0.0005872088
2459487.5797750056	1.0005099	0.0005876066
2459487.5811639437	1.0001266	0.00058725895
2459487.582552882	0.9991808	0.0005871853
2459487.58394182	0.9994561	0.0005871228
2459487.5853307582	0.99968725	0.0005872989
2459487.5867196964	0.99911284	0.0005869247
2459487.588108634	1.0006797	0.0005874993
2459487.5894975723	0.99993086	0.0005874086
2459487.5908865104	0.99967605	0.00058720337
2459487.592275448	0.99957883	0.000587414
2459487.5936643863	0.9998429	0.0005870697
2459487.5950533245	0.9990065	0.0005871587
2459487.5964422626	1.000217	0.00058739836
2459487.5978312003	0.9995311	0.0005871708
2459487.599220138	0.99938184	0.0005871468
2459487.600609076	0.99841744	0.00058695127
2459487.6019980144	0.9995088	0.00058718387
2459487.603386952	0.99867994	0.00058703957
2459487.6047758902	0.9991375	0.00058716116
2459487.6061648284	0.9992635	0.00058723823
2459487.6075537656	0.9994501	0.00058722467
2459487.608942704	0.9995108	0.0005873751
2459487.6103316415	1.0001789	0.00058727677
2459487.6117205797	1.0002558	0.00058723317
2459487.6131095174	0.9992168	0.00058729766
2459487.6144984555	0.99946874	0.0005870981
2459487.6158873932	0.9998486	0.00058726786
2459487.617276331	0.99884737	0.00058719184
2459487.6186652686	1.0000545	0.00058737415
2459487.6200542063	0.99960893	0.0005874638
2459487.621443144	0.9998986	0.0005872429
2459487.622832082	0.99969834	0.00058742345
2459487.62422102	0.9994417	0.00058721524
2459487.6256099576	0.999363	0.0005870827
2459487.6269988953	0.99928063	0.0005872513
2459487.628387833	0.99982554	0.000587316
2459487.6297767707	0.99934715	0.0005871448
2459487.6311657084	0.9995401	0.0005872753
2459487.632554646	1.0000631	0.00058725063
2459487.633943584	0.9985603	0.0005872226
2459487.6353325215	0.99968445	0.00058739143
2459487.636721459	0.9995118	0.0005872025
2459487.6381103965	0.99999875	0.0005873043
2459487.639499334	0.99865574	0.0005870447
2459487.640888272	0.9988458	0.0005870542
2459487.6422772096	1.0000345	0.0005873266
2459487.6436661473	0.99999344	0.00058755383
2459487.645055085	0.9999084	0.0005870931
2459487.6464440227	1.000375	0.0005873436
2459487.64783296	1.0002418	0.0005875602
2459487.6492218976	1.0001509	0.0005873799
2459487.6506108353	1.0010425	0.0005874649
2459487.6519997725	1.0000579	0.0005873004
2459487.65338871	1.0004134	0.00058748806
2459487.654777648	0.9993515	0.00058735476
2459487.6561665856	1.0003768	0.00058749225
2459487.657555523	1.0001174	0.00058727694
2459487.65894446	1.000195	0.0005875238
2459487.660333398	1.0004302	0.0005873439
2459487.661722335	1.0011308	0.00058755826
2459487.6631112727	1.0003346	0.0005874789
2459487.66450021	0.99999404	0.0005872982
2459487.6658891477	0.99984616	0.0005872867
2459487.667278085	1.0000318	0.0005872363
2459487.668667022	0.99972624	0.00058738794
2459487.6700559594	0.99944115	0.0005872502
2459487.671444897	1.0001842	0.0005875047
2459487.6728338343	1.000074	0.0005874442
2459487.674222772	0.99847436	0.00058706646
2459487.6756117092	0.9992675	0.0005871825
2459487.6770006465	0.9995918	0.0005872566
2459487.6783895837	1.0007254	0.0005875979
2459487.679778521	1.0009017	0.00058760494
2459487.681167458	1.0002834	0.00058740895
2459487.682556396	0.999213	0.00058712176
2459487.683945333	1.0004494	0.00058761553
2459487.6853342704	0.99932516	0.00058716885
2459487.6867232076	0.99996555	0.000587385
2459487.6881121444	0.9998929	0.0005873975
2459487.689501082	0.9994767	0.00058740634
2459487.6908900193	1.000285	0.00058741786
2459487.6922789565	1.0006703	0.00058748026
2459487.6936678938	1.0006441	0.0005879478
2459487.695056831	0.998673	0.0005868925
2459487.6964457682	0.9993066	0.00058718014
2459487.6978347055	1.00076	0.000587469
2459487.6992236422	0.9991099	0.0005871874
2459487.7006125795	0.9989089	0.00058722886
2459487.7020015167	0.998855	0.0005869163
2459487.703390454	1.0003153	0.0005874195
2459487.7047793907	0.9997391	0.00058723707
2459487.706168328	0.9996809	0.0005872129
2459487.707557265	1.0003928	0.0005873582
2459487.708946202	0.99966204	0.0005873926
2459487.710335139	0.9986875	0.0005869959
2459487.711724076	0.9997458	0.0005873167
2459487.713113013	0.99922544	0.00058734167
2459487.7145019504	0.9999245	0.00058733765
2459487.7158908877	0.9999305	0.00058746635
2459487.7172798244	0.99989754	0.00058731413
2459487.718668761	0.9997778	0.00058730325
2459487.720057698	0.9996482	0.00058715546
2459487.721446635	1.0003351	0.00058746245
2459487.7228355724	0.99988633	0.00058736536
2459487.724224509	0.99960256	0.00058721966
2459487.7256134464	0.9991911	0.0005873287
2459487.727002383	0.99986887	0.0005873614
2459487.72839132	0.9992703	0.00058707537
2459487.7297802567	0.9997225	0.0005873735
2459487.731169194	1.0001025	0.00058730174
2459487.7325581308	0.99899167	0.0005872307
2459487.7339470675	0.99961716	0.0005871901
2459487.7353360048	0.9993149	0.00058717467
2459487.7367249415	0.9999193	0.00058742275
2459487.7381138783	0.9998366	0.0005873026
2459487.739502815	0.99928313	0.0005871413
2459487.740891752	1.0002768	0.00058738946
2459487.7422806886	0.99900764	0.00058723445
2459487.7436696254	0.99940455	0.00058730395
2459487.745058562	0.99951065	0.00058737455
2459487.7464474994	0.99926275	0.00058727723
2459487.747836436	0.9997036	0.0005873988
2459487.7492253724	0.999991	0.00058743294
2459487.750614309	0.9995631	0.00058721186
2459487.752003246	0.99913853	0.00058723404
2459487.7533921828	0.99911565	0.0005873271
2459487.7547811195	0.99916303	0.0005871927
2459487.7561700563	1.0007222	0.0005876023
2459487.757558993	0.9988938	0.0005870957
2459487.7589479294	0.9998626	0.00058745407
2459487.760336866	1.0002514	0.0005872184
2459487.761725803	0.9988839	0.0005871876
2459487.7631147397	1.0009433	0.00058764796
2459487.7645036764	0.9994698	0.00058708654
2459487.765892613	1.0002656	0.0005874341
2459487.7672815495	0.99891466	0.00058702833
2459487.7686704863	0.99917537	0.00058717356
2459487.7700594226	1.0010705	0.0005875769
2459487.7714483594	0.99938524	0.0005873957
2459487.7728372957	0.9991728	0.0005870866
2459487.7742262324	0.99914306	0.0005871492
2459487.775615169	0.9985243	0.00058711215
2459487.7770041055	0.9998055	0.0005872548
2459487.7783930423	0.9992934	0.0005873969
2459487.7797819786	0.9996195	0.0005873012
2459487.781170915	0.9994033	0.00058706425
2459487.7825598517	0.9993019	0.00058720063
2459487.783948788	1.000041	0.00058744336
2459487.7853377247	0.9990348	0.0005871803
2459487.786726661	0.9994175	0.00058730517
2459487.788115598	1.0007557	0.00058777543
2459487.7895045336	1.0001552	0.0005873565
2459487.7908934704	0.9995907	0.0005874262
2459487.7922824067	0.9994357	0.000587409
2459487.793671343	0.9988967	0.0005872153
2459487.79506028	0.99992263	0.0005873409
2459487.796449216	0.9994286	0.0005872085
2459487.7978381524	0.9995228	0.0005872387
2459487.7992270887	0.9997668	0.00058732094
2459487.800616025	0.99987495	0.0005874467
2459487.8020049613	0.9996466	0.0005873783
2459487.8033938976	0.9990308	0.0005870706
2459487.8047828344	1.0009074	0.00058763457
2459487.8061717707	1.0000328	0.000587581
2459487.807560707	1.0002581	0.0005874562
2459487.8089496433	0.99824715	0.00058702595
2459487.810338579	1.000782	0.0005877447
2459487.8117275154	0.99823433	0.00058703066
2459487.8131164517	0.99849445	0.00058706914
2459487.814505388	0.99908143	0.0005871734
2459487.8158943243	1.0005729	0.00058745977
2459487.8172832606	1.0000951	0.00058739213
2459487.818672197	0.99970627	0.00058733945
2459487.820061133	1.0007306	0.00058776105
2459487.821450069	1.0001475	0.0005873852
2459487.8228390054	0.9989461	0.0005870637
2459487.8242279417	0.99962014	0.0005873105
2459487.825616878	0.9988831	0.00058715965
2459487.8270058143	1.0005662	0.0005875592
2459487.82839475	0.99944526	0.00058741454
2459487.829783686	0.9993566	0.00058723014
2459487.8311726223	0.99859333	0.0005870731
2459487.8325615586	1.0009307	0.0005875388
2459487.833950495	0.9993466	0.0005872808
2459487.8353394307	1.0001363	0.0005875242
2459487.836728367	1.000438	0.00058747455
2459487.8381173033	0.9998218	0.0005873337
2459487.8395062387	0.99993956	0.0005874686
2459487.840895175	0.9995367	0.0005873912
2459487.842284111	1.0004746	0.0005876161
2459487.843673047	0.9994343	0.0005872929
2459487.845061983	0.9988863	0.00058712915
2459487.8464509193	0.9999861	0.00058758265
2459487.847839855	0.99921834	0.0005871016
2459487.8492287914	0.99894685	0.00058717997
2459487.850617727	0.9994451	0.00058727775
2459487.852006663	1.0000424	0.00058750313
2459487.853395599	0.99927723	0.00058712414
2459487.8547845352	1.000261	0.0005875524
2459487.856173471	0.99965537	0.0005874024
2459487.857562407	1.000103	0.0005874096
2459487.858951343	1.0002968	0.0005873963
2459487.8603402786	0.9989746	0.0005873019
2459487.8617292144	0.99988115	0.0005872841
2459487.8631181503	1.0000662	0.0005875304
2459487.8645070866	0.9982998	0.0005869573
2459487.8658960224	0.999518	0.0005873024
2459487.8672849583	0.9999327	0.0005873446
2459487.868673894	0.99924153	0.0005872593
2459487.8700628295	0.99988526	0.00058736326
2459487.8714517653	0.99846137	0.00058704097
2459487.8728407016	0.99990517	0.0005874104
2459487.8742296374	0.9994695	0.0005871994
2459487.8756185733	1.0006382	0.0005877022
2459487.877007509	1.0010759	0.00058765593
2459487.878396445	0.9998232	0.0005873678
2459487.8797853803	0.9992654	0.00058739714
2459487.881174316	0.99942714	0.00058713334
2459487.882563252	0.9987545	0.0005871235
2459487.8839521874	0.99987334	0.00058733835
2459487.885341123	1.0005205	0.0005876571
2459487.886730059	0.99996454	0.0005873185
2459487.888118995	1.0000485	0.00058752386
2459487.8895079307	1.0014812	0.0005878259
2459487.890896866	0.99939895	0.00058700773
2459487.892285802	1.0001662	0.00058739155
2459487.8936747373	0.9991756	0.000587247
2459487.895063673	0.99924976	0.0005871547
2459487.896452609	0.9996038	0.00058730575
2459487.8978415444	1.0005138	0.0005875573
2459487.89923048	1.000057	0.0005875657
2459487.9006194156	1.0006126	0.00058757927
2459487.902008351	1.0000681	0.00058755587
2459487.903397287	0.9998013	0.0005872537
2459487.9047862226	0.9991199	0.0005871801
2459487.906175158	1.0006785	0.00058759213
2459487.907564094	0.9991172	0.0005872098
2459487.908953029	1.0000865	0.0005874892
2459487.9103419646	0.99981946	0.00058727566
2459487.9117309	0.99957705	0.00058749673
2459487.913119836	1.0000032	0.00058744714
2459487.914508771	0.99934995	0.00058713066
2459487.915897707	0.99915	0.00058714754
2459487.9172866424	0.99947953	0.00058726885
2459487.9186755777	1.0005392	0.00058732094
2459487.9200645136	0.9992079	0.00058723544
2459487.9214534485	0.9992264	0.000587357
2459487.922842384	0.99931437	0.000587189
2459487.9242313197	0.999871	0.0005875231
2459487.925620255	1.0003445	0.0005875105
2459487.9270091904	0.9989962	0.0005871525
2459487.928398126	1.0007336	0.00058748387
2459487.9297870616	1.0001156	0.00058748946
2459487.9311759965	0.9987905	0.00058714725
2459487.932564932	1.000017	0.00058736216
2459487.9339538673	0.99935305	0.000587365
2459487.9353428027	1.0010017	0.0005875394
2459487.936731738	1.0000907	0.00058733363
2459487.9381206734	1.0012293	0.0005877646
2459487.939509609	0.9999973	0.0005874097
2459487.9408985437	1.0002767	0.0005875259
2459487.942287479	1.0003254	0.00058754836
2459487.9436764144	0.99970794	0.0005873241
2459487.94506535	1.0000867	0.0005873853
2459487.946454285	0.99938697	0.00058738247
2459487.9478432206	1.0005721	0.0005873931
2459487.949232156	0.9996764	0.00058718293
2459487.950621091	1.000555	0.00058751245
2459487.952010026	0.9992091	0.0005872292
2459487.9533989616	0.9992173	0.000587347
2459487.9547878965	0.9998125	0.0005874742
2459487.956176832	0.99932843	0.0005874109
2459487.957565767	1.0004386	0.0005873526
2459487.9589547026	0.99927425	0.00058724126
2459487.9603436375	1.0010175	0.00058759225
2459487.9617325724	0.99958575	0.0005873166
2459487.963121508	0.99910605	0.0005872074
2459487.964510443	0.9994079	0.0005871366
2459487.965899378	0.99890184	0.00058714603
2459487.9672883134	0.9996496	0.00058739947
2459487.9686772483	0.9998391	0.0005874572
2459487.9700661837	1.0002162	0.0005875092
2459487.9714551186	0.9998995	0.0005875091
2459487.9728440535	0.99987996	0.0005873525
2459487.974232989	1.000173	0.0005874734
2459487.975621924	0.99992186	0.0005871559
2459487.977010859	0.9996295	0.00058732956
2459487.978399794	0.9999498	0.00058738573
2459487.979788729	0.99949276	0.00058747485
2459487.981177664	1.0000865	0.0005876507
2459487.982566599	1.0002078	0.00058754924
2459487.983955534	1.0004784	0.0005875921
2459487.985344469	1.0007107	0.0005875978
2459487.986733404	1.0004042	0.0005873927
2459487.9881223394	1.0004765	0.00058747444
2459487.9895112743	0.99967617	0.000587365
2459487.9909002087	1.000042	0.0005875346
2459487.9922891436	0.99846345	0.00058705156
2459487.993678079	1.000235	0.0005873735
2459487.995067014	1.0006396	0.000587695
2459487.996455949	0.99961936	0.0005873079
2459487.9978448837	0.9994364	0.0005873197
2459487.9992338186	1.0001656	0.0005875396
2459488.0006227535	1.0003707	0.00058760773
2459488.0020116884	1.0006534	0.00058759266
2459488.0034006233	1.0006975	0.0005875127
2459488.0047895582	0.9999887	0.0005874065
2459488.006178493	0.999944	0.00058739074
2459488.007567428	1.0003285	0.0005876337
2459488.008956363	0.9999105	0.00058744854
2459488.010345298	0.99957156	0.00058744696
2459488.0117342323	1.0019152	0.00058790087
2459488.013123167	0.9998609	0.00058743166
2459488.014512102	1.0001552	0.00058744015
2459488.0159010366	0.99983895	0.00058747415
2459488.0172899715	1.0003022	0.0005875336
2459488.0186789064	0.99989647	0.00058739184
2459488.0200678413	0.9988448	0.00058708526
2459488.0214567757	0.999741	0.0005874224
2459488.0228457106	0.99989086	0.00058738206
2459488.024234645	0.99970406	0.0005873297
2459488.02562358	1.0000432	0.00058728957
2459488.027012515	0.99978894	0.0005873101
2459488.02840145	0.9978358	0.0005870686
2459488.029790384	0.9993017	0.0005874823
2459488.0311793187	0.9997529	0.0005875093
2459488.0325682536	1.0004313	0.00058738736
2459488.033957188	0.99963045	0.0005872686
2459488.035346123	0.99896616	0.0005873695
2459488.0367350574	0.9994658	0.0005874319
2459488.0381239923	1.0004035	0.0005875993
2459488.0395129267	0.99952096	0.00058737013
2459488.0409018616	0.9993545	0.0005874102
2459488.0422907956	1.0010349	0.0005876263
2459488.0436797305	0.99905044	0.0005874135
2459488.045068665	1.0000479	0.00058733084
2459488.0464576	0.99949074	0.0005871897
2459488.0478465343	0.9995315	0.0005872363
2459488.049235469	0.9996607	0.0005874716
2459488.0506244036	0.99968684	0.0005874046
2459488.0520133376	0.99945104	0.00058730756
2459488.0534022725	0.9995502	0.00058728264
2459488.054791207	0.99939847	0.00058734487
2459488.0561801414	0.9993918	0.0005873387
2459488.0575690763	0.99953306	0.0005874272
2459488.0589580107	1.0004138	0.00058772747
2459488.060346945	0.9995189	0.00058732193
2459488.061735879	1.000164	0.00058766734
2459488.063124814	1.0007205	0.00058749015
2459488.0645137485	0.9992399	0.0005872845
2459488.065902683	0.9999072	0.000587393
2459488.0672916174	1.0010283	0.00058772584
2459488.068680552	0.9992847	0.0005872175
2459488.0700694863	0.99990815	0.0005873469
2459488.0714584203	1.0000465	0.00058734143
2459488.0728473547	0.99996835	0.0005874639
2459488.074236289	0.99992836	0.0005875434
2459488.0756252236	1.0013858	0.00058767694
2459488.077014158	0.99992925	0.00058727444
2459488.0784030925	1.0012127	0.00058760756
2459488.079792027	1.0004622	0.00058751943
2459488.0811809613	1.000085	0.0005874237
2459488.0825698953	0.99920475	0.000587197
2459488.0839588298	1.0001159	0.0005875943
2459488.085347764	0.99979645	0.0005873511
2459488.0867366986	0.9992277	0.0005872025
2459488.088125633	0.9998841	0.00058750535
2459488.089514567	1.0006427	0.0005873816
2459488.0909035015	0.9997925	0.0005874694
2459488.0922924355	0.99994767	0.00058744365
2459488.09368137	1.0001172	0.0005875059
2459488.0950703043	1.0008082	0.0005875643
2459488.0964592383	1.0009829	0.0005875905
2459488.0978481728	0.9996558	0.00058744504
2459488.099237107	0.998995	0.00058718503
2459488.100626041	1.000462	0.0005877148
2459488.102014975	0.99977696	0.0005873299
2459488.1034039096	0.99905616	0.000587365
2459488.1047928436	0.99993104	0.0005874445
2459488.106181778	1.0001469	0.00058766466
2459488.107570712	1.00023	0.0005874735
2459488.1089596464	0.99970764	0.00058740913
2459488.1103485804	0.999458	0.0005874825
2459488.111737515	1.0001669	0.0005875073
2459488.1131264484	1.0000312	0.000587583
2459488.114515383	0.99995595	0.0005873852
2459488.115904317	0.998872	0.0005872729
2459488.117293251	0.9997172	0.00058736565
2459488.118682185	0.99930245	0.0005872016
2459488.120071119	1.0009824	0.00058770046
2459488.1214600536	0.9994714	0.0005873211
2459488.122848987	1.0000211	0.0005873832
2459488.124237921	0.99977654	0.00058747706
2459488.1256268555	1.0000337	0.0005875229
2459488.1270157895	1.0014656	0.0005878321
2459488.1284047235	0.9997141	0.0005871728
2459488.129793658	1.0003946	0.00058746757
2459488.131182592	1.0002285	0.00058740156
2459488.1325715254	1.0006542	0.00058756216
2459488.1339604594	1.0002723	0.0005874969
2459488.1353493934	0.9993323	0.0005873581
2459488.1367383273	0.9989752	0.0005870728
2459488.138127262	0.9999417	0.0005874707
2459488.1395161957	1.0005485	0.00058768655
2459488.1409051297	0.9984763	0.00058729306
2459488.1422940632	0.99965054	0.0005872955
2459488.143682997	0.99911165	0.0005873605
2459488.145071931	1.0008783	0.0005876588
2459488.146460865	1.0000129	0.0005873795
2459488.147849799	0.99979633	0.00058712927
2459488.149238733	0.9997284	0.00058754615
2459488.150627667	0.99896973	0.0005872819
2459488.152016601	0.99999046	0.0005873652
2459488.1534055346	1.0001323	0.0005875029
2459488.1547944685	0.999944	0.0005874888
2459488.1561834025	0.99917734	0.00058720284
2459488.157572336	1.0000271	0.0005875059
2459488.15896127	0.9991441	0.0005873729
2459488.160350204	1.0001163	0.00058729685
2459488.161739138	0.9999472	0.0005875349
2459488.1631280715	1.0005081	0.0005876227
2459488.164517005	0.9998007	0.00058743585
2459488.165905939	0.99991965	0.0005874696
2459488.167294873	1.0002494	0.0005874764
2459488.168683807	1.0003589	0.00058754336
2459488.1700727404	0.99989986	0.00058739807
2459488.1714616744	1.0003906	0.0005875774
2459488.172850608	0.99952877	0.0005874476
2459488.1742395414	0.9995086	0.00058737735
2459488.1756284754	0.9996243	0.00058726367
2459488.177017409	0.9995994	0.0005873026
2459488.178406343	1.0004305	0.000587512
2459488.1797952764	0.99957	0.00058720325
2459488.1811842103	0.9990041	0.00058727904
2459488.1825731434	1.000376	0.0005875475
2459488.1839620774	1.0002	0.0005874676
2459488.185351011	0.99921876	0.000587402
2459488.186739945	0.99988633	0.0005874639
2459488.1881288784	0.99968696	0.0005875256
2459488.1895178123	0.9995514	0.0005874286
2459488.190906746	0.99907625	0.0005873473
2459488.19229568	1.0000714	0.0005875862
2459488.193684613	0.9990814	0.00058717147
2459488.1950735464	0.9990503	0.00058737764
2459488.1964624804	1.0007548	0.0005876604
2459488.197851414	1.0003135	0.00058745244
2459488.1992403474	0.9996661	0.0005874839
2459488.200629281	1.000336	0.00058750965
2459488.202018215	1.0008081	0.0005876587
2459488.203407148	0.9994058	0.0005873957
2459488.2047960814	0.99996156	0.000587427
2459488.206185015	1.0002154	0.0005874162
2459488.2075739484	1.0000587	0.00058751093
2459488.2089628824	0.99980396	0.0005873733
2459488.210351816	1.0004267	0.00058764924
2459488.2117407494	1.0003371	0.00058751187
2459488.2131296825	0.9991636	0.00058724335
2459488.214518616	1.0011954	0.0005877
2459488.2159075495	1.0008945	0.0005876793
2459488.217296483	1.000053	0.000587615
2459488.2186854165	1.000072	0.00058752066
2459488.22007435	1.0008055	0.0005875681
2459488.2214632835	0.9994309	0.00058726314
2459488.2228522166	0.9992317	0.0005872869
2459488.22424115	0.99930394	0.0005873434
2459488.2256300836	0.99915165	0.00058743265
2459488.227019017	0.9999272	0.0005874959
2459488.2284079506	1.0004649	0.0005876468
2459488.229796884	0.99915147	0.0005872577
2459488.231185817	1.0003164	0.0005874623
2459488.2325747507	0.99988455	0.0005874669
2459488.2339636837	0.9988369	0.00058715447
2459488.235352617	0.99940556	0.0005873074
2459488.2367415507	0.99994063	0.00058734155
2459488.238130484	1.0003408	0.00058741105
2459488.2395194173	1.0008309	0.00058774627
2459488.240908351	0.999121	0.0005872101
2459488.2422972843	0.9996578	0.000587533
2459488.243686217	0.99877006	0.0005871607
2459488.2450751504	1.0003256	0.0005875254
2459488.246464084	1.0007935	0.0005875767
2459488.247853017	1.0003884	0.0005875184
2459488.2492419505	0.9998034	0.0005873453
2459488.2506308835	1.0001624	0.00058750703
2459488.252019817	1.0003244	0.00058746216
2459488.25340875	1.0005955	0.000587522
2459488.254797683	0.99910927	0.0005872356
2459488.2561866166	1.000967	0.0005877364
2459488.2575755497	1.0001839	0.000587578
2459488.258964483	0.9995156	0.000587322
2459488.260353416	1.0002835	0.0005872902
2459488.2617423492	1.0004774	0.0005874691
2459488.2631312828	1.0000244	0.00058759144
2459488.2645202153	1.0007997	0.00058775925
2459488.265909149	0.99913394	0.00058732845
2459488.267298082	0.9995399	0.00058740424
2459488.268687015	1.0001223	0.0005876239
2459488.2700759484	1.0004646	0.0005874195
2459488.2714648815	0.9995029	0.0005874023
2459488.2728538145	0.9997078	0.0005874195
2459488.2742427476	1.0001253	0.00058753684
2459488.2756316806	1.0007097	0.000587641
2459488.2770206137	0.9994672	0.0005873204
2459488.2784095467	0.9994636	0.00058728375
2459488.27979848	0.99944323	0.00058747636
2459488.2811874133	0.99931407	0.000587251
2459488.2825763463	1.0001273	0.0005874468
2459488.283965279	1.000834	0.0005877875
2459488.285354212	1.0001814	0.0005876511
2459488.286743145	1.0007242	0.00058762217
2459488.288132078	1.0000879	0.0005874284
2459488.289521011	0.9991797	0.00058729417
2459488.2909099446	0.99934995	0.0005874042
2459488.2922988776	1.0002333	0.0005875577
2459488.29368781	1.0006578	0.00058757205
2459488.2950767432	1.000072	0.00058749
2459488.2964656763	1.0000627	0.0005873853
2459488.2978546093	0.99981606	0.00058733165
2459488.2992435424	0.99963164	0.0005874147
2459488.300632475	1.0000342	0.00058754464
2459488.302021408	1.000139	0.0005875411
2459488.303410341	0.99952996	0.00058748276
2459488.3047992736	1.0003674	0.0005876373
2459488.3061882067	1.0000516	0.0005875698
2459488.3075771397	1.0007136	0.0005876904
2459488.3089660727	1.0002252	0.0005875889
2459488.3103550053	1.000748	0.0005876264
2459488.3117439384	0.9999592	0.00058742333
2459488.3131328714	0.9998517	0.0005873433
2459488.314521804	0.99936706	0.0005872925
2459488.315910737	0.9999549	0.00058739603
2459488.3172996696	0.99917877	0.00058742973
2459488.3186886027	0.9992934	0.0005872612
2459488.3200775357	1.0006443	0.00058772817
2459488.3214664683	1.0000597	0.0005874694
2459488.3228554013	0.99981934	0.00058747816
2459488.324244334	0.9994444	0.00058734295
2459488.3256332665	0.9990154	0.0005872017
2459488.3270221995	1.0002757	0.00058768573
2459488.328411132	0.9990689	0.00058739085
2459488.329800065	1.0003499	0.00058758137
2459488.3311889977	0.9997728	0.00058732484
2459488.3325779308	1.0000511	0.0005873845
2459488.333966863	1.000384	0.0005875447
2459488.335355796	1.0014383	0.00058785436
2459488.3367447285	0.99910325	0.0005873237
2459488.3381336615	1.0003498	0.0005875478
2459488.339522594	1.0005385	0.00058773824
2459488.340911527	0.99889433	0.0005873894
2459488.3423004597	0.99985147	0.0005873708
2459488.3436893923	0.9989906	0.0005872459
2459488.345078325	1.0015266	0.0005879085
2459488.3464672575	0.9995734	0.000587292
2459488.3478561905	0.99926585	0.00058744306
2459488.349245123	0.9989201	0.00058741047
2459488.3506340557	1.0014405	0.0005878898
2459488.3520229883	0.9998656	0.0005875083
2459488.3534119213	1.0000944	0.0005877035
2459488.3548008534	1.0005155	0.00058751355
2459488.356189786	0.9999404	0.0005873882
2459488.3575787186	0.9994476	0.000587391
2459488.358967651	0.9990997	0.0005874293
2459488.360356584	0.99997306	0.00058760063
2459488.361745517	0.999948	0.0005874073
2459488.3631344493	0.99949163	0.0005872904
2459488.3645233815	1.000815	0.0005875222
2459488.365912314	1.000109	0.00058747275
2459488.3673012466	0.9997196	0.0005873502
2459488.368690179	0.99955535	0.00058737677
2459488.370079112	1.001526	0.0005876738
2459488.3714680444	0.9999576	0.0005873393
2459488.372856977	1.000004	0.00058743224
2459488.374245909	0.9995712	0.0005875237
2459488.3756348416	0.999615	0.00058739615
2459488.377023774	1.0014042	0.00058789673
2459488.378412707	1.0008991	0.0005876711
2459488.3798016394	0.99957836	0.00058743946
2459488.381190572	0.99964184	0.0005873687
2459488.3825795045	1.0002412	0.0005875355
2459488.383968437	0.99904656	0.0005873549
2459488.385357369	0.9994801	0.0005873682
2459488.3867463013	0.999743	0.0005873956
2459488.388135234	0.9998706	0.00058746414
2459488.3895241665	0.9996433	0.00058742985
2459488.390913099	1.0002471	0.0005876018
2459488.3923020316	1.0000612	0.00058739475
2459488.3936909637	0.9994304	0.00058749586
2459488.395079896	1.0006171	0.00058757525
2459488.3964688284	1.0000364	0.0005874168
2459488.397857761	0.99969244	0.00058740575
2459488.399246693	1.0002465	0.00058745785
2459488.4006356257	0.9999162	0.00058744085
2459488.4020245583	1.0003886	0.00058746117
2459488.4034134904	0.9993886	0.0005872954
2459488.4048024225	0.99986297	0.0005874434
2459488.4061913546	0.9997575	0.0005874452
2459488.407580287	0.9996583	0.0005874289
2459488.4089692193	0.9994247	0.00058736064
2459488.410358152	1.0005635	0.00058770843
2459488.4117470845	0.99994195	0.0005873321
2459488.4131360166	0.9995999	0.0005873888
2459488.414524949	1.00073	0.0005876167
2459488.415913881	1.0003469	0.00058750756
2459488.417302813	0.99972063	0.0005873928
2459488.4186917455	1.0010425	0.00058762915
2459488.4200806776	1.0004991	0.0005876247
2459488.42146961	0.9995494	0.00058742665
2459488.4228585423	1.0002463	0.00058755
2459488.4242474744	1.0001915	0.0005876445
2459488.4256364065	0.9997193	0.00058736996
2459488.4270253386	1.0019943	0.000587915
2459488.4284142707	0.99921864	0.00058743276
2459488.4298032033	0.9996586	0.00058729894
2459488.4311921354	0.9995686	0.0005874268
2459488.4325810676	1.000233	0.0005875986
2459488.43397	1.0002847	0.0005876284
2459488.435358932	1.0013081	0.00058771664
2459488.436747864	1.0003849	0.000587644
2459488.438136796	1.0004311	0.0005876036
2459488.439525728	0.99975157	0.0005875848
2459488.4409146607	0.9995037	0.00058734964
2459488.442303593	1.0006737	0.0005876718
2459488.443692525	1.0019397	0.0005878373
2459488.4450814566	0.9989588	0.00058717735
2459488.4464703887	0.99998987	0.00058745
2459488.447859321	1.0001208	0.00058740407
2459488.449248253	0.9996751	0.0005875467
2459488.450637185	1.0005575	0.0005876242
2459488.452026117	1.0005077	0.00058753334
2459488.4534150492	0.99976665	0.00058755965
2459488.4548039814	1.0001357	0.0005874744
2459488.456192913	1.000312	0.00058752816
2459488.457581845	1.000089	0.00058755773
2459488.458970777	0.9990366	0.00058733043
2459488.4603597093	1.0004982	0.00058753917
2459488.4617486414	0.9999774	0.0005873393
2459488.4631375736	0.99966985	0.00058746466
2459488.4645265057	1.0002991	0.0005873475
2459488.4659154373	1.0005628	0.0005877018
2459488.467304369	0.99899375	0.0005872218
2459488.468693301	1.000894	0.0005878245
2459488.470082233	0.99950314	0.0005873561
2459488.4714711653	0.9997665	0.0005874898
2459488.4728600974	0.9993375	0.0005874195
2459488.474249029	0.99961424	0.0005876221
2459488.4756379607	0.99934053	0.0005874038
2459488.477026893	1.0006793	0.00058759877
2459488.478415825	0.99970984	0.00058743136
2459488.4798047566	0.9998729	0.00058765925
2459488.4811936887	0.9998721	0.0005874355
2459488.482582621	1.0001771	0.0005875669
2459488.4839715525	1.0001351	0.000587548
2459488.485360484	0.99991727	0.00058735505
2459488.486749416	1.0008521	0.00058771996
2459488.488138348	0.9998623	0.00058748
2459488.48952728	1.0001112	0.0005875372
2459488.4909162116	1.0000359	0.000587508
2459488.4923051437	0.99918514	0.0005874028
2459488.4936940754	0.9994728	0.0005873162
2459488.4950830075	1.0007188	0.00058775645
2459488.4964719387	1.0002124	0.0005874572
2459488.497860871	1.0010954	0.00058763573
2459488.4992498024	0.99953246	0.0005874862
2459488.5006387345	1.0003204	0.0005876071
2459488.502027666	0.99910825	0.000587348
2459488.5034165983	0.9997282	0.00058735756
2459488.50480553	0.9998335	0.00058751425
2459488.506194461	0.999511	0.00058735
2459488.5075833932	0.9998921	0.00058742973
2459488.508972325	1.0001851	0.00058735884
2459488.5103612565	0.9994591	0.00058751967
2459488.5117501887	1.000883	0.0005876369
2459488.5131391203	1.0006438	0.00058786257
2459488.514528052	0.9995722	0.0005873485
2459488.515916983	0.9998485	0.0005874145
2459488.5173059152	1.0003542	0.0005876012
2459488.518694847	0.9990489	0.000587362
2459488.5200837785	1.0004531	0.000587784
2459488.52147271	0.99941784	0.0005872433
2459488.522861642	0.99952173	0.0005874652
2459488.524250574	1.0000669	0.00058759085
2459488.525639505	1.0005156	0.0005875511
2459488.527028437	1.0003256	0.0005876089
2459488.5284173684	0.9998787	0.0005874016
2459488.5298063	1.0007781	0.0005876894
2459488.5311952317	0.9995963	0.00058734353
2459488.5325841634	0.9989107	0.000587351
2459488.533973095	1.0002437	0.00058749726
2459488.5353620267	0.9995171	0.00058733206
2459488.536750958	0.99980986	0.0005875671
2459488.5381398895	0.99967545	0.0005871825
2459488.539528821	1.0010215	0.0005877447
2459488.540917753	0.9989841	0.0005873614
2459488.5423066844	0.99997693	0.000587399
2459488.543695616	0.9996946	0.0005875635
2459488.5450845477	1.0008032	0.00058775785
2459488.546473479	1.0000256	0.0005875324
2459488.5478624105	0.9997087	0.0005875084
2459488.549251342	0.9997615	0.0005876675
2459488.550640274	0.9990969	0.00058734056
2459488.552029205	1.0020293	0.00058805605
2459488.5534181367	0.99973506	0.0005874946
2459488.5548070683	0.9988834	0.00058720616
2459488.5561959995	0.9998416	0.00058753183
2459488.557584931	0.9999992	0.00058759714
2459488.5589738623	0.999601	0.00058743963
2459488.560362794	0.9996281	0.0005874242
2459488.5617517256	0.99892676	0.0005873299
2459488.5631406573	1.0004342	0.00058769336
2459488.5645295884	0.99963367	0.0005874294
2459488.5659185196	0.9997605	0.0005874102
2459488.5673074513	0.99960834	0.0005875128
2459488.5686963825	0.9997362	0.00058754795
2459488.570085314	0.9993102	0.0005873688
2459488.5714742453	0.9990239	0.00058739854
2459488.572863177	0.9982153	0.0005872691
2459488.5742521086	0.9985718	0.00058715674
2459488.5756410398	1.0002191	0.000587643
2459488.577029971	0.99941266	0.00058732915
2459488.578418902	1.00002	0.0005875091
2459488.579807834	0.9986405	0.00058732735
2459488.581196765	0.9996114	0.0005874081
2459488.5825856966	0.9998391	0.00058738556
2459488.583974628	0.9994358	0.0005873715
2459488.5853635594	0.9999788	0.00058751414
2459488.58675249	0.99978137	0.00058753067
2459488.5881414213	0.9994099	0.0005875532
2459488.589530353	1.0009013	0.0005875289
2459488.590919284	0.9986763	0.0005871207
2459488.592308216	1.0009475	0.0005877615
2459488.593697147	1.0004408	0.00058769266
2459488.595086078	0.9990529	0.0005874072
2459488.5964750093	1.0002021	0.00058749237
2459488.5978639405	0.99916244	0.0005874115
2459488.5992528717	0.9990258	0.0005873786
2459488.600641803	0.9999514	0.00058745255
2459488.6020307345	0.9999861	0.00058746786
2459488.6034196657	0.99977463	0.0005874974
2459488.604808597	1.0002902	0.0005875754
2459488.606197528	0.9996589	0.00058746175
2459488.6075864593	0.99960893	0.0005873495
2459488.6089753904	0.99935055	0.0005875049
2459488.6103643216	1.0006862	0.0005876309
2459488.611753253	0.9994921	0.0005874729
2459488.613142184	0.9998512	0.00058753777
2459488.614531115	0.9999046	0.0005874738
2459488.6159200463	0.99968666	0.00058768
2459488.617308977	0.99925196	0.0005872717
2459488.6186979087	0.9997595	0.0005875659
2459488.62008684	1.000018	0.00058745814
2459488.621475771	0.9991968	0.0005873402
2459488.6228647023	0.9994193	0.0005873808
2459488.6242536334	0.99822015	0.0005870251
2459488.6256425646	0.99899775	0.00058727554
2459488.6270314953	0.9997031	0.00058765936
2459488.6284204265	0.9991423	0.00058734725
2459488.629809357	0.99953943	0.00058758387
2459488.6311982884	1.001197	0.0005877236
2459488.6325872196	0.9996309	0.0005874847
2459488.633976151	0.999865	0.00058756565
2459488.635365082	0.9996069	0.00058750954
2459488.6367540127	0.999077	0.00058736536
2459488.638142944	0.99827904	0.00058706204
2459488.639531875	0.9975419	0.00058696256
2459488.6409208057	0.99756294	0.0005868073
2459488.642309737	0.9942621	0.00058618677
2459488.643698668	0.99494004	0.0005863037
2459488.6450875993	0.9929616	0.0005860777
2459488.6464765305	0.9936604	0.0005858562
2459488.6478654607	0.99121416	0.0005853543
2459488.649254392	0.9900847	0.0005850565
2459488.650643323	0.99005306	0.00058511825
2459488.652032254	0.98960155	0.0005849386
2459488.653421185	0.98950833	0.00058489887
2459488.654810116	0.9896732	0.0005847774
2459488.656199047	0.9890736	0.00058489037
2459488.6575879776	0.9885307	0.00058460014
2459488.658976909	0.9888233	0.00058462395
2459488.6603658395	0.98785925	0.00058446155
2459488.6617547707	0.98861325	0.0005845878
2459488.6631437014	0.98854816	0.0005846329
2459488.6645326326	0.98808795	0.000584599
2459488.6659215633	0.98803306	0.0005845239
2459488.667310494	0.9876819	0.0005843667
2459488.6686994247	0.98820955	0.00058436627
2459488.670088356	0.9882191	0.0005845207
2459488.6714772866	0.9878485	0.00058435457
2459488.672866218	0.98728937	0.00058426795
2459488.6742551485	0.9869407	0.0005841818
2459488.6756440797	0.9875475	0.0005843747
2459488.67703301	0.9884757	0.0005846505
2459488.6784219407	0.98763514	0.0005845228
2459488.679810872	0.987711	0.0005842905
2459488.6811998026	0.9888624	0.00058467407
2459488.6825887337	0.986915	0.0005842564
2459488.6839776644	0.98715776	0.00058415614
2459488.685366595	0.9875537	0.0005843089
2459488.686755526	0.9866069	0.00058419484
2459488.6881444566	0.9871826	0.00058446534
2459488.6895333873	0.988153	0.00058451755
2459488.690922318	0.98722553	0.00058418314
2459488.692311249	0.9874339	0.0005843317
2459488.69370018	0.9865551	0.0005842138
2459488.6950891106	0.9867745	0.0005841672
2459488.6964780414	0.9872978	0.000584356
2459488.6978669716	0.9868019	0.0005841508
2459488.6992559023	0.98591983	0.00058409147
2459488.7006448335	0.98621684	0.0005839329
2459488.702033764	0.9863705	0.0005839653
2459488.703422695	0.9864412	0.000583958
2459488.7048116256	0.9871115	0.00058414607
2459488.7062005564	0.9860156	0.00058405555
2459488.7075894866	0.9863498	0.0005840386
2459488.7089784173	0.9869232	0.0005842765
2459488.710367348	0.9876699	0.00058426487
2459488.7117562788	0.98682934	0.00058421685
2459488.7131452095	0.9868751	0.00058438623
2459488.71453414	0.98637235	0.0005839684
2459488.715923071	0.98639405	0.00058407465
2459488.717312001	0.98596776	0.00058401225
2459488.718700932	0.9873891	0.0005842218
2459488.7200898626	0.9878507	0.0005844416
2459488.7214787933	0.98779094	0.000584487
2459488.722867724	0.9876156	0.0005844411
2459488.7242566547	0.9871509	0.0005842304
2459488.7256455855	0.987008	0.00058416376
2459488.7270345157	0.98689276	0.00058432075
2459488.728423446	0.98683244	0.00058417773
2459488.7298123767	0.9867146	0.00058420864
2459488.7312013074	0.98613983	0.00058395247
2459488.732590238	0.9871049	0.0005843105
2459488.7339791683	0.9873498	0.00058431854
2459488.735368099	0.9875121	0.0005844721
2459488.73675703	0.9864433	0.00058439723
2459488.73814596	0.9872289	0.00058441336
2459488.7395348903	0.9878344	0.0005844545
2459488.740923821	0.9864946	0.00058418827
2459488.7423127517	0.98621	0.0005841846
2459488.7437016824	0.9867462	0.000584178
2459488.7450906127	0.9877045	0.00058438024
2459488.7464795434	0.9874329	0.00058455684
2459488.747868473	0.98562324	0.0005842018
2459488.749257404	0.9877448	0.000584356
2459488.7506463346	0.9879769	0.00058440876
2459488.752035265	0.988188	0.00058454217
2459488.7534241956	0.9875794	0.0005843504
2459488.754813126	0.98767585	0.00058447086
2459488.7562020565	0.98768264	0.0005844961
2459488.757590987	0.98749036	0.00058428705
2459488.758979917	0.9883032	0.00058458355
2459488.7603688473	0.9886335	0.000584691
2459488.761757778	0.9879782	0.00058453094
2459488.7631467083	0.98892975	0.00058461237
2459488.764535639	0.98816687	0.00058471237
2459488.765924569	0.98873	0.00058469386
2459488.7673135	0.9892169	0.00058475905
2459488.7687024297	0.9894792	0.00058487663
2459488.77009136	0.99004495	0.00058512855
2459488.7714802907	0.9894748	0.0005848683
2459488.772869221	0.98896474	0.000584913
2459488.774258151	0.9896609	0.00058497215
2459488.775647082	0.9915327	0.00058542535
2459488.777036012	0.990135	0.0005852612
2459488.778424942	0.99207836	0.0005854215
2459488.7798138727	0.9927352	0.00058578525
2459488.781202803	0.9936618	0.00058620283
2459488.782591733	0.9957337	0.00058628956
2459488.7839806634	0.99566954	0.000586547
2459488.785369594	0.99782336	0.0005868593
2459488.7867585244	0.9972237	0.0005870134
2459488.788147454	0.9989874	0.00058722286
2459488.7895363844	0.99901986	0.0005873095
2459488.7909253146	1.0000749	0.00058756495
2459488.7923142454	0.9996299	0.0005873695
2459488.7937031756	0.9999245	0.0005874813
2459488.795092106	1.0001911	0.00058771844
2459488.796481036	0.9996105	0.00058756507
2459488.7978699664	0.99988246	0.0005875555
2459488.799258896	1.000791	0.00058760436
2459488.8006478264	0.9997969	0.0005875767
2459488.8020367566	1.000812	0.00058786164
2459488.803425687	0.9998519	0.00058748026
2459488.804814617	1.000265	0.0005876113
2459488.8062035474	1.000394	0.0005875852
2459488.8075924776	0.99973583	0.00058748847
2459488.8089814074	1.000452	0.00058770436
2459488.8103703377	1.0001745	0.0005875339
2459488.811759268	0.9991811	0.0005874409
2459488.813148198	1.0000359	0.0005875638
2459488.8145371284	1.0009009	0.0005877673
2459488.8159260587	1.0000421	0.00058744673
2459488.817314989	0.99971175	0.00058762264
2459488.8187039187	0.99928766	0.00058735587
2459488.8200928485	1.0003877	0.00058770156
2459488.8214817788	0.9999882	0.0005874572
2459488.822870709	1.0002658	0.000587737
2459488.8242596393	1.0004323	0.0005877203
2459488.8256485695	0.99945426	0.0005876276
2459488.8270374993	0.9996259	0.00058734824
2459488.828426429	0.99970156	0.0005875078
2459488.8298153593	0.9999018	0.0005874617
2459488.8312042896	0.999448	0.00058748736
2459488.8325932194	0.9999687	0.0005875709
2459488.8339821496	0.99980766	0.0005875384
2459488.83537108	1.0005372	0.0005879801
2459488.8367600096	1.0003561	0.0005877903
2459488.83814894	1.0003973	0.0005876582
2459488.8395378697	1.0006881	0.0005877821
2459488.8409267995	0.9999721	0.00058762776
2459488.8423157297	1.0000005	0.0005874548
2459488.84370466	1.0003165	0.0005877862
2459488.8450935897	1.0003638	0.00058769435
2459488.84648252	1.0006075	0.00058780453
2459488.84787145	1.0005281	0.00058764685
2459488.8492603796	1.0003495	0.00058763346
2459488.8506493093	0.9999807	0.0005875146
2459488.8520382396	1.0006514	0.00058775063
2459488.8534271694	0.99858505	0.0005872118
2459488.8548160996	0.99947876	0.00058751594
2459488.8562050294	0.99913514	0.0005872748
2459488.8575939597	1.0001659	0.00058752793
2459488.858982889	1.000269	0.00058769056
2459488.860371819	1.0005401	0.0005874965
2459488.861760749	1.0006564	0.0005874297
2459488.863149679	0.9997468	0.0005874354
2459488.864538609	0.9997696	0.0005874548
2459488.865927539	0.99945766	0.0005874562
2459488.867316469	1.0001262	0.00058762694
2459488.8687053984	1.0008379	0.00058781257
2459488.870094328	0.99965096	0.0005874172
2459488.8714832584	1.0004963	0.00058784825
2459488.872872188	0.9999432	0.00058757624
2459488.874261118	0.99984753	0.0005875517
2459488.875650048	0.99949664	0.0005875073
2459488.877038978	1.0005676	0.0005876759
2459488.878427908	0.9991194	0.00058731984
2459488.879816837	1.0003253	0.00058764534
2459488.881205767	0.99929464	0.0005875374
2459488.882594697	0.9996715	0.00058743655
2459488.883983627	1.0004617	0.00058754196
2459488.8853725567	1.0011686	0.0005879172
2459488.8867614865	1.0000675	0.00058774033
2459488.8881504163	1.0002351	0.0005876646
2459488.8895393456	1.0003883	0.0005876661
2459488.8909282754	1.0001272	0.0005875698
2459488.892317205	0.9997298	0.00058748573
2459488.8937061355	0.99930596	0.000587448
2459488.8950950652	0.9997862	0.00058748113
2459488.896483995	1.0000379	0.00058754056
2459488.897872925	1.0001223	0.00058769
2459488.899261854	1.0000362	0.0005876342
2459488.900650784	0.99939233	0.0005874169
2459488.9020397137	0.99924296	0.00058726146
2459488.9034286435	1.0000886	0.0005874334
2459488.9048175733	1.0003061	0.0005875789
2459488.906206503	1.0000226	0.0005875787
2459488.907595433	0.9998342	0.0005876115
2459488.908984362	0.99994767	0.00058753515
2459488.9103732915	1.0008839	0.0005878547
2459488.9117622213	1.0009755	0.00058776775
2459488.913151151	0.9996063	0.0005875453
2459488.914540081	1.000448	0.0005877421
2459488.9159290106	1.0003358	0.0005878195
2459488.9173179404	1.0010489	0.0005878036
2459488.91870687	1.0010155	0.00058780133
2459488.920095799	0.9990862	0.00058737694
2459488.921484729	1.0000032	0.0005876683
2459488.9228736586	0.999691	0.0005875346
2459488.9242625884	1.0003381	0.0005876294
2459488.9256515177	1.0007335	0.0005878537
2459488.9270404475	0.99960613	0.00058739237
2459488.9284293773	1.0010085	0.000587644
2459488.9298183066	1.0002329	0.0005876423
2459488.931207236	0.99967885	0.0005875472
2459488.9325961657	0.99990284	0.0005877303
2459488.9339850955	0.9991126	0.00058735826
2459488.935374025	1.000293	0.00058760005
2459488.9367629546	1.000271	0.0005876137
2459488.9381518844	1.0003844	0.00058763253
2459488.939540813	1.0007297	0.0005878423
2459488.940929743	1.0011551	0.0005877686
2459488.9423186723	1.0003835	0.0005876751
2459488.943707602	1.0008922	0.0005878541
2459488.9450965314	0.999868	0.00058757723
2459488.946485461	0.9984963	0.0005874193
2459488.9478743905	1.0009733	0.00058781664
2459488.9492633203	0.9999572	0.00058761355
2459488.9506522496	1.0013905	0.0005879681
2459488.952041179	0.99945146	0.0005875325
2459488.9534301083	0.9996426	0.00058766623
2459488.954819038	1.0006642	0.0005878769
2459488.9562079674	1.0002892	0.00058778474
2459488.957596897	1.0004557	0.00058776024
2459488.9589858265	0.99989194	0.0005876659
2459488.960374756	0.9993362	0.0005873486
2459488.961763685	0.998858	0.0005875535
2459488.9631526144	0.99958634	0.0005875406
2459488.964541544	1.0003573	0.00058762863
2459488.9659304735	0.9994611	0.0005873899
2459488.967319403	0.9991447	0.0005875804
2459488.9687083326	1.0002389	0.00058785576
2459488.9700972615	0.9997972	0.00058768474
2459488.971486191	1.0009208	0.00058781164
2459488.9728751206	0.999742	0.0005875143
2459488.97426405	1.0006481	0.00058787264
2459488.975652979	1.0003291	0.00058767176
2459488.9770419085	0.9992747	0.0005876402
2459488.978430838	1.0002055	0.0005878159
2459488.979819767	1.0001258	0.0005878825
2459488.9812086965	1.0000327	0.00058766926
2459488.982597626	1.0009181	0.00058783015
2459488.983986555	1.0006807	0.0005878268
2459488.9853754845	1.0000697	0.00058768445
2459488.986764414	1.0005805	0.0005875458
2459488.9881533436	1.0013924	0.000588031
2459488.989542273	0.9995731	0.00058760564
2459488.9909312017	0.9991322	0.00058750075
2459488.992320131	0.9995658	0.0005875169
2459488.9937090604	1.0010766	0.0005878311
2459488.9950979897	0.99944603	0.00058746035
2459488.996486919	0.9989757	0.0005872451
2459488.9978758483	0.9994448	0.00058742025
2459488.9992647776	1.0008878	0.00058787805
2459489.0006537065	1.0002345	0.0005877142
2459489.002042636	1.0010538	0.0005878752
2459489.003431565	1.0005523	0.00058782665
2459489.0048204944	1.0004091	0.00058763154
2459489.0062094238	1.0003129	0.0005877401
2459489.007598353	1.0003833	0.0005876769
2459489.0089872824	0.99989724	0.000587669
2459489.0103762113	0.9998804	0.0005873293
2459489.01176514	1.0008311	0.0005877853
2459489.0131540694	0.9995202	0.0005875413
2459489.0145429987	0.99956405	0.00058753585
2459489.015931928	1.0000722	0.00058781286
2459489.0173208574	1.0001391	0.0005876976
2459489.0187097867	0.9998344	0.000587456
2459489.020098715	0.99995404	0.0005877775
2459489.0214876444	0.99927646	0.00058747496
2459489.0228765737	0.9998904	0.0005876774
2459489.024265503	1.0007666	0.0005877646
2459489.025654432	1.0009587	0.00058785174
2459489.027043361	0.9996952	0.0005876317
2459489.0284322905	0.99925447	0.0005876326
2459489.02982122	0.9995125	0.00058748276
2459489.0312101482	0.9998422	0.00058756577
2459489.0325990776	1.0001839	0.0005877046
2459489.033988007	1.0002033	0.0005876303
2459489.0353769357	1.000483	0.0005878595
2459489.036765865	0.9989483	0.0005873845
2459489.038154794	1.0005257	0.0005877917
2459489.039543723	1.0004542	0.0005877203
2459489.040932652	0.9999528	0.00058757
2459489.042321581	1.0005037	0.0005877065
2459489.0437105102	0.9994811	0.00058752764
2459489.045099439	0.9992686	0.000587438
2459489.0464883684	1.0002198	0.00058775797
2459489.0478772973	0.99981856	0.0005875522
2459489.0492662266	1.0006638	0.00058774574
2459489.050655155	1.0012033	0.000587892
2459489.0520440843	1.0000483	0.0005875824
2459489.053433013	1.0004491	0.000587746
2459489.0548219425	1.0000151	0.0005876055
2459489.0562108713	1.0002497	0.00058767956
2459489.0575998006	0.9998878	0.0005873932
2459489.0589887295	1.0001616	0.00058761647
2459489.0603776583	0.9993745	0.0005876257
2459489.061766587	1.0000523	0.0005877452
2459489.063155516	0.99989206	0.00058756233
2459489.0645444454	1.0005196	0.0005877655
2459489.065933374	0.99966854	0.0005875106
2459489.067322303	0.99975157	0.00058772153
2459489.0687112324	0.99976563	0.00058744603
2459489.0701001612	1.000393	0.0005875731
2459489.0714890896	0.9999195	0.0005875108
2459489.0728780185	1.0006709	0.00058777386
2459489.074266948	0.99880326	0.00058734947
2459489.0756558767	1.0003505	0.000587721
2459489.0770448055	0.9988601	0.0005872887
2459489.0784337344	1.0004914	0.00058763445
2459489.0798226637	0.9986514	0.0005875394
2459489.081211592	0.999548	0.000587532
2459489.082600521	0.9998184	0.00058761355
2459489.08398945	0.9993935	0.0005876082
2459489.0853783786	1.0014834	0.0005877842
2459489.0867673075	1.000158	0.0005875589
2459489.088156237	1.0001035	0.00058764924
2459489.0895451657	1.00032	0.0005877192
2459489.090934094	1.0003331	0.00058769085
2459489.092323023	1.0004507	0.00058780855
2459489.0937119517	1.00069	0.0005878011
2459489.0951008806	1.0003703	0.00058759266
2459489.0964898095	1.0001347	0.0005876577
2459489.0978787383	0.9998742	0.0005877128
2459489.099267667	1.0001664	0.000587656
2459489.100656596	1.0010749	0.00058796525
2459489.1020455244	1.0003381	0.0005878048
2459489.1034344533	0.99953544	0.00058761
2459489.104823382	0.9987106	0.00058734993
2459489.106212311	1.00041	0.000587703
2459489.10760124	1.0001608	0.0005874989
2459489.1089901687	0.99997103	0.00058756367
2459489.1103790975	0.99997324	0.00058770576
2459489.111768026	1.0007463	0.0005878416
2459489.1131569543	1.0017029	0.00058801874
2459489.114545883	1.0003493	0.0005876968
2459489.115934812	1.0011307	0.00058799825
2459489.117323741	0.999936	0.00058750407
2459489.1187126697	1.0001254	0.00058755855
2459489.1201015986	1.0008302	0.0005878664
2459489.121490527	1.0005182	0.0005876768
2459489.1228794553	0.99961483	0.000587484
2459489.124268384	1.0002661	0.00058789866
2459489.125657313	1.0004869	0.00058790937
2459489.127046242	1.000655	0.0005879926
2459489.1284351703	1.0003091	0.0005877304
2459489.129824099	0.9997673	0.0005877413
2459489.1312130275	1.001039	0.0005878445
2459489.132601956	1.0008413	0.0005877527
2459489.1339908848	1.0008718	0.0005877821
2459489.1353798136	1.0001318	0.00058773014
2459489.136768742	1.0018693	0.0005879513
2459489.138157671	1.0003982	0.000587389
2459489.1395465997	1.0003191	0.0005877196
2459489.140935528	1.0013186	0.0005878545
2459489.1423244565	1.0005822	0.0005878477
2459489.1437133853	1.0005299	0.00058783364
2459489.1451023137	1.0007191	0.00058774237
2459489.1464912426	1.0000488	0.00058756233
2459489.147880171	0.9995818	0.00058757456
2459489.1492691	0.99965966	0.00058768236
2459489.150658028	1.0001212	0.0005877007
2459489.1520469566	0.99968404	0.0005875651
2459489.153435885	1.0001247	0.00058755174
2459489.154824814	1.0000012	0.0005878061
2459489.156213742	1.0009243	0.00058779836
2459489.157602671	1.0004622	0.0005879207
2459489.1589915995	1.0001223	0.00058773655
2459489.1603805283	1.0012351	0.00058792357
2459489.161769456	1.0008366	0.000587825
2459489.1631583846	0.9993234	0.00058769464
2459489.1645473135	1.0005071	0.00058773515
2459489.165936242	0.9998771	0.0005876925
2459489.1673251702	1.0005176	0.0005877043
2459489.168714099	0.9995846	0.0005875985
2459489.1701030275	1.0003682	0.00058785215
2459489.1714919554	1.0003233	0.00058774033
2459489.1728808843	0.999815	0.0005876983
2459489.1742698126	0.99969476	0.00058746216
2459489.175658741	1.0002401	0.00058776274
2459489.17704767	0.99996495	0.0005877113
2459489.1784365983	0.9993206	0.00058741285
2459489.1798255267	1.0014474	0.00058806484
2459489.181214455	1.0000033	0.0005876523
2459489.1826033834	1.0000476	0.0005876969
2459489.183992312	1.0003396	0.0005876743
2459489.18538124	1.0004057	0.0005876983
2459489.1867701686	0.9993551	0.00058749376
2459489.188159097	0.9990235	0.0005875815
2459489.1895480254	1.0003703	0.000587641
2459489.190936954	0.9993548	0.00058738445
2459489.192325882	0.99994373	0.0005878106
2459489.1937148105	0.9997755	0.00058752997
2459489.195103739	1.0003415	0.0005877433
2459489.1964926673	1.0010108	0.0005879206
2459489.1978815957	0.9996777	0.0005875288
2459489.199270524	1.0014226	0.0005879933
2459489.2006594525	1.0001583	0.0005876693
2459489.2020483804	0.9994526	0.0005873994
2459489.203437309	0.999411	0.00058755185
2459489.204826237	0.999646	0.00058777153
2459489.2062151656	1.00032	0.0005878523
2459489.207604094	1.0016752	0.00058800087
2459489.2089930223	1.0010039	0.00058800477
2459489.2103819507	1.0007008	0.0005876299
2459489.211770879	1.0002164	0.0005877259
2459489.213159807	0.9997725	0.0005877196
2459489.2145487354	0.99955845	0.0005876279
2459489.215937664	1.0017875	0.00058788125
2459489.217326592	1.0003585	0.0005878772
2459489.2187155206	1.0007389	0.00058773166
2459489.2201044485	1.0007845	0.00058774353
2459489.221493377	1.0004658	0.00058782566
2459489.222882305	1.0004065	0.00058762165
2459489.224271233	1.000912	0.0005878274
2459489.2256601616	1.0005573	0.00058776105
2459489.2270490895	0.9998721	0.0005874832
2459489.228438018	1.0013433	0.00058785884
2459489.2298269463	0.9992993	0.0005874467
2459489.2312158747	0.9999707	0.0005877374
2459489.2326048026	0.99942315	0.000587585
2459489.2339937305	1.0005679	0.000587781
2459489.235382659	1.0004632	0.00058775366
2459489.2367715873	0.999829	0.0005876266
2459489.238160515	0.99988395	0.00058755005
2459489.2395494436	0.9991211	0.0005875723
2459489.240938372	1.0004187	0.0005877887
2459489.2423272994	1.000702	0.0005877909
2459489.243716228	1.0012469	0.0005880634
2459489.245105156	1.0001637	0.00058771076
2459489.246494084	1.0000408	0.00058758346
2459489.2478830125	0.9996546	0.00058773917
2459489.2492719404	0.998962	0.0005874548
2459489.250660869	0.99941593	0.00058777723
2459489.252049797	1.0009676	0.00058783597
2459489.2534387247	1.0010843	0.00058800407
2459489.254827653	0.9999554	0.00058754254
2459489.256216581	0.99909574	0.0005873043
2459489.2576055094	1.0005889	0.00058782415
2459489.2589944373	1.0006827	0.00058783183
2459489.2603833657	0.9999719	0.0005876529
2459489.2617722936	1.0000633	0.0005878293
2459489.2631612215	0.99962777	0.00058748916
2459489.2645501494	0.99940085	0.00058757927
2459489.2659390774	0.9995396	0.0005877791
2459489.2673280057	1.0007883	0.00058779627
2459489.2687169337	1.0000685	0.0005877932
2459489.270105862	1.0002496	0.00058757653
2459489.27149479	1.000458	0.0005877377
2459489.2728837174	1.0007334	0.0005876826
2459489.274272646	1.0000533	0.0005876518
2459489.2756615737	0.99995035	0.0005876765
2459489.2770505017	0.99947655	0.0005876679
2459489.27843943	1.0007203	0.00058785494
2459489.279828358	1.0009335	0.0005878711
2459489.281217286	0.99973184	0.0005877766
2459489.282606214	1.000267	0.0005878779
2459489.2839951417	0.9997192	0.00058779574
2459489.2853840697	1.0002055	0.0005878775
2459489.2867729976	0.9995908	0.00058758585
2459489.288161926	0.9998544	0.0005877649
2459489.289550854	1.0010096	0.0005880475
2459489.290939782	0.9995989	0.0005876989
2459489.2923287097	0.9997257	0.0005875793
2459489.293717637	0.99983805	0.00058769266
2459489.2951065656	0.9994361	0.00058755
2459489.2964954935	0.9995225	0.00058749266
2459489.2978844214	0.9998429	0.0005876375
2459489.2992733493	1.0005805	0.0005877478
2459489.3006622773	0.9997559	0.0005875692
2459489.302051205	0.99908966	0.00058756163
2459489.3034401326	1.0002109	0.0005877719
2459489.3048290606	1.0008296	0.00058776024
2459489.3062179885	1.0007187	0.00058791565
2459489.3076069164	0.99957454	0.0005876588
2459489.3089958443	0.9997304	0.00058766827
2459489.3103847727	1.0000144	0.0005876922
2459489.3117737006	0.9996353	0.0005876974
2459489.313162628	1.0001531	0.0005875883
2459489.3145515556	1.0001156	0.0005875557
2459489.3159404835	1.0008936	0.0005879134
2459489.3173294114	0.9999958	0.0005875671
2459489.3187183393	1.000446	0.0005877192
2459489.3201072672	1.0010018	0.0005879931
2459489.321496195	0.99957734	0.0005875205
2459489.3228851226	0.99930567	0.0005875346
2459489.3242740505	1.0006906	0.00058790063
2459489.3256629785	0.9997226	0.0005877214
2459489.3270519064	1.000022	0.00058781495
2459489.3284408343	1.0001168	0.00058779697
2459489.3298297618	1.000294	0.0005877163
2459489.3312186897	1.0003656	0.000587778
2459489.3326076176	0.99953914	0.00058762694
2459489.333996545	0.999503	0.000587662
2459489.335385473	1.0007612	0.00058767357
2459489.3367744004	0.9989311	0.00058752345
2459489.3381633284	0.99946576	0.00058754475
2459489.3395522563	0.9996734	0.00058756483
2459489.340941184	0.9996558	0.0005876751
2459489.3423301117	1.0001194	0.000587572
2459489.343719039	1.0002205	0.0005877304
2459489.345107967	1.0009754	0.0005879675
2459489.346496895	0.9994488	0.00058743835
2459489.3478858224	1.0008446	0.00058771024
2459489.3492747503	1.0004392	0.00058786763
2459489.3506636783	0.9999517	0.0005876794
2459489.3520526057	1.0001674	0.0005876535
2459489.353441533	0.99953693	0.0005876342
2459489.3548304606	0.9997929	0.0005875886
2459489.3562193885	0.9995893	0.00058766676
2459489.3576083165	0.9994473	0.00058753183
2459489.358997244	0.999526	0.0005876363
2459489.360386172	0.99970174	0.0005876087
2459489.3617750993	0.99942875	0.00058762165
2459489.363164027	1.0012114	0.0005878807
2459489.364552954	0.99958557	0.00058764935
2459489.365941882	0.9997196	0.0005874075
2459489.3673308096	1.0004852	0.000587825
2459489.3687197375	1.0011146	0.0005881333
2459489.370108665	1.0000074	0.0005876482
2459489.371497593	1.0005323	0.0005877917
2459489.3728865203	0.99937123	0.0005874702
2459489.374275448	1.0002904	0.00058767945
2459489.3756643753	1.000236	0.00058755797
2459489.377053303	1.0001237	0.00058769266
2459489.3784422306	1.0003767	0.00058775855
2459489.379831158	1.00092	0.00058801525
2459489.381220086	1.0001608	0.0005877102
2459489.3826090135	1.0002726	0.00058783963
2459489.3839979405	1.000531	0.00058765395
2459489.3853868684	1.0004407	0.0005877256
2459489.386775796	1.0001982	0.00058784353
2459489.3881647233	1.0011314	0.00058800034
2459489.389553651	1.0009174	0.00058791676
2459489.3909425787	0.99988526	0.00058760325
2459489.392331506	1.0000167	0.0005876104
2459489.3937204336	1.0001453	0.00058763433
2459489.395109361	1.0002992	0.00058771
2459489.3964982885	0.9996406	0.0005876005
2459489.397887216	1.000051	0.00058769
2459489.3992761434	1.0006337	0.0005878341
2459489.4006650713	0.99990565	0.00058779016
2459489.402053999	0.99986655	0.0005876765
2459489.4034429262	1.0000963	0.0005876496
2459489.404831853	1.000359	0.0005877453
2459489.4062207807	1.0011793	0.0005880612
2459489.407609708	1.0007551	0.00058783154
2459489.408998636	1.0002127	0.0005878306
2459489.4103875635	1.0007386	0.0005878696
2459489.411776491	0.999239	0.00058753154
2459489.4131654184	1.0008079	0.0005878887
2459489.4145543454	1.0006937	0.0005877908
2459489.415943273	1.0008674	0.0005880568
2459489.4173322003	1.0006253	0.00058781274
2459489.418721128	0.99942356	0.00058751967
2459489.4201100552	1.0001954	0.0005878148
2459489.4214989827	0.9991442	0.00058762915
2459489.42288791	0.9997776	0.00058766705
2459489.424276837	1.0004792	0.00058786187
2459489.4256657646	0.9995285	0.0005875422
2459489.427054692	1.0004776	0.00058780285
2459489.4284436195	0.99990284	0.0005877358
2459489.429832547	1.0000012	0.0005877217
2459489.4312214744	1.0007163	0.0005877858
2459489.432610402	0.99981517	0.00058773387
2459489.433999329	1.0003341	0.0005878344
2459489.4353882563	1.0010582	0.0005879519
2459489.4367771833	1.00041	0.0005878743
2459489.438166111	1.0007417	0.0005878547
2459489.439555038	1.0002941	0.00058781874
2459489.4409439657	1.0000011	0.0005877476
2459489.442332893	1.0005194	0.0005878178
2459489.4437218206	1.0001261	0.00058768765
2459489.445110747	1.0000702	0.00058772654
2459489.4464996746	0.99977994	0.00058777904
2459489.447888602	1.0008827	0.0005878682
2459489.4492775295	0.99962384	0.00058746134
2459489.450666457	1.0001903	0.00058769697
2459489.452055384	0.9995625	0.0005875644
2459489.4534443114	1.0002929	0.0005876413
2459489.4548332384	0.9994526	0.0005874125
2459489.4562221654	1.0003637	0.0005877662
2459489.457611093	0.99917334	0.0005876646
2459489.4590000203	1.0003575	0.00058786967
2459489.4603889473	0.9998116	0.0005877732
2459489.4617778747	1.0003535	0.000587849
2459489.463166802	1.0002652	0.00058762816
2459489.4645557287	1.0008923	0.0005878777
2459489.465944656	0.99898565	0.0005873567
2459489.4673335836	0.99974364	0.00058766
2459489.4687225106	1.000783	0.0005879101
2459489.470111438	1.000544	0.000587987
2459489.471500365	1.0000683	0.00058765674
2459489.4728892925	1.0017083	0.00058800424
2459489.474278219	1.0014131	0.00058795116
2459489.4756671465	1.0002048	0.0005876991
2459489.4770560735	1.0003611	0.0005877091
2459489.478445001	0.9999176	0.00058786804
2459489.479833928	1.0000544	0.00058768917
2459489.4812228554	1.0011834	0.0005880266
2459489.4826117824	1.0000912	0.0005877412
2459489.48400071	1.0001093	0.00058783474
2459489.4853896364	0.99918795	0.0005874991
2459489.486778564	1.0000963	0.00058790966
2459489.488167491	1.0000813	0.0005878657
2459489.4895564183	0.9993133	0.00058738765
2459489.4909453453	1.0007585	0.0005878545
2459489.4923342722	1.000167	0.00058750965
2459489.4937231997	1.000553	0.00058792386
2459489.495112126	0.9999664	0.00058775145
2459489.496501053	1.0006411	0.0005878066
2459489.4978899807	1.0008787	0.00058795686
2459489.4992789077	1.0016838	0.0005880037
2459489.5006678347	1.0001093	0.00058765843
2459489.502056762	1.0006701	0.00058775686
2459489.503445689	1.0004363	0.000588016
2459489.5048346156	1.000044	0.000587641
2459489.506223543	0.9990576	0.0005876231
2459489.50761247	1.0000492	0.0005878748
2459489.509001397	1.0002838	0.0005879008
2459489.510390324	1.001481	0.00058789947
2459489.511779251	1.0005327	0.0005878571
2459489.5131681785	0.9994901	0.00058753917
2459489.5145571055	1.0009556	0.0005879261
2459489.515946032	1.0000337	0.0005876011
2459489.517334959	1.0011631	0.000588109
2459489.518723886	0.9999159	0.00058758317
2459489.520112813	1.0003946	0.0005878603
2459489.5215017404	0.9994728	0.0005875522
2459489.5228906674	1.0006407	0.00058796984
2459489.5242795944	1.0005322	0.00058786536
2459489.525668521	1.0003511	0.00058770785
2459489.527057448	1.0002192	0.0005878493
2459489.528446375	1.0012686	0.0005879695
2459489.529835302	1.000376	0.00058771553
2459489.531224229	1.0007623	0.0005878494
2459489.532613156	1.001285	0.0005879361
2459489.534002083	0.99968	0.0005874112
2459489.5353910094	1.0005604	0.000587949
2459489.5367799364	0.99979657	0.00058765744
2459489.5381688634	1.0003331	0.0005878301
2459489.5395577904	1.0008118	0.00058791996
2459489.5409467174	1.0001057	0.0005876169
2459489.5423356444	1.0007081	0.0005879067
2459489.5437245714	1.00095	0.00058801647
2459489.545113498	1.0011406	0.00058790634
2459489.546502425	1.0005515	0.0005879281
2459489.547891352	1.0003753	0.00058781897
2459489.549280279	1.0007341	0.0005878875
2459489.5506692054	1.0008194	0.0005878614
2459489.5520581324	0.99976736	0.00058768934
2459489.5534470594	1.0017006	0.00058805826
2459489.5548359863	0.9996045	0.0005876762
2459489.556224913	0.9987749	0.00058751006
2459489.55761384	1.0000894	0.0005878145
2459489.5590027664	0.9992795	0.00058748847
2459489.5603916934	1.0007676	0.0005877447
2459489.5617806204	1.0004969	0.0005878194
2459489.5631695474	1.000036	0.00058775913
2459489.5645584743	0.99945724	0.00058760284
2459489.5659474004	0.9997606	0.00058771117
2459489.5673363274	1.0002466	0.00058766094
2459489.5687252544	0.99906987	0.0005875146
2459489.570114181	0.9995485	0.00058776437
2459489.571503108	1.0005677	0.00058784446
2459489.572892035	1.0000122	0.00058768474
2459489.5742809614	1.0005262	0.00058771943
2459489.575669888	1.0000188	0.00058769214
2459489.577058815	0.999603	0.00058760727
2459489.5784477415	1.0007321	0.0005878316
2459489.5798366684	1.0000083	0.0005876932
2459489.5812255954	0.9996343	0.0005875986
2459489.582614522	0.9999145	0.0005878102
2459489.584003449	0.99985766	0.00058782997
2459489.585392375	1.0005835	0.0005879279
2459489.586781302	1.0001541	0.00058757944
2459489.5881702285	0.99965817	0.0005876427
2459489.5895591555	1.0000515	0.0005876677
2459489.5909480825	1.0005039	0.00058784033
2459489.592337009	0.9990599	0.0005874941
2459489.593725936	0.99975234	0.00058750535
2459489.5951148625	0.99965614	0.0005874614
2459489.5965037886	1.000188	0.000587961
2459489.5978927156	0.99934024	0.0005874367
2459489.599281642	1.0002725	0.0005878096
2459489.600670569	0.99955004	0.0005876126
2459489.6020594956	0.9999514	0.0005877803
2459489.6034484226	1.0000988	0.0005876676
2459489.604837349	0.99970335	0.0005877299
2459489.606226275	0.99922717	0.0005874589
2459489.607615202	0.99978244	0.0005878456
2459489.6090041287	0.9999044	0.00058782444
2459489.6103930557	0.99910545	0.0005873305
2459489.6117819822	1.0002071	0.00058779883
2459489.6131709088	0.99987537	0.00058761257
2459489.6145598358	1.0003139	0.0005878741
2459489.615948762	0.9998695	0.0005876939
2459489.6173376883	1.0008787	0.00058782625
2459489.618726615	1.0001804	0.0005877325
2459489.620115542	0.99926394	0.00058752147
2459489.6215044684	1.0006855	0.00058790407
2459489.622893395	1.0010754	0.0005879435
2459489.6242823214	1.0007006	0.0005878658
2459489.625671248	0.9995331	0.0005875007
2459489.6270601745	0.9991065	0.00058750855
2459489.628449101	0.99905187	0.00058761024
2459489.6298380275	1.0004464	0.0005878558
2459489.631226954	1.0003525	0.00058780675
2459489.632615881	1.0005893	0.0005879352
2459489.6340048076	1.0004493	0.0005877262
2459489.635393734	0.99906635	0.0005874889
2459489.63678266	0.99825567	0.00058729533
2459489.6381715867	0.9995399	0.0005876005
2459489.639560513	0.99914545	0.0005875976
2459489.6409494397	0.9995731	0.0005876001
2459489.6423383662	0.99898255	0.0005874497
2459489.6437272932	0.9999424	0.0005879151
2459489.6451162198	0.999832	0.0005876344
2459489.646505146	1.00012	0.0005877961
2459489.6478940723	0.9991587	0.0005874154
2459489.649282999	1.0009257	0.0005880055
2459489.6506719254	0.9997985	0.00058779534
2459489.652060852	1.0007819	0.0005880238
2459489.6534497784	1.0001359	0.0005877192
2459489.654838705	0.9985019	0.0005875894
2459489.656227631	0.99939835	0.00058754813
2459489.6576165576	1.0006695	0.0005877821
2459489.659005484	1.0003638	0.0005878197
2459489.66039441	0.99927765	0.00058772863
2459489.6617833367	1.000811	0.0005879388
2459489.663172263	1.0001473	0.0005878158
2459489.6645611897	0.99933577	0.00058739865
2459489.6659501162	0.999335	0.0005877686
2459489.6673390423	0.9979074	0.0005871722
2459489.668727969	0.9997483	0.00058758823
2459489.6701168953	1.000241	0.00058779586
2459489.6715058214	0.9992476	0.0005875542
2459489.672894748	0.99928904	0.0005875785
2459489.6742836745	0.999294	0.00058735337
2459489.675672601	1.0007956	0.00058792613
2459489.677061527	1.0005044	0.0005878571
2459489.678450453	1.0004091	0.0005878738
2459489.6798393796	1.00003	0.0005877067
2459489.681228306	0.9998318	0.00058761076
2459489.6826172327	0.99980783	0.0005876217
2459489.6840061587	0.99982244	0.00058759813
2459489.6853950853	0.9999491	0.00058772945
2459489.6867840113	1.0006115	0.00058789266
2459489.688172938	1.0010242	0.00058786786
2459489.689561864	0.9992778	0.00058750657
2459489.6909507904	1.0001879	0.0005878887
2459489.692339717	1.0001159	0.00058787
2459489.693728643	1.000216	0.0005878887
2459489.6951175695	1.000175	0.0005878732
2459489.6965064956	1.0000226	0.0005878003
2459489.6978954216	0.9995697	0.0005877833
2459489.699284348	0.99899775	0.0005876244
2459489.700673274	1.0002578	0.00058776076
2459489.7020622008	1.0006101	0.0005879049
2459489.703451127	1.0005302	0.00058790355
2459489.7048400533	1.0002915	0.00058785104
2459489.70622898	0.999416	0.0005877068
2459489.7076179055	1.0004395	0.00058785867
2459489.709006832	0.9986821	0.0005872367
2459489.710395758	0.99937737	0.00058764283
2459489.7117846846	0.9997905	0.000587828
2459489.7131736106	1.0008729	0.0005880272
2459489.714562537	1.0010576	0.00058804674
2459489.715951463	0.9994213	0.00058767793
2459489.717340389	1.0001917	0.0005877122
2459489.7187293153	1.0002339	0.00058777677
2459489.7201182414	0.9997394	0.00058785715
2459489.721507168	0.999708	0.0005877831
2459489.722896094	0.99883753	0.0005875236
2459489.7242850205	0.99997807	0.000587662
2459489.7256739466	1.0006076	0.0005879527
2459489.727062872	1.0003339	0.00058784435
2459489.7284517987	0.99998224	0.0005876639
2459489.7298407247	0.9995402	0.0005877179
2459489.731229651	0.9995092	0.0005876386
2459489.7326185773	0.9997117	0.0005877186
2459489.7340075034	1.0001961	0.0005878364
2459489.7353964294	0.99943095	0.0005876565
2459489.736785355	1.000111	0.00058775785
2459489.7381742815	1.0006986	0.0005879541
2459489.7395632076	1.0001305	0.0005876991
2459489.7409521337	1.0004396	0.000587858
2459489.74234106	0.9995066	0.00058768917
2459489.7437299863	1.0009973	0.0005879779
2459489.7451189123	1.0001875	0.00058767956
2459489.7465078384	0.9994443	0.0005877341
2459489.747896764	1.0002078	0.0005879186
2459489.7492856905	1.0006353	0.00058795896
2459489.7506746165	0.99996245	0.00058783614
2459489.7520635426	1.0008181	0.0005879356
2459489.7534524687	1.0005527	0.0005879669
2459489.7548413947	1.0000149	0.0005877351
2459489.756230321	1.0001206	0.0005878116
2459489.7576192464	1.0000972	0.0005877974
2459489.7590081724	0.9996569	0.0005877102
2459489.760397099	0.99997044	0.0005876882
2459489.761786025	1.0004774	0.0005878763
2459489.763174951	1.0003178	0.0005878809
2459489.764563877	0.9996957	0.00058765797
2459489.765952803	0.9998097	0.00058779516
2459489.767341729	0.99978614	0.0005878058
2459489.768730655	0.99905336	0.0005875403
2459489.770119581	0.9997027	0.0005876465
2459489.771508507	0.99934417	0.0005876969
2459489.772897433	1.0010396	0.00058816536
2459489.774286359	0.99887633	0.00058771664
2459489.775675285	0.9994281	0.0005875996
2459489.7770642107	0.99944055	0.00058760605
2459489.778453137	0.999759	0.00058774155
2459489.779842063	1.0008655	0.00058799627
2459489.7812309884	0.9993207	0.0005873816
2459489.7826199145	1.0001277	0.00058794353
2459489.7840088406	1.0004175	0.0005877728
2459489.7853977666	0.99947876	0.0005876016
2459489.7867866927	1.0003495	0.0005878203
2459489.7881756183	0.9994326	0.00058756757
2459489.7895645443	1.0008007	0.00058800826
2459489.7909534704	0.9997201	0.00058780896
2459489.792342396	1.0004066	0.00058785774
2459489.793731322	0.99960274	0.0005879098
2459489.795120248	1.0008054	0.00058800477
2459489.796509174	0.9999598	0.0005877239
2459489.7978980998	1.0000219	0.00058769295
2459489.7992870254	0.99908924	0.0005874581
2459489.8006759514	1.0000142	0.0005876768
2459489.8020648775	1.0002561	0.000587737
2459489.8034538035	1.000302	0.000587745
2459489.804842729	1.0003337	0.00058782846
2459489.806231655	1.0005399	0.0005879272
2459489.807620581	0.99997926	0.0005876472
2459489.8090095064	1.0005411	0.00058793585
2459489.8103984324	0.9989993	0.0005873167
2459489.8117873585	1.0003105	0.000587871
2459489.813176284	1.0002035	0.0005880899
2459489.81456521	1.0002221	0.0005879594
2459489.815954136	0.9999302	0.000588005
2459489.817343062	1.0000452	0.00058774475
2459489.8187319874	0.9998416	0.0005876243
2459489.820120913	1.0009986	0.00058802223
2459489.821509839	0.999803	0.0005877897
2459489.822898765	1.0012982	0.00058816624
2459489.8242876907	1.0003719	0.00058798597
2459489.8256766167	1.0007228	0.0005879392
2459489.8270655423	0.99961954	0.0005876077
2459489.828454468	1.0008222	0.0005879536
2459489.8298433935	1.0009335	0.00058820035
2459489.8312323196	1.0003093	0.0005877695
2459489.832621245	0.9999333	0.00058787555
2459489.8340101712	1.0005335	0.00058784406
2459489.835399097	1.0009469	0.0005879155
2459489.836788023	1.0000913	0.0005877935
2459489.838176948	1.0007117	0.00058799505
2459489.8395658736	0.9999623	0.0005877197
2459489.8409547997	1.0000621	0.0005879545
2459489.8423437253	0.99939084	0.00058753986
2459489.8437326513	1.0006016	0.00058787805
2459489.845121577	1.0004789	0.0005878506
2459489.8465105025	0.99987227	0.00058760564
2459489.847899428	1.0004944	0.00058780797
2459489.8492883537	1.0004759	0.0005880552
2459489.8506772793	1.0001017	0.0005876687
2459489.8520662053	1.000143	0.00058759097
2459489.853455131	1.0007528	0.0005879645
2459489.8548440565	1.0007806	0.000588028
2459489.8562329826	1.0004193	0.0005877173
2459489.857621908	1.0004838	0.0005880142
2459489.8590108333	0.9995778	0.0005875993
2459489.8603997594	1.0015851	0.0005881093
2459489.861788685	0.99901664	0.0005875403
2459489.8631776106	0.99920756	0.000587637
2459489.864566536	0.99927497	0.00058777083
2459489.8659554617	1.0011125	0.00058812037
2459489.867344388	1.0011697	0.0005882433
2459489.868733313	0.999948	0.0005878259
2459489.8701222385	1.0003649	0.00058796105
2459489.871511164	1.000087	0.0005876572
2459489.8729000897	1.0010645	0.00058798405
2459489.874289016	0.99990594	0.00058764295
2459489.8756779414	1.0004183	0.00058780576
2459489.877066867	1.0013901	0.00058812456
2459489.878455792	1.0000249	0.00058809045
2459489.8798447177	1.0012811	0.0005879317
2459489.8812336433	1.0002005	0.0005876861
2459489.882622569	1.000141	0.0005878744
2459489.8840114945	0.9991883	0.00058752415
2459489.88540042	1.0003448	0.000588074
2459489.8867893456	1.0003151	0.0005878924
2459489.888178271	1.0000727	0.00058792194
2459489.8895671964	1.0015044	0.0005881284
2459489.890956122	1.0001684	0.00058790355
2459489.8923450476	1.0001171	0.000587673
2459489.893733973	1.000387	0.00058779423
2459489.8951228987	1.0001925	0.000587953
2459489.8965118243	1.0008988	0.00058803085
2459489.89790075	1.0001727	0.000587714
2459489.899289675	1.0008132	0.00058786554
2459489.9006786007	0.99950457	0.0005876959
2459489.9020675262	0.9991865	0.000587516
2459489.903456452	1.0000371	0.00058787334
2459489.9048453774	1.0003096	0.00058784976
2459489.906234303	0.9999276	0.00058776163
2459489.9076232286	0.99999326	0.0005875272
2459489.9090121537	0.999871	0.00058769266
2459489.910401079	0.999743	0.0005876635
2459489.9117900045	1.0000708	0.00058789557
2459489.91317893	1.0005325	0.0005878801
2459489.9145678557	1.0004551	0.00058803026
2459489.9159567812	1.0001706	0.00058814103
2459489.917345707	0.9998045	0.00058767194
2459489.9187346315	1.0001212	0.00058773305
2459489.920123557	1.0004939	0.0005878774
2459489.9215124827	0.99922436	0.0005876401
2459489.9229014083	0.9992269	0.0005876944
2459489.9242903334	0.9999438	0.00058775727
2459489.925679259	0.9999402	0.00058785843
2459489.9270681846	0.9993301	0.00058752566
2459489.9284571093	1.0001765	0.0005879898
2459489.929846035	1.0002432	0.0005879882
2459489.9312349604	1.0009012	0.00058786746
2459489.932623886	1.0003097	0.00058781076
2459489.934012811	1.000553	0.0005877721
2459489.9354017368	0.99980295	0.00058780884
2459489.936790662	1.0002095	0.0005877885
2459489.9381795875	0.9997514	0.0005878948
2459489.9395685126	0.99963665	0.00058787374
2459489.9409574377	1.0010822	0.00058814336
2459489.9423463633	0.9999491	0.0005877351
2459489.943735289	0.99971765	0.0005878693
2459489.945124214	1.0000147	0.00058761064
2459489.9465131396	1.0000147	0.0005879849
2459489.947902065	1.0001452	0.0005877496
2459489.94929099	0.99966174	0.0005878924
2459489.950679915	0.9995146	0.00058769214
2459489.9520688406	1.0001128	0.00058782095
2459489.9534577657	0.9996969	0.00058767083
2459489.9548466913	1.0007057	0.0005879192
2459489.9562356165	1.0001389	0.0005877217
2459489.957624542	0.99831575	0.0005874172
2459489.9590134667	1.0003848	0.0005878578
2459489.9604023923	1.000174	0.00058787275
2459489.9617913174	0.99961513	0.0005877867
2459489.963180243	1.0001682	0.00058787956
2459489.964569168	0.99935955	0.0005877061
2459489.9659580933	0.99918544	0.00058777357
2459489.967347019	1.0004982	0.0005878794
2459489.968735944	0.9997326	0.000587767
2459489.970124869	1.0004866	0.0005880936
2459489.9715137943	0.99984986	0.0005876972
2459489.9729027194	1.0013849	0.0005882713
2459489.974291645	1.0002185	0.00058804377
2459489.97568057	0.9999105	0.0005878373
2459489.9770694952	0.99990964	0.0005878763
2459489.9784584204	1.0006193	0.00058795547
2459489.9798473455	0.9984891	0.00058745366
2459489.9812362706	0.9996293	0.00058789534
2459489.9826251958	0.9994226	0.0005876964
2459489.9840141213	0.99998164	0.00058784825
2459489.9854030465	0.9998421	0.00058774673
2459489.9867919716	0.99956036	0.0005878137
2459489.9881808967	0.9995594	0.0005878135
2459489.989569822	0.9990073	0.00058749324
2459489.990958747	1.0000173	0.00058796804
2459489.992347672	1.0005292	0.0005880272
2459489.9937365972	0.9998313	0.00058760075
2459489.9951255224	1.000567	0.00058797386
2459489.9965144475	1.0000043	0.0005880067
2459489.997903373	0.9991951	0.00058761827
2459489.9992922978	1.0009445	0.0005881434
2459490.000681223	0.9992331	0.0005877855
2459490.002070148	1.0005323	0.00058787153
2459490.003459073	1.0001237	0.00058779493
2459490.0048479983	1.0006561	0.0005880112
2459490.0062369234	0.9993666	0.0005876819
2459490.0076258485	1.0006382	0.00058799755
2459490.0090147736	1.0002445	0.0005879078
2459490.0104036983	0.99940175	0.00058766437
2459490.0117926234	0.9995092	0.00058765494
2459490.013181549	1.0007936	0.00058813044
2459490.014570474	0.9992288	0.00058780244
2459490.0159593993	0.9998841	0.0005876516
2459490.0173483244	1.0000461	0.0005879392
2459490.0187372495	0.9995367	0.0005875669
2459490.0201261737	0.9998658	0.0005877094
2459490.021515099	1.0007604	0.0005879608
2459490.022904024	0.99964505	0.00058782916
2459490.024292949	0.99957716	0.00058773055
2459490.0256818742	1.0003681	0.0005879206
2459490.0270707994	0.9996404	0.0005877807
2459490.0284597245	0.9993766	0.0005877261
2459490.029848649	0.99925226	0.00058772194
2459490.0312375743	0.99940604	0.0005877954
2459490.0326264994	0.9986799	0.00058733975
2459490.0340154245	0.9991613	0.0005877976
2459490.035404349	0.9999597	0.0005878528
2459490.0367932743	1.0003103	0.00058791647
2459490.0381821995	1.0014751	0.0005883073
2459490.039571124	0.9991143	0.0005877589
2459490.0409600493	1.0003031	0.0005877447
2459490.0423489744	1.0007876	0.0005881445
2459490.043737899	0.9994498	0.00058774283
2459490.045126824	0.99963117	0.00058780354
2459490.0465157493	0.9998802	0.0005877243
2459490.0479046744	1.0013448	0.0005882135
2459490.049293599	0.99989396	0.00058776204
2459490.0506825238	0.9990157	0.0005876709
2459490.052071449	0.9996172	0.0005877187
2459490.053460374	1.0007613	0.00058798905
2459490.0548492987	1.0001628	0.00058791984
2459490.056238224	0.999383	0.0005876796
2459490.057627149	1.0003442	0.00058809837
2459490.0590160736	0.99954087	0.00058776233
2459490.0604049983	0.99876857	0.00058756315
2459490.0617939234	1.0000095	0.00058785535
2459490.063182848	1.0003343	0.000588085
2459490.064571773	1.0008101	0.00058792543
2459490.065960698	0.9995598	0.0005877128
2459490.067349623	1.000757	0.0005879457
2459490.068738548	0.9993625	0.0005876963
2459490.0701274723	1.000261	0.0005878159
2459490.0715163974	0.998617	0.0005876343
2459490.072905322	1.0004144	0.00058786734
2459490.074294247	0.99932146	0.0005880233
2459490.075683172	0.9995728	0.00058770453
2459490.077072097	1.0000508	0.0005879996
2459490.0784610217	0.9999556	0.0005877364
2459490.0798499463	1.0002524	0.000587964
2459490.081238871	1.0000364	0.00058799214
2459490.082627796	0.9998008	0.0005878357
2459490.0840167208	0.999641	0.00058787037
2459490.085405646	0.9989789	0.0005877757
2459490.0867945706	1.001102	0.00058813137
2459490.0881834957	0.9999349	0.00058799615
2459490.0895724203	0.9999039	0.0005878774
2459490.0909613445	1.0003165	0.0005878493
2459490.0923502697	1.0012833	0.00058813026
2459490.0937391943	1.000108	0.0005879449
2459490.0951281195	1.000087	0.0005879898
2459490.096517044	1.0002502	0.00058786495
2459490.097905969	0.99952185	0.0005877845
2459490.099294894	0.9997284	0.00058785966
2459490.100683818	1.000446	0.0005879154
2459490.102072743	1.0000625	0.00058796536
2459490.103461668	0.99915224	0.000587695
2459490.1048505926	0.9998041	0.00058774225
2459490.106239517	1.0006467	0.00058794
2459490.1076284423	1.0001776	0.00058789534
2459490.109017367	1.0009303	0.00058817706
2459490.110406291	0.9995204	0.00058762816
2459490.111795216	1.0001222	0.00058789516
2459490.113184141	1.0009028	0.0005882115
2459490.1145730657	0.9991581	0.000587782
2459490.1159619903	0.99999833	0.00058788795
2459490.117350915	0.99921983	0.0005877909
2459490.1187398396	1.0006768	0.0005879888
2459490.120128765	1.0009556	0.0005880237
2459490.121517689	1.0003515	0.0005879552
2459490.1229066136	1.0006694	0.0005879011
2459490.1242955383	0.9995761	0.00058778824
2459490.125684463	1.0000753	0.00058789237
2459490.1270733876	1.0002735	0.00058814
2459490.1284623123	1.0002115	0.00058792793
2459490.1298512374	0.999882	0.0005879127
2459490.1312401616	0.99968505	0.00058779045
2459490.1326290863	0.9998268	0.00058781804
2459490.134018011	1.000362	0.0005880132
2459490.1354069356	0.99957275	0.0005876974
2459490.1367958602	0.99989265	0.0005878867
2459490.138184785	0.9996471	0.00058789586
2459490.1395737096	1.0001702	0.00058809214
2459490.140962634	0.9998847	0.0005879952
2459490.1423515584	0.99998724	0.00058795966
2459490.143740483	1.0001028	0.0005877944
2459490.1451294078	1.0000209	0.0005878781
2459490.1465183324	0.9998497	0.0005880324
2459490.147907257	1.0010247	0.0005881353
2459490.1492961817	1.0002477	0.0005879371
2459490.150685106	0.9999321	0.00058780535
2459490.1520740306	1.0008936	0.0005881598
2459490.1534629553	1.0005672	0.00058808905
2459490.15485188	0.9998491	0.00058789575
2459490.156240804	0.99997354	0.0005879389
2459490.157629729	1.0002472	0.0005881403
2459490.1590186534	1.0005506	0.00058801594
2459490.160407578	0.9992675	0.00058769283
2459490.1617965023	0.99972665	0.00058783934
2459490.163185427	1.0006274	0.0005881169
2459490.1645743516	0.999523	0.00058781507
2459490.165963276	1.000281	0.0005879444
2459490.1673522005	1.0009459	0.00058815297
2459490.168741125	0.9996301	0.0005880626
2459490.17013005	0.9998883	0.00058788015
2459490.171518974	0.9993233	0.00058780255
2459490.172907898	1.001098	0.00058813393
2459490.174296823	1.0005559	0.00058810477
2459490.1756857475	0.9997885	0.0005877626
2459490.177074672	0.99977905	0.0005879743
2459490.1784635964	0.99885345	0.0005876817
2459490.179852521	0.9997422	0.00058796356
2459490.1812414452	0.9998794	0.0005876687
2459490.18263037	1.0000527	0.00058804196
2459490.184019294	0.9998335	0.00058783375
2459490.1854082188	0.9993814	0.00058780645
2459490.1867971434	0.9994837	0.0005878656
2459490.1881860676	0.99947655	0.0005876981
2459490.1895749923	1.0007173	0.00058796816
2459490.190963916	0.99978113	0.00058788905
2459490.1923528407	1.0011088	0.00058816845
2459490.1937417653	0.99961674	0.0005877642
2459490.1951306895	1.0007371	0.0005879825
2459490.196519614	1.0002655	0.00058784895
2459490.1979085384	0.999515	0.000587681
2459490.199297463	1.0009444	0.00058814907
2459490.2006863877	0.99977463	0.00058789755
2459490.2020753114	0.9994845	0.00058767357
2459490.203464236	0.99986917	0.0005880464
2459490.2048531603	1.0000104	0.00058783434
2459490.206242085	1.0000226	0.00058794656
2459490.207631009	1.0007615	0.0005881861
2459490.209019934	0.9995731	0.0005877995
2459490.210408858	1.0007664	0.00058802875
2459490.211797782	1.0002192	0.00058781693
2459490.2131867064	0.9997651	0.00058800826
2459490.214575631	0.99989873	0.0005879413
2459490.2159645553	1.0005045	0.0005880706
2459490.2173534795	1.0004516	0.0005881178
2459490.218742404	1.0001878	0.00058798795
2459490.2201313283	0.99972403	0.00058789627
2459490.2215202525	1.0004184	0.0005879395
2459490.2229091767	1.0007148	0.0005880599
2459490.224298101	1.0000478	0.00058801455
2459490.2256870256	0.9997922	0.00058784947
2459490.22707595	1.0000894	0.0005880665
2459490.228464874	1.0005506	0.0005879227
2459490.2298537986	1.0006098	0.0005879581
2459490.231242723	1.0002471	0.00058774656
2459490.2326316466	0.999562	0.00058789866
2459490.234020571	1.0003076	0.0005879459
2459490.2354094954	0.9988903	0.0005876391
2459490.2367984196	1.0004961	0.0005879783
2459490.2381873443	1.0004241	0.000588105
2459490.2395762685	1.0006642	0.0005879913
2459490.2409651927	1.0002671	0.0005878718
2459490.2423541164	0.99944615	0.0005878388
2459490.2437430406	1.000084	0.00058806135
2459490.2451319653	1.0000272	0.0005878252
2459490.2465208895	1.0004824	0.0005879911
2459490.2479098137	1.0004517	0.0005880581
2459490.249298738	1.00064	0.00058796466
2459490.250687662	0.9990428	0.00058772526
2459490.2520765862	1.0013678	0.0005882226
2459490.2534655104	0.9998832	0.0005880107
2459490.2548544346	0.9994169	0.0005876077
2459490.256243359	1.0003301	0.00058817834
2459490.257632283	1.000267	0.0005878829
2459490.259021207	0.9999102	0.0005879415
2459490.2604101314	1.0013497	0.00058809045
2459490.261799055	0.99992603	0.0005880649
2459490.2631879793	1.0003422	0.0005881544
2459490.264576904	1.0000701	0.0005880045
2459490.265965828	0.99999887	0.000587884
2459490.2673547524	0.9993362	0.00058772205
2459490.2687436766	1.0001442	0.00058796734
2459490.270132601	1.000295	0.00058808114
2459490.271521525	0.9995466	0.00058797083
2459490.2729104487	1.0003611	0.0005879312
2459490.274299373	1.0001318	0.00058773294
2459490.275688297	1.0002594	0.00058795814
2459490.2770772213	0.99989283	0.00058792345
2459490.2784661455	0.9995037	0.000587944
2459490.2798550697	1.0004272	0.00058802456
2459490.2812439934	0.9992351	0.00058762747
2459490.282632917	1.0007865	0.0005880001
2459490.2840218414	1.000158	0.0005879402
2459490.2854107656	1.0007818	0.0005880933
2459490.2867996898	0.9995979	0.0005879374
2459490.288188614	0.9997618	0.0005878242
2459490.289577538	1.0004956	0.00058835803
2459490.2909664623	1.0008667	0.00058805395
2459490.292355386	1.0006682	0.00058810227
2459490.29374431	1.0002162	0.00058810494
2459490.295133234	0.9995407	0.0005877966
2459490.296522158	0.9999737	0.0005878743
2459490.2979110824	0.9997102	0.00058794004
2459490.2993000066	0.9999534	0.0005879011
2459490.3006889303	1.0001014	0.00058800477
2459490.302077854	0.99911386	0.0005880352
2459490.3034667782	0.9999132	0.00058797555
2459490.3048557024	1.0000699	0.0005880791
2459490.306244626	0.99900275	0.00058771786
2459490.3076335504	0.9993753	0.00058786466
2459490.3090224746	0.9987406	0.000587522
2459490.3104113988	0.9993258	0.0005877849
2459490.3118003225	0.9991467	0.0005878168
2459490.313189246	0.9998804	0.00058797695
2459490.3145781704	0.99961066	0.00058795646
2459490.315967094	1.0003922	0.0005879685
2459490.3173560183	1.0001835	0.0005879626
2459490.3187449425	0.99970055	0.00058788614
2459490.3201338663	0.9986681	0.00058755866
2459490.3215227905	0.999607	0.00058791635
2459490.322911714	1.0003352	0.00058803917
2459490.324300638	0.99983037	0.00058790384
2459490.325689562	0.99941087	0.00058776373
2459490.327078486	0.999599	0.0005877445
2459490.32846741	0.9993657	0.0005878213
2459490.3298563343	0.9993423	0.00058783544
2459490.331245258	0.9997895	0.00058789266
2459490.3326341817	0.9992934	0.00058769993
2459490.3340231054	0.99932796	0.00058781146
2459490.3354120296	0.99874735	0.00058767473
2459490.3368009534	0.99998164	0.0005880996
2459490.3381898776	1.0004296	0.0005880843
2459490.3395788013	0.9990741	0.00058785395
2459490.3409677255	0.99942404	0.0005877809
2459490.3423566488	1.0002564	0.0005878681
2459490.343745573	1.0000498	0.0005880454
2459490.3451344967	0.999461	0.00058784644
2459490.3465234204	0.9998237	0.00058788713
2459490.3479123446	0.99988526	0.0005878897
2459490.3493012683	0.99949026	0.0005879157
2459490.3506901925	1.0005057	0.00058793486
2459490.3520791163	1.0001034	0.0005881018
2459490.35346804	0.99930495	0.0005877132
2459490.3548569637	1.00001	0.0005881046
2459490.3562458875	1.0001917	0.00058799615
2459490.3576348117	1.0009328	0.0005881429
2459490.3590237354	1.0001675	0.00058800186
2459490.360412659	0.99914056	0.0005877615
2459490.3618015833	1.0004538	0.0005881582
2459490.3631905066	1.0010161	0.0005881342
2459490.3645794303	1.0004784	0.0005879739
2459490.3659683545	0.99886745	0.00058778183
2459490.3673572782	0.9987525	0.0005877584
2459490.368746202	0.9988646	0.00058773864
2459490.3701351257	0.99999624	0.00058806187
2459490.37152405	1.0003079	0.0005880775
2459490.372912973	1.0001496	0.0005880852
2459490.374301897	0.9993177	0.000587764
2459490.3756908206	1.0001584	0.00058798207
2459490.3770797444	1.000054	0.0005880302
2459490.3784686686	0.9999332	0.0005880801
2459490.3798575923	1.0000415	0.0005879764
2459490.381246516	0.99975926	0.00058787834
2459490.3826354397	0.99930114	0.00058779155
2459490.384024363	0.9999715	0.0005878309
2459490.385413287	0.99996716	0.00058802584
2459490.386802211	0.9991509	0.00058781914
2459490.3881911347	1.0000223	0.0005879326
2459490.3895800584	0.9997074	0.000587814
2459490.390968982	0.99986124	0.00058805326
2459490.392357906	1.0000412	0.0005879944
2459490.393746829	1.0010132	0.00058821996
2459490.395135753	1.0010222	0.0005883679
2459490.3965246766	1.0005422	0.00058811833
2459490.3979136003	1.0003986	0.0005880471
2459490.399302524	0.9988831	0.0005876796
2459490.400691448	0.99910474	0.00058778434
2459490.4020803715	0.9993286	0.0005878037
2459490.403469295	0.9994848	0.0005878164
2459490.4048582185	1.0004988	0.0005881433
2459490.4062471422	0.99950707	0.00058784016
2459490.407636066	1.0002307	0.00058813556
2459490.4090249897	0.99870807	0.0005876392
2459490.4104139134	0.99945587	0.0005876467
2459490.411802837	0.9998094	0.0005879434
2459490.4131917604	0.99918526	0.00058767473
2459490.414580684	0.9994965	0.00058784575
2459490.415969608	0.9993826	0.0005879334
2459490.4173585316	0.9993317	0.0005878224
2459490.4187474553	0.99951845	0.000587594
2459490.420136379	0.99994797	0.00058794604
2459490.421525303	0.9994326	0.0005879194
2459490.422914226	1.0006932	0.00058828515
2459490.4243031493	1.0000135	0.00058794837
2459490.425692073	0.9999994	0.0005879433
2459490.427080997	1.0003638	0.0005880521
2459490.4284699205	1.0004706	0.0005880208
2459490.4298588443	0.99984795	0.00058786606
2459490.4312477675	1.0009047	0.0005881125
2459490.4326366913	0.9987033	0.00058764196
2459490.4340256145	0.9999561	0.00058788294
2459490.4354145383	1.0003465	0.0005879723
2459490.4368034615	0.9999779	0.00058812316
2459490.4381923852	1.0017185	0.0005884475
2459490.439581309	0.9999404	0.00058792415
2459490.4409702327	0.99956596	0.0005877955
2459490.442359156	1.0000027	0.0005881452
2459490.4437480792	1.0000525	0.0005879661
2459490.445137003	0.9995544	0.000587832
2459490.4465259267	0.99827766	0.00058742467
2459490.44791485	0.99842453	0.00058755244
2459490.4493037737	0.99680877	0.0005870534
2459490.4506926974	0.99653393	0.0005868211
2459490.4520816207	0.99660134	0.0005872186
2459490.453470544	0.9943998	0.0005863765
2459490.454859467	0.9926431	0.00058614765
2459490.456248391	0.99308205	0.0005861618
2459490.4576373147	0.99251497	0.000586012
2459490.459026238	0.9902571	0.00058545574
2459490.4604151617	0.9896206	0.00058532
2459490.461804085	0.9886617	0.00058504264
2459490.4631930087	0.98810595	0.0005849094
2459490.4645819315	0.9895477	0.0005853371
2459490.465970855	0.988332	0.00058486924
2459490.467359779	0.9896145	0.00058529526
2459490.468748702	0.9882818	0.0005851651
2459490.470137626	0.9886609	0.00058502745
2459490.471526549	0.9889479	0.0005850119
2459490.472915473	0.9888109	0.00058511173
2459490.4743043957	0.9880874	0.00058494107
2459490.4756933195	0.98867726	0.00058484945
2459490.4770822427	0.98757774	0.00058483833
2459490.478471166	0.9871377	0.00058469444
2459490.4798600897	0.9873435	0.00058476365
2459490.481249013	0.9878079	0.0005849575
2459490.4826379367	0.9879357	0.0005849156
2459490.4840268595	0.9870995	0.00058477215
2459490.485415783	0.9881541	0.00058497716
2459490.4868047065	0.98678344	0.00058473984
2459490.48819363	0.987838	0.0005848423
2459490.4895825535	0.9874652	0.0005848196
2459490.490971477	0.9870142	0.0005847163
2459490.4923604	0.9881064	0.0005849044
2459490.4937493233	0.9868866	0.0005847128
2459490.4951382466	0.9867957	0.0005846575
2459490.49652717	0.98606026	0.0005845069
2459490.4979160936	0.9862215	0.00058445305
2459490.499305017	0.9871304	0.000584798
2459490.50069394	0.98759776	0.0005847101
2459490.5020828634	0.9868836	0.0005845913
2459490.503471787	0.9876214	0.00058477826
2459490.50486071	0.9878624	0.00058486447
2459490.506249633	0.9868323	0.00058466714
2459490.5076385564	0.98788714	0.0005849443
2459490.50902748	0.9864297	0.0005844291
2459490.5104164034	0.9861347	0.00058441807
2459490.5118053267	0.9862134	0.00058437604
2459490.51319425	0.9871054	0.0005847407
2459490.5145831727	0.9858232	0.00058425055
2459490.5159720965	0.9869818	0.00058451144
2459490.5173610197	0.98691005	0.0005846442
2459490.518749943	0.986887	0.0005846098
2459490.5201388663	0.9863419	0.0005845721
2459490.5215277895	0.98622775	0.00058446155
2459490.522916713	0.9875509	0.0005848691
2459490.5243056356	0.98661476	0.0005846728
2459490.525694559	0.9864097	0.00058437185
2459490.5270834826	0.9873943	0.0005847729
2459490.528472406	0.9871364	0.00058469985
2459490.529861329	0.98674184	0.0005846501
2459490.5312502524	0.98673624	0.00058464374
2459490.5326391757	0.9868887	0.0005846836
2459490.534028099	0.9868373	0.000584627
2459490.5354170217	0.9874588	0.0005846684
2459490.536805945	0.9873735	0.0005847408
2459490.5381948682	0.98685646	0.00058478455
2459490.5395837915	0.98658717	0.00058452395
2459490.540972715	0.98766476	0.00058488455
2459490.542361638	0.98707646	0.00058459747
2459490.5437505613	0.9856798	0.00058430404
2459490.545139484	0.987119	0.00058463315
2459490.5465284074	0.98820585	0.00058486103
2459490.5479173306	0.98637897	0.0005845721
2459490.549306254	0.9872444	0.0005847016
2459490.5506951767	0.9868876	0.00058459793
2459490.5520841	0.9870749	0.0005846331
2459490.553473023	0.98678124	0.00058474805
2459490.554861946	0.9890775	0.00058508024
2459490.5562508693	0.9878203	0.00058486965
2459490.5576397926	0.9881795	0.00058496726
2459490.559028716	0.9884332	0.0005850535
2459490.560417639	0.98814243	0.0005849759
2459490.561806562	0.9876331	0.0005847293
2459490.563195485	0.9870124	0.00058468274
2459490.564584408	0.9886603	0.00058515713
2459490.565973331	0.986958	0.0005847865
2459490.5673622545	0.9874137	0.00058474974
2459490.5687511773	0.98842186	0.00058495236
2459490.5701401005	0.98763233	0.0005850213
2459490.571529024	0.98859704	0.00058498257
2459490.572917947	0.9874648	0.00058471895
2459490.57430687	0.98759514	0.00058494345
2459490.5756957927	0.98767334	0.00058479357
2459490.577084716	0.9892484	0.0005852407
2459490.578473639	0.9890891	0.00058518257
2459490.579862562	0.9879805	0.0005848711
2459490.5812514853	0.9903973	0.0005854418
2459490.5826404085	0.9899699	0.0005854543
2459490.5840293313	0.9894228	0.0005852024
2459490.585418254	0.9891384	0.00058500766
2459490.5868071774	0.9904613	0.00058554707
2459490.5881961	0.99061376	0.0005856377
2459490.5895850235	0.9920284	0.0005857784
2459490.5909739463	0.994349	0.0005865786
2459490.5923628695	0.99524343	0.0005868072
2459490.593751793	0.99621946	0.0005870368
2459490.595140715	0.9969834	0.0005873242
2459490.5965296384	0.99759823	0.00058738654
2459490.597918561	0.9989817	0.00058788346
2459490.5993074845	0.99909276	0.0005877768
2459490.6006964073	0.9989394	0.0005879575
2459490.6020853305	0.9997335	0.0005879533
2459490.603474254	0.999691	0.0005879816
2459490.604863176	1.0006279	0.00058816106
2459490.6062520994	1.000572	0.0005882686
2459490.607641022	0.99994063	0.00058786036
2459490.6090299455	0.99963975	0.0005876914
2459490.6104188683	0.99902874	0.0005880126
2459490.611807791	1.0003928	0.0005880582
2459490.6131967143	1.0002201	0.00058795296
2459490.614585637	1.0003893	0.00058799697
2459490.61597456	0.9997605	0.00058785203
2459490.6173634827	0.9992652	0.0005877808
2459490.618752406	0.9996912	0.00058798556
2459490.620141329	0.998771	0.000587628
2459490.6215302516	0.99987155	0.00058772485
2459490.622919175	1.000081	0.00058791763
2459490.6243080976	1.0013344	0.0005883291
2459490.6256970204	1.0003355	0.0005881165
2459490.6270859432	0.999941	0.0005879924
2459490.628474866	0.9993647	0.00058775616
2459490.6298637893	1.0006487	0.0005880555
2459490.631252712	0.99999595	0.0005879938
2459490.632641635	1.00034	0.00058819045
2459490.6340305577	0.99936813	0.0005877897
2459490.6354194805	1.0008402	0.00058814103
2459490.6368084033	0.99977994	0.0005879041
2459490.638197326	0.99923843	0.00058790005
2459490.6395862494	0.9997687	0.0005879242
2459490.640975172	0.9997561	0.00058796356
2459490.642364095	0.99969196	0.0005879759
2459490.6437530178	1.0001085	0.00058794976
2459490.6451419406	0.9992232	0.00058777194
2459490.6465308634	1.0007584	0.0005880219
2459490.647919786	0.9991825	0.00058783934
2459490.649308709	1.0003351	0.00058800017
2459490.6506976318	1.0004734	0.0005879717
2459490.6520865546	0.9991865	0.0005880024
2459490.653475478	0.9994224	0.00058783893
2459490.6548644006	1.0004294	0.0005879669
2459490.656253323	1.0001041	0.00058806123
2459490.6576422458	1.0000248	0.000587994
2459490.6590311686	0.99971277	0.0005878665
2459490.6604200914	0.99975985	0.0005879247
2459490.661809014	1.0001284	0.0005880489
2459490.663197937	1.000226	0.00058809255
2459490.66458686	1.0008845	0.00058813905
2459490.6659757826	0.99966955	0.0005879976
2459490.6673647054	1.0002007	0.00058796816
2459490.668753628	1.0016978	0.00058857456
2459490.670142551	0.9990262	0.00058790686
2459490.6715314738	0.99982977	0.00058799965
2459490.6729203966	0.99967605	0.00058788684
2459490.6743093194	1.0007414	0.0005882011
2459490.6756982417	0.9998477	0.00058790424
2459490.6770871645	0.9994479	0.0005877683
2459490.6784760873	0.999125	0.00058780925
2459490.67986501	1.0002321	0.00058799365
2459490.681253933	1.0003695	0.0005879182
2459490.6826428557	0.99917364	0.0005877932
2459490.6840317785	1.000072	0.0005880823
2459490.685420701	1.0001129	0.00058796693
2459490.686809623	0.9995537	0.0005878008
2459490.688198546	0.9993861	0.0005877988
2459490.6895874687	1.0003234	0.0005880856
2459490.6909763915	0.999877	0.00058799854
2459490.6923653143	1.0004749	0.00058806344
2459490.693754237	1.000325	0.0005879592
2459490.69514316	1.0000982	0.00058803667
2459490.6965320823	0.99908686	0.0005877919
2459490.6979210046	0.9998914	0.0005878735
2459490.6993099274	0.999572	0.00058783713
2459490.70069885	1.0002477	0.00058821973
2459490.702087773	0.99975127	0.00058788457
2459490.703476696	0.9989964	0.0005876542
2459490.704865618	0.99967843	0.00058786565
2459490.7062545405	0.99934244	0.00058774574
2459490.7076434633	1.0000978	0.00058799493
2459490.709032386	1.0011847	0.00058820983
2459490.7104213084	0.99964255	0.00058792264
2459490.711810231	0.9998952	0.0005878364
2459490.713199154	1.000417	0.00058797555
2459490.714588077	0.99859065	0.0005876942
2459490.7159769987	0.9991215	0.00058768346
2459490.7173659215	0.99939233	0.0005878285
2459490.7187548443	0.9989654	0.00058780087
2459490.7201437666	0.99930584	0.0005880535
2459490.7215326894	1.002215	0.0005885371
2459490.722921612	0.9999633	0.00058804103
2459490.7243105345	0.9994948	0.0005878831
2459490.7256994573	0.9991124	0.0005878071
2459490.7270883797	0.9997949	0.00058808224
2459490.728477302	1.0005449	0.00058806065
2459490.729866225	0.99970734	0.00058797206
2459490.731255147	0.9997874	0.0005879079
2459490.73264407	0.9999816	0.00058818096
2459490.7340329927	0.9999432	0.0005879935
2459490.735421915	0.9997684	0.00058804365
2459490.7368108374	1.0001253	0.00058805116
2459490.7381997597	1.0003773	0.00058808224
2459490.7395886825	0.9988917	0.00058779604
2459490.740977605	0.99956065	0.00058785744
2459490.7423665277	1.0004752	0.00058803905
2459490.74375545	1.000277	0.0005881284
2459490.745144373	1.0006517	0.00058817543
2459490.7465332947	1.0012773	0.00058825203
2459490.7479222175	1.0009003	0.0005882182
2459490.74931114	1.0001189	0.0005880876
2459490.7507000626	0.9993826	0.0005878909
2459490.752088985	1.0005345	0.0005880804
2459490.7534779077	0.9988162	0.0005876954
2459490.75486683	0.9992943	0.00058770145
2459490.756255752	1.0002792	0.0005880548
2459490.7576446747	0.9999193	0.00058785215
2459490.759033597	0.99968976	0.00058789784
2459490.76042252	0.9992753	0.0005878096
2459490.761811442	0.9994444	0.0005879143
2459490.7632003645	1.0003116	0.0005881703
2459490.7645892873	0.9997587	0.00058775145
2459490.7659782097	1.0007985	0.0005881701
2459490.7673671315	1.001135	0.00058830966
2459490.7687560543	0.9990615	0.00058776257
2459490.7701449767	0.9989707	0.0005876327
2459490.771533899	0.99964494	0.00058772083
2459490.772922822	0.99981326	0.0005878989
2459490.774311744	0.9991976	0.0005878798
2459490.7757006665	0.99955803	0.00058802124
2459490.7770895883	0.9999257	0.0005878911
2459490.778478511	0.9997742	0.0005878594
2459490.7798674335	1.0005726	0.000588057
2459490.781256356	1.000156	0.0005880072
2459490.782645278	0.99959666	0.0005878366
2459490.784034201	1.0012819	0.00058824883
2459490.7854231233	1.0006492	0.0005881272
2459490.786812045	0.99957496	0.0005877703
2459490.7882009675	1.000605	0.00058809656
2459490.78958989	1.0009066	0.00058812724
2459490.790978812	1.0000253	0.0005880482
2459490.792367735	1.0001719	0.00058794784
2459490.7937566573	1.0002074	0.00058791303
2459490.7951455796	0.99949837	0.0005879829
2459490.7965345015	1.0002877	0.0005880889
2459490.797923424	0.9996125	0.0005879929
2459490.799312346	1.000762	0.0005883071
2459490.8007012685	0.9999765	0.0005880077
2459490.802090191	1.0003761	0.00058806926
2459490.803479113	0.99999833	0.00058818184
2459490.804868036	1.0003898	0.00058804353
2459490.8062569583	1.000369	0.00058812986
2459490.80764588	1.0002009	0.0005881293
2459490.810423725	0.99916285	0.00058774446
2459490.811812647	0.99909234	0.0005876681
2459490.8132015695	1.0002517	0.00058811845
2459490.814590492	1.000513	0.0005881355
2459490.815979414	1.0003467	0.0005880848
2459490.817368336	1.000434	0.00058803556
2459490.8187572584	1.0017968	0.00058849686
2459490.8201461807	0.99924886	0.00058780116
2459490.821535103	0.9997224	0.000587953
2459490.822924025	0.99963045	0.0005880843
2459490.824312947	0.999902	0.0005879306
2459490.8257018696	0.9987575	0.00058797636
2459490.8270907914	1.0000864	0.00058809796
2459490.8284797138	1.0004271	0.0005880831
2459490.829868636	1.0006489	0.00058819726
2459490.8312575584	1.0000291	0.00058807794
2459490.8326464808	0.9990398	0.0005880634
2459490.834035403	0.9997228	0.000587968
2459490.835424325	0.9994719	0.0005878423
2459490.8368132473	0.9996086	0.00058793806
2459490.838202169	1.0001001	0.00058791734
2459490.8395910915	1.0008548	0.00058806414
2459490.840980014	0.9997137	0.00058799476
2459490.842368936	0.9998287	0.0005879017
2459490.843757858	0.9995334	0.0005879673
2459490.8451467804	0.999867	0.00058796257
2459490.8465357027	1.0002029	0.00058812444
2459490.8479246246	1.0004123	0.0005880887
2459490.8493135464	0.9998634	0.00058789115
2459490.850702469	0.9992146	0.00058793015
2459490.852091391	0.99990684	0.00058800046
2459490.8534803134	0.9998774	0.000588115
2459490.8548692353	0.99982685	0.00058802275
2459490.8562581576	1.0004684	0.00058807415
2459490.8576470795	1.0000658	0.00058811327
2459490.8590360014	1.0001061	0.0005880643
2459490.8604249237	1.0001888	0.0005878691
2459490.861813846	0.9992442	0.00058795593
2459490.863202768	1.0007553	0.00058829755
2459490.8645916902	0.99949366	0.00058791426
2459490.8659806126	1.000596	0.00058812805
2459490.867369534	0.9995935	0.00058791897
2459490.8687584563	1.0005103	0.00058816886
2459490.870147378	0.99983066	0.00058798905
2459490.8715363005	1.0002595	0.00058804016
2459490.872925223	1.0000508	0.000588058
2459490.8743141447	1.0005293	0.00058816635
2459490.875703067	1.0003902	0.0005879872
2459490.877091989	1.0000551	0.00058818975
2459490.878480911	0.9997265	0.0005880685
2459490.8798698327	0.99969363	0.0005878624
2459490.881258755	0.999136	0.00058786815
2459490.882647677	0.99944395	0.0005879275
2459490.884036599	0.9994951	0.00058789895
2459490.885425521	1.000814	0.0005884175
2459490.8868144434	0.9984701	0.00058780564
2459490.888203365	1.0002578	0.0005881888
2459490.889592287	1.0001649	0.00058802555
2459490.890981209	0.9989452	0.00058785593
2459490.8923701313	0.999865	0.00058808294
2459490.893759053	0.9995658	0.0005878563
2459490.895147975	0.99968463	0.0005879257
2459490.8965368974	0.99954665	0.00058807293
2459490.897925819	0.9996664	0.0005880598
2459490.899314741	0.99997526	0.0005880964
2459490.900703663	0.9996158	0.0005879295
2459490.902092585	0.9993569	0.00058791053
2459490.903481507	0.99956644	0.00058777875
2459490.904870429	0.9998257	0.00058799837
2459490.906259351	0.99974525	0.0005879818
2459490.907648273	1.0002651	0.00058812246
2459490.9090371947	1.0003908	0.0005881194
2459490.9104261165	1.0007527	0.0005882307
2459490.911815039	1.0000414	0.0005882996
2459490.9132039608	0.9999813	0.0005881474
2459490.9145928826	1.0011457	0.00058835
2459490.915981805	1.0002021	0.0005880351
2459490.917370727	1.0000432	0.0005878825
2459490.918759648	1.0001458	0.0005880297
2459490.92014857	0.99947935	0.00058798946
2459490.9215374924	0.9998263	0.0005880165
2459490.9229264143	0.99985707	0.0005879863
2459490.924315336	1.0000395	0.00058809464
2459490.925704258	0.99917734	0.0005878571
2459490.92709318	0.99903685	0.00058800523
2459490.9284821018	0.9993207	0.0005881355
2459490.9298710236	0.999282	0.00058795227
2459490.9312599455	0.9989553	0.00058770715
2459490.9326488674	0.9993494	0.00058783137
2459490.9340377892	1.001275	0.0005882475
2459490.935426711	1.0006636	0.0005881465
2459490.936815633	0.99964786	0.00058792974
2459490.938204555	0.99962264	0.0005880518
2459490.9395934767	1.0006919	0.00058798323
2459490.9409823986	1.0000156	0.00058800186
2459490.9423713204	0.9995384	0.0005880366
2459490.9437602423	0.999643	0.0005880343
2459490.945149164	1.0000077	0.0005880261
2459490.946538086	0.9991328	0.000587806
2459490.947927008	1.0005519	0.0005882196
2459490.9493159293	1.0003625	0.00058812916
2459490.950704851	1.0008891	0.00058819505
2459490.952093773	1.0002186	0.00058816484
2459490.953482695	1.0017319	0.00058846176
2459490.954871617	1.0011289	0.00058834057
2459490.9562605387	1.0002754	0.00058818224
2459490.9576494605	1.0007207	0.00058816775
2459490.959038382	1.0003208	0.0005882037
2459490.960427304	1.000131	0.0005880852
2459490.9618162257	0.9992222	0.0005881018
2459490.9632051475	0.9996233	0.00058811763
2459490.9645940694	1.0001293	0.00058790756
2459490.9659829913	0.9989699	0.0005877871
2459490.967371913	0.999324	0.00058786466
2459490.9687608345	1.0020299	0.000588506
2459490.9701497564	0.999342	0.0005879295
2459490.971538678	1.000216	0.0005881279
2459490.9729275997	1.0013303	0.00058830454
2459490.9743165215	0.9998626	0.00058801693
2459490.9757054434	0.99892104	0.0005880484
2459490.9770943653	0.9998935	0.0005880543
2459490.9784832867	0.9995371	0.00058799714
2459490.9798722086	0.99975723	0.00058795844
2459490.98126113	0.99941117	0.0005878614
2459490.982650052	1.0000186	0.0005881026
2459490.9840389737	0.99912584	0.0005878278
2459490.9854278956	0.998883	0.0005879262
2459490.9868168174	0.9993599	0.0005878631
2459490.988205739	0.9988297	0.0005876517
2459490.9895946602	1.0005057	0.00058806775
2459490.990983582	0.99919826	0.0005878701
2459490.9923725035	0.99924964	0.0005878413
2459490.9937614254	1.000097	0.00058816833
2459490.9951503472	1.00002	0.0005878454
2459490.996539269	1.0006452	0.00058827014
2459490.9979281905	1.0001748	0.00058802427
2459490.999317112	1.0000223	0.00058839493
2459491.000706034	0.9997479	0.0005878659
2459491.002094955	1.0000978	0.0005880219
2459491.003483877	0.99960905	0.00058793434
2459491.004872799	0.9986908	0.0005879912
2459491.0062617203	1.0003808	0.000588226
2459491.007650642	1.000691	0.0005881751
2459491.0090395636	1.0001314	0.0005879612
2459491.010428485	0.9991915	0.0005877307
2459491.011817407	0.9994253	0.0005879171
2459491.0132063283	1.0010887	0.0005884601
2459491.01459525	1.0004972	0.00058813393
2459491.0159841715	1.000167	0.00058823253
2459491.0173730934	0.99960023	0.00058806187
2459491.018762015	0.99903375	0.0005878188
2459491.020150936	1.0009354	0.0005881795
2459491.021539858	0.9998739	0.00058786717
2459491.0229287795	0.9998792	0.00058804586
2459491.0243177013	0.9991552	0.00058784056
2459491.0257066227	1.0003762	0.0005880756
2459491.0270955446	0.99968916	0.00058789656
2459491.028484466	0.9989459	0.0005879567
2459491.0298733874	0.9988331	0.00058790407
2459491.031262309	1.0007966	0.0005881751
2459491.0326512307	1.0008537	0.00058836135
2459491.034040152	0.99993944	0.0005878492
2459491.0354290735	0.99933875	0.0005879249
2459491.0368179954	1.0003725	0.00058804604
2459491.038206917	0.99996793	0.0005882849
2459491.039595838	0.9997634	0.0005881376
2459491.0409847596	1.0011979	0.0005881595
2459491.042373681	0.99973816	0.000588024
2459491.043762603	0.99960047	0.00058791944
2459491.0451515242	1.0010647	0.00058822054
2459491.046540446	0.99973774	0.00058796414
2459491.0479293675	1.0001101	0.0005882269
2459491.0493182885	1.0010024	0.00058853463
2459491.0507072103	0.99949247	0.0005878135
2459491.0520961317	0.9997971	0.00058793265
2459491.053485053	1.0004884	0.0005881028
2459491.0548739745	0.99986	0.0005879808
2459491.0562628964	0.9996831	0.00058793556
2459491.057651818	0.9992178	0.0005878849
2459491.0590407387	1.0007217	0.0005882084
2459491.0604296606	1.0005277	0.00058814854
2459491.061818582	1.0002911	0.00058817345
2459491.0632075034	0.9994655	0.0005880533
2459491.064596425	0.999993	0.0005882829
2459491.0659853467	1.0007213	0.0005882434
2459491.067374268	0.9993292	0.0005878537
2459491.0687631895	0.99986917	0.000588109
2459491.0701521104	0.99928564	0.0005877818
2459491.071541032	0.9997304	0.00058799214
2459491.072929953	0.9996192	0.00058789
2459491.074318875	1.0001506	0.0005880411
2459491.0757077965	0.99977726	0.0005879896
2459491.077096718	1.0003865	0.00058825954
2459491.0784856393	1.0006095	0.00058828393
2459491.0798745602	1.0016153	0.00058852835
2459491.0812634816	0.9997204	0.00058796396
2459491.082652403	1.000267	0.00058784534
2459491.0840413244	1.000873	0.00058822415
2459491.0854302463	0.99949074	0.00058788125
2459491.0868191677	0.99966764	0.000588077
2459491.088208089	1.0003458	0.0005881843
2459491.08959701	1.0006299	0.0005881917
2459491.0909859315	1.0009733	0.00058805244
2459491.092374853	1.0001658	0.0005880187
2459491.0937637743	1.0002397	0.00058831135
2459491.0951526957	1.0003235	0.0005881366
2459491.096541617	1.0005366	0.0005882018
2459491.0979305385	1.0005221	0.0005882262
2459491.09931946	0.99974865	0.0005881484
2459491.100708381	0.9998553	0.0005880139
2459491.102097302	1.0001721	0.00058813114
2459491.1034862236	0.9999022	0.00058816554
2459491.104875145	1.000764	0.0005882311
2459491.1062640664	0.9997172	0.00058801076
2459491.107652988	0.999029	0.00058787083
2459491.109041909	1.0000402	0.0005879958
2459491.1104308297	0.99897254	0.0005878446
2459491.111819751	0.9991149	0.00058777095
2459491.1132086725	1.0008817	0.00058829685
2459491.114597594	1.0007344	0.0005882896
2459491.1159865153	1.0006564	0.0005882718
2459491.1173754367	0.998998	0.00058780174
2459491.118764358	1.0010196	0.0005882674
2459491.120153279	0.9993269	0.0005880094
2459491.1215422	1.0001547	0.00058821024
2459491.1229311214	1.0000783	0.0005880907
2459491.124320043	0.9997248	0.0005879946
2459491.125708964	0.9998449	0.0005879229
2459491.1270978856	0.99981946	0.000588063
2459491.1284868065	0.9991781	0.000588039
2459491.1298757275	1.0005136	0.00058816577
2459491.131264649	0.999563	0.0005881486
2459491.1326535703	1.0012512	0.0005883708
2459491.134042491	1.001141	0.0005882066
2459491.1354314126	1.0010707	0.00058831717
2459491.136820334	1.0003394	0.0005880506
2459491.1382092554	0.9998273	0.0005879814
2459491.1395981763	0.99931204	0.00058804103
2459491.1409870973	0.99930495	0.00058788975
2459491.1423760187	0.9985458	0.00058774673
2459491.1437649396	1.000511	0.0005880162
2459491.145153861	1.000624	0.00058825617
2459491.1465427824	1.0005734	0.00058818795
2459491.1479317034	0.99938715	0.0005879247
2459491.149320625	1.00005	0.00058803806
2459491.1507095457	1.0004839	0.00058817654
2459491.1520984666	1.000232	0.00058810785
2459491.153487388	1.0000148	0.0005880143
2459491.154876309	1.0010679	0.00058835343
2459491.1562652304	1.0000664	0.0005881697
2459491.157654152	1.0006899	0.00058806024
2459491.1590430727	0.9991186	0.0005878497
2459491.1604319937	1.0012629	0.00058840326
2459491.1618209146	1.000495	0.00058811816
2459491.163209836	0.9997826	0.0005879599
2459491.164598757	0.99996555	0.0005880705
2459491.1659876783	0.99986696	0.0005879938
2459491.1673765993	1.0007148	0.00058832025
2459491.1687655207	0.9993992	0.00058783265
2459491.170154441	1.0009655	0.0005882237
2459491.1715433626	1.0005592	0.0005883065
2459491.1729322835	0.9995903	0.0005880552
2459491.174321205	1.0013236	0.00058834103
2459491.175710126	1.0007335	0.00058843126
2459491.177099047	1.0002464	0.00058810425
2459491.178487968	1.0002187	0.0005881072
2459491.1798768896	0.9999273	0.00058804476
2459491.18126581	1.0013243	0.0005885213
2459491.182654731	1.0006131	0.0005882986
2459491.1840436524	1.0010684	0.0005882939
2459491.1854325733	1.0005674	0.00058804546
2459491.1868214947	1.0004365	0.0005882855
2459491.1882104157	1.0002977	0.000588179
2459491.1895993366	0.9996108	0.0005881644
2459491.1909882575	1.0007523	0.0005882559
2459491.1923771785	0.99998724	0.0005882706
2459491.1937660994	1.0001329	0.00058808224
2459491.195155021	1.0000314	0.00058820035
2459491.1965439417	1.0008936	0.00058828224
2459491.1979328627	1.0004573	0.00058810384
2459491.199321784	0.99947405	0.0005880367
2459491.2007107046	1.0000827	0.00058807776
2459491.2020996255	1.0008951	0.00058822834
2459491.2034885464	1.0000765	0.00058805395
2459491.204877468	1.0004926	0.0005882681
2459491.2062663888	1.0002371	0.00058821944
2459491.2076553097	0.9998658	0.0005880601
2459491.2090442306	0.9999976	0.00058812887
2459491.2104331516	1.0012425	0.0005883366
2459491.2118220725	0.99987185	0.00058809016
2459491.2132109934	0.99896395	0.0005878891
2459491.2145999144	0.9992797	0.000587884
2459491.2159888353	1.0000192	0.0005882237
2459491.2173777567	1.0004545	0.0005881379
2459491.2187666777	1.0004681	0.00058802566
2459491.2201555986	0.99993706	0.0005880145
2459491.221544519	0.99983114	0.0005880899
2459491.22293344	0.99973214	0.00058820366
2459491.224322361	1.0003031	0.0005883023
2459491.225711282	1.0003818	0.0005882271
2459491.2271002033	0.9994636	0.00058801676
2459491.228489124	0.99993104	0.0005879907
2459491.229878045	1.0003712	0.0005880679
2459491.2312669656	1.0003896	0.0005883356
2459491.2326558866	1.0010756	0.00058827666
2459491.2340448075	1.0001001	0.000588128
2459491.2354337284	0.99922156	0.00058775774
2459491.2368226494	1.0009527	0.0005884311
2459491.2382115703	0.9999679	0.0005880733
2459491.2396004912	1.0000473	0.00058818265
2459491.2409894117	0.999356	0.00058805686
2459491.2423783327	0.9996225	0.0005879435
2459491.2437672536	1.0002041	0.00058827916
2459491.2451561745	1.0003111	0.0005881929
2459491.2465450955	1.0010487	0.0005883686
2459491.2479340164	1.0008612	0.00058825675
2459491.2493229373	0.99988914	0.0005880784
2459491.2507118583	1.0003225	0.0005881589
2459491.2521007787	0.9994658	0.000588081
2459491.2534896997	0.999689	0.00058777654
2459491.2548786206	0.9992962	0.00058798015
2459491.2562675416	1.0000156	0.000588101
2459491.257656462	0.99900216	0.00058777287
2459491.259045383	1.0001016	0.00058817386
2459491.260434304	0.999888	0.0005880417
2459491.2618232244	1.0000359	0.0005879942
2459491.2632121453	0.9984648	0.00058772793
2459491.2646010662	1.0000433	0.0005880908
2459491.265989987	1.0009937	0.00058840285
2459491.2673789077	1.0010806	0.00058817107
2459491.2687678286	1.0003572	0.0005880276
2459491.2701567495	0.9996018	0.00058813114
2459491.27154567	1.0005039	0.0005880908
2459491.272934591	0.9998609	0.0005881032
2459491.2743235114	0.99987817	0.00058813806
2459491.2757124323	1.0010588	0.0005882357
2459491.2771013533	1.0001704	0.00058820035
2459491.278490274	0.9993094	0.0005879092
2459491.2798791947	0.9996462	0.00058793736
2459491.281268115	1.0002996	0.00058803754
2459491.282657036	1.0001007	0.00058815297
2459491.284045957	1.0002434	0.0005881383
2459491.2854348775	0.9994839	0.0005879135
2459491.2868237984	0.99978197	0.00058803154
2459491.2882127194	1.0006465	0.00058828073
2459491.28960164	1.0007718	0.0005881934
2459491.290990561	1.0001652	0.0005882688
2459491.2923794813	1.0000104	0.00058794155
2459491.2937684017	1.0005624	0.0005882204
2459491.2951573227	1.0014262	0.00058837835
2459491.2965462436	1.0013815	0.0005884259
2459491.297935164	0.99988306	0.0005882333
2459491.299324085	1.0012124	0.00058825035
2459491.3007130055	1.0002273	0.0005882286
2459491.302101926	0.9994054	0.000587916
2459491.303490847	0.99984366	0.00058823626
2459491.3048797674	1.000168	0.00058810954
2459491.3062686883	1.0017284	0.00058860116
2459491.3076576088	1.0008186	0.0005885535
2459491.3090465297	1.0002325	0.0005882507
2459491.31043545	0.99987537	0.0005882471
2459491.3118243706	0.999593	0.00058804353
2459491.313213291	0.9996185	0.0005881602
2459491.314602212	1.0006243	0.00058824336
2459491.3159911325	1.0003253	0.000588044
2459491.3173800535	0.9994708	0.0005881506
2459491.318768974	1.001463	0.00058863685
2459491.320157895	1.0006176	0.00058834587
2459491.321546815	0.9999049	0.0005881855
2459491.322935736	1.0006015	0.0005882951
2459491.3243246563	1.0008626	0.0005883562
2459491.325713577	1.0007355	0.00058827695
2459491.3271024977	1.0009202	0.00058838
2459491.328491418	0.9994019	0.0005878785
2459491.329880339	1.0010251	0.000588361
2459491.3312692596	1.0002805	0.0005882201
2459491.33265818	0.99979764	0.00058805774
2459491.3340471005	0.99987805	0.0005880632
2459491.335436021	1.000507	0.0005883449
2459491.336824942	0.9994968	0.0005879567
2459491.3382138624	1.0003757	0.00058800366
2459491.339602783	0.99950755	0.00058809365
2459491.340991704	1.0002404	0.0005880673
2459491.342380624	0.999632	0.00058812194
2459491.3437695443	0.9997008	0.00058821123
2459491.345158465	0.99958295	0.000587977
2459491.3465473857	1.0014496	0.00058840273
2459491.347936306	1.0003113	0.00058812863
2459491.349325227	1.000246	0.0005881061
2459491.3507141476	1.0002158	0.00058815494
2459491.3521030676	0.9997569	0.0005879417
2459491.353491988	1.0001836	0.00058820774
2459491.3548809085	0.9996426	0.00058799214
2459491.3562698294	1.0015227	0.00058857497
2459491.35765875	1.0002247	0.00058827206
2459491.3590476704	0.9993971	0.00058808725
2459491.360436591	0.99991155	0.00058821833
2459491.361825512	0.9998847	0.0005882717
2459491.363214432	1.0002817	0.00058824185
2459491.3646033523	1.0003219	0.0005879155
2459491.3659922727	0.9991331	0.0005879526
2459491.367381193	0.9998285	0.0005880544
2459491.3687701137	1.0000855	0.0005880899
2459491.370159034	1.0001466	0.00058784976
2459491.371547955	0.99983305	0.00058805326
2459491.372936875	0.9996131	0.0005881269
2459491.3743257956	1.001145	0.0005886674
2459491.375714716	1.0005618	0.0005882181
2459491.3771036365	0.99997616	0.00058815
2459491.378492557	0.9995247	0.0005880021
2459491.3798814774	0.9994303	0.0005880063
2459491.381270398	1.000481	0.00058831257
2459491.382659318	0.9999592	0.00058799563
2459491.3840482384	0.99955475	0.00058803655
2459491.385437159	0.9998785	0.00058817834
2459491.3868260793	0.99922204	0.0005880715
2459491.388215	0.99991095	0.00058813056
2459491.3896039203	1.0000566	0.0005881229
2459491.3909928408	0.9993348	0.0005881477
2459491.3923817608	0.99871606	0.0005878276
2459491.393770681	0.9996408	0.0005881768
2459491.3951596017	0.9993437	0.0005879797
2459491.396548522	1.0008079	0.00058826077
2459491.3979374426	0.9988031	0.0005879101
2459491.399326363	1.0003	0.0005882848
2459491.4007152836	1.0001624	0.00058833184
2459491.402104204	0.99908745	0.0005880189
2459491.403493124	0.99988604	0.0005880566
2459491.4048820445	0.999574	0.00058811525
2459491.4062709645	1.0010841	0.0005883607
2459491.407659885	1.0004252	0.0005880382
2459491.4090488055	1.0001688	0.0005881963
2459491.410437726	1.0001503	0.0005880389
2459491.4118266464	0.9985874	0.0005876353
2459491.4132155664	0.9996384	0.00058805826
2459491.414604487	1.0010926	0.0005884043
2459491.415993407	1.0006787	0.00058829447
2459491.4173823274	0.9998265	0.00058801286
2459491.418771248	0.998762	0.000587975
2459491.4201601683	0.99985284	0.0005881337
2459491.421549089	1.0001073	0.00058838504
2459491.4229380083	0.9991918	0.000588028
2459491.424326929	1.0000936	0.00058809784
2459491.4257158493	0.9998851	0.0005879084
2459491.4271047697	0.9996803	0.00058800494
2459491.4284936897	1.0000148	0.0005882721
2459491.42988261	1.0000347	0.0005883247
2459491.4312715307	0.998931	0.0005878843
2459491.43266045	0.9996206	0.0005878834
2459491.4340493707	0.9983722	0.00058791484
2459491.435438291	0.99953693	0.00058812305
2459491.436827211	1.0000696	0.00058795244
2459491.4382161316	0.99912226	0.00058785075
2459491.439605052	0.9989869	0.0005878518
2459491.440993972	0.99999094	0.00058818684
2459491.4423828926	0.9996882	0.00058805844
2459491.4437718126	0.999689	0.00058803067
2459491.4451607326	0.999914	0.0005880924
2459491.446549653	1.0000597	0.0005881956
2459491.4479385735	0.9994194	0.0005880612
2459491.4493274936	1.0000068	0.00058818236
2459491.450716414	0.99955267	0.00058812514
2459491.452105334	1.0000606	0.0005882502
2459491.453494254	0.99997073	0.0005880646
2459491.454883174	0.99975735	0.00058822526
2459491.4562720945	0.99972725	0.0005881639
2459491.457661015	0.9995393	0.00058790186
2459491.459049935	1.0005316	0.00058820006
2459491.4604388555	1.0003781	0.00058832293
2459491.4618277755	0.99950284	0.0005881419
2459491.4632166955	0.9985458	0.0005878431
2459491.4646056155	1.0008357	0.00058839173
2459491.465994536	0.9994165	0.00058791734
2459491.467383456	0.999812	0.00058818294
2459491.468772376	1.000092	0.00058816664
2459491.4701612964	1.0000218	0.0005882137
2459491.4715502164	0.9995208	0.0005878937
2459491.4729391364	0.9999688	0.0005882105
2459491.4743280564	0.999753	0.0005880027
2459491.475716977	1.0000844	0.0005881106
2459491.477105897	1.0000144	0.0005880365
2459491.478494817	1.0004978	0.00058828125
2459491.4798837374	0.9997734	0.0005880894
2459491.4812726574	0.9997128	0.0005879506
2459491.482661578	0.99931663	0.00058787165
2459491.4840504974	0.99935275	0.0005880442
2459491.4854394174	0.9999397	0.00058811874
2459491.486828338	1.0001186	0.0005881296
2459491.488217258	0.99932534	0.0005879568
2459491.489606178	1.0005661	0.00058835564
2459491.4909950984	0.9998739	0.0005881586
2459491.4923840184	0.9995108	0.0005880077
2459491.493772938	0.9998614	0.0005880495
2459491.495161858	1.000484	0.00058831205
2459491.4965507784	0.9996407	0.0005881222
2459491.4979396984	1.0004582	0.0005883706
2459491.4993286184	1.0000112	0.00058813073
2459491.5007175384	1.0015348	0.0005885709
2459491.502106459	1.0019808	0.00058872835
2459491.5034953784	1.0002792	0.00058827485
2459491.5048842984	1.000156	0.00058819837
2459491.5062732184	1.0005835	0.0005883287
2459491.507662139	1.0006492	0.0005883511
2459491.509051059	0.9999908	0.00058804284
2459491.510439979	1.0013926	0.0005886446
2459491.511828899	1.0007956	0.0005884287
2459491.513217819	1.0006849	0.0005882756
2459491.5146067385	0.9998091	0.00058817613
2459491.515995659	0.9999239	0.000588175
2459491.517384579	1.0004505	0.0005882146
2459491.518773499	1.0009241	0.0005884433
2459491.520162419	1.0001183	0.0005881053
2459491.521551339	1.0004184	0.0005881626
2459491.522940259	1.0007349	0.00058820256
2459491.5243291785	1.0006999	0.0005882352
2459491.5257180985	1.0007546	0.00058840145
2459491.5271070185	1.0004805	0.0005882403
2459491.5284959385	1.0006723	0.00058816065
2459491.529884859	0.99993676	0.0005881143
2459491.531273779	1.0008961	0.000588292
2459491.532662699	1.0001982	0.0005881748
2459491.5340516185	1.0007049	0.00058827177
2459491.5354405385	0.99984133	0.0005880609
2459491.5368294585	0.9992506	0.0005877212
2459491.5382183786	1.000468	0.000588253
2459491.5396072986	0.99945694	0.00058811944
2459491.5409962186	1.0000561	0.00058813806
2459491.5423851386	0.9989867	0.00058802846
2459491.543774058	1.0010926	0.0005883868
2459491.5451629777	0.99985373	0.0005880988
2459491.5465518977	0.99991184	0.00058821
2459491.5479408177	0.9991616	0.0005879499
2459491.5493297377	1.0005733	0.0005883827
2459491.5507186577	0.99918795	0.0005879326
2459491.5521075777	0.9992516	0.00058794726
2459491.5534964977	0.99929124	0.00058796
2459491.554885417	1.001265	0.0005883653
2459491.556274337	1.0006843	0.00058824173
2459491.5576632572	1.000609	0.0005882157
2459491.559052177	0.9994343	0.0005882716
2459491.560441097	0.99934715	0.00058806123
2459491.561830017	1.0009465	0.00058830954
2459491.563218937	1.000916	0.00058838184
2459491.5646078563	0.99984366	0.00058824965
2459491.5659967763	0.9986693	0.0005877696
2459491.567385696	0.999554	0.00058807153
2459491.568774616	0.99997324	0.0005879723
2459491.570163536	1.0001014	0.0005882621
2459491.571552456	0.9999928	0.00058821886
2459491.572941376	1.0003604	0.00058824103
2459491.574330295	1.0016958	0.00058840605
2459491.575719215	0.9991068	0.0005878938
2459491.577108135	1.0000861	0.0005879845
2459491.5784970545	0.9986841	0.0005877834
2459491.5798859745	1.0005695	0.00058826484
2459491.5812748945	0.9992579	0.0005879646
2459491.5826638145	1.000516	0.0005881273
2459491.5840527336	1.0010437	0.0005882786
2459491.5854416536	1.0007067	0.00058825454
2459491.5868305736	1.0003392	0.0005882591
2459491.588219493	1.0004665	0.00058835273
2459491.589608413	0.9985351	0.0005879722
2459491.590997333	1.0007783	0.00058846513
2459491.5923862527	1.0007086	0.00058832415
2459491.5937751727	1.0012527	0.0005883368
2459491.595164092	1.0005515	0.00058822765
2459491.596553012	1.0005561	0.00058829295
2459491.597941932	1.0007573	0.0005883041
2459491.5993308513	1.0000209	0.0005882309
2459491.6007197713	1.0007759	0.00058826484
2459491.602108691	0.9992035	0.00058799936
2459491.603497611	0.9999582	0.0005881811
2459491.6048865304	1.0001904	0.00058811594
2459491.60627545	1.0001558	0.00058808964
2459491.60766437	0.99958616	0.00058807415
2459491.6090532895	1.0002443	0.00058819115
2459491.6104422095	0.9996502	0.0005880411
2459491.611831129	0.99892074	0.00058796245
2459491.613220049	1.0012993	0.0005884074
2459491.614608968	0.9997778	0.0005880166
2459491.615997888	1.0000845	0.0005882463
2459491.6173868077	1.0007925	0.00058841845
2459491.6187757277	1.0003499	0.00058831146
2459491.620164647	1.0001609	0.00058818393
2459491.621553567	0.99957716	0.0005879543
2459491.622942487	1.0001943	0.00058821414
2459491.624331406	0.99926835	0.0005881996
2459491.625720326	1.0007606	0.0005883686
2459491.6271092454	0.999526	0.00058815087
2459491.628498165	1.0000225	0.00058824813
2459491.629887085	0.99999124	0.0005881364
2459491.6312760045	1.0005414	0.0005883106
2459491.6326649245	1.0006167	0.00058830617
2459491.634053844	1.000435	0.00058831455
2459491.635442763	1.0004053	0.00058847654
2459491.636831683	0.99970996	0.00058803975
2459491.6382206026	0.99915403	0.00058807066
2459491.639609522	0.99974144	0.0005880951
2459491.640998442	0.9997866	0.0005882542
2459491.6423873617	0.99977195	0.0005881477
2459491.6437762813	0.9995602	0.00058810756
2459491.6451652003	1.00087	0.0005883859
2459491.6465541204	0.9995511	0.0005882672
2459491.64794304	1.000619	0.000588276
2459491.6493319594	1.0012548	0.00058850524
2459491.650720879	0.999397	0.0005880492
2459491.652109799	0.99984664	0.0005880315
2459491.6534987185	1.0004029	0.00058816717
2459491.6548876376	0.9999874	0.0005882386
2459491.656276557	0.99898285	0.0005879354
2459491.657665477	0.99998224	0.0005879477
2459491.6590543967	0.99993175	0.00058807875
2459491.660443316	1.0013705	0.00058852066
2459491.6618322358	1.0005338	0.00058831053
2459491.6632211553	1.0006009	0.0005884589
2459491.664610075	1.0013349	0.0005883892
2459491.6659989944	1.000497	0.0005883106
2459491.667387914	1.00035	0.0005881569
2459491.6687768335	0.9991813	0.00058781425
2459491.670165753	0.99990577	0.0005882084
2459491.6715546725	0.9997122	0.00058811344
2459491.672943592	1.0010154	0.0005884527
2459491.6743325116	1.0006108	0.00058834685
2459491.6757214307	0.9999349	0.0005883635
2459491.67711035	1.0006998	0.0005885197
2459491.6784992698	1.0016334	0.0005885709
2459491.67988819	1.0000545	0.0005882237
2459491.6812771093	0.999136	0.0005880376
2459491.682666029	1.0008925	0.0005885771
2459491.6840549484	1.0007089	0.00058833655
2459491.6854438675	0.99884826	0.00058793486
2459491.686832787	0.9986215	0.0005878217
2459491.6882217065	0.9998014	0.0005883236
2459491.689610626	0.99896395	0.00058798323
2459491.6909995456	1.0004276	0.0005883204
2459491.692388465	1.0000648	0.0005881895
2459491.6937773847	1.0001146	0.0005883011
2459491.695166304	0.99935025	0.0005880718
2459491.696555223	1.0009876	0.0005882976
2459491.6979441424	1.0008698	0.00058827904
2459491.699333062	0.99954355	0.00058802986
2459491.7007219815	1.0003132	0.0005882214
2459491.702110901	1.0000582	0.0005880433
2459491.7034998205	0.9985262	0.0005879904
2459491.70488874	0.99938667	0.00058820343
2459491.706277659	1.0003214	0.00058822345
2459491.7076665787	0.99977463	0.00058815914
2459491.7090554982	1.0000831	0.0005881964
2459491.7104444173	1.0003117	0.0005882291
2459491.711833337	1.0001943	0.00058824965
2459491.7132222564	1.0004987	0.00058823824
2459491.714611176	1.0007097	0.0005880126
2459491.716000095	1.000139	0.00058826164
2459491.717389014	0.99912846	0.00058796984
2459491.7187779336	0.9999313	0.00058828335
2459491.720166853	1.0005008	0.000588418
2459491.7215557727	0.9992566	0.0005879998
2459491.7229446922	0.99985874	0.00058822584
2459491.7243336113	1.0005919	0.00058841857
2459491.7257225304	1.0004311	0.0005884073
2459491.72711145	1.0016642	0.00058855466
2459491.7285003695	1.0004609	0.00058812916
2459491.7298892885	0.9998622	0.0005879863
2459491.731278208	0.999332	0.0005881452
2459491.7326671276	1.0002855	0.0005881099
2459491.7340560467	0.999948	0.0005881562
2459491.735444966	1.0002766	0.0005883285
2459491.7368338853	0.99961674	0.0005882939
2459491.7382228044	0.9995951	0.0005881405
2459491.739611724	0.9994588	0.0005881505
2459491.7410006435	0.99955547	0.0005879055
2459491.7423895625	1.0000423	0.00058825617
2459491.743778482	1.0000383	0.00058825
2459491.7451674016	1.0011711	0.00058845634
2459491.74655632	1.0001836	0.000588233
2459491.74794524	1.0000656	0.0005881035
2459491.749334159	0.9999524	0.00058814767
2459491.7507230784	0.99993145	0.0005880929
2459491.752111998	1.0006195	0.000588165
2459491.753500917	0.99926406	0.000588157
2459491.7548898365	1.000388	0.00058819563
2459491.756278755	0.99909604	0.0005879654
2459491.7576676747	0.9993515	0.00058797555
2459491.7590565938	1.0002118	0.00058834505
2459491.7604455133	0.99924076	0.0005881519
2459491.7618344324	0.9994029	0.00058813265
2459491.763223352	1.0012174	0.0005883626
2459491.764612271	0.9982314	0.0005877391
2459491.76600119	1.0009475	0.000588144
2459491.767390109	1.0003818	0.00058826484
2459491.7687790287	1.0000759	0.0005880624
2459491.7701679477	1.0000552	0.00058839977
2459491.7715568673	1.0010904	0.0005883966
2459491.7729457864	1.0003886	0.00058827025
2459491.774334706	0.99938774	0.00058805896
2459491.775723625	1.0005962	0.0005883208
2459491.7771125436	1.0002807	0.00058829837
2459491.778501463	0.99968606	0.0005882001
2459491.779890382	1.0006144	0.00058834977
2459491.7812793017	1.0008228	0.00058844953
2459491.782668221	1.0009835	0.00058837625
2459491.78405714	0.99969006	0.000588038
2459491.7854460594	1.0000608	0.0005882183
2459491.786834978	1.0006876	0.00058825436
2459491.788223897	1.0024779	0.0005888998
2459491.7896128166	1.0001181	0.0005881455
2459491.7910017357	1.0004146	0.00058833696
2459491.792390655	0.9998363	0.0005883312
2459491.7937795743	1.0003072	0.0005883356
2459491.7951684934	1.0000997	0.00058818614
2459491.796557412	0.9996335	0.00058793667
2459491.797946331	0.99953014	0.000588051
2459491.7993352506	0.9991205	0.00058809173
2459491.8007241697	1.000687	0.00058829744
2459491.802113089	0.99963385	0.00058816007
2459491.8035020083	1.0004822	0.0005883214
2459491.8048909274	0.99914527	0.0005879113
2459491.806279846	0.9999181	0.0005883444
2459491.807668765	0.99995464	0.00058806344
2459491.809057684	0.9992953	0.00058814825
2459491.8104466037	0.99974895	0.00058813754
2459491.8118355228	1.0002179	0.00058831554
2459491.813224442	0.99929076	0.0005879521
2459491.814613361	1.0002158	0.000588334
2459491.81600228	0.9998369	0.0005881626
2459491.8173911986	1.0002148	0.0005882016
2459491.818780118	1.0004563	0.0005883032
2459491.820169037	0.99994147	0.0005882412
2459491.8215579563	1.0007	0.00058844377
2459491.8229468754	1.0003827	0.0005884594
2459491.8243357944	0.9999816	0.000588139
2459491.8257247135	1.0007181	0.00058834226
2459491.827113632	1.000019	0.00058822567
2459491.828502551	1.0003268	0.0005883239
2459491.8298914703	1.0000902	0.0005881606
2459491.8312803893	0.9990828	0.0005879569
2459491.8326693084	0.99999833	0.0005883203
2459491.8340582275	0.99923635	0.0005878597
2459491.8354471466	0.99987197	0.0005880663
2459491.836836065	0.9991163	0.0005878865
2459491.8382249842	0.99995595	0.0005881872
2459491.8396139033	1.0005182	0.0005883628
2459491.8410028224	1.0005089	0.0005883328
2459491.8423917415	1.000579	0.0005881673
2459491.8437806605	1.0001254	0.00058823574
2459491.8451695796	1.0004823	0.0005880696
2459491.846558498	1.0006691	0.00058841315
2459491.8479474173	1.0013554	0.00058836554
2459491.8493363364	0.99965364	0.00058815087
2459491.8507252554	0.99899733	0.0005881244
2459491.8521141745	0.9995909	0.00058801746
2459491.8535030936	1.0005697	0.00058822584
2459491.8548920127	1.0006348	0.0005882554
2459491.8562809317	1.0000329	0.00058826996
2459491.8576698503	1.0000293	0.0005882121
2459491.8590587694	1.0009998	0.00058846956
2459491.860447688	0.99961704	0.0005880878
2459491.861836607	1.000377	0.0005883227
2459491.863225526	1.0007889	0.00058829755
2459491.8646144453	1.0001034	0.0005883711
2459491.8660033643	1.0004536	0.0005882628
2459491.867392283	0.9999379	0.00058818917
2459491.8687812015	0.9998486	0.0005882684
2459491.8701701206	1.0004545	0.00058832706
2459491.8715590397	1.0005618	0.00058835733
2459491.8729479588	1.0008174	0.0005884609
2459491.874336878	0.9996706	0.0005881388
2459491.8757257964	0.9995821	0.0005881574
2459491.877114715	1.0000255	0.00058832025
2459491.878503634	1.0003865	0.0005882214
2459491.879892553	0.9996879	0.0005882448
2459491.881281472	1.0008988	0.00058846414
2459491.882670391	0.9999107	0.00058809575
2459491.88405931	0.9987372	0.00058797345
2459491.8854482286	0.99968505	0.0005880098
2459491.886837147	0.999953	0.00058816
2459491.8882260663	1.0002131	0.00058824185
2459491.8896149853	1.0000303	0.00058818335
2459491.891003904	1.0008488	0.0005883071
2459491.892392823	1.0012043	0.0005884254
2459491.8937817416	0.99875605	0.00058793905
2459491.8951706607	0.9987871	0.0005878854
2459491.8965595798	1.0000232	0.0005881474
2459491.897948498	1.0005565	0.0005884264
2459491.899337417	1.0000782	0.0005883822
2459491.900726336	1.0000238	0.00058840413
2459491.9021152547	1.0002075	0.00058821274
2459491.9035041737	0.9994304	0.00058812235
2459491.9048930923	0.99993175	0.0005880942
2459491.9062820114	0.999948	0.00058823824
2459491.9076709296	1.0004034	0.0005883479
2459491.9090598486	0.99955165	0.0005881853
2459491.9104487677	0.9995223	0.0005881546
2459491.9118376863	1.000048	0.00058824476
2459491.9132266054	1.0003217	0.0005883312
2459491.914615524	0.9993781	0.0005879773
2459491.916004443	0.99950224	0.00058798323
2459491.917393361	0.9997563	0.0005881108
2459491.9187822803	0.9992577	0.0005881143
2459491.920171199	0.99982774	0.0005882395
2459491.921560118	0.99982715	0.000588061
2459491.9229490366	1.0003371	0.00058843655
2459491.924337955	1.0005877	0.000588383
2459491.9257268743	0.9997904	0.0005882804
2459491.927115793	1.0003952	0.0005885276
2459491.9285047115	1.0000637	0.0005881863
2459491.92989363	1.0004754	0.0005882709
2459491.931282549	1.0010157	0.00058843085
2459491.932671468	1.0008743	0.00058860134
2459491.9340603864	1.0002401	0.0005883807
2459491.9354493055	1.000108	0.000588323
2459491.936838224	1.0002787	0.00058837055
2459491.938227142	0.9999128	0.00058827136
2459491.9396160613	0.99946487	0.00058800686
2459491.94100498	0.9996572	0.0005880284
2459491.9423938985	0.9996032	0.0005882256
2459491.9437828176	1.0003057	0.0005883408
2459491.945171736	0.9989981	0.00058811373
2459491.946560655	1.0000155	0.0005883405
2459491.9479495734	0.9994616	0.00058813696
2459491.949338492	0.99998397	0.00058837194
2459491.9507274106	1.0008693	0.0005884667
2459491.9521163297	0.9999989	0.00058818096
2459491.9535052483	1.0001135	0.00058835617
2459491.954894167	0.9995697	0.00058834336
2459491.9562830855	1.000114	0.0005883614
2459491.9576720037	0.9991439	0.00058823475
2459491.9590609227	0.99955225	0.00058798323
2459491.9604498413	0.9994837	0.000587981
2459491.96183876	0.99949974	0.0005881956
2459491.9632276786	0.99950165	0.0005882048
2459491.9646165976	0.9997981	0.00058829144
2459491.9660055162	0.9999455	0.0005882427
2459491.967394435	0.99961793	0.0005882602
2459491.968783353	1.0022017	0.00058868417
2459491.9701722716	0.99988693	0.0005883681
2459491.97156119	1.0002264	0.000588176
2459491.972950109	1.0013105	0.000588547
2459491.974339028	0.99929696	0.0005881392
2459491.9757279465	0.99945384	0.00058823
2459491.977116865	1.0005984	0.00058846286
2459491.9785057832	1.0005138	0.00058847247
2459491.979894702	1.0000033	0.0005881932
2459491.9812836205	1.0003767	0.0005880306
2459491.982672539	0.99939525	0.00058793725
2459491.9840614577	1.0001705	0.0005882979
2459491.9854503763	1.0008159	0.00058846036
2459491.986839295	1.0000124	0.0005881658
2459491.988228213	0.9995544	0.00058812695
2459491.9896171317	1.000279	0.0005883029
2459491.9910060503	1.0001748	0.0005883413
2459491.992394969	1.0000283	0.00058812165
2459491.9937838875	0.9987612	0.00058806187
2459491.995172806	1.0001304	0.0005883247
2459491.9965617247	1.000034	0.0005882738
2459491.997950643	0.9997064	0.00058827316
2459491.9993395614	1.0005945	0.00058857584
2459492.00072848	1.0001786	0.0005880953
2459492.0021173987	0.99936086	0.000588076
2459492.0035063173	1.0003399	0.0005882954
2459492.004895236	0.99962527	0.0005881892
2459492.0062841545	1.0006336	0.00058826373
2459492.007673073	0.9995257	0.0005881448
2459492.0090619912	0.99994427	0.00058813806
2459492.01045091	0.999993	0.0005882338
2459492.0118398285	0.9997059	0.000588215
2459492.0132287466	0.99904275	0.00058815425
2459492.014617665	1.0000881	0.0005881422
2459492.016006584	1.0006956	0.0005883847
2459492.0173955024	1.0002285	0.00058839313
2459492.0187844206	0.99996203	0.0005881394
2459492.020173339	0.9991926	0.00058806356
2459492.0215622573	1.0004433	0.0005883557
2459492.022951176	1.0000962	0.0005881763
2459492.0243400945	1.0003245	0.0005881972
2459492.025729013	0.9995792	0.00058812037
2459492.0271179317	1.0000023	0.0005883337
2459492.0285068494	0.99920964	0.00058797235
2459492.029895768	1.00075	0.00058839266
2459492.0312846866	1.0002939	0.00058844464
2459492.0326736053	1.0009781	0.0005884821
2459492.0340625234	1.0008174	0.0005884763
2459492.035451442	0.99980485	0.00058832887
2459492.0368403606	0.99967885	0.0005882049
2459492.038229279	1.0002232	0.0005880667
2459492.039618197	1.0000464	0.0005880684
2459492.0410071155	1.0003438	0.00058826176
2459492.042396034	0.9998007	0.000588351
2459492.0437849523	1.0013895	0.0005885122
2459492.045173871	1.000269	0.00058841956
2459492.0465627895	0.9987157	0.0005880387
2459492.0479517076	1.0000892	0.0005882554
2459492.0493406258	1.000961	0.00058861217
2459492.0507295444	0.9999855	0.00058822124
2459492.0521184625	1.000635	0.00058831426
2459492.053507381	0.99916035	0.0005879675
2459492.0548962993	0.9999796	0.0005880715
2459492.056285218	1.000236	0.0005883005
2459492.0576741365	1.0002328	0.00058822613
2459492.059063054	1.0001557	0.00058810983
2459492.0604519728	1.0004969	0.00058828807
2459492.061840891	1.0001075	0.00058832834
2459492.0632298095	1.0008307	0.0005884142
2459492.0646187277	0.9991046	0.00058799516
2459492.0660076463	0.99985796	0.00058821304
2459492.0673965644	0.99890417	0.0005879688
2459492.0687854826	1.0007414	0.00058843085
2459492.0701744007	1.0000963	0.0005883487
2459492.0715633193	1.0000422	0.00058831077
2459492.0729522374	1.0001913	0.0005881706
2459492.074341156	1.0006363	0.00058831
2459492.075730074	1.0002807	0.00058834336
2459492.077118993	0.9994688	0.0005880738
2459492.078507911	0.9998374	0.0005883609
2459492.079896829	1.0014042	0.0005884899
2459492.0812857472	0.9997248	0.00058797206
2459492.082674666	0.9996086	0.0005881894
2459492.084063584	1.0008743	0.00058856735
2459492.085452502	0.99974597	0.0005882447
2459492.0868414207	0.9998751	0.00058821036
2459492.088230339	0.99988085	0.00058825983
2459492.089619257	0.99919516	0.0005881539
2459492.091008175	0.9994951	0.0005882301
2459492.0923970933	0.9997754	0.0005882364
2459492.093786012	1.0009845	0.00058828347
2459492.09517493	0.9997092	0.00058823737
2459492.096563848	1.0002725	0.00058834796
2459492.097952767	0.99983215	0.00058828224
2459492.0993416845	0.998754	0.00058795157
2459492.1007306026	1.0006151	0.0005882925
2459492.1021195212	0.99962246	0.0005881848
2459492.1035084394	1.0009749	0.0005885241
2459492.1048973575	0.99974257	0.00058810273
2459492.1062862757	1.0000374	0.00058812875
2459492.1076751943	0.9988746	0.0005879894
2459492.109064112	0.999173	0.0005880694
2459492.11045303	0.9997597	0.00058832933
2459492.1118419482	0.9996969	0.0005881413
2459492.113230867	1.0000887	0.00058832363
2459492.114619785	0.9995924	0.0005881482
2459492.116008703	1.0001435	0.000588356
2459492.1173976213	0.9983505	0.0005876995
2459492.1187865394	1.000816	0.00058842223
2459492.1201754576	0.9991493	0.00058797596
2459492.1215643757	1.0000298	0.0005882897
2459492.122953294	1.0005627	0.0005886205
2459492.124342212	1.000172	0.00058843434
2459492.12573113	1.0002507	0.00058853126
2459492.1271200483	0.9991856	0.000588035
2459492.128508967	1.0006325	0.0005882936
2459492.1298978846	0.9994138	0.0005880994
2459492.1312868027	1.0000267	0.000588373
2459492.132675721	1.0002375	0.00058830524
2459492.134064639	0.9999833	0.00058832637
2459492.135453557	1.0007976	0.0005882393
2459492.1368424753	0.99974376	0.0005883611
2459492.1382313934	1.0007093	0.00058842916
2459492.139620311	1.0002567	0.00058830966
2459492.1410092292	1.000168	0.0005882751
2459492.1423981474	1.0009454	0.00058840215
2459492.1437870655	1.0004014	0.00058852136
2459492.1451759837	1.0001763	0.0005882507
2459492.146564902	1.0003718	0.00058838306
2459492.14795382	0.9991087	0.000588051
2459492.1493427376	0.99960476	0.0005883245
2459492.150731656	1.0011472	0.00058842264
2459492.152120574	0.99929917	0.0005880782
2459492.153509492	0.99968046	0.0005883171
2459492.15489841	1.0000515	0.0005881339
2459492.1562873283	1.000489	0.0005883035
2459492.1576762465	0.9990143	0.00058806856
2459492.1590651646	0.9998757	0.0005882693
2459492.1604540823	0.99890244	0.0005879829
2459492.1618430004	1.0006695	0.0005885527
2459492.1632319186	1.0006726	0.00058830605
2459492.1646208367	1.0006421	0.000588488
2459492.166009755	0.999962	0.0005882244
2459492.167398673	0.9994139	0.00058814837
2459492.1687875907	0.99948967	0.00058816705
2459492.1701765084	0.9994135	0.00058818917
2459492.1715654265	0.9991535	0.0005880094
2459492.1729543447	0.9991995	0.00058815803
2459492.174343263	0.99908406	0.0005882378
2459492.175732181	1.0008892	0.00058835343
2459492.1771210986	1.0002099	0.0005882859
2459492.1785100168	1.0003918	0.0005884106
2459492.1798989344	0.99917316	0.0005882904
2459492.1812878526	1.0000731	0.00058840454
2459492.1826767707	0.99957407	0.0005882921
2459492.1840656884	0.9998431	0.0005882497
2459492.1854546065	0.9994963	0.0005879996
2459492.1868435247	0.9987202	0.00058796967
2459492.188232443	1.0005676	0.0005884321
2459492.1896213605	1.000009	0.00058842433
2459492.191010278	0.9993995	0.00058804674
2459492.1923991963	0.9996983	0.0005881813
2459492.1937881145	1.0004736	0.0005885078
2459492.195177032	1.0006512	0.0005884451
2459492.1965659503	0.99966174	0.0005882459
2459492.1979548684	0.9990727	0.0005881963
2459492.199343786	0.99940646	0.00058810407
2459492.200732704	1.0000561	0.0005882514
2459492.202121622	0.99984944	0.0005883235
2459492.2035105396	1.0007224	0.00058854645
2459492.2048994577	0.9995899	0.0005882566
2459492.206288376	0.9996552	0.0005882615
2459492.2076772936	0.99938744	0.0005881876
2459492.2090662117	0.9994602	0.00058817724
2459492.210455129	0.99981564	0.00058831193
2459492.211844047	1.0006421	0.00058853265
2459492.213232965	1.0014176	0.0005885413
2459492.214621883	1.0001888	0.00058848126
2459492.216010801	0.99928874	0.0005880757
2459492.2173997187	0.9997307	0.0005882672
2459492.218788637	1.0005679	0.0005883847
2459492.220177554	0.9996858	0.00058812735
2459492.221566472	1.0005357	0.0005883685
2459492.22295539	0.9995715	0.0005883846
2459492.224344308	0.9990908	0.00058804284
2459492.2257332257	0.9997069	0.00058815116
2459492.227122144	0.9992679	0.0005881557
2459492.2285110615	1.0003971	0.00058836065
2459492.2298999797	0.9996133	0.00058820954
2459492.231288897	0.99887633	0.0005879502
2459492.232677815	0.9992287	0.0005883172
2459492.2340667327	1.0004297	0.0005882793
2459492.235455651	0.9994731	0.00058830425
2459492.2368445685	0.9991528	0.0005880768
2459492.2382334867	0.998748	0.00058799784
2459492.2396224043	0.99924576	0.00058824243
2459492.2410113215	0.9995223	0.00058827206
2459492.2424002397	1.0007508	0.0005884986
2459492.2437891574	0.99981046	0.00058819354
2459492.2451780755	1.0001929	0.0005883057
2459492.246566993	0.99897194	0.00058799045
2459492.247955911	0.99964476	0.00058826065
2459492.249344829	1.0001451	0.00058843015
2459492.250733746	0.9991253	0.00058817817
2459492.252122664	0.9999279	0.000588336
2459492.253511582	0.9995096	0.0005881531
2459492.2549004997	0.9986988	0.0005877961
2459492.2562894174	0.9995901	0.00058815884
2459492.2576783355	0.99824524	0.0005878985
2459492.259067253	0.9967412	0.0005875181
2459492.2604561704	0.9969642	0.0005875117
2459492.2618450886	0.9948765	0.0005870659
2459492.2632340062	0.9944066	0.00058678095
2459492.264622924	0.9927894	0.00058651494
2459492.2660118416	0.991563	0.00058629015
2459492.2674007597	0.99047536	0.0005859098
2459492.2687896774	0.9914546	0.00058617385
2459492.270178595	0.9892585	0.00058559305
2459492.2715675123	0.98955345	0.00058556243
2459492.27295643	0.9899229	0.0005856874
2459492.274345348	0.98822325	0.0005852878
2459492.275734266	0.98884463	0.00058565766
2459492.2771231835	0.98829615	0.0005853536
2459492.278512101	0.98891133	0.0005854499
2459492.279901019	0.98799354	0.00058516074
2459492.2812899365	0.98814285	0.0005853071
2459492.282678854	0.98857105	0.0005853627
2459492.284067772	0.9883766	0.000585299
2459492.2854566895	0.988405	0.0005854471
2459492.286845607	0.98843116	0.00058541633
2459492.288234525	0.98840606	0.00058539934
2459492.2896234426	0.9873201	0.00058501953
2459492.29101236	0.9872083	0.00058519165
2459492.2924012775	0.98826045	0.00058548653
2459492.293790195	0.9877987	0.0005853104
2459492.2951791133	0.98720884	0.000585123
2459492.296568031	0.989189	0.00058547285
2459492.2979569486	0.98692435	0.0005848547
2459492.2993458663	0.9876047	0.00058503967
2459492.300734784	0.9870008	0.000585025
2459492.302123701	0.98637146	0.0005850339
2459492.303512619	0.9865093	0.0005850227
2459492.3049015366	0.98679566	0.0005849169
2459492.306290454	0.9865113	0.0005849607
2459492.307679372	0.9875556	0.00058526866
2459492.3090682896	0.9866459	0.0005847753
2459492.3104572073	0.987181	0.0005850297
2459492.3118461245	0.9879495	0.0005851384
2459492.313235042	0.98737556	0.00058485643
2459492.31462396	0.98762786	0.00058525754
2459492.316012877	0.98683375	0.00058514916
2459492.3174017947	0.9866208	0.0005850053
2459492.3187907124	0.9861294	0.0005849965
2459492.32017963	0.9868917	0.00058513146
2459492.3215685473	0.9873299	0.00058507983
2459492.322957465	0.9867375	0.0005848734
2459492.3243463826	0.9866351	0.00058483216
2459492.3257353003	0.9856192	0.0005846527
2459492.327124218	0.986794	0.00058494834
2459492.328513135	0.98637193	0.0005847211
2459492.329902053	0.9865336	0.0005850265
2459492.33129097	0.98694736	0.000585073
2459492.332679888	0.98676485	0.000585033
2459492.3340688054	0.9871735	0.00058529293
2459492.335457723	0.9868538	0.0005850905
2459492.3368466403	0.9872553	0.0005851203
2459492.338235558	0.9865638	0.00058496045
2459492.3396244757	0.98691267	0.00058525254
2459492.3410133934	0.9866783	0.0005848431
2459492.3424023106	0.9878603	0.0005851924
2459492.343791228	0.987882	0.0005851877
2459492.3451801455	0.98750967	0.00058522937
2459492.346569063	0.9873704	0.00058521755
2459492.3479579804	0.98744965	0.0005851218
2459492.349346898	0.9876531	0.0005851432
2459492.3507358157	0.98688614	0.0005848955
2459492.352124733	0.9861383	0.0005850188
2459492.35351365	0.9876329	0.0005851963
2459492.354902568	0.98832077	0.000585594
2459492.3562914855	0.9871542	0.00058535906
2459492.3576804027	0.98725903	0.0005850868
2459492.3590693204	0.9869676	0.0005849516
2459492.360458238	0.9867798	0.00058486755
2459492.361847155	0.98712575	0.00058497675
2459492.3632360725	0.98735934	0.0005850704
2459492.36462499	0.98663	0.0005850167
2459492.3660139074	0.98758954	0.0005851573
2459492.367402825	0.9875308	0.0005851426
2459492.3687917423	0.98751974	0.0005851921
2459492.37018066	0.9880512	0.00058531377
2459492.371569577	0.9874394	0.0005851264
2459492.3729584944	0.98656523	0.0005850523
2459492.374347412	0.9876049	0.00058517524
2459492.3757363292	0.9872347	0.0005852017
2459492.377125247	0.9875037	0.0005853987
2459492.378514164	0.98873615	0.0005853885
2459492.379903082	0.9874812	0.0005850048
2459492.381291999	0.9880038	0.0005851781
2459492.382680916	0.9886307	0.0005853278
2459492.3840698334	0.9881321	0.000585421
2459492.385458751	0.9880641	0.00058527105
2459492.3868476683	0.9884668	0.00058564363
2459492.388236586	0.98865867	0.00058546045
2459492.389625503	0.98906976	0.0005855252
2459492.391014421	0.9895461	0.00058561855
2459492.3924033376	0.9890339	0.0005856132
2459492.3937922553	0.98877615	0.0005855506
2459492.3951811725	0.98976463	0.0005858292
2459492.39657009	0.9897472	0.0005858124
2459492.3979590074	0.990296	0.0005858855
2459492.3993479246	0.99227357	0.0005862657
2459492.4007368423	0.9934549	0.00058642065
2459492.402125759	0.9938713	0.00058680173
2459492.4035146763	0.9949467	0.0005871246
2459492.404903594	0.9972835	0.0005875964
2459492.406292511	0.9976473	0.0005877618
2459492.407681429	0.9988014	0.0005879653
2459492.409070346	0.9997904	0.00058823236
2459492.4104592633	0.99977726	0.0005883676
2459492.4118481805	1.0001894	0.00058840285
2459492.4132370977	1.0000745	0.00058838073
2459492.414626015	0.99941266	0.0005881542
2459492.4160149326	1.0013428	0.0005887383
2459492.41740385	1.0000043	0.0005884102
2459492.418792767	1.0002668	0.00058814726
2459492.420181684	1.0001743	0.0005885228
2459492.421570602	0.9998478	0.00058831886
2459492.4229595186	1.0002689	0.0005881978
2459492.424348436	0.9990933	0.0005880662
2459492.425737353	0.9999137	0.0005883401
2459492.4271262707	1.000353	0.0005887385
2459492.428515188	0.9994921	0.0005881715
2459492.429904105	0.9989947	0.00058808946
2459492.4312930224	0.9993032	0.0005883424
2459492.432681939	0.9992625	0.0005881002
2459492.434070857	1.0004131	0.00058848184
2459492.435459774	0.99885935	0.0005880385
2459492.436848691	0.9996777	0.0005881445
2459492.4382376084	1.0002723	0.0005885327
2459492.4396265256	0.999837	0.00058823754
2459492.441015443	0.9997641	0.0005883062
2459492.44240436	1.0000666	0.000588166
2459492.4437932773	0.99912316	0.0005883171
2459492.4451821945	0.9995257	0.0005881976
2459492.4465711117	0.99972165	0.0005884551
2459492.447960029	1.0003554	0.0005883428
2459492.449348946	0.99896836	0.0005879944
2459492.4507378633	1.0004144	0.00058838143
2459492.4521267805	1.0004758	0.00058834156
2459492.4535156973	1.0005922	0.00058852485
2459492.4549046145	1.0001826	0.000588436
2459492.4562935317	0.9995167	0.00058810203
2459492.457682449	0.99979067	0.0005882815
2459492.459071366	0.9998329	0.00058826915
2459492.4604602833	1.0000163	0.00058825954
2459492.461849201	1.0010598	0.0005885146
2459492.4632381178	0.9986	0.00058820343
2459492.4646270345	0.9993191	0.00058817165
2459492.4660159517	0.9996689	0.0005878166
2459492.467404869	0.999102	0.0005881666
2459492.468793786	0.99920213	0.0005879928
2459492.4701827033	0.99929506	0.0005882276
2459492.4715716206	0.99878633	0.00058801705
2459492.4729605373	1.000076	0.000588271
2459492.4743494545	1.0000767	0.00058834045
2459492.4757383717	1.0001035	0.0005881982
2459492.477127289	1.0002028	0.00058855594
2459492.478516206	1.0000378	0.00058821595
2459492.4799051234	0.99934304	0.000588346
2459492.4812940406	0.9995281	0.00058837194
2459492.4826829573	1.0014485	0.0005886032
2459492.484071874	1.0002697	0.0005884636
2459492.4854607913	1.0000012	0.0005883038
2459492.4868497085	0.9994724	0.00058820256
2459492.4882386257	0.9992613	0.00058814336
2459492.489627543	0.999389	0.0005883258
2459492.49101646	0.9999298	0.000588308
2459492.4924053773	1.0000939	0.0005883704
2459492.4937942936	0.99937606	0.0005881315
2459492.495183211	0.99964845	0.0005883047
2459492.496572128	1.0003843	0.0005885835
2459492.4979610452	1.0004281	0.0005883785
2459492.4993499625	0.9998276	0.0005884941
2459492.500738879	0.9998209	0.00058802095
2459492.5021277964	1.0004588	0.00058853556
2459492.503516713	1.0004581	0.00058833184
2459492.5049056304	1.0000606	0.0005883438
2459492.506294547	0.99882066	0.0005881224
2459492.5076834643	0.99995434	0.00058820547
2459492.5090723815	1.0005813	0.0005885318
2459492.5104612983	0.99930954	0.0005881604
2459492.5118502155	0.9987883	0.00058836694
2459492.5132391322	0.9995054	0.0005881359
2459492.514628049	0.99992245	0.00058848667
2459492.516016966	0.9993892	0.00058809656
2459492.5174058834	0.9999737	0.0005883073
2459492.5187948	0.99979943	0.0005883494
2459492.5201837174	0.9997097	0.0005882664
2459492.5215726346	0.9996937	0.0005879614
2459492.522961551	0.9999564	0.00058824243
2459492.524350468	0.9999098	0.00058826775
2459492.5257393853	1.0000482	0.0005883578
2459492.527128302	1.0014856	0.00058868155
2459492.5285172192	1.0007019	0.00058863667
2459492.529906136	0.9995371	0.000588269
2459492.531295053	1.000431	0.0005883611
2459492.5326839704	0.99961954	0.00058819714
2459492.5340728867	0.9993492	0.0005882108
2459492.535461804	0.9992384	0.0005881116
2459492.5368507206	0.99998415	0.00058845343
2459492.538239638	0.99776894	0.00058791327
2459492.5396285546	1.000764	0.00058844226
2459492.541017472	1.0005873	0.00058850757
2459492.5424063886	1.0006827	0.00058851874
2459492.5437953053	1.000365	0.00058834115
2459492.545184222	0.9997103	0.00058812235
2459492.5465731393	1.0004812	0.00058843306
2459492.547962056	1.0001514	0.0005884527
2459492.549350973	0.9995739	0.0005881622
2459492.55073989	0.9996848	0.00058820535
2459492.552128807	0.99971354	0.000588406
2459492.5535177235	0.999998	0.00058836344
2459492.55490664	1.0006014	0.00058859837
2459492.5562955574	1.000031	0.0005884019
2459492.557684474	0.9992113	0.0005881125
2459492.5590733914	0.99985856	0.0005880402
2459492.560462308	0.99965304	0.00058841053
2459492.561851225	0.9987598	0.00058800855
2459492.563240142	0.99954885	0.00058826647
2459492.5646290584	0.99943197	0.00058841624
2459492.566017975	1.0000278	0.00058822345
2459492.5674068923	1.0003179	0.00058837526
2459492.568795809	0.99935985	0.0005883687
2459492.5701847263	1.0002416	0.00058828987
2459492.571573643	1.0007505	0.00058850227
2459492.5729625598	0.99896723	0.0005879113
2459492.574351476	0.99880135	0.0005880006
2459492.5757403933	0.9995295	0.00058839936
2459492.57712931	1.0010302	0.00058855215
2459492.5785182267	1.0000981	0.00058834796
2459492.579907144	0.99892586	0.0005881733
2459492.5812960607	1.0000154	0.00058821286
2459492.5826849774	0.9996284	0.00058826583
2459492.5840738937	0.99976045	0.00058812543
2459492.585462811	0.9995703	0.0005884077
2459492.5868517277	1.0005445	0.00058843085
2459492.5882406444	0.99812484	0.0005880135
2459492.589629561	0.9996693	0.00058843323
2459492.591018478	0.99969274	0.0005881789
2459492.592407395	0.99948406	0.0005881387
2459492.5937963114	0.9996729	0.0005883577
2459492.595185228	0.9992861	0.0005882861
2459492.596574145	1.0003527	0.0005883433
2459492.5979630616	0.99906814	0.0005881547
2459492.5993519784	1.0000283	0.0005883955
2459492.6007408956	0.9997538	0.00058829115
2459492.6021298124	0.99971575	0.0005882811
2459492.603518729	0.9988316	0.0005880781
2459492.6049076454	0.99914247	0.00058815215
2459492.606296562	0.99981827	0.000588286
2459492.607685479	0.99988395	0.0005881128
2459492.6090743956	1.000289	0.00058844406
2459492.6104633124	0.9989281	0.00058822765
2459492.611852229	1.000421	0.00058837223
2459492.613241146	0.99990535	0.00058829004
2459492.6146300626	0.9988749	0.00058797956
2459492.6160189793	1.0012745	0.0005885304
2459492.617407896	0.99969226	0.0005883683
2459492.618796813	1.0002974	0.0005884733
2459492.6201857296	1.0013295	0.0005885633
2459492.6215746463	0.99941987	0.0005880627
2459492.622963563	1.0000423	0.0005884627
2459492.6243524794	1.0005845	0.0005883438
2459492.625741396	1.0006064	0.0005884529
2459492.627130313	0.99977165	0.0005882961
2459492.6285192296	0.9989649	0.00058834575
2459492.6299081463	0.9990179	0.0005883385
2459492.631297063	1.0007646	0.0005886294
2459492.6326859794	0.999104	0.0005881232
2459492.6340748956	0.9991416	0.0005882204
2459492.6354638124	0.9999844	0.00058825605
2459492.636852729	0.9994921	0.00058828475
2459492.638241646	0.99866945	0.0005881141
2459492.6396305626	1.0003647	0.00058845966
2459492.6410194794	1.000161	0.0005883783
2459492.642408396	1.0014356	0.0005887627
2459492.643797313	0.99946904	0.00058816106
2459492.645186229	1.0005878	0.0005885087
2459492.6465751454	0.99979866	0.0005882914
2459492.647964062	0.99914587	0.00058823364
2459492.649352979	0.9997725	0.00058839895
2459492.6507418957	0.99973476	0.0005882185
2459492.6521308124	1.000055	0.00058832765
2459492.653519729	1.0010282	0.00058856927
2459492.654908645	1.0000343	0.00058808824
2459492.6562975617	1.0024687	0.0005885733
2459492.6576864785	1.0007962	0.00058854936
2459492.659075395	1.0004681	0.0005884647
2459492.6604643115	0.99938715	0.0005882355
2459492.661853228	0.9995683	0.0005883507
2459492.663242145	0.9998589	0.0005883022
2459492.6646310613	1.0000879	0.0005883775
2459492.6660199775	1.0001339	0.0005884138
2459492.6674088943	0.9996385	0.0005882155
2459492.668797811	0.99926406	0.0005882052
2459492.670186728	1.0008267	0.00058872893
2459492.671575644	1.0005039	0.00058856414
2459492.672964561	0.99962574	0.0005882926
2459492.674353477	1.0003884	0.00058851624
2459492.6757423934	0.99998224	0.00058850937
2459492.67713131	1.0003082	0.00058832363
2459492.678520227	0.99971265	0.0005883304
2459492.679909143	0.9990054	0.00058824505
2459492.68129806	0.99997497	0.00058816996
2459492.6826869766	1.0001266	0.0005884368
2459492.684075893	0.9998754	0.00058847805
2459492.685464809	1.0000999	0.00058816315
2459492.6868537255	1.000575	0.0005886735
2459492.688242642	0.9994015	0.0005883708
2459492.689631559	1.000109	0.0005884589
2459492.6910204752	0.9994507	0.0005883036
2459492.692409392	1.0001436	0.0005883455
2459492.6937983083	0.99929273	0.00058833003
2459492.6951872245	0.999599	0.0005881693
2459492.696576141	0.99964285	0.0005882255
2459492.6979650576	1.0011982	0.00058879546
2459492.699353974	0.99948484	0.00058805913
2459492.7007428906	1.0000826	0.00058871
2459492.7021318073	1.0004712	0.0005884193
2459492.7035207236	0.9992124	0.0005881917
2459492.7049096394	1.000382	0.0005883815
2459492.706298556	0.9992602	0.00058826426
2459492.7076874725	1.000726	0.000588512
2459492.709076389	0.99983674	0.00058849587
2459492.7104653055	1.0018585	0.0005887244
2459492.711854222	0.9994221	0.0005881993
2459492.7132431385	0.9989673	0.00058804086
2459492.7146320553	1.0000035	0.0005884157
2459492.716020971	0.9995798	0.00058820564
2459492.717409888	0.99966264	0.0005881624
2459492.718798804	1.0005847	0.00058848324
2459492.7201877204	1.0003933	0.00058829976
2459492.721576637	0.99982774	0.0005880962
2459492.7229655534	1.0009476	0.0005885435
2459492.7243544697	0.99960804	0.00058824377
2459492.725743386	1.0002573	0.00058857235
2459492.7271323022	1.0003138	0.0005886599
2459492.728521219	0.99977916	0.000588495
2459492.7299101353	0.9991134	0.00058799604
2459492.7312990515	0.99959785	0.0005884014
2459492.7326879683	1.0010319	0.00058851513
2459492.7340768846	0.9993227	0.00058823766
2459492.7354658004	0.9988607	0.0005880586
2459492.7368547167	0.9995843	0.00058838155
2459492.7382436334	0.99981105	0.00058827706
2459492.7396325497	1.001389	0.00058858376
2459492.741021466	0.99936056	0.0005884743
2459492.7424103827	0.9996357	0.00058827066
2459492.743799299	0.99787796	0.0005879872
2459492.745188215	0.9994974	0.0005880951
2459492.746577131	1.0008374	0.00058884104
2459492.7479660474	0.9996609	0.0005882073
2459492.749354964	0.99987894	0.0005884795
2459492.7507438804	0.9999422	0.0005882868
2459492.7521327967	0.99946904	0.00058821385
2459492.753521713	1.0004702	0.0005885623
2459492.7549106292	0.99973285	0.00058822316
2459492.7562995455	0.9995334	0.00058829784
2459492.757688462	0.99915653	0.00058822654
2459492.759077378	1.0015852	0.0005886543
2459492.7604662944	0.99937004	0.0005884033
2459492.7618552106	1.0007089	0.0005885603
2459492.763244127	0.99965817	0.0005882739
2459492.7646330437	0.99909836	0.0005882767
2459492.7660219595	1.000104	0.00058854127
2459492.7674108758	0.999618	0.0005883754
2459492.768799792	1.0002304	0.00058841426
2459492.7701887083	0.99917483	0.00058838073
2459492.7715776246	0.9997985	0.00058850704
2459492.772966541	1.000527	0.00058856973
2459492.774355457	1.0003643	0.0005882156
2459492.775744373	1.0001426	0.0005884085
2459492.7771332893	0.9991979	0.0005882913
2459492.7785222055	0.99991494	0.00058838876
2459492.779911122	1.0001227	0.0005884918
2459492.781300038	0.9990394	0.00058827276
2459492.7826889544	0.9994937	0.0005881077
2459492.7840778707	1.0009915	0.0005887533
2459492.7854667865	1.000345	0.0005884963
2459492.7868557028	0.9993921	0.00058839994
2459492.788244619	1.0008951	0.000588551
2459492.7896335353	1.0008332	0.00058861705
2459492.7910224516	0.9993971	0.00058807427
2459492.792411368	1.0008575	0.0005886801
2459492.793800284	1.0003392	0.00058848766
2459492.7951892004	1.0003779	0.0005885138
2459492.7965781162	1.000522	0.0005884592
2459492.7979670325	1.0003997	0.00058851985
2459492.799355949	0.99883944	0.0005879865
2459492.800744865	0.999962	0.00058850355
2459492.8021337814	0.99950486	0.00058843486
2459492.803522697	1.0018331	0.00058880204
2459492.8049116135	0.99942666	0.0005883502
2459492.8063005293	1.0001614	0.00058870035
2459492.8076894456	1.0001045	0.00058821944
2459492.809078362	1.0002167	0.0005883738
2459492.810467278	1.0011736	0.0005885567
2459492.8118561944	1.0000741	0.00058850745
2459492.81324511	1.0001746	0.000588345
2459492.8146340265	1.0000384	0.0005884748
2459492.8160229423	1.0003331	0.00058856845
2459492.8174118586	1.0010395	0.00058860285
2459492.818800775	0.9998263	0.0005883762
2459492.8201896907	1.0001315	0.0005883443
2459492.821578607	1.0008725	0.0005886343
2459492.8229675232	0.9988215	0.0005881552
2459492.8243564395	1.0004474	0.00058858265
2459492.8257453553	0.99966323	0.0005884222
2459492.827134271	0.99981856	0.0005880687
2459492.8285231874	1.0005984	0.00058855297
2459492.8299121037	0.9997927	0.0005884167
2459492.8313010195	1.0005684	0.0005884164
2459492.832689936	0.99946123	0.0005884172
2459492.834078852	1.0003896	0.00058844825
2459492.835467768	1.0003215	0.0005885138
2459492.8368566837	1.000456	0.00058836734
2459492.8382456	0.9986841	0.00058810314
2459492.839634516	1.0007348	0.0005883496
2459492.841023432	0.99965566	0.0005882808
2459492.8424123484	1.0003229	0.0005886607
2459492.843801264	1.0007648	0.0005887734
2459492.8451901805	1.0002005	0.0005883507
2459492.8465790963	0.9995714	0.0005883356
2459492.847968012	1.0003422	0.0005885953
2459492.8493569284	0.99983776	0.0005884089
2459492.850745844	1.0000149	0.00058834587
2459492.8521347605	1.00011	0.000588636
2459492.8535236763	1.000575	0.00058867683
2459492.8549125926	0.99917126	0.0005881287
2459492.8563015084	0.999166	0.0005882324
2459492.857690424	0.9999527	0.00058829424
2459492.8590793405	0.99995923	0.000588327
2459492.8604682563	1.000572	0.00058863324
2459492.8618571726	1.0005385	0.00058851525
2459492.8632460884	1.0006632	0.0005884805
2459492.8646350047	1.0001318	0.00058840815
2459492.8660239205	1.000229	0.00058856246
2459492.8674128363	1.0007164	0.00058862363
2459492.868801752	0.9996974	0.00058833073
2459492.8701906684	0.9993711	0.0005882236
2459492.871579584	1.0001256	0.00058823085
2459492.8729685005	1.0004177	0.0005886488
2459492.8743574163	1.0004159	0.0005885927
2459492.875746332	1.0012982	0.00058860873
2459492.877135248	0.9998151	0.0005880601
2459492.8785241637	1.000186	0.00058837637
2459492.87991308	1.0002344	0.00058838516
2459492.881301996	1.0004644	0.0005884277
2459492.882690912	0.9995815	0.00058825815
2459492.884079828	0.9999521	0.0005883437
2459492.8854687437	1.0013533	0.0005886924
2459492.8868576596	1.0007358	0.00058858126
2459492.8882465754	1.0000508	0.0005884547
2459492.889635491	1.0000854	0.0005882729
2459492.8910244075	1.0017667	0.00058860244
2459492.8924133233	1.0007731	0.0005885572
2459492.893802239	1.0007119	0.0005882558
2459492.8951911554	1.0003225	0.00058854534
2459492.8965800707	1.0006429	0.00058831915
2459492.8979689865	1.0005163	0.0005884748
2459492.899357903	1.0006274	0.00058856857
2459492.9007468186	1.0003426	0.00058857515
2459492.9021357344	1.0007027	0.00058855506
2459492.9035246503	1.0003448	0.0005886231
2459492.9049135665	0.9996036	0.00058826606
2459492.9063024824	1.0002806	0.00058848894
2459492.9076913977	0.99911284	0.000587999
2459492.9090803135	1.0002619	0.0005884663
2459492.91046923	1.0006132	0.000588471
2459492.9118581456	1.00056	0.00058853393
2459492.9132470614	1.0006715	0.000588677
2459492.9146359772	1.0005734	0.00058860093
2459492.916024893	1.0003741	0.00058849074
2459492.917413809	1.0002371	0.00058874895
2459492.9188027247	1.0001699	0.00058808154
2459492.9201916405	1.0000207	0.0005884137
2459492.9215805563	1.0001464	0.00058821926
2459492.922969472	0.9982713	0.00058809563
2459492.924358388	0.99970055	0.00058845157
2459492.9257473038	1.0004109	0.0005885239
2459492.9271362196	1.0016798	0.0005887073
2459492.9285251354	0.9999709	0.0005883672
2459492.929914051	1.0011178	0.00058862957
2459492.931302967	0.9992999	0.0005880994
2459492.932691883	1.0006467	0.0005882749
2459492.9340807986	0.99972343	0.00058852375
2459492.9354697145	0.9992624	0.0005881842
2459492.93685863	0.9997351	0.00058835966
2459492.9382475456	1.0003058	0.00058834354
2459492.9396364614	1.0006175	0.000588583
2459492.9410253773	0.99993354	0.0005884073
2459492.942414293	1.0005099	0.00058851053
2459492.943803209	0.9997384	0.00058828347
2459492.9451921247	1.0004542	0.00058833865
2459492.9465810405	0.99949753	0.0005881939
2459492.947969956	0.9996904	0.0005883477
2459492.9493588717	0.9997502	0.0005881899
2459492.9507477875	1.0001082	0.0005881674
2459492.9521367033	0.9989456	0.0005883086
2459492.953525619	1.0003446	0.0005886733
2459492.954914535	1.0004197	0.00058847904
2459492.9563034507	0.99982727	0.00058832945
2459492.957692366	1.0000001	0.0005884777
2459492.959081282	1.0006645	0.0005884123
2459492.9618591135	1.0002805	0.0005884388
2459492.9632480294	0.9999094	0.00058853877
2459492.964636945	1.0000437	0.00058831915
2459492.9757482703	0.99922645	0.0005883115
2459492.977137186	1.0000701	0.00058844325
2459492.9785261014	1.0004393	0.0005885031
2459492.9799150173	0.99966437	0.0005883269
2459492.981303933	1.0001017	0.0005883762
2459492.9826928484	0.99982476	0.0005884788
2459492.9840817642	1.0001007	0.0005886144
2459492.98547068	1.0003147	0.0005885546
2459492.986859596	1.0003203	0.000588566
2459492.9882485108	0.99956286	0.0005885633
2459492.9896374266	0.99984455	0.0005884182
2459492.9910263424	0.99938524	0.0005883752
2459492.992415258	1.000201	0.00058855856
2459492.9938041735	0.99918425	0.000588566
2459492.9951930894	1.0009185	0.00058879465
2459492.996582005	1.000136	0.00058875256
2459492.99797092	0.99984705	0.0005884422
2459492.999359836	0.9992535	0.0005883873
2459493.0007487517	1.0000097	0.0005885693
2459493.002137667	0.9996914	0.00058853684
2459493.003526583	1.0005053	0.0005885417
2459493.0049154987	1.0012659	0.00058894296
2459493.006304414	1.0000416	0.0005886911
2459493.0076933294	0.999736	0.0005884453
2459493.009082245	1.0005519	0.0005886815
2459493.0104711605	1.0000902	0.000588538
2459493.0118600763	0.9997471	0.0005885372
2459493.0132489917	0.9999102	0.00058855483
2459493.0146379075	1.0001768	0.00058852154
2459493.0160268233	1.0011592	0.0005888346
2459493.0174157387	0.9993663	0.00058831455
2459493.018804654	0.99968165	0.00058841537
2459493.0201935694	0.9993563	0.0005882672
2459493.021582485	1.0000119	0.00058871106
2459493.0229714005	1.00035	0.00058858754
2459493.0243603163	1.0000699	0.0005886709
2459493.0257492317	0.99988246	0.0005884634
2459493.0271381475	0.9997834	0.00058851275
2459493.0285270624	0.9999252	0.00058847555
2459493.029915978	1.000257	0.00058846176
2459493.0313048935	0.998693	0.000588147
2459493.0326938094	1.0007639	0.0005886147
2459493.0340827247	0.99969333	0.0005884111
2459493.0354716405	1.0000389	0.0005885317
2459493.036860556	1.0000279	0.00058861275
2459493.038249471	0.9996363	0.000588517
2459493.0396383866	0.9987347	0.00058824895
2459493.0410273024	0.9999524	0.00058859016
2459493.0424162177	1.0001247	0.00058865093
2459493.043805133	0.99962	0.00058839505
2459493.045194049	1.0001009	0.0005886942
2459493.0465829642	1.0002313	0.00058862846
2459493.0479718796	0.9998262	0.0005886097
2459493.049360795	0.99975157	0.0005885338
2459493.0507497103	0.99951005	0.00058857206
2459493.052138626	0.9998421	0.0005882547
2459493.0535275415	1.0004102	0.00058871374
2459493.054916457	0.999801	0.00058846874
2459493.0563053726	0.99988455	0.00058851513
2459493.057694288	0.9994119	0.0005884642
2459493.059083203	0.9984489	0.0005881083
2459493.0604721187	0.99962074	0.0005884371
2459493.061861034	1.0003453	0.00058865483
2459493.0632499494	1.0001233	0.00058865675
2459493.0646388647	0.9997036	0.000588481
2459493.0660277805	0.9998911	0.00058850675
2459493.067416696	1.0015182	0.0005889321
2459493.0688056108	0.99945444	0.00058850605
2459493.070194526	1.0002848	0.00058862864
2459493.071583442	1.0008656	0.0005888841
2459493.0729723573	1.0006045	0.00058856123
2459493.0743612726	0.99987054	0.0005886363
2459493.075750188	1.0004772	0.00058865955
2459493.077139104	1.000544	0.0005885634
2459493.0785280187	0.9994415	0.00058847707
2459493.079916934	0.9996279	0.0005885279
2459493.0813058494	1.0000253	0.00058853574
2459493.0826947647	0.9999315	0.00058857
2459493.08408368	0.9995407	0.0005885325
2459493.085472596	0.99908674	0.0005883239
2459493.086861511	1.0002939	0.000588578
2459493.0882504266	1.0007869	0.0005886552
2459493.0896393415	0.9999567	0.00058832724
2459493.091028257	0.9996074	0.00058846857
2459493.092417172	1.0011568	0.0005888729
2459493.0938060875	1.0006849	0.0005887385
2459493.095195003	0.99973303	0.0005885745
2459493.0965839187	1.0004768	0.00058851147
2459493.097972834	0.9999679	0.00058853615
2459493.099361749	1.000146	0.00058861304
2459493.1007506642	1.0000999	0.0005884844
2459493.1021395796	1.0006268	0.00058874226
2459493.103528495	0.9998379	0.00058855576
2459493.1049174103	0.99956053	0.0005884239
2459493.1063063256	1.0005087	0.00058868574
2459493.107695241	1.0001924	0.00058859366
2459493.109084156	1.0009509	0.00058872876
2459493.110473071	0.9997698	0.0005886592
2459493.1118619866	0.9998718	0.0005886089
2459493.113250902	1.0000033	0.0005885976
2459493.1146398173	1.0003524	0.0005887743
2459493.1160287326	0.99953616	0.0005883562
2459493.117417648	1.0003592	0.00058882294
2459493.118806563	1.000056	0.0005887952
2459493.120195478	1.0008042	0.00058889063
2459493.1215843935	0.9997246	0.00058856525
2459493.122973309	1.0003414	0.000588722
2459493.124362224	1.0004714	0.0005885919
2459493.125751139	0.99986637	0.0005885256
2459493.1271400545	1.001349	0.00058872125
2459493.12852897	0.9999888	0.00058863574
2459493.1299178847	0.99955195	0.0005885001
2459493.1313068	0.9997873	0.00058842194
2459493.1326957154	0.9993914	0.00058858504
2459493.1340846308	1.0001715	0.00058860803
2459493.135473546	1.0011816	0.000588812
2459493.136862461	0.99988115	0.00058851956
2459493.1382513763	1.0002706	0.00058872334
2459493.139640291	0.99963427	0.0005884236
2459493.1410292066	1.0002246	0.00058855774
2459493.142418122	0.99934024	0.0005883749
2459493.143807037	0.99967664	0.000588548
2459493.145195952	0.99896926	0.0005883966
2459493.1465848675	1.0002095	0.00058860827
2459493.147973783	1.0005025	0.00058881607
2459493.1493626977	1.00009	0.0005885856
2459493.1507516126	0.9996497	0.00058842887
2459493.152140528	0.99968225	0.00058834115
2459493.1535294433	0.9999765	0.0005886259
2459493.1549183587	1.0012234	0.0005888524
2459493.1563072735	1.0012969	0.0005889697
2459493.157696189	1.0012473	0.00058892416
2459493.159085104	0.999352	0.00058831845
2459493.1604740187	1.0007443	0.0005888057
2459493.161862934	0.99960274	0.000588458
2459493.1632518494	1.0009314	0.0005886986
2459493.1646407642	0.99988884	0.0005886006
2459493.1660296796	1.0004069	0.0005887255
2459493.167418595	0.99996215	0.000588418
2459493.16880751	1.0000501	0.0005886206
2459493.1701964247	0.99938375	0.0005884811
2459493.17158534	1.0005201	0.0005887254
2459493.172974255	0.9994904	0.000588344
2459493.1743631703	1.0001705	0.00058875437
2459493.175752085	0.99920833	0.0005883575
2459493.1771410005	1.0003995	0.00058881333
2459493.178529916	0.9993714	0.0005884661
2459493.1799188303	1.0002686	0.00058863574
2459493.1813077456	0.99900633	0.00058824156
2459493.1826966605	0.9993384	0.00058820477
2459493.184085576	1.0002986	0.0005885328
2459493.1854744907	1.000295	0.0005887969
2459493.186863406	0.9997479	0.00058850157
2459493.1882523214	1.0002209	0.0005884421
2459493.189641236	0.9993443	0.00058830704
2459493.191030151	1.0013759	0.0005889641
2459493.192419066	1.0004281	0.0005886182
2459493.1938079814	1.000391	0.0005888848
2459493.1951968963	0.999788	0.0005885475
2459493.1965858117	0.9999235	0.0005885138
2459493.1979747266	0.9993878	0.0005884267
2459493.199363641	0.9994787	0.0005885768
2459493.2007525563	0.9997904	0.0005886401
2459493.202141471	0.9996411	0.000588575
2459493.2035303866	1.0001395	0.0005886715
2459493.2049193014	0.99936783	0.00058839604
2459493.206308217	0.9995399	0.00058860757
2459493.2076971317	0.9994898	0.0005883542
2459493.2090860466	0.99976385	0.0005884986
2459493.2104749614	1.0007685	0.0005888249
2459493.2118638763	0.99817234	0.00058840454
2459493.2132527917	0.99973416	0.0005886089
2459493.2146417066	0.9994745	0.00058852095
2459493.2160306214	1.0004025	0.0005885563
2459493.217419537	0.999931	0.00058877055
2459493.2188084517	1.0009704	0.0005887108
2459493.220197366	0.9999614	0.00058862095
2459493.2215862814	1.0004977	0.00058872404
2459493.2229751963	1.0004388	0.0005887796
2459493.224364111	0.9998318	0.0005887119
2459493.2257530265	0.9990796	0.00058841275
2459493.2271419414	1.0007128	0.00058890216
2459493.2285308563	0.99809295	0.0005879935
2459493.2299197707	0.9993175	0.00058853143
2459493.231308686	1.0001444	0.0005886155
2459493.232697601	0.9998793	0.0005884736
2459493.234086516	1.0004597	0.0005885793
2459493.2354754307	0.99891555	0.0005885818
2459493.236864346	0.9997507	0.00058860384
2459493.238253261	1.0002658	0.0005887001
2459493.239642176	0.9999329	0.00058859825
2459493.2410310903	0.99928325	0.0005886305
2459493.2424200056	0.9987899	0.00058844656
2459493.2438089205	0.9996717	0.0005885269
2459493.2451978354	0.9991807	0.0005885061
2459493.2465867503	0.99921113	0.0005884486
2459493.247975665	0.9989593	0.00058860943
2459493.24936458	0.99919087	0.000588377
2459493.250753495	0.9988329	0.00058827904
2459493.25214241	1.0008109	0.00058876455
2459493.2535313247	0.99952775	0.0005886189
2459493.2549202396	0.99957573	0.00058845786
2459493.2563091544	1.0000334	0.0005887458
2459493.2576980693	0.99824256	0.0005883304
2459493.259086984	0.9983826	0.0005884937
2459493.2604758986	0.99944115	0.00058859534
2459493.261864814	0.9999643	0.00058861595
2459493.263253729	0.9988059	0.00058826973
2459493.2646426437	0.9998374	0.0005886656
2459493.2660315586	0.99812263	0.0005883844
2459493.2674204735	0.9998648	0.0005887321
2459493.2688093884	0.9993408	0.00058844156
2459493.270198303	0.9990984	0.0005885788
2459493.2715872177	0.99908644	0.00058832177
2459493.2729761326	0.9991752	0.00058847165
2459493.2743650475	0.9998575	0.00058865256
2459493.2757539623	1.00008	0.0005886953
2459493.277142877	0.9999323	0.00058869616
2459493.278531792	0.999122	0.0005886213
2459493.279920707	0.99956465	0.00058862293
2459493.2813096214	0.9993074	0.00058855244
2459493.2826985363	0.99968505	0.0005886121
2459493.284087451	0.99990106	0.0005884864
2459493.285476366	1.0003885	0.0005887323
2459493.286865281	0.9999859	0.0005885234
2459493.288254196	1.0001037	0.00058862293
2459493.2896431102	0.99965656	0.0005886133
2459493.2910320247	0.9992031	0.00058846787
2459493.2924209395	0.9997553	0.00058845046
2459493.2938098544	0.9998354	0.00058851275
2459493.2951987693	0.99968785	0.00058876857
2459493.296587684	1.0003228	0.00058879034
2459493.297976599	0.99969065	0.0005885516
2459493.299365514	0.9996488	0.0005886487
2459493.300754428	0.9989456	0.0005884893
2459493.302143343	0.9992671	0.00058852707
2459493.3035322577	0.9998533	0.00058865297
2459493.3049211726	0.9990163	0.000588382
2459493.3063100874	1.0007173	0.0005887667
2459493.3076990023	1.0001603	0.0005887673
2459493.3090879167	0.999734	0.000588616
2459493.310476831	0.9997661	0.0005885543
2459493.311865746	1.0005689	0.0005888088
2459493.313254661	0.9997865	0.0005886326
2459493.3146435753	1.000561	0.0005887742
2459493.31603249	0.99978197	0.00058862095
2459493.317421405	1.0005127	0.0005888882
2459493.31881032	0.9998164	0.0005883974
2459493.3201992344	1.0006002	0.0005887344
2459493.321588149	1.0006121	0.00058878964
2459493.3229770637	0.99985886	0.0005887207
2459493.3243659786	0.9995854	0.0005885988
2459493.325754893	1.0008682	0.00058890914
2459493.327143808	1.000282	0.0005887399
2459493.328532723	0.9992084	0.00058853725
2459493.329921637	1.0002592	0.00058865827
2459493.3313105516	1.001064	0.0005888269
2459493.3326994665	1.000251	0.00058868143
2459493.334088381	1.0003141	0.00058879703
2459493.335477296	0.9997197	0.0005887418
2459493.3368662107	0.99919075	0.0005886341
2459493.338255125	1.0006051	0.0005888076
2459493.33964404	0.9999629	0.0005886491
2459493.341032954	0.99841887	0.00058841496
2459493.342421869	1.000695	0.0005888503
2459493.3438107837	1.0001785	0.0005886859
2459493.345199698	1.0003768	0.00058900553
2459493.346588613	0.99909914	0.00058835436
2459493.3479775274	1.0000484	0.00058877387
2459493.3493664423	0.9996719	0.0005884056
2459493.3507553567	1.0007325	0.0005888354
2459493.352144271	0.9991353	0.00058838696
2459493.353533186	0.9984457	0.00058843376
2459493.3549221004	1.0004522	0.0005888533
2459493.3563110153	1.0001531	0.000588813
2459493.3576999297	1.0002497	0.00058871176
2459493.3590888446	1.000239	0.00058892515
2459493.360477759	1.000249	0.0005888204
2459493.3618666735	1.0014576	0.0005888709
2459493.363255588	0.99965423	0.00058869214
2459493.3646445023	1.0001361	0.0005886021
2459493.366033417	0.9994194	0.0005887253
2459493.3674223316	1.0008436	0.0005889342
2459493.3688112465	1.0000182	0.0005885212
2459493.370200161	0.9988743	0.00058836094
2459493.3715890753	1.0000743	0.0005885544
2459493.3729779897	0.99971735	0.0005887566
2459493.374366904	1.0000752	0.00058879174
2459493.375755819	1.000056	0.0005885658
2459493.3771447334	1.000162	0.0005886276
2459493.3785336483	0.99953467	0.0005885803
2459493.3799225627	0.99940056	0.00058848265
2459493.3813114767	0.9998731	0.00058870926
2459493.3827003916	1.0001588	0.0005886437
2459493.384089306	0.9991154	0.000588408
2459493.3854782204	1.0003092	0.0005886931
2459493.3868671353	1.0004249	0.0005887427
2459493.3882560497	1.00089	0.0005889437
2459493.389644964	1.0000495	0.0005887769
2459493.391033879	1.0010245	0.0005887279
2459493.392422793	0.9991325	0.00058830675
2459493.3938117074	0.99989396	0.000588647
2459493.3952006223	0.9999214	0.00058855105
2459493.3965895367	1.0003452	0.00058873906
2459493.397978451	1.00027	0.0005885915
2459493.3993673655	1.0009906	0.00058883184
2459493.4007562804	1.0004332	0.0005887244
2459493.4021451944	0.9999595	0.00058870093
2459493.403534109	0.9994866	0.00058859936
2459493.404923023	1.0002774	0.0005885934
2459493.406311938	1.0006598	0.00058882765
2459493.4077008525	1.0002297	0.0005885664
2459493.409089767	1.0008386	0.0005888429
2459493.4104786813	0.9988553	0.00058837316
2459493.4118675953	0.999154	0.00058848603
2459493.4132565097	1.0007496	0.0005889474
2459493.4146454246	1.000166	0.0005887584
2459493.416034339	0.99905795	0.0005883084
2459493.4174232534	1.0001434	0.0005888087
2459493.418812168	0.99956334	0.0005886125
2459493.4202010822	0.9999243	0.000588459
2459493.421589996	1.0002849	0.0005886144
2459493.4229789106	0.99895436	0.00058840186
2459493.4243678255	0.9993625	0.0005884311
2459493.42575674	0.9996851	0.00058863044
2459493.4271456543	1.0013523	0.00058884703
2459493.4285345688	1.0006285	0.0005887743
2459493.429923483	0.99944335	0.0005885195
2459493.4313123976	1.0004327	0.0005886687
2459493.4327013115	0.9993154	0.0005885201
2459493.434090226	0.99953747	0.00058854796
2459493.4354791404	0.9996818	0.00058836583
2459493.436868055	1.0006224	0.0005888526
2459493.438256969	0.9999642	0.0005886348
2459493.4396458836	1.000057	0.00058877055
2459493.441034798	1.0004133	0.00058878097
2459493.442423712	1.0000972	0.000588557
2459493.4438126264	1.0006868	0.0005890119
2459493.445201541	0.9998961	0.00058865757
2459493.4465904552	0.99960786	0.0005887564
2459493.4479793697	1.0006809	0.0005890211
2459493.449368284	1.000282	0.0005887731
2459493.4507571985	1.0004507	0.00058889115
2459493.4521461125	1.000886	0.00058888295
2459493.453535027	0.9996566	0.0005885218
2459493.4549239413	0.9996659	0.0005885439
2459493.4563128557	0.9993795	0.00058855565
2459493.45770177	0.99956703	0.000588677
2459493.4590906845	0.99850786	0.0005882346
2459493.4604795985	1.000574	0.00058890006
2459493.461868513	0.99945307	0.00058852846
2459493.463257427	1.0002184	0.0005888472
2459493.4646463413	0.999422	0.00058845116
2459493.4660352557	0.9994332	0.0005886537
2459493.46742417	0.999586	0.00058871595
2459493.4688130845	0.99964416	0.00058849785
2459493.4702019985	1.0005568	0.0005888733
2459493.471590913	0.99996763	0.0005887024
2459493.472979827	1.0002575	0.0005887324
2459493.4743687413	1.0000432	0.0005886328
2459493.4757576557	1.0001751	0.00058883184
2459493.4771465696	1.0009373	0.00058887154
2459493.478535484	1.0013332	0.00058890105
2459493.4799243985	0.9996846	0.00058853556
2459493.481313313	1.0002116	0.00058869726
2459493.482702227	0.99953973	0.00058856595
2459493.484091141	1.0011846	0.0005890135
2459493.485480055	0.9990691	0.0005883932
2459493.4868689696	1.0003492	0.0005887224
2459493.4882578836	1.0006222	0.0005886842
2459493.489646798	0.999739	0.00058853056
2459493.4910357124	0.99951065	0.0005885464
2459493.4924246264	0.99997926	0.0005886909
2459493.4938135403	0.99952155	0.00058850384
2459493.4952024547	1.0003681	0.0005887209
2459493.496591369	0.9994836	0.000588504
2459493.497980283	0.99965817	0.00058842317
2459493.4993691975	0.9995934	0.0005886777
2459493.500758112	1.0010903	0.0005889815
2459493.502147026	1.0007331	0.00058883434
2459493.50353594	0.99928665	0.00058855483
2459493.504924854	0.9996521	0.00058846525
2459493.506313768	0.99990207	0.0005888167
2459493.5077026826	0.9999603	0.0005886246
2459493.5090915966	1.0003203	0.00058893673
2459493.510480511	1.000654	0.0005888155
2459493.511869425	1.0019088	0.00058901735
2459493.513258339	1.0002841	0.0005885504
2459493.5146472533	1.0014483	0.00058906985
2459493.5160361673	0.999992	0.0005888149
2459493.5174250817	1.0001562	0.0005887608
2459493.5188139956	1.0005349	0.00058869214
2459493.52020291	0.9992504	0.0005885103
2459493.521591824	0.9993987	0.00058852934
2459493.522980738	1.0002897	0.00058872584
2459493.524369652	1.0007976	0.0005889133
2459493.5257585663	0.999403	0.00058861426
2459493.5271474803	0.99958545	0.0005889228
2459493.5285363947	1.0002384	0.00058877055
2459493.5299253087	1.0005888	0.0005888562
2459493.531314223	0.99921346	0.000588575
2459493.5327031366	1.0000846	0.0005887422
2459493.534092051	0.9994874	0.00058847916
2459493.535480965	1.0007478	0.0005888308
2459493.5368698793	1.0000898	0.0005886405
2459493.5382587933	1.0000058	0.0005886404
2459493.5396477072	1.0001329	0.0005886668
2459493.5410366217	0.9999031	0.0005886173
2459493.5424255356	1.0003091	0.00058870815
2459493.5438144496	0.99896634	0.0005885217
2459493.5452033635	1.000121	0.0005887852
2459493.5465922775	0.99989784	0.000588785
2459493.547981192	1.0007498	0.0005888864
2459493.549370106	0.9997169	0.0005885462
2459493.55075902	0.99964845	0.0005885703
2459493.552147934	0.9996161	0.0005885677
2459493.5535368477	0.9999681	0.00058875093
2459493.5549257617	0.9993963	0.0005886348
2459493.556314676	1.0008491	0.00058877654
2459493.55770359	1.0001363	0.00058861077
2459493.559092504	1.0005592	0.0005888842
2459493.5604814184	0.99961233	0.0005885193
2459493.5618703323	1.0006573	0.000588804
2459493.563259246	1.0004768	0.00058868114
2459493.5646481602	1.00074	0.0005888436
2459493.566037074	1.0003483	0.000588703
2459493.567425988	0.999944	0.0005886378
2459493.568814902	0.99978614	0.00058866665
2459493.5702038165	0.9998776	0.0005887348
2459493.5715927305	1.0005064	0.0005888227
2459493.572981644	1.0005261	0.0005887475
2459493.574370558	1.0003759	0.0005887038
2459493.575759472	1.0002886	0.0005889163
2459493.5771483863	0.9996436	0.0005887087
2459493.5785373	0.9990321	0.0005883973
2459493.579926214	1.0000954	0.0005886964
2459493.581315128	0.9994353	0.00058854994
2459493.582704042	1.0005308	0.0005887521
2459493.5840929556	1.0000296	0.00058879546
2459493.58548187	0.9993621	0.0005884768
2459493.586870784	1.0003724	0.00058896904
2459493.588259698	0.9995656	0.0005884827
2459493.589648612	1.0003427	0.0005888101
2459493.591037526	1.0002328	0.0005887416
2459493.5924264397	0.9990008	0.00058839226
2459493.5938153532	0.99965453	0.00058861874
2459493.595204267	0.9998212	0.00058860605
2459493.596593181	0.99995106	0.0005886865
2459493.5979820956	1.0005481	0.00058892125
2459493.5993710095	1.0002133	0.00058886904
2459493.6007599235	1.000419	0.000588716
2459493.6021488374	1.0000981	0.0005888429
2459493.603537751	0.999246	0.0005886466
2459493.604926665	0.9999889	0.00058872276
2459493.606315579	1.0002677	0.0005887274
2459493.6077044928	1.0000454	0.00058867055
2459493.6090934067	1.0003898	0.0005887569
2459493.6104823207	0.9995158	0.00058867026
2459493.6118712346	0.9995633	0.0005888192
2459493.6132601486	0.9998868	0.0005886312
2459493.614649062	1.0004172	0.00058877177
2459493.616037976	0.9990914	0.00058836275
2459493.61742689	1.000075	0.0005887464
2459493.618815804	0.99944556	0.0005886437
2459493.620204718	0.99938244	0.000588615
2459493.6215936313	0.9995301	0.00058881135
2459493.6229825453	1.0004727	0.00058879727
2459493.624371459	1.0003184	0.0005888615
2459493.6257603727	0.99995357	0.0005887869
2459493.6271492867	0.99897844	0.000588658
2459493.6285382006	1.0004728	0.0005887917
2459493.6299271146	0.9988076	0.0005885563
2459493.6313160285	0.9992948	0.0005885816
2459493.6327049425	1.0009532	0.0005890571
2459493.6340938555	0.999339	0.00058845687
2459493.6354827695	1.0000437	0.0005887289
2459493.6368716834	0.9996096	0.00058864534
2459493.6382605974	1.0006299	0.000588922
2459493.6396495113	1.0009377	0.0005889159
2459493.6410384253	0.99979675	0.00058855885
2459493.6424273388	1.0000387	0.00058879604
2459493.6438162522	1.0001738	0.00058853783
2459493.645205166	0.9994723	0.0005886259
2459493.64659408	1.0006523	0.0005889241
2459493.647982994	0.99984396	0.0005887274
2459493.6493719076	0.9996075	0.0005886687
2459493.6507608215	1.0006441	0.0005889923
2459493.6521497355	0.99938387	0.0005886906
2459493.6535386494	1.0003073	0.0005888362
2459493.6549275625	1.00014	0.0005887756
2459493.6563164764	1.0007246	0.00058884354
2459493.6577053904	1.0002497	0.0005888209
2459493.659094304	1.0009434	0.00058888074
2459493.660483218	0.9998254	0.00058886164
2459493.6618721317	0.9993179	0.0005887219
2459493.6632610457	1.0009373	0.0005890497
2459493.6646499587	1.0012093	0.00058909116
2459493.6660388727	0.99923	0.000588483
2459493.6674277866	0.99989265	0.00058881176
2459493.6688167	1.0005232	0.0005888495
2459493.670205614	0.999588	0.00058870646
2459493.6715945276	1.0003499	0.0005888301
2459493.6729834415	1.0003331	0.0005889152
2459493.674372355	0.9999684	0.0005887489
2459493.6757612685	1.0000653	0.0005886339
2459493.6771501824	1.0000294	0.0005886758
2459493.678539096	0.9998399	0.00058882666
2459493.67992801	1.0007613	0.0005888928
2459493.681316924	0.99931926	0.0005886975
2459493.6827058373	0.99979913	0.00058873533
2459493.684094751	1.0003735	0.00058887666
2459493.6854836643	0.999679	0.00058870565
2459493.686872578	0.99935985	0.000588683
2459493.6882614917	1.0002072	0.00058875495
2459493.6896504057	1.0008696	0.0005890136
2459493.691039319	0.9997834	0.0005886986
2459493.692428233	1.0000198	0.00058893673
2459493.6938171466	1.0003396	0.0005888108
2459493.69520606	1.0001097	0.00058891677
2459493.6965949736	0.99902165	0.00058872986
2459493.6979838875	1.0013928	0.00058920175
2459493.699372801	0.9996747	0.00058863836
2459493.700761715	1.0011616	0.0005891341
2459493.7021506284	0.99957746	0.0005886324
2459493.7035395424	0.99899095	0.00058826915
2459493.7049284554	1.0008165	0.0005888176
2459493.7063173694	0.9992315	0.00058861414
2459493.707706283	0.9993189	0.0005884922
2459493.7090951963	0.99930614	0.0005885558
2459493.7104841103	0.99963117	0.0005886137
2459493.711873024	0.99995905	0.0005887661
2459493.7132619377	0.99992216	0.0005888645
2459493.7146508507	0.99927443	0.0005885825
2459493.716039764	0.9993773	0.0005886954
2459493.717428678	0.9986298	0.0005884939
2459493.7188175917	0.99969476	0.0005886489
2459493.720206505	0.99929976	0.00058871286
2459493.721595419	1.0004997	0.0005888339
2459493.7229843326	0.99948275	0.00058872957
2459493.724373246	1.0000479	0.00058889267
2459493.7257621596	0.9993322	0.0005884862
2459493.727151073	1.0007449	0.0005890913
2459493.7285399865	1.0007839	0.0005889642
2459493.7299289005	1.0007954	0.00058902986
2459493.731317814	0.9987047	0.000588569
2459493.7327067275	0.9999946	0.00058873056
2459493.734095641	0.9991009	0.00058847724
2459493.7354845544	0.99924713	0.0005885691
2459493.736873468	0.9999265	0.0005888091
2459493.7382623814	0.9998483	0.00058874814
2459493.739651295	1.0000081	0.0005886784
2459493.741040209	1.0000889	0.0005888057
2459493.7424291223	0.99933696	0.00058865733
2459493.743818036	1.0011203	0.0005890882
2459493.745206949	1.0005592	0.0005889403
2459493.7465958623	0.9996098	0.0005886755
2459493.7479847763	0.9999719	0.0005887877
2459493.7493736898	1.0003293	0.00058882165
2459493.7507626032	0.9988718	0.0005885832
2459493.7521515167	1.001124	0.00058904174
2459493.75354043	0.99954677	0.0005887148
2459493.7549293432	1.0008233	0.00058900606
2459493.756318257	0.9999833	0.0005887155
2459493.7577071707	0.9993342	0.0005886808
2459493.759096084	0.9993057	0.0005886053
2459493.7604849976	1.0005394	0.0005889368
2459493.761873911	0.9989302	0.0005885693
2459493.7632628246	0.999635	0.00058879785
2459493.764651738	0.99989146	0.0005887141
2459493.766040651	0.9992579	0.0005888072
2459493.7674295646	0.9991056	0.000588754
2459493.768818478	0.9996744	0.0005886592
2459493.7702073916	0.9995586	0.00058874284
2459493.7715963055	0.9996772	0.00058864924
2459493.772985219	0.99976885	0.00058872317
2459493.7743741325	0.9993331	0.0005886752
2459493.7757630455	0.9996128	0.00058848376
2459493.777151959	0.99980986	0.0005889246
2459493.7785408725	1.0002003	0.0005889401
2459493.779929786	0.99964815	0.0005887815
2459493.7813186995	1.0004307	0.0005890016
2459493.782707613	1.000053	0.0005889316
2459493.7840965264	0.9994368	0.00058876164
2459493.7854854395	0.9988359	0.0005886812
2459493.7868743525	0.9995555	0.0005887058
2459493.788263266	1.0002462	0.0005888222
2459493.7896521795	1.0007178	0.0005890801
2459493.791041093	1.000223	0.0005889972
2459493.7924300064	0.9991196	0.0005886731
2459493.79381892	1.0000186	0.00058899645
2459493.795207833	0.99994284	0.0005887946
2459493.7965967464	1.0003244	0.0005890737
2459493.79798566	0.99942684	0.00058884197
2459493.7993745734	0.9991682	0.00058874895
2459493.800763487	0.99986994	0.0005887028
2459493.8021524	0.9989439	0.0005887011
2459493.8035413134	1.0006894	0.00058900175
2459493.804930227	0.9995306	0.00058882457
2459493.80631914	1.0001286	0.00058900926
2459493.8077080534	1.0007646	0.00058910577
2459493.809096967	1.0004212	0.00058901776
2459493.81048588	0.99912906	0.0005886623
2459493.8118747934	0.99987584	0.0005889334
2459493.813263707	0.99993587	0.0005890424
2459493.8146526203	0.99955267	0.00058879063
2459493.8160415334	0.9992677	0.0005887144
2459493.8174304464	0.9990003	0.00058857695
2459493.81881936	0.9988031	0.00058865047
2459493.8202082734	0.99915504	0.00058866286
2459493.821597187	0.9991894	0.0005885655
2459493.8229861	0.9997698	0.00058884773
2459493.8243750134	0.99941766	0.00058879616
2459493.8257639264	0.9996299	0.00058881706
2459493.82715284	1.0000598	0.00058886013
2459493.828541753	1.0001119	0.0005888833
2459493.8299306664	0.9992654	0.00058874086
2459493.83131958	0.9993551	0.00058878475
2459493.832708493	1.0010592	0.000589121
2459493.8340974064	1.0002627	0.00058901025
2459493.83548632	0.9988719	0.0005885771
2459493.8368752324	1.0011735	0.0005892574
2459493.838264146	0.9997902	0.0005888188
2459493.8396530594	0.9990213	0.00058866956
2459493.8410419724	0.9999122	0.00058892544
2459493.842430886	0.9992503	0.00058884814
2459493.8438197994	0.9999835	0.0005889268
2459493.8452087124	1.000163	0.0005888513
2459493.8465976254	1.0003173	0.0005888699
2459493.8479865384	0.9994625	0.00058879436
2459493.849375452	1.0007354	0.0005890107
2459493.850764365	0.9998005	0.0005889377
2459493.8521532784	0.99918014	0.0005886051
2459493.853542192	1.0001297	0.0005889533
2459493.854931105	1.0006796	0.00058910996
2459493.856320018	0.9999779	0.0005888843
2459493.857708931	1.000124	0.0005887875
2459493.8590978445	0.99918514	0.00058867777
2459493.8604867575	0.99969906	0.00058863417
2459493.861875671	0.9999902	0.0005889906
2459493.863264584	0.9991783	0.0005886833
2459493.8646534975	1.0001959	0.00058886706
2459493.86604241	1.0001153	0.0005888986
2459493.8674313235	0.9984039	0.00058837543
2459493.8688202365	0.9991549	0.00058865425
2459493.87020915	1.0001863	0.0005887271
2459493.871598063	0.9995108	0.00058875914
2459493.8729869765	1.0004243	0.0005888361
2459493.8743758895	0.99950236	0.00058859546
2459493.8757648026	0.9995228	0.00058872596
2459493.8771537156	0.9986687	0.00058864284
2459493.8785426286	0.9994278	0.00058874144
2459493.879931542	0.99819815	0.00058859773
2459493.881320455	1.0000725	0.00058882474
2459493.8827093686	1.0002284	0.00058891956
2459493.8840982816	1.0004425	0.0005890917
2459493.8854871946	0.9986735	0.000588576
2459493.8868761077	0.9996541	0.0005887878
2459493.8882650207	1.0001868	0.00058884575
2459493.8896539337	1.0004327	0.00058900286
2459493.891042847	0.99974644	0.0005888745
2459493.89243176	1.0004083	0.00058902195
2459493.893820673	0.9994122	0.00058882986
2459493.8952095867	0.9999122	0.00058897724
2459493.8965984993	1.0003936	0.00058917154
2459493.8979874123	1.0000905	0.0005889157
2459493.899376326	0.9994889	0.0005888291
2459493.900765239	1.0003376	0.0005888886
2459493.902154152	0.9997491	0.00058889727
2459493.903543065	0.99796927	0.0005885618
2459493.9049319783	0.99913144	0.00058865274
2459493.906320891	0.9995924	0.0005888516
2459493.907709804	0.998417	0.00058850314
2459493.909098717	0.99992573	0.00058892154
2459493.9104876304	0.99993026	0.00058873993
2459493.9118765434	0.99891466	0.00058842445
2459493.9132654564	0.9990481	0.0005887053
2459493.9146543695	1.0002137	0.0005889014
2459493.9160432825	0.9991219	0.00058857154
2459493.9174321955	0.99922234	0.0005888698
2459493.9188211085	0.9998631	0.000588775
2459493.9202100215	0.9994927	0.00058882294
2459493.9215989346	1.0001577	0.00058901275
2459493.9229878476	0.9988975	0.0005886731
2459493.9243767606	1.0003114	0.00058907596
2459493.925765674	0.9994864	0.00058880006
2459493.9271545867	0.99910015	0.0005885631
2459493.9285434997	1.0001224	0.0005887419
2459493.9299324127	0.9996581	0.00058876106
2459493.9313213257	0.9996597	0.00058884424
2459493.9327102387	0.99901384	0.00058877154
2459493.9340991518	0.9995603	0.00058892765
2459493.935488065	1.0003332	0.0005888829
2459493.9368769773	1.000261	0.00058894535
2459493.9382658903	0.99998313	0.00058907055
2459493.939654804	0.99972725	0.0005889792
2459493.941043717	0.9990931	0.0005887428
2459493.94243263	0.9999633	0.0005889866
2459493.943821543	0.9997384	0.00058890635
2459493.945210456	0.9986195	0.00058871246
2459493.9465993685	0.9994589	0.00058858795
2459493.9479882815	1.0006112	0.0005889595
2459493.9493771945	1.0000526	0.00058892183
2459493.9507661075	1.0009314	0.0005890624
2459493.9521550206	0.99879247	0.0005886667
2459493.9535439336	1.0002179	0.0005889809
2459493.9549328466	1.0000063	0.0005888802
2459493.9563217596	1.000671	0.0005891641
2459493.957710672	0.99811536	0.00058835716
2459493.9590995847	0.999907	0.0005889262
2459493.9604884977	0.99965	0.0005887775
2459493.9618774108	1.0006315	0.0005890986
2459493.963266324	0.9982659	0.0005884226
2459493.964655237	0.99884015	0.00058870885
2459493.96604415	0.99997884	0.00058881723
2459493.9674330624	0.9993239	0.0005887274
2459493.9688219754	0.9995479	0.0005888569
2459493.9702108884	0.999638	0.00058867666
2459493.9715998014	1.0008875	0.0005891549
2459493.972988714	0.9999765	0.00058890774
2459493.974377627	0.99949324	0.0005887693
2459493.97576654	0.9995367	0.0005888458
2459493.9771554526	0.99956876	0.00058894133
2459493.9785443656	0.9994407	0.00058863685
2459493.9799332786	0.99953544	0.00058910553
2459493.981322191	0.9998704	0.00058873533
2459493.982711104	0.9997041	0.0005888529
2459493.984100017	0.9993177	0.00058867055
2459493.9854889303	1.0005687	0.0005889373
2459493.9868778433	0.9999181	0.0005889129
2459493.9882667554	1.0003471	0.0005888075
2459493.9896556684	1.0001696	0.00058904313
2459493.9910445814	1.0000353	0.0005888445
2459493.9924334944	1.000166	0.0005889646
2459493.993822407	0.999689	0.000588807
2459493.99521132	0.9995148	0.00058870227
2459493.996600233	1.0003535	0.0005890746
2459493.9979891456	0.99992836	0.0005888198
2459493.999378058	0.99985546	0.0005888986
2459494.000766971	1.0003735	0.00058891205
2459494.002155884	0.9997531	0.0005889485
2459494.0035447967	0.9997321	0.0005886856
2459494.0049337097	1.000873	0.00058907847
2459494.0063226228	0.9994413	0.0005887122
2459494.007711535	0.999184	0.00058862637
2459494.009100448	0.99965113	0.0005886825
2459494.010489361	0.9984511	0.00058836775
2459494.0118782734	0.9995334	0.00058889523
2459494.0132671865	0.9989619	0.0005885237
2459494.0146560995	1.0002078	0.000588938
2459494.016045012	0.9988586	0.00058890966
2459494.0174339246	0.99988246	0.0005888361
2459494.018822837	0.99995995	0.00058890966
2459494.02021175	0.9993392	0.0005887065
2459494.021600663	0.9996315	0.00058891904
2459494.0229895758	0.9998424	0.00058876316
2459494.024378489	1.0005131	0.0005889929
2459494.0257674013	0.9992904	0.0005887389
2459494.0271563143	0.9998254	0.00058874715
2459494.0285452264	0.9999179	0.0005888337
2459494.0299341395	0.999944	0.0005889256
2459494.031323052	0.9996387	0.00058872893
2459494.032711965	1.0004042	0.0005888844
2459494.0341008776	0.99965096	0.00058879814
2459494.0354897906	0.9995988	0.00058874703
2459494.036878703	1.0000551	0.00058890483
2459494.0382676157	0.99975437	0.00058894575
2459494.0396565283	0.9994692	0.000588712
2459494.0410454413	0.9999508	0.0005888217
2459494.042434354	0.99997115	0.0005888311
2459494.043823267	1.0003217	0.00058890355
2459494.0452121794	1.0002314	0.0005888781
2459494.0466010924	1.0001152	0.000588842
2459494.0479900045	0.999834	0.00058897317
2459494.049378917	0.99978787	0.0005887531
2459494.05076783	1.0005052	0.00058892986
2459494.0521567427	1.0001286	0.00058880023
2459494.0535456557	1.0001227	0.00058889855
2459494.0549345682	1.0002911	0.0005887985
2459494.056323481	1.0003519	0.0005890402
2459494.0577123933	0.9998326	0.00058876973
2459494.059101306	0.9999324	0.0005889254
2459494.0604902185	0.99907875	0.00058864185
2459494.0618791315	0.9992032	0.00058874383
2459494.063268044	0.9997139	0.00058872864
2459494.0646569566	0.99933064	0.0005887993
2459494.0660458696	0.99928284	0.0005885748
2459494.067434782	0.9975532	0.00058840035
2459494.0688236943	0.99758005	0.00058826176
2459494.0702126073	0.9964166	0.00058802427
2459494.07160152	0.9965936	0.0005879397
2459494.0729904324	0.9947147	0.0005874468
2459494.0743793454	0.9937277	0.0005875871
2459494.075768258	0.99270755	0.0005870241
2459494.0771571705	0.99231213	0.0005868826
2459494.0785460826	0.9903741	0.00058634044
2459494.0799349956	0.9901132	0.00058651215
2459494.081323908	0.9891205	0.00058623264
2459494.0827128207	0.9889541	0.0005861748
2459494.0841017333	0.988137	0.00058581826
2459494.085490646	0.9881212	0.0005859686
2459494.086879559	0.9886846	0.00058610627
2459494.088268471	0.9899446	0.000586201
2459494.0896573835	0.9893731	0.0005862417
2459494.091046296	0.9885308	0.0005859972
2459494.0924352086	0.9892057	0.00058606936
2459494.093824121	0.98888123	0.0005859303
2459494.095213034	0.98855716	0.0005858294
2459494.0966019467	0.98812747	0.00058591214
2459494.0979908593	0.987564	0.0005855692
2459494.0993797714	0.9875145	0.0005858606
2459494.100768684	0.9880817	0.0005859507
2459494.1021575965	0.98678523	0.0005854804
2459494.103546509	0.98680407	0.00058566424
2459494.1049354216	0.98756474	0.00058582646
2459494.1063243346	0.987623	0.0005857406
2459494.107713247	0.988292	0.0005859195
2459494.1091021593	0.9877686	0.00058594893
2459494.110491072	0.98791087	0.0005858005
2459494.1118799844	0.9872369	0.0005857379
2459494.113268897	0.9877574	0.0005858818
2459494.1146578095	0.98715717	0.000585694
2459494.116046722	0.9872369	0.0005857324
2459494.1174356346	0.98817044	0.00058584934
2459494.1188245467	0.9874193	0.00058558513
2459494.1202134592	0.9879962	0.00058588065
2459494.121602372	0.98614395	0.0005853987
2459494.1229912844	0.9863936	0.00058543665
2459494.124380197	0.98694456	0.0005855683
2459494.1257691095	0.98718286	0.00058584486
2459494.127158022	0.9867136	0.0005854788
2459494.128546934	0.98633397	0.0005852827
2459494.1299358467	0.9863476	0.0005853955
2459494.131324759	0.9873263	0.0005857186
2459494.132713672	0.987153	0.00058576145
2459494.1341025843	0.98666376	0.0005855434
2459494.1354914964	0.98693633	0.00058554346
2459494.136880409	0.98548734	0.00058536144
2459494.1382693215	0.9854426	0.0005851937
2459494.1396582336	0.9867884	0.00058556057
2459494.141047146	0.9862623	0.0005853459
2459494.1424360587	0.98703057	0.000585542
2459494.1438249713	0.9867972	0.0005854903
2459494.145213884	0.9861318	0.00058553944
2459494.1466027964	0.9868922	0.0005857344
2459494.1479917085	0.9868614	0.0005855736
2459494.1493806206	0.9874393	0.00058563275
2459494.150769533	0.9870802	0.0005855372
2459494.1521584457	0.9861919	0.00058536493
2459494.1535473582	0.9861137	0.0005854876
2459494.1549362703	0.9873584	0.00058569724
2459494.156325183	0.98659694	0.0005855597
2459494.1577140954	0.98584753	0.0005853772
2459494.1591030075	0.98663074	0.0005856689
2459494.16049192	0.98620516	0.00058544654
2459494.161880832	0.9873816	0.0005858473
2459494.1632697447	0.9866956	0.0005854869
2459494.1646586573	0.98686504	0.00058556977
2459494.16604757	0.9871846	0.00058580027
2459494.167436482	0.9870602	0.00058566517
2459494.168825394	0.98717386	0.0005857928
2459494.1702143066	0.9875193	0.0005857212
2459494.1716032187	0.9872089	0.000585693
2459494.172992131	0.9871771	0.0005857789
2459494.1743810438	0.98772866	0.00058571046
2459494.1757699563	0.98815393	0.00058596965
2459494.1771588684	0.9869011	0.0005856905
2459494.178547781	0.98835343	0.00058586354
2459494.179936693	0.98700815	0.0005855963
2459494.181325605	0.98753005	0.00058567215
2459494.1827145177	0.9883343	0.0005861238
2459494.1841034302	0.98815197	0.0005858857
2459494.1854923423	0.9882658	0.0005860023
2459494.186881255	0.9883513	0.0005859748
2459494.188270167	0.987675	0.0005858657
2459494.189659079	0.98821145	0.00058586354
2459494.1910479916	0.9877881	0.00058592623
2459494.1924369037	0.98822856	0.0005861555
2459494.1938258163	0.9882384	0.0005859286
2459494.1952147284	0.98804855	0.00058599917
2459494.196603641	0.98891586	0.00058618834
2459494.197992553	0.9915098	0.0005866466
2459494.199381465	0.9881725	0.0005860539
2459494.2007703776	0.9892222	0.0005862213
2459494.2021592897	0.98827064	0.000585935
2459494.2035482023	0.9889858	0.0005862639
2459494.2049371144	0.98971653	0.0005864926
2459494.206326027	0.99060774	0.0005865437
2459494.207714939	0.990416	0.0005866015
2459494.2091038516	0.9924503	0.000586954
2459494.210492763	0.9934519	0.0005873125
2459494.2118816758	0.9945958	0.0005876285
2459494.213270588	0.994228	0.0005876059
2459494.2146595	0.9965204	0.00058810966
2459494.2160484125	0.9978364	0.00058854854
2459494.2174373246	0.99808097	0.00058848417
2459494.218826237	0.9987215	0.0005887098
2459494.2202151488	0.9985751	0.0005888569
2459494.2216040613	1.0002373	0.0005888908
2459494.2229929734	0.998547	0.0005887301
2459494.2243818855	1.0000803	0.00058901426
2459494.225770798	0.99903	0.0005887303
2459494.22715971	0.99994224	0.0005888763
2459494.2285486227	0.9997869	0.00058905716
2459494.2299375343	0.9987992	0.00058857864
2459494.2313264464	0.9992317	0.00058879686
2459494.232715359	1.0001644	0.0005889187
2459494.234104271	1.0000579	0.0005889336
2459494.235493183	0.99991757	0.00058894354
2459494.2368820957	1.000014	0.0005889239
2459494.238271008	0.9995527	0.0005888837
2459494.2396599194	0.9997334	0.000588932
2459494.241048832	1.0001462	0.0005889692
2459494.242437744	0.9986172	0.00058867084
2459494.243826656	1.000545	0.0005891683
2459494.2452155687	0.99950415	0.00058888865
2459494.246604481	1.0008186	0.0005890201
2459494.247993393	0.9991873	0.000588888
2459494.249382305	0.9998047	0.00058879465
2459494.250771217	1.0001986	0.00058908615
2459494.252160129	0.9993569	0.00058890006
2459494.253549041	0.9992341	0.0005888808
2459494.2549379533	0.99989843	0.00058881176
2459494.256326866	0.99977386	0.0005891838
2459494.257715778	0.99985	0.0005890389
2459494.25910469	1.0002611	0.00058913155
2459494.2604936017	0.99999654	0.00058896287
2459494.2618825138	0.999287	0.0005889011
2459494.263271426	0.9994784	0.000588999
2459494.2646603384	0.9997191	0.00058889063
2459494.2660492505	1.0002933	0.00058906426
2459494.2674381626	1.0001011	0.00058905693
2459494.2688270747	1.0002686	0.00058896584
2459494.2702159863	0.9988945	0.00058873557
2459494.2716048984	1.0009359	0.00058926106
2459494.272993811	0.9992368	0.00058888044
2459494.274382723	0.99893653	0.00058859267
2459494.275771635	1.0007702	0.0005892636
2459494.277160547	0.9989562	0.0005887876
2459494.2785494593	0.9999785	0.0005890216
2459494.279938371	0.99946904	0.0005888917
2459494.281327283	0.9998645	0.0005888445
2459494.282716195	0.9998857	0.0005889813
2459494.284105107	0.9996421	0.0005888703
2459494.2854940193	1.0005639	0.0005889318
2459494.2868829314	1.0001146	0.00058893
2459494.2882718435	1.0005602	0.0005890802
2459494.2896607555	0.998642	0.00058871973
2459494.291049667	1.0002158	0.00058901863
2459494.2924385793	0.99933136	0.00058885536
2459494.2938274913	0.9995118	0.00058903033
2459494.2952164034	0.9990028	0.0005888557
2459494.2966053155	1.0001899	0.0005891266
2459494.2979942276	0.9997474	0.0005888505
2459494.2993831397	0.9993066	0.000588738
2459494.3007720513	1.0001833	0.00058892986
2459494.3021609634	0.9998319	0.0005889377
2459494.3035498755	1.0001082	0.0005890656
2459494.3049387876	1.0008225	0.0005894467
2459494.3063276997	0.9996584	0.00058884267
2459494.307716612	0.999781	0.00058902503
2459494.309105524	1.0002425	0.0005891254
2459494.3104944355	1.000525	0.0005889334
2459494.3118833476	0.99881965	0.0005887458
2459494.3132722597	1.0003405	0.0005891067
2459494.3146611713	1.0001937	0.0005889599
2459494.3160500834	0.99986875	0.0005889733
2459494.3174389955	0.99908316	0.00058879907
2459494.3188279076	0.9989934	0.00058874715
2459494.3202168196	0.99904275	0.00058882963
2459494.3216057313	0.99904245	0.0005888125
2459494.3229946434	0.99917156	0.00058885565
2459494.324383555	0.9994988	0.0005889968
2459494.325772467	1.0000329	0.00058889855
2459494.327161379	1.0007551	0.0005892465
2459494.3285502912	1.0007172	0.000589212
2459494.3299392033	0.9999414	0.0005889832
2459494.3313281145	0.99986446	0.00058888335
2459494.3327170266	0.99947935	0.00058886444
2459494.3341059387	1.0000807	0.00058908656
2459494.3354948508	0.9998735	0.0005889692
2459494.336883763	0.99932766	0.00058878714
2459494.3382726745	0.9989762	0.0005888516
2459494.3396615866	1.0005014	0.00058920466
2459494.341050498	1.0002344	0.0005888512
2459494.34243941	1.0002264	0.00058906036
2459494.343828322	0.999886	0.0005890946
2459494.345217234	0.9996408	0.00058884325
2459494.346606146	1.0001148	0.00058905873
2459494.3479950577	1.0002147	0.0005889915
2459494.34938397	0.9998737	0.00058900606
2459494.3507728814	0.9995636	0.0005890034
2459494.352161793	0.9992767	0.0005887107
2459494.353550705	0.99951607	0.00058893854
2459494.354939617	1.000036	0.00058904954
2459494.356328529	1.0006652	0.00058907195
2459494.357717441	0.9999586	0.0005890153
2459494.359106353	0.99894464	0.0005890161
2459494.3604952646	0.999959	0.000589162
2459494.3618841763	1.0007565	0.0005891697
2459494.363273088	0.99944055	0.0005888617
2459494.364662	1.0003061	0.0005891677
2459494.366050912	0.9989905	0.0005888919
2459494.3674398237	1.000162	0.0005890544
2459494.368828736	0.9995164	0.0005889701
2459494.3702176474	0.99970317	0.0005889306
2459494.371606559	0.9997587	0.00058883283
2459494.3729954707	1.0003823	0.0005891276
2459494.3743843827	0.99963963	0.0005888756
2459494.3757732944	0.99936116	0.00058876997
2459494.3771622065	0.9990567	0.0005888242
2459494.3785511185	1.0003167	0.0005890976
2459494.37994003	0.9998891	0.00058883184
2459494.381328942	0.9987174	0.00058867934
2459494.3827178534	1.0001725	0.00058909494
2459494.3841067655	0.99918467	0.0005889016
2459494.385495677	1.0001079	0.00058911694
2459494.3868845887	0.9992009	0.0005887939
2459494.388273501	1.0002208	0.00058919826
2459494.3896624125	1.0005056	0.00058921846
2459494.391051324	1.0006207	0.00058938144
2459494.3924402357	0.99945027	0.0005889608
2459494.393829148	0.99973214	0.00058884226
2459494.3952180594	0.9995237	0.0005889152
2459494.3966069715	1.0006995	0.00058929017
2459494.397995883	0.99885106	0.0005887812
2459494.3993847948	0.99883646	0.0005887914
2459494.400773707	0.999677	0.00058906456
2459494.402162618	0.9995547	0.0005889485
2459494.4035515296	0.99945164	0.0005889781
2459494.4049404417	0.99929833	0.0005888405
2459494.4063293533	0.9999663	0.00058907486
2459494.4077182654	0.9993695	0.0005887875
2459494.409107177	0.9991859	0.00058874825
2459494.4104960887	0.9995068	0.0005888465
2459494.4118850003	1.000269	0.00058916124
2459494.413273912	0.99915385	0.0005889743
2459494.4146628235	1.0001293	0.0005890126
2459494.416051735	0.99985206	0.0005889204
2459494.4174406473	1.0013876	0.0005893386
2459494.418829559	0.998905	0.0005887768
2459494.4202184705	1.0006204	0.00058925303
2459494.421607382	0.99917954	0.00058898784
2459494.4229962938	1.0003402	0.000589091
2459494.4243852054	1.0004714	0.00058912975
2459494.425774117	0.9983722	0.0005888229
2459494.427163029	0.9985418	0.0005887869
2459494.4285519407	1.0007467	0.0005891717
2459494.4299408523	1.0004361	0.00058902375
2459494.431329764	1.0006342	0.00058910204
2459494.432718675	0.99994487	0.00058907043
2459494.434107587	1.0004426	0.0005889869
2459494.435496499	1.0001142	0.0005891554
2459494.4368854105	0.9998172	0.00058897986
2459494.438274322	1.0004896	0.00058905105
2459494.4396632337	1.0006431	0.00058922067
2459494.441052146	0.9993157	0.0005889595
2459494.442441057	1.0	0.000588943
2459494.4438299686	0.9996947	0.00058893964
2459494.44521888	0.99961156	0.00058909896
2459494.446607792	0.9995753	0.000588712
2459494.4479967034	0.9996765	0.0005889086
2459494.449385615	1.0005146	0.0005892724
2459494.4507745267	1.0005078	0.00058910693
2459494.4521634383	0.9997514	0.0005888379
2459494.45355235	0.9996359	0.0005888875
2459494.4549412616	0.9998802	0.0005890566
2459494.456330173	1.0009093	0.0005891904
2459494.457719085	0.9994412	0.0005890678
2459494.4591079964	0.99979144	0.0005888951
2459494.460496908	1.0007796	0.0005891864
2459494.461885819	0.9984667	0.0005888125
2459494.463274731	0.9987406	0.00058873935
2459494.4646636425	1.0004504	0.0005890588
2459494.466052554	0.9990465	0.00058881775
2459494.4674414657	1.0008546	0.00058920775
2459494.4688303773	0.9997533	0.0005890166
2459494.470219289	1.0003018	0.0005889676
2459494.4716082006	0.99912673	0.0005889666
2459494.4729971117	1.0009046	0.00058912556
2459494.4743860234	0.9991632	0.00058878923
2459494.475774935	0.9998961	0.0005892001
2459494.4771638466	1.0004377	0.00058895396
2459494.478552758	0.9996434	0.00058892515
2459494.47994167	1.0001462	0.00058910507
2459494.4813305815	1.0003331	0.00058908324
2459494.4827194926	0.99989194	0.0005888676
2459494.4841084043	1.0003793	0.0005890171
2459494.4854973154	0.99970514	0.00058888656
2459494.486886227	1.0000598	0.0005889615
2459494.4882751387	1.0007318	0.00058913213
2459494.4896640503	0.9994357	0.0005890393
2459494.491052962	0.9992085	0.0005888783
2459494.492441873	1.000143	0.0005890173
2459494.4938307847	0.999775	0.00058876636
2459494.4952196963	1.0007858	0.00058914494
2459494.4966086075	0.99989563	0.0005891247
2459494.497997519	0.99929684	0.0005888853
2459494.4993864307	1.0000409	0.00058906386
2459494.5007753423	1.0001408	0.0005889366
2459494.5021642535	0.9998287	0.0005888919
2459494.503553165	1.0004281	0.0005891549
2459494.5049420763	0.9997991	0.00058908
2459494.506330988	1.0003325	0.0005890514
2459494.5077198995	0.9999341	0.0005890122
2459494.509108811	1.0003997	0.00058906164
2459494.5104977223	1.0012765	0.0005892418
2459494.511886634	0.99969476	0.0005888288
2459494.513275545	0.9995957	0.00058895093
2459494.5146644567	0.99904096	0.0005887403
2459494.516053368	0.99994475	0.00058898097
2459494.5174422795	1.0011151	0.00058923254
2459494.518831191	1.0004933	0.00058913
2459494.5202201027	1.0007432	0.00058920577
2459494.521609014	1.0002828	0.0005892645
2459494.522997925	1.0000232	0.00058908766
2459494.5243868367	1.0002778	0.00058912823
2459494.525775748	1.0004308	0.00058911333
2459494.5271646595	0.9995476	0.0005888996
2459494.528553571	1.0000916	0.0005890009
2459494.5299424822	1.0000467	0.0005889738
2459494.531331394	1.0006362	0.00058912055
2459494.532720305	1.0011116	0.00058917864
2459494.534109216	0.99994844	0.0005891212
2459494.535498128	1.0000168	0.00058909995
2459494.536887039	1.000057	0.0005889961
2459494.5382759506	0.9990524	0.00058886834
2459494.539664862	1.0001012	0.0005890605
2459494.5410537734	0.99985284	0.00058889616
2459494.542442685	0.9987545	0.0005887269
2459494.5438315957	1.0000623	0.0005891259
2459494.5452205073	1.0007923	0.0005892762
2459494.546609419	0.9992294	0.0005889817
2459494.54799833	0.99976826	0.0005888979
2459494.5493872417	1.0004357	0.0005891771
2459494.550776153	1.0001421	0.000588999
2459494.5521650645	0.9996826	0.00058877835
2459494.553553975	1.0007331	0.0005892982
2459494.554942887	0.9997483	0.0005890245
2459494.556331798	0.99959177	0.00058897695
2459494.5577207096	1.0000206	0.0005889897
2459494.5591096207	0.99963325	0.00058883586
2459494.5604985324	0.998867	0.0005888065
2459494.5618874435	0.9989535	0.0005888274
2459494.5632763547	1.0002757	0.00058913283
2459494.564665266	0.99984735	0.0005892053
2459494.5660541775	1.0007131	0.0005893028
2459494.5674430886	0.9998695	0.0005890272
2459494.568832	0.9994081	0.00058886653
2459494.5702209114	0.99956566	0.00058909465
2459494.5716098226	0.999746	0.00058905786
2459494.5729987337	1.0004276	0.0005890279
2459494.574387645	0.99958163	0.00058892876
2459494.575776556	1.0005054	0.0005891181
2459494.5771654677	1.0003749	0.00058907026
2459494.578554379	1.000053	0.00058893574
2459494.5799432904	0.99895126	0.000588787
2459494.5813322016	0.99920166	0.00058887055
2459494.5827211128	1.000883	0.0005891937
2459494.584110024	1.0001665	0.00058889436
2459494.585498935	1.0004526	0.00058931566
2459494.5868878462	1.0001637	0.0005890823
2459494.588276758	1.0001309	0.00058901566
2459494.589665669	1.0001407	0.00058913964
2459494.59105458	1.0003133	0.000589137
2459494.592443492	0.9990655	0.00058878836
2459494.5938324025	0.9999749	0.0005891602
2459494.5952213136	1.0004116	0.0005890404
2459494.596610225	0.9999715	0.00058899715
2459494.5979991364	1.000044	0.0005891079
2459494.5993880476	0.9989863	0.00058883626
2459494.6007769587	0.99993384	0.0005889489
2459494.60216587	1.0012487	0.00058934215
2459494.603554781	0.9999592	0.00058898295
2459494.604943692	0.9998176	0.00058908324
2459494.6063326034	1.0000366	0.00058908307
2459494.6077215145	1.0023522	0.00058952544
2459494.609110426	0.99965346	0.0005890715
2459494.6104993373	1.0003072	0.0005893473
2459494.6118882485	0.999936	0.00058921025
2459494.613277159	1.0003266	0.0005893139
2459494.6146660703	1.0000856	0.0005889652
2459494.6160549815	1.0007738	0.000589478
2459494.617443893	1.0001467	0.00058912364
2459494.6188328043	0.99940073	0.0005887573
2459494.6202217154	1.0002955	0.0005890792
2459494.6216106266	0.99913293	0.00058897113
2459494.6229995377	0.9996717	0.0005890508
2459494.6243884484	0.9995429	0.0005889542
2459494.6257773596	1.0003475	0.0005890236
2459494.627166271	0.9998195	0.00058906124
2459494.6285551824	0.99955004	0.0005889996
2459494.6299440935	0.999464	0.0005888454
2459494.6313330047	1.0003254	0.0005890524
2459494.632721916	0.9998052	0.0005891005
2459494.6341108265	0.99959445	0.00058891386
2459494.6354997377	1.0006824	0.00058917684
2459494.636888649	0.99959457	0.0005891239
2459494.63827756	0.9999235	0.0005890754
2459494.639666471	1.0003467	0.00058923085
2459494.6410553823	0.9998849	0.00058904325
2459494.6424442935	0.9999687	0.00058892794
2459494.643833204	0.9997387	0.0005888829
2459494.6452221153	0.9995082	0.0005889346
2459494.6466110265	1.0001893	0.0005894384
2459494.6479999376	1.0001526	0.0005890328
2459494.649388849	0.99933666	0.00058895565
2459494.65077776	1.0002183	0.00058923976
2459494.652166671	1.00046	0.0005891162
2459494.653555582	0.9986846	0.00058890623
2459494.654944493	0.9985175	0.00058875565
2459494.656333404	0.9998449	0.000589065
2459494.6577223153	1.0010102	0.00058927975
2459494.6591112264	0.99917597	0.0005889233
2459494.6605001376	0.99913293	0.0005887703
2459494.6618890488	0.9992828	0.00058897823
2459494.6632779595	1.0007463	0.00058907486
2459494.66466687	1.0004972	0.0005891109
2459494.6660557813	1.0002395	0.0005891055
2459494.6674446925	1.0002391	0.0005890747
2459494.6688336036	1.0000409	0.00058904715
2459494.670222515	0.9996834	0.00058886094
2459494.671611426	1.0001097	0.00058914104
2459494.6730003366	1.0004472	0.00058920303
2459494.6743892473	1.0008309	0.00058924675
2459494.6757781585	1.000662	0.00058913423
2459494.6771670696	1.0001751	0.00058910967
2459494.678555981	1.0006375	0.00058908394
2459494.679944892	1.0004573	0.00058906537
2459494.6813338026	1.000607	0.00058915524
2459494.682722714	1.0006127	0.0005892165
2459494.6841116245	0.99973184	0.00058892264
2459494.6855005356	0.9999031	0.0005890736
2459494.6868894463	0.9996824	0.00058905326
2459494.6882783575	1.0011191	0.00058923126
2459494.6896672687	0.99969876	0.0005890246
2459494.69105618	1.0009038	0.0005892027
2459494.6924450905	0.99956	0.00058875344
2459494.6938340017	0.9996942	0.00058900676
2459494.6952229124	1.0005158	0.0005892327
2459494.6966118235	1.000909	0.00058935885
2459494.698000734	0.9993493	0.0005888843
2459494.6993896454	0.999638	0.00058899185
2459494.7007785565	1.0009167	0.000589301
2459494.702167467	1.0003784	0.0005890321
2459494.7035563784	0.99904716	0.0005887687
2459494.704945289	1.0002551	0.0005891123
2459494.7063341998	0.99971765	0.0005889657
2459494.707723111	1.0001228	0.0005891678
2459494.709112022	0.99939585	0.0005890181
2459494.7105009328	1.0000707	0.0005890812
2459494.711889844	1.0005623	0.00058910594
2459494.713278755	1.0000135	0.0005890843
2459494.7146676653	0.99949247	0.00058914186
2459494.7160565765	0.9984553	0.00058868213
2459494.717445487	0.99916846	0.0005888094
2459494.7188343983	0.9999383	0.0005889688
2459494.7202233095	1.0000906	0.0005890758
2459494.72161222	0.9989964	0.00058894476
2459494.7230011313	0.9995809	0.00058904657
2459494.7243900415	0.99927574	0.00058882195
2459494.7257789527	1.0013728	0.00058931246
2459494.7271678634	1.0006019	0.00058913184
2459494.7285567746	1.0004911	0.0005892748
2459494.7299456852	0.9998581	0.0005889651
2459494.7313345964	0.9996426	0.0005890263
2459494.732723507	1.0013945	0.00058945443
2459494.7341124183	1.0000887	0.0005891629
2459494.7355013285	1.0004766	0.0005892381
2459494.7368902396	1.0001922	0.0005890338
2459494.7382791503	0.9994328	0.0005889104
2459494.7396680615	1.0006665	0.0005893857
2459494.741056972	0.9991518	0.00058889674
2459494.7424458833	1.0002168	0.00058913924
2459494.743834794	1.0005788	0.00058916473
2459494.7452237047	0.99930865	0.0005889919
2459494.7466126154	0.9994365	0.0005890269
2459494.748001526	1.0000938	0.00058901455
2459494.7493904373	1.0007535	0.0005892486
2459494.750779348	1.0003567	0.00058918743
2459494.752168259	1.0001806	0.00058917876
2459494.75355717	0.99974257	0.00058902515
2459494.75494608	0.9996036	0.0005891752
2459494.756334991	0.9986389	0.00058891065
2459494.757723902	1.000014	0.0005889562
2459494.759112813	0.99938446	0.00058908307
2459494.7605017237	0.99994737	0.0005891771
2459494.7618906344	1.0005959	0.0005891451
2459494.7632795456	1.0	0.00058910815
2459494.764668456	0.99934	0.00058914843
2459494.7660573665	0.99993414	0.0005890946
2459494.7674462777	0.99925554	0.0005889748
2459494.7688351884	1.0011694	0.0005894037
2459494.770224099	1.0009292	0.000589276
2459494.7716130097	0.9994419	0.0005889303
2459494.773001921	1.0002377	0.0005890844
2459494.7743908316	0.99986404	0.00058912137
2459494.775779742	0.9994533	0.00058889866
2459494.7771686525	1.0007967	0.00058931805
2459494.7785575637	0.9999192	0.00058898405
2459494.7799464744	1.0007879	0.00058923947
2459494.781335385	1.0002234	0.0005889601
2459494.7827242957	0.99949056	0.0005889293
2459494.784113207	1.0001733	0.00058912043
2459494.785502117	1.0000544	0.0005890978
2459494.786891028	1.0010915	0.00058932276
2459494.7882799385	0.9997862	0.0005890668
2459494.789668849	0.9994915	0.0005890239
2459494.7910577604	1.0003827	0.0005891301
2459494.792446671	1.0006512	0.00058928336
2459494.7938355817	1.000749	0.0005892837
2459494.795224492	0.99909526	0.0005889546
2459494.7966134027	0.99938446	0.0005888232
2459494.7980023134	1.0004938	0.00058925315
2459494.7993912245	1.0000058	0.00058907113
2459494.800780135	1.000251	0.0005891359
2459494.802169046	0.9999301	0.00058897823
2459494.8035579566	1.0003351	0.0005891127
2459494.8049468673	0.9993217	0.0005888945
2459494.8063357775	0.999907	0.00058907055
2459494.807724688	1.0012633	0.00058928214
2459494.809113599	0.9997561	0.0005889269
2459494.8105025096	0.9999049	0.00058899244
2459494.8118914203	0.9998433	0.0005889529
2459494.813280331	0.9996406	0.00058895285
2459494.814669242	0.99991375	0.00058901176
2459494.8160581524	0.9991951	0.00058881356
2459494.817447063	1.0001944	0.0005891883
2459494.8188359737	0.99982977	0.00058901316
2459494.8202248844	0.9995468	0.00058900483
2459494.821613795	1.0000705	0.00058901217
2459494.823002706	0.9994921	0.00058914203
2459494.8243916165	0.9997346	0.00058913283
2459494.8257805267	0.9986405	0.0005889094
2459494.8271694374	1.0006064	0.0005892645
2459494.828558348	1.0007956	0.0005892487
2459494.829947259	0.9998206	0.0005890565
2459494.831336169	0.99976915	0.00058909575
2459494.8327250797	0.9998882	0.0005889289
2459494.8341139904	1.0005794	0.00058924634
2459494.8355029006	0.999599	0.0005889313
2459494.8368918113	1.0007914	0.00058923336
2459494.838280722	0.9998575	0.00058907556
2459494.8396696327	1.0001962	0.00058914855
2459494.8410585434	1.0008793	0.00058933446
2459494.842447454	1.0000004	0.00058914867
2459494.843836365	1.0005603	0.00058930134
2459494.8452252755	0.99996465	0.0005890289
2459494.8466141853	1.0007935	0.0005894604
2459494.848003096	1.0002472	0.0005890501
2459494.8493920066	1.0004711	0.00058931264
2459494.8507809173	0.99951226	0.0005889303
2459494.852169828	0.99937326	0.0005889617
2459494.8535587387	0.9991389	0.00058892724
2459494.8549476494	1.0011345	0.000589352
2459494.856336559	0.9994541	0.00058898074
2459494.85772547	1.0014362	0.0005896404
2459494.8591143806	1.0004876	0.00058901036
2459494.8605032912	1.0000409	0.00058898894
2459494.861892202	1.0014663	0.0005894952
2459494.863281112	0.99978817	0.00058897055
2459494.864670023	0.9997933	0.0005891171
2459494.866058933	0.9995575	0.00058891694
2459494.867447844	1.0009803	0.000589353
2459494.868836754	1.0010339	0.000589199
2459494.8702256647	0.99928206	0.0005889848
2459494.8716145754	0.99955803	0.00058896217
2459494.873003486	1.000735	0.0005893382
2459494.8743923963	1.0006684	0.0005892407
2459494.8757813065	1.0013807	0.0005895258
2459494.877170217	0.9992029	0.00058897724
2459494.8785591274	0.9998704	0.0005891877
2459494.879948038	0.99941313	0.0005890376
2459494.881336949	0.99979866	0.0005890419
2459494.882725859	1.000018	0.0005891463
2459494.8841147698	1.0006975	0.0005893163
2459494.8855036804	1.0004252	0.0005892584
2459494.88689259	1.0001273	0.00058899075
2459494.888281501	0.9997679	0.0005892133
2459494.8896704116	1.0012076	0.00058927987
2459494.891059322	1.000876	0.0005893467
2459494.8924482325	0.99989796	0.00058897736
2459494.8938371427	0.99979025	0.0005890213
2459494.8952260534	1.0015748	0.0005894631
2459494.8966149637	0.99931735	0.00058907625
2459494.8993927846	0.9992881	0.0005890867
2459494.900781695	0.9998718	0.0005890026
2459494.9021706055	1.0007167	0.0005891636
2459494.9035595157	0.999921	0.0005888143
2459494.9049484264	0.9994873	0.0005890165
2459494.9063373366	1.0005363	0.00058924576
2459494.907726247	0.9989908	0.0005888359
2459494.9091151576	1.0008705	0.000589443
2459494.910504068	1.0004307	0.00058920425
2459494.9118929785	0.99920976	0.00058888557
2459494.9132818887	1.0000281	0.0005890681
2459494.9146707994	0.9995675	0.00058883295
2459494.9160597096	1.0002323	0.0005890753
2459494.91744862	0.9995996	0.00058893015
2459494.91883753	0.9996848	0.0005889723
2459494.9202264403	0.9995228	0.0005890045
2459494.921615351	1.0004371	0.00058920117
2459494.923004261	0.99999046	0.0005890817
2459494.924393172	1.000613	0.0005892257
2459494.925782082	1.0006448	0.00058959494
2459494.9271709924	0.9999285	0.0005891624
2459494.9285599026	0.99962574	0.00058902294
2459494.929948813	1.0005735	0.0005892214
2459494.9313377235	0.9995114	0.00058908126
2459494.9327266337	1.0008148	0.00058941275
2459494.9341155444	0.9994675	0.00058908894
2459494.9355044547	1.0004817	0.0005891329
2459494.9368933644	1.0001324	0.0005891213
2459494.938282275	0.99945474	0.0005890336
2459494.9396711853	0.9997469	0.00058917486
2459494.9410600956	1.0000628	0.00058916584
2459494.9424490063	0.99932003	0.0005890694
2459494.9438379165	1.000634	0.0005894552
2459494.9452268267	1.0001563	0.0005892837
2459494.946615737	0.9997852	0.00058912573
2459494.948004647	0.99973387	0.00058914773
2459494.9493935574	1.0005788	0.0005892439
2459494.950782468	1.0001594	0.00058923085
2459494.9521713783	1.0006025	0.00058928295
2459494.9535602885	0.99998033	0.00058917096
2459494.9549491988	1.0004035	0.0005890194
2459494.9563381094	1.000466	0.00058947486
2459494.957727019	1.0000081	0.00058905693
2459494.9591159294	0.9998985	0.00058914
2459494.9605048397	0.9994644	0.00058904523
2459494.9618937504	0.99968475	0.00058912835
2459494.9632826606	0.99914134	0.00058899104
2459494.964671571	0.99966747	0.0005893956
2459494.966060481	0.9993876	0.0005888693
2459494.967449391	0.99971527	0.00058916403
2459494.9688383015	0.99969345	0.00058909866
2459494.9702272117	1.0001765	0.0005891402
2459494.971616122	1.0002168	0.00058916764
2459494.973005032	1.0007114	0.0005894483
2459494.9743939424	0.9998709	0.00058921834
2459494.9757828526	0.9997315	0.00058913324
2459494.977171763	1.0008852	0.00058944616
2459494.978560673	1.000657	0.00058936304
2459494.9799495833	1.0006474	0.00058926706
2459494.9813384935	1.0001215	0.000589173
2459494.9827274038	0.9997301	0.00058900163
2459494.984116314	0.99900544	0.0005889492
2459494.985505224	0.99982274	0.00058909185
2459494.986894134	1.0011947	0.0005894733
2459494.9882830447	1.000514	0.0005894281
2459494.989671955	1.0005388	0.00058934675
2459494.991060865	1.0013884	0.0005895939
2459494.9924497753	0.99870557	0.00058894465
2459494.9938386856	0.99975675	0.00058905006
2459494.995227596	0.9999424	0.00058911176
2459494.996616506	0.9991755	0.0005889492
2459494.998005416	1.0004714	0.0005891682
2459494.999394326	0.9997427	0.0005891082
2459495.000783236	0.99981034	0.0005889791
2459495.0021721465	1.0002213	0.0005893546
2459495.0035610567	0.9997039	0.00058899005
2459495.004949967	0.99961954	0.0005890863
2459495.006338877	1.0001005	0.00058905996
2459495.007727787	1.0002319	0.0005891649
2459495.009116697	0.9994051	0.0005887454
2459495.0105056074	0.99995327	0.0005890534
2459495.0118945176	0.99982715	0.00058899773
2459495.013283428	0.9992225	0.00058892573
2459495.014672338	1.0003854	0.00058922934
2459495.0160612483	0.99872524	0.0005889469
2459495.0174501576	1.0001619	0.00058928446
2459495.018839068	1.0009017	0.0005894407
2459495.020227978	1.0000339	0.0005893633
2459495.021616888	0.9997354	0.0005890743
2459495.0230057985	1.0004802	0.00058931875
2459495.0243947087	1.0004159	0.0005891883
2459495.025783619	0.99975437	0.00058930245
2459495.027172529	0.99978465	0.00058906066
2459495.028561439	0.9992303	0.00058897847
2459495.0299503487	0.9996865	0.00058924156
2459495.031339259	0.9983077	0.00058872113
2459495.032728169	0.999311	0.00058895693
2459495.0341170793	1.0001866	0.00058921543
2459495.0355059896	0.998902	0.00058894185
2459495.0368949	0.9997278	0.0005890151
2459495.038283809	0.9985284	0.00058893877
2459495.0396727193	1.0004904	0.00058921345
2459495.0410616295	0.9992602	0.00058896636
2459495.04245054	0.99919105	0.0005890076
2459495.0438394495	0.99993753	0.0005892035
2459495.0452283598	0.9997186	0.0005890188
2459495.04661727	1.0000019	0.00058925245
2459495.0480061797	1.0004683	0.00058921176
2459495.0493950895	1.0002006	0.00058903877
2459495.0507839997	0.9995935	0.0005890659
2459495.05217291	0.99940175	0.00058905815
2459495.05356182	1.0007831	0.000589414
2459495.05495073	0.9999882	0.00058928353
2459495.05633964	0.99959207	0.00058902963
2459495.05772855	1.0004938	0.0005892465
2459495.0591174597	0.99906445	0.0005888165
2459495.06050637	1.0001009	0.00058912404
2459495.06189528	0.99973243	0.00058902614
2459495.06328419	1.000818	0.000589183
2459495.0646731	1.000189	0.0005893311
2459495.0660620104	1.0002651	0.0005891808
2459495.06745092	1.0002184	0.0005891474
2459495.06883983	1.0005237	0.0005893871
2459495.07022874	0.9991865	0.00058899686
2459495.07161765	1.0000169	0.00058926176
2459495.07300656	0.99978274	0.0005889701
2459495.0743954703	1.0000819	0.0005894277
2459495.07578438	0.9990862	0.0005889355
2459495.0771732903	0.99953234	0.00058898376
2459495.0785621996	1.0006454	0.0005894269
2459495.07995111	1.0002217	0.00058912986
2459495.0813400196	0.9986531	0.00058891485
2459495.08272893	1.0011643	0.00058965996
2459495.08411784	0.99970233	0.0005890686
2459495.08550675	1.0003728	0.00058909185
2459495.08689566	0.9995679	0.0005890161
2459495.0882845693	0.99973005	0.0005892835
2459495.0896734796	1.000045	0.0005892256
2459495.0910623893	0.998738	0.0005889005
2459495.0924512995	0.9993451	0.0005889792
2459495.0938402093	0.9988405	0.00058881077
2459495.0952291195	0.99965876	0.0005890558
2459495.0966180293	0.9988755	0.0005889652
2459495.098006939	0.9996759	0.0005890527
2459495.099395849	0.9995555	0.00058917276
2459495.100784759	1.000691	0.00058930815
2459495.102173669	0.99947697	0.00058918766
2459495.1035625786	0.9998052	0.000589257
2459495.104951489	0.9994158	0.000588943
2459495.1063403985	0.9996922	0.0005890849
2459495.107729309	1.0007716	0.0005893765
2459495.109118218	1.0009805	0.0005894174
2459495.1105071283	1.0004563	0.00058945245
2459495.111896038	0.9993822	0.00058913557
2459495.113284948	1.0008501	0.00058953784
2459495.114673858	0.99948436	0.00058912724
2459495.116062768	1.0000994	0.0005891479
2459495.117451678	0.99985266	0.0005891709
2459495.1188405873	1.0007544	0.0005892491
2459495.120229497	1.000353	0.0005893
2459495.1216184073	1.002322	0.00058984896
2459495.123007317	1.0001965	0.0005891722
2459495.124396227	0.9990764	0.0005891597
2459495.125785137	1.0001489	0.0005892366
2459495.127174047	1.0004832	0.0005891819
2459495.128562956	0.99964553	0.0005891646
2459495.129951866	1.0004365	0.0005892932
2459495.131340776	1.0003341	0.0005893325
2459495.132729686	0.99979615	0.0005890457
2459495.1341185956	0.99941266	0.0005890254
2459495.135507506	0.9993378	0.00058887666
2459495.1368964156	0.9994921	0.00058909634
2459495.1382853254	0.99988556	0.0005891368
2459495.1396742347	0.9997218	0.0005891376
2459495.141063145	1.0007948	0.00058940443
2459495.1424520547	0.9997153	0.000589011
2459495.1438409644	1.0001667	0.00058921863
2459495.145229874	1.0004975	0.0005892145
2459495.146618784	0.99899673	0.0005891528
2459495.148007694	0.99974567	0.00058909756
2459495.1493966035	0.99988985	0.0005891279
2459495.150785513	0.99927855	0.00058917736
2459495.152174423	0.99944556	0.0005889989
2459495.1535633327	0.9999383	0.00058912864
2459495.154952243	1.0006645	0.00058953604
2459495.1563411527	1.0001569	0.0005893576
2459495.1577300625	1.001243	0.0005894583
2459495.159118972	1.0002296	0.0005891369
2459495.1605078815	1.000053	0.0005891445
2459495.1618967913	1.0007292	0.00058925245
2459495.163285701	0.99947125	0.0005889229
2459495.1646746113	1.0002209	0.00058899436
2459495.166063521	1.000415	0.0005892977
2459495.167452431	1.0001689	0.00058909226
2459495.16884134	1.0005316	0.00058932713
2459495.17023025	1.0000706	0.00058914995
2459495.1716191596	1.0004532	0.0005893617
2459495.1730080694	1.0005379	0.0005893108
2459495.174396979	1.000585	0.0005893523
2459495.175785889	0.99947745	0.000589049
2459495.1771747987	0.99922097	0.00058904354
2459495.1785637084	1.0002645	0.0005892495
2459495.1799526177	0.999225	0.00058882433
2459495.1813415275	1.000873	0.0005894367
2459495.1827304373	1.0000414	0.0005892976
2459495.184119347	0.9994775	0.0005889258
2459495.185508257	0.9995471	0.00058906275
2459495.1868971665	1.0011053	0.00058932113
2459495.1882860763	0.99963146	0.000589199
2459495.1896749856	1.0002005	0.000589419
2459495.1910638954	1.0001117	0.00058929215
2459495.192452805	1.0001822	0.0005892283
2459495.193841715	1.0003567	0.000589186
2459495.1952306246	1.0008066	0.0005892969
2459495.1966195344	1.000482	0.00058932015
2459495.198008444	1.0003834	0.0005893039
2459495.1993973535	0.99981683	0.0005889716
2459495.200786263	0.99893177	0.00058913336
2459495.202175173	1.0004482	0.00058926136
2459495.2035640823	1.000229	0.00058921124
2459495.204952992	1.0005825	0.00058923557
2459495.206341902	1.0001252	0.00058906473
2459495.2077308116	1.0000373	0.00058918336
2459495.209119721	0.9997578	0.00058931805
2459495.2105086306	1.0000956	0.0005891506
2459495.2118975404	1.000733	0.000589433
2459495.21328645	1.0000945	0.00058921875
2459495.2146753594	1.0000001	0.0005893502
2459495.216064269	0.99945253	0.00058904843
2459495.217453179	1.0011342	0.00058963615
2459495.2188420887	0.9998907	0.00058919913
2459495.220230998	0.9998425	0.0005891718
2459495.2216199073	1.0000756	0.0005891132
2459495.223008817	0.9995566	0.00058906956
2459495.224397727	1.0006628	0.00058936287
2459495.2257866366	1.0014988	0.00058961095
2459495.2271755463	1.0004368	0.000589265
2459495.2285644556	1.0001487	0.00058936334
2459495.229953365	0.9995767	0.00058922207
2459495.2313422747	0.99939793	0.0005890197
2459495.2327311845	0.9997451	0.000589102
2459495.2341200938	0.9997276	0.0005892877
2459495.2355090035	1.0006452	0.00058933505
2459495.2368979133	0.99934995	0.0005891023
2459495.2382868226	0.9997169	0.0005890928
2459495.239675732	0.9992902	0.0005891204
2459495.2410646416	0.99986446	0.0005891664
2459495.2424535514	0.9997351	0.0005890646
2459495.2438424607	1.0000175	0.00058916706
2459495.2452313704	0.9997109	0.00058910635
2459495.24662028	0.99938804	0.0005889393
2459495.2480091895	1.0002819	0.0005892693
2459495.2493980993	0.99975485	0.0005891619
2459495.250787008	1.0002702	0.00058921654
2459495.252175918	0.99974835	0.0005891596
2459495.2535648276	0.99991244	0.0005892254
2459495.254953737	1.0011398	0.00058946444
2459495.2563426467	1.0002353	0.00058932265
2459495.2577315564	0.9996354	0.00058918574
2459495.2591204657	0.99917454	0.00058901845
2459495.260509375	1.0002471	0.0005892957
2459495.2618982843	0.99933	0.0005890693
2459495.263287194	1.0005771	0.00058924383
2459495.2646761034	0.9989386	0.0005891495
2459495.266065013	0.9999075	0.00058921834
2459495.267453923	0.99970984	0.0005892222
2459495.268842832	1.0009538	0.0005893282
2459495.2702317415	0.99962634	0.0005891674
2459495.271620651	0.99945587	0.00058913045
2459495.2730095605	1.0001018	0.0005893101
2459495.27439847	1.0000253	0.00058927375
2459495.2757873796	0.99990934	0.00058925076
2459495.277176289	1.0004873	0.00058929896
2459495.2785651986	0.9989928	0.00058893656
2459495.2799541075	0.99970996	0.00058918895
2459495.2813430172	0.99981904	0.00058928906
2459495.2827319265	1.0007981	0.0005893244
2459495.2841208363	1.0010364	0.00058935623
2459495.2855097456	0.9990439	0.0005888641
2459495.286898655	0.99998647	0.0005893282
2459495.2882875646	0.9998736	0.00058903603
2459495.289676474	1.0009449	0.0005894324
2459495.2910653832	1.00108	0.0005894491
2459495.2924542925	0.9994066	0.00058935804
2459495.2938432023	0.9999749	0.00058922375
2459495.2952321116	1.0003418	0.0005893098
2459495.296621021	1.0004189	0.0005893676
2459495.2980099306	1.000392	0.0005892907
2459495.29939884	0.99854815	0.000589046
2459495.300787749	0.9993041	0.0005891378
2459495.3021766585	1.0002443	0.000589318
2459495.303565568	0.99971426	0.000589268
2459495.304954477	1.0002536	0.0005892973
2459495.306343387	1.0009831	0.00058950565
2459495.307732296	1.0001417	0.0005893354
2459495.3091212055	1.0001658	0.0005894044
2459495.3105101148	1.0007995	0.00058943586
2459495.311899024	1.0001806	0.00058935134
2459495.3132879334	1.0005695	0.0005893074
2459495.314676843	0.9996434	0.0005890712
2459495.3160657524	1.0003822	0.00058938446
2459495.3174546617	1.0000751	0.00058927573
2459495.3188435715	1.0000235	0.000589144
2459495.3202324803	0.99911183	0.0005890289
2459495.3216213896	1.000087	0.0005893054
2459495.323010299	1.0001755	0.00058924285
2459495.3243992086	1.0008384	0.0005893568
2459495.325788118	0.99982184	0.00058918446
2459495.3271770272	1.0003881	0.0005892387
2459495.3285659365	0.9992204	0.0005889521
2459495.329954846	0.99928945	0.00058904267
2459495.331343755	1.0002376	0.0005894455
2459495.3327326644	1.0000565	0.0005893617
2459495.3341215737	0.999962	0.00058925315
2459495.335510483	0.9996627	0.0005892359
2459495.3368993923	1.0005119	0.00058931817
2459495.338288302	0.9997722	0.0005893355
2459495.3396772114	1.0002701	0.0005892993
2459495.34106612	1.0000896	0.00058907125
2459495.3424550295	1.0006081	0.00058940134
2459495.343843939	0.9995907	0.0005893387
2459495.345232848	0.9995879	0.00058927224
2459495.3466217574	1.000663	0.00058939675
2459495.3480106667	1.0004423	0.0005892393
2459495.3493995764	0.9995357	0.00058916636
2459495.3507884853	1.0002116	0.0005894924
2459495.3521773946	1.0000775	0.00058929424
2459495.353566304	1.0016428	0.0005896717
2459495.354955213	1.0001493	0.0005892966
2459495.3563441224	1.0011861	0.00058960594
2459495.3577330317	1.000178	0.00058929966
2459495.359121941	0.99953973	0.0005893045
2459495.3605108503	1.0002015	0.0005892235
2459495.361899759	0.99952185	0.0005892125
2459495.3632886684	0.9998548	0.0005892636
2459495.3646775777	1.0007607	0.0005894705
2459495.366066487	0.99991435	0.00058921834
2459495.3674553963	1.0000104	0.00058920315
2459495.3688443056	0.9991688	0.00058890047
2459495.370233215	1.0001578	0.00058936846
2459495.3716221238	0.9994473	0.0005892889
2459495.373011033	1.0000416	0.0005892928
2459495.3743999423	0.99969345	0.00058928446
2459495.3757888516	0.999846	0.0005892105
2459495.377177761	1.0005939	0.00058946863
2459495.37856667	0.99862605	0.00058896083
2459495.3799555795	0.9994523	0.0005891916
2459495.3813444884	1.0003656	0.00058910006
2459495.3827333977	0.99956816	0.0005892279
2459495.384122307	1.0001751	0.00058940036
2459495.3855112162	0.99929184	0.00058903603
2459495.3869001255	0.99965036	0.00058923115
2459495.3882890344	0.99966806	0.0005891934
2459495.3896779437	1.0000153	0.00058927666
2459495.3910668525	1.0007908	0.0005893549
2459495.392455762	0.9998427	0.0005892264
2459495.393844671	1.0001272	0.0005893157
2459495.3952335804	1.0001876	0.00058919
2459495.3966224897	0.9997366	0.00058921
2459495.3980113985	1.0004123	0.00058929
2459495.399400308	0.99986655	0.0005891516
2459495.400789217	0.9994105	0.0005890461
2459495.402178126	0.9988946	0.0005891739
2459495.403567035	0.99957687	0.0005892775
2459495.4049559445	1.000949	0.00058942696
2459495.4063448533	1.0012337	0.00058957154
2459495.4077337626	1.0000069	0.00058917486
2459495.409122672	0.999812	0.000589379
2459495.410511581	0.9998428	0.0005892609
2459495.4119004896	0.9996868	0.00058924657
2459495.413289399	1.0009702	0.00058943057
2459495.414678308	0.9997482	0.0005893579
2459495.4160672175	0.9977375	0.00058874435
2459495.4174561263	1.0002186	0.0005892841
2459495.4188450356	0.9992127	0.0005891305
2459495.420233945	0.9989399	0.0005889926
2459495.4216228537	0.99947935	0.0005893112
2459495.4230117626	0.99948514	0.0005890886
2459495.424400672	1.0002021	0.0005894623
2459495.425789581	0.9989036	0.00058903085
2459495.42717849	1.0002493	0.0005893647
2459495.4285673993	0.99990255	0.00058945216
2459495.4299563086	0.99935645	0.00058894994
2459495.431345217	0.9993499	0.00058925356
2459495.432734126	0.99885714	0.0005890236
2459495.4341230355	1.0004176	0.000589215
2459495.4355119443	0.99952394	0.0005891927
2459495.4369008536	0.99985886	0.0005892854
2459495.438289763	0.9997057	0.0005892751
2459495.439678672	0.9997951	0.0005892129
2459495.441067581	1.000024	0.0005891748
2459495.4424564894	0.9998561	0.0005892486
2459495.4438453987	0.9998492	0.0005892413
2459495.445234308	0.99960935	0.0005892579
2459495.446623217	1.0001731	0.00058922207
2459495.448012126	0.9985659	0.00058897736
2459495.449401035	1.0005618	0.00058935664
2459495.4507899443	0.99976385	0.000589233
2459495.4521788526	0.99938804	0.0005894149
2459495.453567762	0.99965256	0.00058903417
2459495.454956671	1.0010316	0.00058960106
2459495.45634558	1.0002441	0.00058937934
2459495.4577344893	0.9998682	0.00058929436
2459495.459123398	0.999964	0.0005893395
2459495.4605123075	1.0009897	0.00058957376
2459495.461901216	0.9999866	0.0005889879
2459495.463290125	1.0001426	0.0005893037
2459495.464679034	0.99905616	0.0005890142
2459495.4660679433	0.99991244	0.0005891814
2459495.467456852	0.9997631	0.0005893674
2459495.468845761	1.0001326	0.00058933976
2459495.47023467	0.99991244	0.0005893768
2459495.471623579	0.999694	0.00058938836
2459495.473012488	0.99985176	0.0005893186
2459495.4744013967	0.999862	0.0005893803
2459495.475790306	1.000443	0.00058935955
2459495.477179215	1.0000589	0.00058943516
2459495.4785681237	1.00167	0.0005897074
2459495.479957033	0.9997659	0.00058933604
2459495.481345942	1.0007639	0.0005895642
2459495.4827348506	0.99910724	0.0005891939
2459495.4841237594	0.99964803	0.000589065
2459495.4855126683	0.9993826	0.00058926723
2459495.4869015776	1.0006293	0.0005894226
2459495.4882904864	1.0001649	0.0005892305
2459495.489679395	1.0001676	0.0005894147
2459495.4910683045	1.0009184	0.0005896556
2459495.492457213	0.9997503	0.00058941287
2459495.4938461217	0.9999793	0.00058936654
2459495.495235031	0.99977994	0.00058944593
2459495.49662394	0.9994551	0.0005891594
2459495.4980128487	0.9993778	0.00058906863
2459495.499401758	0.9991431	0.0005891947
2459495.500790667	1.0006895	0.0005893594
2459495.502179575	1.0006968	0.0005895871
2459495.5035684844	0.9999712	0.0005894011
2459495.5049573933	1.0001069	0.00058931427
2459495.506346302	0.9993994	0.0005893139
2459495.507735211	0.99925786	0.00058896147
2459495.50912412	0.9992414	0.00058934157
2459495.510513029	1.0000452	0.0005893669
2459495.511901938	0.99987274	0.00058924436
2459495.5132908463	1.0000535	0.0005894721
2459495.514679755	1.0006658	0.00058941834
2459495.5160686644	0.9985983	0.00058900856
2459495.517457573	0.9993599	0.000589214
2459495.518846482	0.9990727	0.0005890807
2459495.520235391	1.000433	0.000589362
2459495.5216242997	1.001155	0.00058958435
2459495.5230132085	0.99949116	0.00058933225
2459495.5244021174	0.99957013	0.0005891519
2459495.525791026	0.9993017	0.00058914255
2459495.527179935	0.99964416	0.00058932824
2459495.528568844	0.9992909	0.0005892153
2459495.5299577527	1.0002773	0.0005894368
2459495.5313466615	1.0003395	0.00058953057
2459495.5327355703	1.0000743	0.00058944337
2459495.534124479	0.999489	0.000589269
2459495.535513388	0.99958396	0.00058927404
2459495.536902297	1.0002863	0.00058949966
2459495.5382912057	0.999484	0.000589147
2459495.5396801145	0.9990411	0.0005889703
2459495.5410690233	0.99932563	0.0005892301
2459495.5424579317	0.99958825	0.0005891541
2459495.5438468405	0.9999902	0.00058932265
2459495.5452357493	0.9998802	0.0005893167
2459495.546624658	0.9993548	0.0005892149
2459495.548013567	1.0006555	0.0005894934
2459495.549402476	1.0006735	0.0005896263
2459495.5507913847	1.0000318	0.0005894175
2459495.5521802935	1.0002291	0.0005895385
2459495.5535692023	0.9996128	0.0005892137
2459495.554958111	0.9997168	0.0005892321
2459495.5563470195	0.99901056	0.00058890076
2459495.5577359283	0.9996131	0.0005893157
2459495.559124837	1.0002805	0.00058938045
2459495.560513746	0.9994127	0.0005892363
2459495.561902655	0.9995963	0.00058923993
2459495.563291563	0.999952	0.00058928115
2459495.564680472	1.0011182	0.00058957067
2459495.566069381	1.0004739	0.0005894745
2459495.5674582897	1.000786	0.00058951497
2459495.5688471985	1.000746	0.00058937544
2459495.5702361073	1.0011849	0.0005894379
2459495.571625016	1.0010693	0.0005895309
2459495.5730139245	0.9999245	0.00058931694
2459495.5744028334	0.9996088	0.0005893396
2459495.575791742	1.0015085	0.00058971957
2459495.577180651	1.0002216	0.00058927777
2459495.5785695594	0.9994363	0.0005891904
2459495.579958468	0.9995058	0.0005892799
2459495.581347377	1.0000448	0.00058944855
2459495.5827362854	1.0003564	0.00058925897
2459495.5841251942	1.0000292	0.0005893589
2459495.585514103	1.0005639	0.00058939
2459495.5869030114	1.0010598	0.000589459
2459495.5882919203	0.99891037	0.00058917206
2459495.589680829	1.0001613	0.0005893972
2459495.591069738	0.99995935	0.0005894354
2459495.5924586467	0.9986089	0.00058897963
2459495.593847555	1.0009028	0.0005894704
2459495.5952364635	1.0001141	0.0005893961
2459495.5966253723	0.9995697	0.0005892048
2459495.598014281	0.99891365	0.0005889874
2459495.59940319	1.0002333	0.000589318
2459495.6007920983	0.999622	0.00058924285
2459495.602181007	0.9995669	0.0005891281
2459495.6035699155	1.0007907	0.00058962626
2459495.6049588243	1.00098	0.00058960565
2459495.6063477327	0.9999975	0.000589329
2459495.6077366415	1.0009897	0.0005895694
2459495.6091255504	1.0006582	0.0005894612
2459495.6105144587	1.0007441	0.0005895381
2459495.6119033676	0.9993834	0.00058910396
2459495.613292276	0.999962	0.0005894082
2459495.6146811848	1.0005982	0.0005896459
2459495.616070093	0.99747556	0.0005889094
2459495.617459002	1.0014287	0.0005894867
2459495.618847911	1.0002327	0.0005893443
2459495.620236819	0.9999914	0.0005893887
2459495.621625728	1.0003033	0.00058951083
2459495.6230146363	1.0010227	0.0005895442
2459495.6244035447	1.000567	0.0005895719
2459495.6257924535	1.0005531	0.0005894083
2459495.627181362	1.001311	0.0005898011
2459495.6285702707	1.0002251	0.0005893697
2459495.6299591796	0.9993848	0.0005892787
2459495.631348088	0.99963117	0.00058915763
2459495.6327369967	1.0009075	0.00058960135
2459495.6341259046	0.999983	0.0005894174
2459495.6355148135	1.0003307	0.00058938505
2459495.636903722	1.0007885	0.00058946933
2459495.6382926307	1.0001718	0.00058936246
2459495.6396815395	0.99940145	0.00058914814
2459495.641070448	1.0001923	0.00058955525
2459495.6424593567	0.9990481	0.00058925065
2459495.6438482646	1.0004787	0.0005893065
2459495.6452371734	0.9998785	0.0005891014
2459495.646626082	1.0012707	0.000589823
2459495.6480149906	1.0008779	0.0005895507
2459495.649403899	1.0005263	0.000589538
2459495.650792808	1.0004526	0.00058928865
2459495.652181716	0.99798393	0.00058873027
2459495.6535706245	1.0009338	0.00058975065
2459495.654959533	0.9993714	0.00058929255
2459495.6563484417	1.0002526	0.00058947975
2459495.65773735	0.99960196	0.00058936444
2459495.659126259	1.0000689	0.0005895888
2459495.6605151673	0.99925554	0.0005890643
2459495.6619040756	1.0008487	0.00058953074
2459495.6632929845	0.99977183	0.00058927527
2459495.6646818924	1.0002564	0.00058947597
2459495.666070801	0.9997583	0.0005893628
2459495.6674597096	0.9997214	0.00058938895
2459495.668848618	1.0003448	0.00058946066
2459495.6702375268	1.0005456	0.00058941904
2459495.671626435	1.0006124	0.00058944337
2459495.673015344	1.0008533	0.0005895286
2459495.674404252	0.9996378	0.0005894168
2459495.67579316	1.0008026	0.0005894507
2459495.677182069	0.9995429	0.0005892134
2459495.6785709774	0.9995178	0.0005889593
2459495.679959886	1.0004207	0.00058941497
2459495.6813487946	1.0008118	0.0005895659
2459495.682737703	0.9995314	0.00058917585
2459495.684126611	1.0010166	0.0005895286
2459495.6855155197	0.99951893	0.00058933406
2459495.686904428	1.0005907	0.0005894818
2459495.6882933364	1.0002778	0.00058943353
2459495.6896822453	0.99898565	0.00058900454
2459495.6910711536	0.9997826	0.00058932125
2459495.692460062	0.99919367	0.00058930676
2459495.69384897	0.999641	0.0005892317
2459495.6952378787	0.9995069	0.0005891182
2459495.696626787	0.998831	0.0005891783
2459495.6980156954	1.0009484	0.0005895537
2459495.699404604	0.9997212	0.00058923877
2459495.7007935126	1.0002923	0.0005891643
2459495.702182421	0.99853927	0.000588982
2459495.7035713294	1.0005262	0.0005893916
2459495.7049602373	1.0001587	0.0005893004
2459495.7063491456	0.9998949	0.0005895172
2459495.7077380545	1.0000046	0.0005895957
2459495.709126963	1.0009574	0.0005896211
2459495.710515871	0.9999799	0.0005893043
2459495.7119047795	1.0003487	0.00058948423
2459495.713293688	1.0011348	0.000589491
2459495.714682596	1.0001569	0.00058927404
2459495.7160715046	0.99986976	0.00058955565
2459495.717460413	1.0001092	0.0005893681
2459495.7188493214	1.0002939	0.0005893193
2459495.7202382297	0.99955773	0.00058922067
2459495.721627138	1.0006306	0.00058962725
2459495.7230160465	1.0002851	0.0005894941
2459495.7244049544	1.0000404	0.0005895027
2459495.7257938627	0.9999886	0.000589346
2459495.7271827715	0.9990311	0.0005892017
2459495.72857168	1.0000345	0.00058925187
2459495.7299605883	0.99990714	0.0005894093
2459495.7313494966	1.0001312	0.0005893353
2459495.732738405	1.0010654	0.0005896707
2459495.7341273134	0.9996689	0.0005892791
2459495.7355162213	1.001192	0.0005895377
2459495.7369051296	1.0000362	0.00058942806
2459495.738294038	1.0000851	0.000589413
2459495.7396829464	0.99956405	0.0005893408
2459495.7410718547	0.9998511	0.0005893278
2459495.742460763	1.0004616	0.0005896701
2459495.7438496714	0.99992853	0.00058936776
2459495.7452385793	0.9993868	0.0005893222
2459495.7466274877	1.0004357	0.00058948965
2459495.748016396	0.9998879	0.0005893312
2459495.7494053044	1.000252	0.00058942364
2459495.750794213	0.9998686	0.00058950396
2459495.752183121	1.0001985	0.0005891666
2459495.7535720295	0.99969167	0.0005893214
2459495.7549609374	0.9999018	0.0005892339
2459495.756349846	1.00019	0.0005892457
2459495.757738754	1.0002514	0.0005893976
2459495.7591276625	0.99999684	0.0005892899
2459495.760516571	1.0001762	0.00058933377
2459495.761905479	0.99852556	0.00058905757
2459495.763294387	1.0003076	0.00058940315
2459495.764683295	1.000033	0.00058932614
2459495.7660722034	0.9998746	0.0005895562
2459495.767461112	0.99964315	0.0005892125
2459495.76885002	0.99888813	0.0005890483
2459495.7702389285	0.999841	0.00058936956
2459495.771627837	0.9996493	0.00058940053
2459495.7730167448	0.99902344	0.0005892214
2459495.774405653	0.99941564	0.0005895784
2459495.775794561	1.0004936	0.0005894328
2459495.7771834694	1.0001922	0.0005893994
2459495.7785723777	1.0005054	0.00058950565
2459495.779961286	1.0000476	0.0005894612
2459495.781350194	0.9986061	0.0005889145
2459495.7827391024	1.0003592	0.0005896134
2459495.7841280107	0.9998904	0.0005894143
2459495.7855169186	1.0001378	0.00058945
2459495.786905827	1.0000753	0.00058944686
2459495.788294735	1.0002618	0.00058936706
2459495.7896836433	0.9995641	0.0005894592
2459495.7910725516	1.0000393	0.00058952544
2459495.79246146	0.9996543	0.00058949937
2459495.793850368	1.0003636	0.0005893895
2459495.795239276	0.99970967	0.0005894447
2459495.796628184	1.0004925	0.0005894428
2459495.7980170925	0.99999577	0.0005893044
2459495.7994060004	1.0002894	0.0005895575
2459495.800794909	0.99996513	0.000589385
2459495.802183817	0.9995679	0.0005891812
2459495.803572725	1.0001355	0.000589364
2459495.804961633	1.0001979	0.00058945565
2459495.8063505413	0.9994708	0.0005893051
2459495.807739449	0.9999271	0.00058927055
2459495.8091283576	1.0008222	0.00058960903
2459495.810517266	0.9991352	0.00058922137
2459495.811906174	0.99955344	0.00058940274
2459495.813295082	0.9999038	0.00058948074
2459495.8146839906	0.99936223	0.000589271
2459495.816072898	1.0001224	0.00058936427
2459495.8174618063	1.0001252	0.00058940076
2459495.8188507142	0.999605	0.00058929983
2459495.8202396226	0.9993408	0.0005892928
2459495.821628531	0.9995934	0.00058919296
2459495.823017439	1.0004092	0.00058927585
2459495.8244063472	1.000961	0.0005895259
2459495.8257952547	1.000015	0.0005893791
2459495.827184163	0.99964416	0.0005892263
2459495.8285730714	1.0000498	0.00058943394
2459495.8299619793	1.0001594	0.00058951863
2459495.8313508877	0.99992085	0.00058923854
2459495.8327397956	0.9997895	0.0005893276
2459495.834128704	1.000393	0.0005895062
2459495.8355176114	0.99990404	0.00058943464
2459495.8369065197	0.999689	0.0005893313
2459495.8382954276	0.999838	0.0005893363
2459495.839684336	0.99975723	0.00058932265
2459495.841073244	0.99889153	0.0005891492
2459495.8424621522	0.9993456	0.00058932515
2459495.84385106	0.9995479	0.0005892639
2459495.8452399685	0.9996119	0.0005892598
2459495.846628876	1.0007211	0.0005895516
2459495.8480177843	1.000674	0.0005894639
2459495.849406692	1.0006586	0.00058968883
2459495.8507956006	0.99972576	0.0005892617
2459495.8521845085	1.0001786	0.0005897034
2459495.8535734164	1.0001547	0.0005892647
2459495.8549623247	0.9990637	0.0005891429
2459495.856351232	1.0005803	0.0005895348
2459495.8577401405	1.0000441	0.00058933866
2459495.8591290484	0.9989086	0.00058921817
2459495.8605179563	1.0012108	0.000589819
2459495.8619068647	1.000842	0.00058949686
2459495.8632957726	1.0006816	0.0005897193
2459495.864684681	1.0003952	0.0005894046
2459495.8660735884	0.9991222	0.00058918295
2459495.8674624963	0.9999673	0.0005894016
2459495.8688514046	1.0002586	0.0005893312
2459495.8702403125	1.0001961	0.0005893908
2459495.8716292204	1.0000051	0.0005893599
2459495.873018129	0.999991	0.0005894245
2459495.8744070367	0.99968964	0.00058919843
2459495.875795944	0.99899393	0.00058907445
2459495.8771848525	0.9988447	0.0005890701
2459495.8785737604	0.99769545	0.00058875885
2459495.8799626683	0.99642086	0.00058843754
2459495.8813515767	0.9953903	0.00058825716
2459495.8827404846	0.9949724	0.0005880759
2459495.8841293924	0.9944736	0.00058790983
2459495.8855183003	0.9925372	0.0005874294
2459495.8869072082	0.9905711	0.0005871071
2459495.888296116	0.990554	0.0005871898
2459495.889685024	0.9892179	0.000586687
2459495.891073932	0.9898319	0.0005869687
2459495.8924628403	0.9895126	0.0005865887
2459495.893851748	0.9897914	0.00058678037
2459495.895240656	0.9891895	0.00058673724
2459495.8966295635	0.9887691	0.0005865539
2459495.8980184714	0.98902655	0.00058657525
2459495.89940738	0.98873454	0.0005866185
2459495.9007962877	0.98786086	0.0005863016
2459495.9021851956	0.987925	0.0005862858
2459495.9035741035	0.98755217	0.0005863443
2459495.9049630114	0.9874083	0.00058624067
2459495.906351919	0.9875789	0.0005862776
2459495.907740827	0.98737645	0.0005862597
2459495.909129735	0.9875498	0.0005863068
2459495.910518643	0.9892374	0.00058669713
2459495.911907551	0.9886168	0.00058656477
2459495.913296459	0.98759	0.0005863155
2459495.9146853667	0.9868297	0.00058605225
2459495.916074274	0.9874058	0.0005862751
2459495.9174631825	0.98829955	0.0005864023
2459495.9188520904	0.9872632	0.0005863959
2459495.9202409983	0.9865587	0.0005862536
2459495.921629906	0.98722446	0.0005861999
2459495.923018814	0.9865319	0.0005859513
2459495.924407722	0.9884442	0.000586379
2459495.92579663	0.98759156	0.00058620365
2459495.9271855373	0.9868385	0.0005861777
2459495.928574445	0.9878293	0.0005863696
2459495.929963353	0.9871961	0.00058623863
2459495.931352261	0.9872933	0.00058626285
2459495.932741169	0.9870365	0.00058623997
2459495.934130077	0.9868752	0.0005860252
2459495.9355189847	0.9865664	0.0005860415
2459495.936907892	0.9881106	0.0005863873
2459495.9382968	0.9863445	0.00058608444
2459495.939685708	0.9869815	0.0005860595
2459495.941074616	0.9875604	0.0005863263
2459495.9424635237	0.98665243	0.00058614905
2459495.9438524316	0.98667794	0.00058605376
2459495.9452413395	0.9877309	0.0005863591
2459495.946630247	0.9866727	0.00058609183
2459495.948019155	0.9863688	0.00058606564
2459495.9494080627	0.9863182	0.00058610574
2459495.9507969706	0.9871525	0.0005863411
2459495.9521858785	0.9872487	0.0005862027
2459495.9535747864	0.9863926	0.00058604276
2459495.9549636943	0.9864376	0.0005861203
2459495.9563526018	0.9858295	0.0005858754
2459495.957741509	0.9869653	0.00058634486
2459495.959130417	0.98892844	0.00058665476
2459495.960519325	0.9861159	0.00058597897
2459495.961908233	0.9871049	0.00058630476
2459495.963297141	0.98647857	0.0005859799
2459495.9646860487	0.9875419	0.00058634335
2459495.9660749566	0.98749316	0.0005864577
2459495.9674638635	0.98698837	0.00058637117
2459495.9688527714	0.986608	0.00058638636
2459495.9702416793	0.9866722	0.0005861328
2459495.9716305872	0.9864448	0.0005860614
2459495.973019495	0.98744684	0.00058620295
2459495.974408403	0.9864736	0.0005862249
2459495.9757973105	0.9867733	0.0005861706
2459495.977186218	0.9878119	0.0005863781
2459495.978575126	0.9867116	0.0005861938
2459495.9799640337	0.98767036	0.0005863282
2459495.981352941	0.98761976	0.00058642996
2459495.982741849	0.98731685	0.0005862483
2459495.984130757	0.98758054	0.00058631017
2459495.985519665	0.9872562	0.0005861848
2459495.9869085723	0.98705405	0.0005863873
2459495.9882974797	0.98786765	0.0005863218
2459495.9896863876	0.988017	0.00058653054
2459495.9910752955	0.9870083	0.0005861006
2459495.992464203	0.9879378	0.00058634864
2459495.993853111	0.98744535	0.0005863346
2459495.9952420187	0.987243	0.00058629585
2459495.9966309266	0.9885246	0.00058662373
2459495.9980198336	0.98830533	0.00058647606
2459495.9994087415	0.9874947	0.00058639515
2459496.0007976494	0.9874335	0.000586414
2459496.002186557	0.98851633	0.0005866175
2459496.0035754647	0.98891425	0.00058650045
2459496.0049643726	0.98792815	0.0005864709
2459496.00635328	0.98742896	0.0005862903
2459496.0077421875	0.98807436	0.00058652315
2459496.009131095	0.98946255	0.0005868987
2459496.010520003	0.98900384	0.0005866559
2459496.0119089107	0.988405	0.0005865226
2459496.013297818	0.98807	0.0005864268
2459496.014686726	0.99004793	0.000586856
2459496.016075634	0.99044865	0.0005868606
2459496.017464541	0.9915261	0.00058711204
2459496.018853449	0.992952	0.000587518
2459496.020242356	0.9937638	0.00058805465
2459496.021631264	0.99450177	0.000588187
2459496.0230201716	0.99511975	0.0005881559
2459496.0244090795	0.9962715	0.0005883312
2459496.0257979874	0.99738705	0.0005890382
2459496.0271868943	0.9973997	0.00058895734
2459496.028575802	0.99872476	0.00058921945
2459496.0299647097	0.99979657	0.0005893813
2459496.0313536176	0.9994949	0.0005892261
2459496.032742525	0.9988948	0.0005891834
2459496.034131433	0.99935836	0.0005892839
2459496.0355203403	0.99922997	0.0005891784
2459496.036909248	0.9992648	0.00058912317
2459496.038298155	0.9994281	0.00058936933
2459496.039687063	1.0007912	0.0005896544
2459496.0410759705	1.0005261	0.00058940804
2459496.0424648784	1.0001394	0.0005894731
2459496.043853786	0.9996039	0.00058930484
2459496.0452426933	1.0005789	0.0005896245
2459496.046631601	1.0005416	0.0005895916
2459496.048020508	1.0003816	0.0005895781
2459496.049409416	1.0001581	0.0005896489
2459496.0507983235	0.99996793	0.00058951764
2459496.0521872314	0.9993104	0.0005892949
2459496.053576139	1.0005322	0.00058941974
2459496.0549650462	0.9992409	0.0005893054
2459496.056353954	0.9991632	0.0005891806
2459496.057742861	1.0000968	0.0005893359
2459496.059131769	1.0006868	0.0005895914
2459496.0605206764	1.0008646	0.000589585
2459496.061909584	1.000524	0.0005895804
2459496.0632984918	1.0007608	0.00058956974
2459496.064687399	1.0000615	0.00058947474
2459496.0660763066	1.0010108	0.00058965565
2459496.0674652145	1.0002218	0.0005894171
2459496.0688541215	1.0008619	0.0005895529
2459496.070243029	1.0001731	0.0005894438
2459496.071631937	1.0004517	0.0005895719
2459496.0730208443	0.99953246	0.00058917643
2459496.0744097517	1.0003479	0.00058941636
2459496.0757986596	1.0001419	0.00058935076
2459496.077187567	0.9995636	0.0005894336
2459496.078576474	0.9999178	0.0005894699
2459496.0799653814	1.0000757	0.00058955455
2459496.0813542893	0.99931455	0.0005892825
2459496.0827431967	1.0007731	0.0005896677
2459496.084132104	0.999422	0.0005890817
2459496.0855210116	0.99977446	0.00058945914
2459496.0869099195	1.000632	0.0005894802
2459496.0882988265	0.9993501	0.00058923685
2459496.089687734	1.0000004	0.0005891713
2459496.0910766413	0.99997354	0.00058948284
2459496.0924655492	0.9997692	0.0005895157
2459496.0938544567	1.000634	0.00058949617
2459496.095243364	0.99992746	0.00058944133
2459496.0966322715	0.99990994	0.00058927014
2459496.0980211785	0.9997961	0.00058938493
2459496.099410086	0.9996043	0.00058918085
2459496.100798994	0.99962604	0.00058939017
2459496.1021879013	1.0002332	0.00058965984
2459496.1035768087	1.0004927	0.00058956683
2459496.104965716	0.9999273	0.0005892506
2459496.1063546236	0.99975127	0.00058934547
2459496.107743531	0.9999561	0.00058950856
2459496.1091324384	1.0006632	0.0005894157
2459496.110521346	1.0004076	0.0005895815
2459496.1119102533	1.000181	0.000589571
2459496.1132991607	0.9997508	0.0005893704
2459496.114688068	0.9993541	0.00058929087
2459496.1160769756	1.0001391	0.0005892487
2459496.117465883	1.000047	0.0005893828
2459496.11885479	0.9998793	0.00058944704
2459496.1202436974	1.0005629	0.00058953953
2459496.121632605	0.999933	0.0005892471
2459496.1230215123	1.0005269	0.0005895167
2459496.1244104197	1.0008832	0.00058965705
2459496.125799327	1.00108	0.0005895615
2459496.127188235	1.0002538	0.0005895749
2459496.128577142	1.0007293	0.0005897019
2459496.1299660495	0.9998843	0.00058945746
2459496.131354957	0.9999435	0.00058944785
2459496.1327438643	1.0000906	0.000589372
2459496.1341327718	1.0008655	0.000589532
2459496.135521679	1.0002478	0.000589479
2459496.1369105866	1.0021603	0.00058985077
2459496.1382994936	1.0012722	0.0005897745
2459496.139688401	0.99973553	0.00058959884
2459496.141077308	1.0003809	0.00058939593
2459496.1424662154	1.0006446	0.0005896091
2459496.143855123	1.0000288	0.0005895276
2459496.1452440303	0.99990255	0.0005896619
2459496.1466329377	1.0005034	0.0005895147
2459496.148021845	1.0000803	0.00058948895
2459496.149410752	1.0008342	0.0005897985
2459496.1507996595	0.99996173	0.0005893934
2459496.152188567	1.0008099	0.00058968866
2459496.1535774744	1.000835	0.00058963604
2459496.154966382	1.0003947	0.00058953057
2459496.1563552893	1.0002671	0.0005896042
2459496.1577441967	1.001478	0.00058963976
2459496.159133103	0.9996185	0.0005892826
2459496.1605220106	0.9999295	0.0005894113
2459496.161910918	1.0000751	0.0005896712
2459496.1632998255	0.99933714	0.0005892132
2459496.164688733	0.9996008	0.0005891653
2459496.1660776404	1.0026586	0.0005900557
2459496.167466548	0.9993781	0.0005893344
2459496.1688554543	1.0013086	0.00058975414
2459496.1702443617	0.9997128	0.00058938545
2459496.171633269	1.0004601	0.0005893808
2459496.1730221766	1.000415	0.0005895506
2459496.174411084	0.9998347	0.00058943406
2459496.175799991	0.9990641	0.0005891743
2459496.1771888984	1.0002844	0.000589446
2459496.178577806	0.9999833	0.0005894791
2459496.179966713	0.99967384	0.0005894944
2459496.18135562	0.999394	0.0005892791
2459496.1827445272	0.9998056	0.00058955705
2459496.1841334347	1.0008792	0.00058960926
2459496.185522342	1.0005592	0.00058956584
2459496.186911249	0.999686	0.0005894734
2459496.1883001565	0.9997572	0.0005891989
2459496.1896890635	1.0012596	0.00058966794
2459496.191077971	1.0004176	0.0005895152
2459496.192466878	1.0003206	0.0005896699
2459496.1938557853	1.0008006	0.0005897745
2459496.1952446927	1.0005132	0.00058957725
2459496.1966335997	0.9986687	0.0005892542
2459496.198022507	1.0008166	0.0005896561
2459496.199411414	0.9996829	0.0005892663
2459496.200800321	1.0006055	0.000589777
2459496.2021892285	1.0004114	0.0005895083
2459496.203578136	0.9995377	0.0005893219
2459496.204967043	0.99935365	0.00058941357
2459496.2063559503	1.0000384	0.0005894494
2459496.2077448578	1.0000932	0.000589476
2459496.2091337643	1.0004567	0.0005896792
2459496.2105226717	1.0003608	0.00058941956
2459496.211911579	1.0001723	0.0005893575
2459496.213300486	0.99968994	0.00058954424
2459496.2146893935	1.0004282	0.0005896713
2459496.2160783005	1.0003158	0.0005895639
2459496.217467208	0.99993813	0.00058948493
2459496.2188561154	1.0003784	0.0005895105
2459496.220245022	0.99874926	0.0005894834
2459496.2216339293	1.0010189	0.0005897803
2459496.2230228363	1.0005404	0.000589563
2459496.2244117437	1.0008334	0.0005896652
2459496.2258006507	0.99955165	0.0005893523
2459496.227189558	1.0005506	0.0005896122
2459496.228578465	1.0004622	0.0005896563
2459496.229967372	0.9998469	0.00058940443
2459496.231356279	0.9994426	0.0005894919
2459496.2327451864	1.0004289	0.0005898158
2459496.2341340934	0.9996328	0.00058945507
2459496.235523001	0.99937546	0.0005892682
2459496.236911908	0.9990152	0.0005893295
2459496.238300815	0.99953973	0.0005893823
2459496.2396897217	1.000951	0.0005896936
2459496.241078629	1.0003957	0.0005895837
2459496.242467536	1.0006858	0.0005896672
2459496.2438564436	0.9996921	0.0005895156
2459496.2452453505	1.0005118	0.0005896926
2459496.246634258	1.0001963	0.00058967766
2459496.248023165	1.0002254	0.0005895338
2459496.249412072	0.99953276	0.0005895588
2459496.250800979	0.9989367	0.0005892817
2459496.252189886	0.9990065	0.00058918505
2459496.2535787933	0.9995924	0.00058933283
2459496.2549677	0.9988718	0.0005894225
2459496.2563566077	0.9991925	0.00058946584
2459496.2577455146	1.0008812	0.00058984297
2459496.2591344216	1.0007981	0.0005896536
2459496.2605233286	0.9993487	0.00058941613
2459496.2619122355	1.0000683	0.0005895013
2459496.2633011425	0.99937797	0.0005895943
2459496.26469005	0.99991965	0.00058947416
2459496.266078957	0.99960005	0.000589266
2459496.267467864	1.0001496	0.0005895152
2459496.2688567713	0.9997818	0.0005893577
2459496.270245678	1.0005908	0.0005895328
2459496.2716345848	1.000094	0.0005896073
2459496.273023492	0.9998288	0.0005894461
2459496.274412399	0.9998421	0.000589286
2459496.275801306	1.0007432	0.00058965385
2459496.2771902136	1.0002238	0.0005894809
2459496.2785791205	0.99906385	0.000589177
2459496.279968027	0.99963105	0.0005895812
2459496.281356934	1.0008157	0.0005897279
2459496.2827458414	1.0005281	0.00058963
2459496.2841347484	1.0000048	0.0005896064
2459496.2855236554	1.0006324	0.0005896926
2459496.2869125623	1.0001572	0.0005895426
2459496.2883014698	1.000517	0.00058966846
2459496.2896903767	1.0003357	0.0005896038
2459496.291079283	0.9999003	0.0005895796
2459496.29246819	1.0005571	0.0005896142
2459496.2938570976	0.99930876	0.0005893689
2459496.2952460046	1.000235	0.00058971666
2459496.2966349116	1.0001061	0.0005895936
2459496.2980238185	1.0002298	0.00058948516
2459496.2994127255	0.99994844	0.00058950705
2459496.3008016325	1.0007541	0.0005895632
2459496.3021905394	0.9991634	0.0005894209
2459496.3035794464	1.000148	0.00058970455
2459496.3049683534	1.0001239	0.000589606
2459496.3063572603	0.999554	0.00058953144
2459496.3077461673	1.0004543	0.0005894971
2459496.3091350743	0.99907845	0.00058939727
2459496.310523981	1.0012455	0.00058964675
2459496.311912888	0.99997836	0.00058962265
2459496.313301795	1.0003777	0.0005896718
2459496.314690702	0.999888	0.00058953057
2459496.316079609	0.99967587	0.00058952055
2459496.317468516	0.9999271	0.00058967376
2459496.318857423	0.9999495	0.0005894742
2459496.3202463295	0.99937373	0.0005893123
2459496.3216352365	1.0003883	0.00058951945
2459496.3230241435	1.0000575	0.0005895564
2459496.3244130504	0.99959433	0.00058929477
2459496.325801958	1.0001401	0.00058952667
2459496.327190865	1.001004	0.00058989984
2459496.328579772	0.9993968	0.00058956904
2459496.3299686788	1.0004177	0.0005898221
2459496.3313575853	0.9992651	0.000589328
2459496.3327464922	0.9995624	0.00058942725
2459496.334135399	1.000446	0.0005897504
2459496.335524306	1.000653	0.00058971177
2459496.336913213	0.9996739	0.00058954884
2459496.33830212	0.99997807	0.00058956794
2459496.339691027	0.99943197	0.00058935443
2459496.3410799336	0.9994495	0.0005893967
2459496.3424688405	1.000449	0.000589549
2459496.3438577475	1.0006641	0.0005895586
2459496.3452466545	1.0002142	0.0005896019
2459496.346635561	1.0004693	0.0005898376
2459496.348024468	0.9998784	0.0005896264
2459496.349413375	1.0011203	0.00058977696
2459496.3508022814	1.0003021	0.00058950024
2459496.3521911884	1.0001863	0.0005895912
2459496.3535800953	1.0013027	0.00058993115
2459496.3549690023	1.0001794	0.00058941694
2459496.3563579093	1.0000455	0.00058955274
2459496.3577468162	1.0001099	0.0005896765
2459496.359135723	1.0000231	0.00058947084
2459496.3605246297	1.0007565	0.00058968854
2459496.3619135367	1.0008272	0.00058965513
2459496.363302443	0.99960786	0.0005894703
2459496.36469135	1.0008183	0.0005897557
2459496.366080257	1.0009234	0.00058976014
2459496.367469164	0.9997922	0.0005894895
2459496.368858071	1.0004718	0.0005896165
2459496.370246978	0.9994949	0.00058931595
2459496.371635884	0.9987712	0.000589446
2459496.373024791	0.99933624	0.0005894267
2459496.374413698	1.0000848	0.00058967905
2459496.375802605	0.999979	0.0005893419
2459496.377191512	1.000345	0.000589741
2459496.3785804184	1.0001851	0.00058942754
2459496.3799693254	1.0006971	0.000589595
2459496.381358232	1.000106	0.0005896287
2459496.382747139	1.000102	0.00058965373
2459496.384136046	1.0013952	0.0005899682
2459496.3855249523	1.0004426	0.0005898438
2459496.3869138593	1.0006511	0.0005897562
2459496.3883027663	1.0000719	0.00058961945
2459496.389691673	0.9999165	0.0005895142
2459496.3910805793	0.99994653	0.0005893982
2459496.392469486	0.9997148	0.0005891794
2459496.393858393	0.99961	0.0005894282
2459496.3952473	0.99987006	0.0005896629
2459496.3966362067	0.99965113	0.00058940117
2459496.3980251136	0.9989814	0.0005893046
2459496.3994140206	1.0007447	0.0005897305
2459496.400802927	0.99923265	0.0005892975
2459496.4021918336	1.0003315	0.00058950833
2459496.4035807406	1.000762	0.00058960874
2459496.404969647	1.000691	0.0005898821
2459496.406358554	1.0010946	0.00058975583
2459496.407747461	1.0011319	0.00058989774
2459496.4091363675	0.9998832	0.0005895976
2459496.4105252745	1.0011613	0.0005896256
2459496.411914181	1.0004667	0.00058964576
2459496.4133030875	1.0002972	0.0005896165
2459496.4146919944	0.9996712	0.00058939785
2459496.416080901	1.000175	0.00058950926
2459496.417469808	1.0004239	0.0005896961
2459496.418858715	1.0006284	0.0005898155
2459496.4202476214	1.000387	0.0005896164
2459496.421636528	0.9994175	0.00058953284
2459496.4230254344	0.99973387	0.0005892871
2459496.4244143413	1.0001333	0.0005895427
2459496.4258032483	1.0002481	0.0005895946
2459496.427192155	1.0000575	0.0005893991
2459496.428581062	1.0003777	0.0005896569
2459496.4299699683	0.999574	0.00058948714
2459496.431358875	0.9995849	0.0005893065
2459496.4327477813	0.99970317	0.0005894773
2459496.4341366882	1.0002434	0.0005896852
2459496.4355255947	0.99960876	0.0005893245
2459496.4369145017	1.0006524	0.0005896532
2459496.438303408	0.9996996	0.00058934744
2459496.439692315	1.0003703	0.00058957975
2459496.4410812217	0.9995871	0.0005894715
2459496.442470128	0.99881303	0.00058930466
2459496.4438590347	1.0004852	0.0005896272
2459496.4452479417	1.0000693	0.00058967376
2459496.446636848	0.99951607	0.0005893841
2459496.448025755	0.9992549	0.00058936834
2459496.4494146616	1.0000408	0.0005894742
2459496.4508035686	0.9988721	0.0005892369
2459496.4521924746	0.9996834	0.00058950565
2459496.4535813816	1.0008326	0.00058957055
2459496.454970288	1.0000992	0.0005895106
2459496.4563591946	1.0002433	0.0005893704
2459496.4577481016	1.0001025	0.000589658
2459496.459137008	1.0002794	0.0005893588
2459496.460525915	1.000874	0.0005898853
2459496.461914821	1.0006278	0.0005896524
2459496.4633037276	1.0016662	0.00058963103
2459496.4646926345	1.0004027	0.00058967766
2459496.466081541	1.0005488	0.000589732
2459496.467470448	1.0002286	0.0005896652
2459496.4688593545	1.001502	0.00058958516
2459496.470248261	1.0004236	0.00058959046
2459496.4716371675	1.000689	0.00058957504
2459496.473026074	1.0014336	0.00059000804
2459496.4744149805	1.0016794	0.0005898255
2459496.4758038875	0.9997852	0.00058952684
2459496.477192794	1.0011591	0.0005897184
2459496.4785817005	0.99945205	0.00058933726
2459496.4799706074	1.0001156	0.0005896164
2459496.481359514	1.0016074	0.0005898528
2459496.48274842	1.0008223	0.0005897029
2459496.4841373265	0.99962854	0.0005895163
2459496.4855262334	1.0004529	0.00058966846
2459496.48691514	1.0003856	0.00058952614
2459496.4883040464	1.0002851	0.00058959785
2459496.4896929534	0.9990666	0.0005894187
2459496.49108186	0.9997441	0.0005894191
2459496.492470766	1.000294	0.00058942346
2459496.4938596725	0.99894315	0.0005893227
2459496.4952485794	1.0016787	0.0005899103
2459496.496637486	1.0012542	0.00058989215
2459496.4980263924	1.0005023	0.00058968057
2459496.499415299	1.0003979	0.00058956683
2459496.5008042054	1.0001853	0.00058964
2459496.502193112	1.0007666	0.0005898283
2459496.5035820184	1.0006629	0.0005896497
2459496.504970925	1.000071	0.0005895373
2459496.5063598314	1.0004137	0.00058966124
2459496.507748738	0.99985045	0.0005894187
2459496.509137645	1.0008621	0.0005897647
2459496.5105265514	0.9986936	0.00058935134
2459496.511915458	1.000831	0.0005900221
2459496.513304364	0.99993676	0.0005894715
2459496.5146932704	1.0009805	0.00058966514
2459496.516082177	0.99951226	0.0005894326
2459496.5174710834	1.0002439	0.0005895148
2459496.5188599904	1.0005293	0.00058961334
2459496.520248897	0.9995923	0.0005895536
2459496.5216378034	0.99960595	0.00058958353
2459496.5230267094	1.0020046	0.000590141
2459496.524415616	1.0005254	0.0005897663
2459496.5258045224	0.9997248	0.0005894652
2459496.527193429	0.9991521	0.0005892599
2459496.5285823354	1.0002345	0.0005895655
2459496.529971242	1.0015343	0.000589807
2459496.5313601485	0.99963725	0.0005894301
2459496.5327490545	1.000125	0.0005895991
2459496.5341379615	1.0008857	0.00058965746
2459496.535526868	0.99994266	0.000589593
2459496.5369157745	1.0004252	0.0005896459
2459496.538304681	1.001037	0.00058980886
2459496.5396935875	1.0001583	0.0005896642
2459496.541082494	1.0000335	0.00058955717
2459496.5424714	1.00005	0.0005895873
2459496.5438603065	1.0009525	0.00058993243
2459496.545249213	1.0004637	0.0005898536
2459496.5466381195	0.9997641	0.00058944453
2459496.548027026	0.99981564	0.00058961025
2459496.5494159325	1.0001253	0.0005896489
2459496.550804839	1.001418	0.00058988197
2459496.5521937455	1.0006425	0.00058958627
2459496.5535826515	1.0009716	0.00058968086
2459496.554971558	1.0004096	0.0005895596
2459496.5563604645	0.9994744	0.00058937323
2459496.5577493706	1.0003152	0.00058970536
2459496.559138277	0.99989724	0.0005893916
2459496.5605271836	1.0014282	0.0005897632
2459496.56191609	1.0000943	0.0005897666
2459496.563304996	1.0011973	0.0005897349
2459496.5646939026	1.0004396	0.00058978243
2459496.566082809	1.000921	0.00058981497
2459496.5674717156	0.9999953	0.0005896582
2459496.568860622	0.99989367	0.0005895781
2459496.5702495286	1.000143	0.00058957475
2459496.571638435	1.0006727	0.0005895626
2459496.5730273407	1.0004166	0.0005897041
2459496.574416247	0.9999592	0.0005895014
2459496.5758051537	0.9994672	0.0005895621
2459496.57719406	1.0006223	0.0005896988
2459496.5785829667	1.0002544	0.0005897547
2459496.579971873	0.99946654	0.00058932113
2459496.5813607792	1.0008807	0.0005896959
2459496.5827496853	1.0001577	0.0005896911
2459496.584138592	1.0010998	0.00058985094
2459496.5855274983	0.99999297	0.0005895294
2459496.586916405	1.0004307	0.0005898999
2459496.5883053113	1.0006609	0.00058980763
2459496.5896942173	0.99929553	0.00058937405
2459496.591083124	1.0016615	0.0005900242
2459496.5924720303	1.0000029	0.0005894959
2459496.5938609364	1.0003203	0.0005896766
2459496.5952498424	0.99990535	0.0005896247
2459496.596638749	0.9996412	0.0005894974
2459496.5980276554	1.0002816	0.0005895057
2459496.599416562	1.0000439	0.00058959157
2459496.600805468	0.9991507	0.0005892894
2459496.6021943744	0.9997597	0.0005893603
2459496.6035832805	1.0004429	0.0005896409
2459496.604972187	0.9998399	0.00058939704
2459496.606361093	0.99933046	0.00058927946
2459496.6077499995	0.99936974	0.00058950164
2459496.609138906	1.00064	0.00058967306
2459496.610527812	1.0001509	0.000589736
2459496.6119167185	1.0007505	0.0005898146
2459496.6133056246	0.9996208	0.0005894625
2459496.614694531	0.99947906	0.0005892363
2459496.616083437	1.0004104	0.00058953185
2459496.6174723436	1.000384	0.00058959756
2459496.61886125	1.0002825	0.00058969186
2459496.620250156	0.99973714	0.00058940134
2459496.6216390627	1.0000392	0.0005894115
2459496.6230279687	1.0004442	0.0005895871
2459496.6244168747	0.9990277	0.00058931916
2459496.625805781	1.0009044	0.0005896932
2459496.6271946873	1.0011864	0.000589831
2459496.6285835938	0.99985147	0.0005894041
2459496.6299725003	1.0005053	0.00058967964
2459496.6313614063	1.0008439	0.00058979145
2459496.632750313	0.9996634	0.0005894941
2459496.6341392184	0.9998425	0.0005897323
2459496.635528125	1.00079	0.0005898686
2459496.6369170314	1.0003453	0.00058966153
2459496.6383059374	0.99959254	0.0005894798
2459496.639694844	1.0001487	0.00058961916
2459496.64108375	0.9999445	0.0005896508
2459496.6424726564	1.0005668	0.00058982644
2459496.643861562	1.0000004	0.0005894407
2459496.6452504685	1.000009	0.0005896769
2459496.6466393746	1.0008091	0.000589796
2459496.648028281	1.0007676	0.00058970595
2459496.649417187	1.0002304	0.0005896278
2459496.6508060936	0.99938124	0.0005894872
2459496.6521949996	1.0001609	0.00058959535
2459496.6535839057	0.999658	0.00058948225
2459496.6549728117	1.0008051	0.00058978377
2459496.656361718	1.0001601	0.0005896162
2459496.657750624	1.0011148	0.00058975467
2459496.6591395307	1.0005668	0.00058963906
2459496.660528437	1.0007107	0.0005897858
2459496.6619173433	1.0008032	0.00058971625
2459496.6633062493	1.0018008	0.0005899203
2459496.6646951553	1.0013034	0.0005897508
2459496.6660840614	1.0000148	0.00058946584
2459496.667472968	1.0004028	0.0005895401
2459496.668861874	1.0004263	0.0005897174
2459496.67025078	1.0010312	0.0005897598
2459496.6716396865	0.99952483	0.0005894665
2459496.6730285925	1.0005628	0.00058967725
2459496.6744174985	1.0004869	0.0005897624
2459496.6758064046	1.0014246	0.000589972
2459496.6771953106	0.9997225	0.00058966747
2459496.678584217	0.9996335	0.0005893196
2459496.679973123	1.0014774	0.00058989256
2459496.6813620296	0.99955255	0.0005895664
2459496.6827509357	1.0008441	0.0005898944
2459496.6841398412	1.0004157	0.0005898733
2459496.6855287477	1.0006056	0.0005897349
2459496.686917654	1.0006045	0.00058957725
2459496.68830656	1.0001507	0.0005895745
2459496.6896954663	1.0009259	0.00058980676
2459496.6910843723	1.0007322	0.00058965676
2459496.6924732784	0.999953	0.0005894502
2459496.6938621844	1.0006113	0.0005896641
2459496.6952510905	1.0007665	0.0005898383
2459496.6966399965	1.0006626	0.00058976235
2459496.698028903	1.0008501	0.0005897409
2459496.699417809	1.0006365	0.0005897166
2459496.700806715	0.99974924	0.0005895338
2459496.702195621	1.0002017	0.00058994227
2459496.7035845276	1.0002933	0.00058945565
2459496.704973433	0.999948	0.0005894629
2459496.706362339	1.0004601	0.0005895465
2459496.7077512452	0.99936986	0.00058957125
2459496.7091401517	1.0008576	0.00058965344
2459496.710529058	0.9996689	0.00058961805
2459496.711917964	1.0004495	0.0005897395
2459496.71330687	0.99993366	0.00058940734
2459496.714695776	0.9996572	0.0005896705
2459496.716084682	1.0003387	0.0005897363
2459496.717473588	1.0007244	0.0005897858
2459496.718862494	1.0017707	0.0005901648
2459496.7202514	1.0010452	0.00059010345
2459496.7216403065	1.0002052	0.0005896254
2459496.7230292126	1.0005695	0.00058978156
2459496.724418118	1.0000992	0.00058966497
2459496.725807024	1.0002549	0.00058968767
2459496.72719593	0.9989536	0.00058937
2459496.7285848362	1.0001082	0.00058956427
2459496.7299737427	1.0003557	0.00058987015
2459496.731362649	1.0002137	0.00058982376
2459496.732751555	1.0006207	0.00058982504
2459496.734140461	1.0000516	0.0005894912
2459496.7355293664	1.0002432	0.0005897514
2459496.7369182725	1.0003554	0.00058959646
2459496.7383071785	0.99985963	0.0005895117
2459496.739696085	1.0007029	0.00058960234
2459496.741084991	1.0004656	0.0005897209
2459496.742473897	1.0010402	0.00058985234
2459496.743862803	1.001743	0.00058999495
2459496.7452517087	0.99967057	0.0005896153
2459496.7466406147	1.0016147	0.0005899173
2459496.7480295207	1.0005141	0.00058986084
2459496.749418427	1.0008135	0.000589749
2459496.750807333	1.0000731	0.0005896199
2459496.752196239	1.000613	0.00058991223
2459496.753585145	1.0000337	0.0005896065
2459496.7549740504	0.99939775	0.00058946904
2459496.7563629565	1.0001141	0.00058967905
2459496.7577518625	0.999511	0.0005892848
2459496.7591407686	1.000068	0.00058966666
2459496.7605296746	1.0005759	0.00058977446
2459496.7619185806	1.0004959	0.00058955414
2459496.7633074867	1.0008949	0.0005898803
2459496.764696392	1.0002698	0.000589705
2459496.7660852983	1.0004776	0.0005897803
2459496.7674742043	1.001127	0.000589975
2459496.7688631103	0.999503	0.0005895126
2459496.7702520164	1.0004364	0.00058977643
2459496.7716409224	1.0002441	0.0005896598
2459496.7730298284	0.99978834	0.000589545
2459496.7744187345	1.0004965	0.00058964605
2459496.77580764	0.9990465	0.0005895225
2459496.777196546	0.99996185	0.0005895767
2459496.778585452	1.0003743	0.00058964995
2459496.779974358	1.0001922	0.0005898294
2459496.781363264	0.999215	0.00058949157
2459496.78275217	1.0001645	0.0005894842
2459496.7841410763	0.9998564	0.0005895217
2459496.785529982	1.0002458	0.000589695
2459496.7869188874	1.0000094	0.0005898067
2459496.7883077934	1.0005391	0.0005897964
2459496.7896966995	1.0005357	0.00058987795
2459496.7910856055	1.0003757	0.00058981735
2459496.7924745115	1.0005813	0.00058945396
2459496.7938634176	0.9999468	0.0005896201
2459496.795252323	0.9996024	0.00058948324
2459496.796641229	0.9996153	0.00058949186
2459496.7980301348	0.9996553	0.0005895304
2459496.799419041	1.0001099	0.0005897055
2459496.800807947	0.9992204	0.0005893819
2459496.802196853	0.99934137	0.0005893983
2459496.803585759	1.0000631	0.0005896928
2459496.8049746645	1.0003661	0.00058973505
2459496.80636357	0.9985494	0.00058927987
2459496.807752476	1.0001822	0.00058959663
2459496.809141382	0.99955225	0.0005894715
2459496.810530288	0.99971855	0.0005896617
2459496.811919194	1.0000737	0.0005897116
2459496.8133080998	1.0010319	0.0005900209
2459496.814697006	1.0007432	0.0005896753
2459496.8160859114	0.9996736	0.000589591
2459496.8174748174	0.9991634	0.00058954186
2459496.818863723	1.0003921	0.0005897131
2459496.820252629	1.0003974	0.0005895979
2459496.821641535	0.99968404	0.0005895735
2459496.823030441	1.0007528	0.0005897118
2459496.8244193466	1.0001856	0.00058968965
2459496.825808252	1.0009688	0.00058984297
2459496.8271971582	0.99961096	0.00058948953
2459496.8285860643	0.9998848	0.0005896685
2459496.82997497	0.9998273	0.0005896842
2459496.831363876	0.9999754	0.000589739
2459496.832752782	1.0004524	0.0005895819
2459496.8341416875	1.0009302	0.00058996654
2459496.835530593	0.99954736	0.0005894886
2459496.836919499	1.0009499	0.0005896382
2459496.8383084047	1.0001537	0.00058970525
2459496.8396973107	1.0003989	0.00058956805
2459496.8410862167	1.0002552	0.0005897255
2459496.8424751223	0.9999295	0.0005895484
2459496.8438640283	1.0001146	0.00058971177
2459496.8452529344	0.9994122	0.00058963866
2459496.8466418395	0.9999483	0.00058962626
2459496.8480307455	0.99957806	0.0005896006
2459496.8494196516	0.99947596	0.00058942765
2459496.850808557	1.0000268	0.00058976637
2459496.852197463	1.0005128	0.0005896701
2459496.8535863687	0.99959475	0.00058955053
2459496.8549752748	0.9997499	0.0005894128
2459496.8563641803	1.0001857	0.0005896192
2459496.857753086	1.0007081	0.0005897626
2459496.859141992	1.000261	0.0005895333
2459496.8605308975	1.0002393	0.00058979884
2459496.8619198035	0.9998728	0.00058965327
2459496.863308709	1.0002395	0.00058959983
2459496.864697615	0.9998207	0.0005895263
2459496.8660865203	1.0011448	0.00058999483
2459496.8674754263	0.99996513	0.00058961665
2459496.8688643323	0.9996325	0.00058952166
2459496.870253238	1.0000321	0.00058968656
2459496.871642144	0.9998988	0.0005895718
2459496.8730310495	1.0005584	0.00058964425
2459496.8744199555	0.99960935	0.000589519
2459496.8758088606	0.99936265	0.0005894244
2459496.8771977667	0.9998017	0.0005896101
2459496.8785866722	0.9995821	0.00058964273
2459496.8799755783	1.0013888	0.0005897742
2459496.881364484	1.0000788	0.00058975833
2459496.88275339	1.0007753	0.00058981625
2459496.8841422955	1.0002213	0.0005897348
2459496.8855312015	0.9993663	0.0005896675
2459496.8869201066	1.0008142	0.00058998005
2459496.888309012	0.9998936	0.0005894994
2459496.889697918	1.0004507	0.00058978243
2459496.891086824	1.0005578	0.0005897636
2459496.89247573	1.0003707	0.0005897831
2459496.8938646354	0.9994002	0.0005893718
2459496.8952535414	1.0000936	0.0005896812
2459496.8966424465	1.0003399	0.0005896199
2459496.898031352	0.9999514	0.0005897229
2459496.899420258	1.0003153	0.00058959046
2459496.9008091637	0.99972355	0.00058940647
2459496.9021980697	1.0002226	0.00058963476
2459496.9035869753	0.9994113	0.0005895172
2459496.904975881	1.000881	0.00058981247
2459496.9063647864	1.0006838	0.0005896486
2459496.907753692	1.0014542	0.0005899545
2459496.909142598	1.0004516	0.00058989547
2459496.9105315036	0.99986064	0.00058957475
2459496.911920409	1.0012264	0.0005899894
2459496.913309315	0.9996894	0.0005895577
2459496.914698221	1.0004025	0.00058953185
2459496.916087126	1.0009866	0.000589879
2459496.917476032	1.0002333	0.00058971107
2459496.9188649375	1.000543	0.00058988394
2459496.920253843	1.0005481	0.00058986346
2459496.921642749	0.999206	0.000589488
2459496.9230316547	0.99979633	0.0005897132
2459496.9244205602	0.9985349	0.00058937736
2459496.925809466	0.9999645	0.0005897071
2459496.9271983714	1.0000247	0.0005895594
2459496.928587277	1.000471	0.0005897569
2459496.9299761825	0.9997679	0.000589834
2459496.9313650886	0.9998385	0.00058970414
2459496.932753994	1.0001748	0.000589776
2459496.9341428997	1.0004508	0.00058977277
2459496.9355318053	1.0008527	0.00058975565
2459496.936920711	0.99997413	0.0005896818
2459496.9383096164	1.0010102	0.0005898739
2459496.939698522	0.99944216	0.00058967737
2459496.9410874275	1.0008385	0.00058994256
2459496.9424763336	1.0003479	0.00058994704
2459496.943865239	1.0009819	0.0005899257
2459496.9452541447	1.0004638	0.00058970193
2459496.94664305	1.0000892	0.00058970926
2459496.9480319554	1.0009556	0.0005898008
2459496.9494208614	0.99971044	0.00058962894
2459496.950809767	1.0001558	0.0005897799
2459496.9521986726	1.0012422	0.00058990833
2459496.953587578	1.000621	0.0005898228
2459496.9549764837	1.0004629	0.0005898013
2459496.9563653893	1.0006483	0.0005897792
2459496.957754295	0.99940085	0.0005894499
2459496.9591432004	1.0001345	0.00058967527
2459496.960532106	0.9999943	0.00058962527
2459496.9619210116	1.0005419	0.0005899206
2459496.963309917	1.0004344	0.000589721
2459496.9646988227	0.9995186	0.00058943045
2459496.9660877283	1.0002198	0.00058967253
2459496.967476634	1.0008988	0.0005898648
2459496.9688655394	1.0001706	0.00058962416
2459496.970254445	1.0012641	0.0005898683
2459496.9716433506	1.0003804	0.00058986084
2459496.973032256	1.0006344	0.00058989495
2459496.9744211617	1.00025	0.0005896322
2459496.9758100673	1.0004215	0.0005897199
2459496.9771989724	1.000025	0.0005896653
2459496.978587878	1.000384	0.00058958196
2459496.9799767835	1.0015205	0.00058982667
2459496.981365689	0.99990517	0.00058971293
2459496.9827545946	1.0003377	0.00058970816
2459496.9841435	0.9996914	0.00058952684
2459496.985532406	1.0003452	0.00058980426
2459496.9869213114	1.0007508	0.00058986555
2459496.988310217	1.0006508	0.00058989285
2459496.9896991225	1.0007478	0.0005899825
2459496.991088028	1.0008965	0.000589739
2459496.9924769336	0.99976766	0.0005894802
2459496.993865839	1.0005738	0.0005896817
2459496.995254745	1.0007071	0.00058990973
2459496.9966436503	1.0005333	0.0005897375
2459496.9980325554	0.99985904	0.0005895141
2459496.999421461	1.0007945	0.00058967085
2459497.0008103666	0.9998642	0.00058955856
2459497.002199272	1.0001183	0.00058979384
2459497.0035881773	1.0010295	0.00058987143
2459497.004977083	1.0017201	0.0005901093
2459497.0063659884	1.0003616	0.00058976497
2459497.0077548935	1.0011783	0.00059001945
2459497.009143799	1.0013833	0.00058997626
2459497.0105327046	1.001997	0.0005902267
2459497.01192161	0.99903566	0.000589436
2459497.013310516	1.0006435	0.00058985496
2459497.0146994214	1.0010016	0.00058989413
2459497.016088327	1.0000267	0.00058973633
2459497.017477232	1.0009922	0.000589853
2459497.0188661376	1.0006909	0.00058995764
2459497.020255043	0.99989474	0.00058957556
2459497.0216439487	1.0012535	0.0005899803
2459497.023032854	1.0008972	0.0005899493
2459497.0244217594	1.0003262	0.0005897625
2459497.025810665	1.0004323	0.0005897305
2459497.02719957	0.9997087	0.00058960746
2459497.0285884757	1.0011151	0.0005899537
2459497.029977381	1.0006479	0.00058992166
2459497.031366287	1.000091	0.0005895542
2459497.032755192	1.000793	0.00058970693
2459497.0341440975	1.0003575	0.0005897697
2459497.035533003	1.0006765	0.00058970193
2459497.0369219086	0.9994252	0.0005894262
2459497.0383108137	0.9995714	0.0005896057
2459497.0396997193	1.0001732	0.0005897592
2459497.0410886244	1.000064	0.0005895742
2459497.04247753	1.0016522	0.0005900065
2459497.0438664355	1.0001949	0.00058970676
2459497.045255341	0.99959207	0.00058958976
2459497.0466442467	1.001105	0.0005898291
2459497.0480331513	1.0011182	0.0005898488
2459497.049422057	1.0012025	0.0005899753
2459497.0508109624	0.99953467	0.0005896128
2459497.052199868	1.0008789	0.0005898085
2459497.053588773	1.0008476	0.00058974884
2459497.0549776787	1.0002849	0.00058971555
2459497.0563665843	1.0002733	0.000589803
2459497.0577554894	1.0001394	0.0005897353
2459497.0591443945	1.0011258	0.00058992876
2459497.0605333	1.0004852	0.0005897432
2459497.0619222056	1.0002456	0.00058964995
2459497.063311111	1.0007993	0.00058987155
2459497.0647000163	1.0001088	0.0005896289
2459497.066088922	1.0005896	0.0005898993
2459497.0674778274	0.9996142	0.0005896664
2459497.068866732	1.0001903	0.00058964425
2459497.0702556376	1.00123	0.0005898261
2459497.071644543	0.99993485	0.0005896351
2459497.0730334483	1.0006964	0.0005902574
2459497.074422354	1.0015093	0.0005900013
2459497.0758112594	1.0002841	0.0005896349
2459497.0772001646	1.000386	0.0005897114
2459497.0785890697	1.0009313	0.0005898673
2459497.079977975	0.9997529	0.0005897078
2459497.0813668803	1.0002482	0.0005897432
2459497.082755786	1.0007854	0.00058994285
2459497.0841446915	1.0004795	0.0005896095
2459497.0855335966	1.0009506	0.0005900117
2459497.086922502	0.9997589	0.00058974564
2459497.0883114072	1.0008366	0.0005900165
2459497.0897003124	0.99997246	0.000589706
2459497.091089218	1.0017458	0.0005902534
2459497.092478123	0.99988365	0.00058976084
2459497.0938670286	1.0001389	0.0005897325
2459497.095255934	1.0003817	0.00058981567
2459497.0966448393	1.0006492	0.00058963837
2459497.0980337444	0.99984515	0.0005896588
2459497.0994226495	1.0008196	0.0005900308
2459497.100811555	1.002018	0.0005900909
2459497.10220046	0.9993965	0.0005896891
2459497.1035893657	1.0010993	0.00058994343
2459497.1049782713	0.9996474	0.000589487
2459497.1063671764	1.0000271	0.00058956776
2459497.107756082	1.000446	0.0005896837
2459497.1091449866	1.0006632	0.0005898832
2459497.110533892	1.0010635	0.0005901408
2459497.1119227973	1.0005107	0.0005897827
2459497.113311703	1.0000429	0.0005896468
2459497.114700608	1.0008509	0.00058986666
2459497.1160895135	1.0006843	0.0005898339
2459497.1174784186	1.0013194	0.000590043
2459497.1188673237	1.0001045	0.0005896869
2459497.120256229	1.0004271	0.0005897679
2459497.1216451344	0.9992334	0.0005895196
2459497.1230340395	1.001015	0.00058974297
2459497.124422945	1.0007453	0.00058985467
2459497.12581185	1.0014554	0.0005899575
2459497.1272007558	1.0023799	0.0005902482
2459497.1285896604	1.0016286	0.000589946
2459497.129978566	1.0008389	0.0005898792
2459497.131367471	1.0003723	0.00058989046
2459497.132756376	1.000711	0.0005898662
2459497.1341452817	1.0007353	0.0005898497
2459497.135534187	1.0009768	0.0005899564
2459497.1369230924	0.9998614	0.00058976584
2459497.138311997	1.0013368	0.0005901835
2459497.1397009026	0.99957746	0.00058967393
2459497.1410898077	1.0002208	0.00058975595
2459497.142478713	1.0002286	0.0005897961
2459497.1438676184	1.0004749	0.0005898741
2459497.1452565235	1.0001737	0.0005896274
2459497.146645429	1.0002606	0.0005896589
2459497.148034334	1.001268	0.00059001247
2459497.149423239	1.00109	0.00059000676
2459497.1508121444	1.0006425	0.0005897505
2459497.1522010495	1.0014207	0.0005900173
2459497.1535899546	1.0010052	0.00058996904
2459497.15497886	1.0010498	0.00058992626
2459497.1563677653	1.0005194	0.0005898512
2459497.157756671	1.000699	0.0005899877
2459497.1591455755	1.0001736	0.000589848
2459497.1605344806	1.000104	0.0005897026
2459497.161923386	0.9999173	0.00058966095
2459497.1633122913	1.0005089	0.00058994495
2459497.1647011964	1.0013927	0.0005898946
2459497.1660901015	0.9994833	0.0005895291
2459497.167479007	1.0004503	0.00058981165
2459497.1688679117	1.0000975	0.00058975443
2459497.170256817	0.9998073	0.00058972003
2459497.1716457224	1.0008926	0.000589906
2459497.1730346275	1.0017936	0.00059007236
2459497.1744235326	1.0010666	0.00058999495
2459497.175812438	1.0008836	0.00058982865
2459497.1772013432	1.0009744	0.00058993424
2459497.1785902483	1.0010614	0.0005898693
2459497.179979153	1.0005313	0.0005897902
2459497.1813680585	0.9996393	0.0005896322
2459497.1827569637	1.0005373	0.00058977556
2459497.1841458688	1.000082	0.0005898263
2459497.185534774	1.0004967	0.00058985635
2459497.1869236794	1.0009948	0.00058993854
2459497.1883125845	0.99999654	0.0005895802
2459497.189701489	1.0002968	0.00058989436
2459497.1910903943	1.0003346	0.0005898239
2459497.1924792994	1.0000613	0.00058973057
2459497.193868205	1.0008749	0.00058986654
2459497.19525711	1.000553	0.000589803
2459497.196646015	1.0010543	0.0005899272
2459497.1980349203	0.99941283	0.0005895838
2459497.199423825	1.000963	0.00058998645
2459497.2008127305	1.0010333	0.0005899246
2459497.2022016356	1.0008897	0.000589942
2459497.2035905407	1.0015435	0.0005901127
2459497.204979446	1.0013494	0.0005901951
2459497.206368351	1.0012585	0.00058997533
2459497.207757256	0.9996801	0.0005898277
2459497.209146161	1.0006177	0.00058984
2459497.210535066	1.0015316	0.00058993394
2459497.2119239713	1.0012383	0.00058984855
2459497.2133128764	1.0020905	0.00059018057
2459497.2147017815	1.0004352	0.0005897428
2459497.2160906866	1.0017823	0.00058996986
2459497.2174795917	1.0010405	0.0005898519
2459497.218868497	0.9999919	0.0005897164
2459497.2202574015	1.0012941	0.00058995554
2459497.221646307	1.0009769	0.00058994646
2459497.223035212	1.0007868	0.000589892
2459497.2244241172	1.0008621	0.0005898492
2459497.2258130223	1.000792	0.0005900251
2459497.2272019275	1.0005828	0.0005897735
2459497.2285908326	1.0003722	0.00058982533
2459497.229979737	1.0010598	0.00058979203
2459497.2313686423	0.99948764	0.0005898435
2459497.2327575474	1.0004388	0.00058977574
2459497.2341464525	1.00113	0.00058996945
2459497.2355353576	1.0001954	0.00058975484
2459497.2369242627	1.0001062	0.0005896999
2459497.238313168	1.0002078	0.0005897475
2459497.2397020725	1.0005273	0.000589832
2459497.2410909776	1.0006399	0.0005898837
2459497.2424798827	1.0004863	0.00058990787
2459497.243868788	1.0003439	0.0005898696
2459497.245257693	1.0017046	0.0005900773
2459497.246646598	1.0000434	0.00058973255
2459497.248035503	1.0005531	0.00059009163
2459497.249424408	1.0006245	0.0005899749
2459497.250813313	0.9996972	0.0005896573
2459497.252202218	1.0004069	0.00058977044
2459497.253591123	1.0011661	0.0005900987
2459497.254980028	0.9993507	0.00058954646
2459497.2563689332	1.0002371	0.0005898733
2459497.2577578383	1.0016204	0.00058993354
2459497.2591467435	1.0009365	0.00058990734
2459497.260535648	1.0006654	0.0005897434
2459497.261924553	1.0000784	0.00058957725
2459497.2633134583	1.0002513	0.00058973196
2459497.2647023634	1.000457	0.00058987224
2459497.2660912685	0.9999341	0.00058951206
2459497.2674801736	1.0014932	0.0005900113
2459497.2688690787	0.9995963	0.0005895163
2459497.2702579834	1.0011274	0.00059000036
2459497.2716468885	1.0007386	0.00058985624
2459497.2730357936	1.0008626	0.0005898845
2459497.2744246987	1.0005838	0.0005899331
2459497.2758136033	0.9986814	0.0005892248
2459497.2772025084	1.0010467	0.0005899673
2459497.2785914135	1.0015624	0.000589973
2459497.279980318	1.0006005	0.00058980327
2459497.2813692233	1.0010742	0.0005897677
2459497.2827581284	1.0010425	0.0005899758
2459497.2841470335	1.000937	0.0005899462
2459497.2855359386	0.99936706	0.0005895211
2459497.286924843	1.0010128	0.0005899377
2459497.2883137483	0.9998228	0.0005896309
2459497.2897026534	1.0002447	0.000589832
2459497.291091558	1.0000368	0.00058979384
2459497.292480463	1.0003211	0.00058959995
2459497.2938693683	0.99958825	0.00058969593
2459497.295258273	0.99981743	0.00058969576
2459497.296647178	1.00018	0.0005897457
2459497.298036083	1.0009643	0.00059010275
2459497.299424988	1.0006641	0.0005899149
2459497.300813893	0.9999545	0.00058972207
2459497.3022027975	1.0013148	0.0005900627
2459497.3035917026	1.0010371	0.00058992626
2459497.3049806077	1.0001843	0.0005897673
2459497.306369513	1.0013195	0.00058988814
2459497.307758418	1.0005256	0.00058985397
2459497.3091473226	1.0003499	0.0005898107
2459497.310536227	1.0007004	0.0005897924
2459497.3119251323	0.9995259	0.0005895708
2459497.3133140374	1.0008343	0.00059007603
2459497.314702942	1.0003885	0.00058985065
2459497.316091847	1.0010458	0.00059012
2459497.3174807522	1.0007676	0.00058988
2459497.3188696573	1.0004519	0.00058988115
2459497.3202585615	1.0001644	0.000589766
2459497.3216474666	1.0011954	0.0005899083
2459497.3230363717	1.000636	0.00059000554
2459497.324425277	1.0005338	0.0005898174
2459497.3258141815	1.0014445	0.00058994384
2459497.3272030866	1.0006729	0.0005897783
2459497.3285919917	1.0018185	0.00058998173
2459497.3299808963	1.0007863	0.0005898916
2459497.331369801	0.99970376	0.00058967376
2459497.332758706	1.000413	0.0005898877
2459497.334147611	0.9997211	0.0005898551
2459497.335536516	1.0001739	0.000589858
2459497.336925421	0.99951595	0.0005896066
2459497.338314326	0.99988586	0.0005895147
2459497.3397032307	1.0002289	0.000589738
2459497.3410921353	1.0003337	0.00058979023
2459497.3424810404	0.9999886	0.000589742
2459497.343869945	1.0001731	0.00058985734
2459497.34525885	0.9996072	0.0005897115
2459497.3466477552	0.9995532	0.0005897229
2459497.34803666	1.0011808	0.00058990944
2459497.349425565	1.000666	0.00058980304
2459497.350814469	1.000104	0.0005897871
2459497.3522033743	0.9996359	0.0005896272
2459497.3535922794	1.0002309	0.00058969273
2459497.354981184	0.99953634	0.00058969826
2459497.356370089	0.99986523	0.0005896679
2459497.3577589937	0.9997025	0.00058972056
2459497.359147899	1.0010254	0.00059001194
2459497.360536804	1.000641	0.0005895892
2459497.361925708	1.0005955	0.0005897808
2459497.3633146132	1.0007737	0.0005899991
2459497.364703518	1.0001911	0.0005898177
2459497.366092423	1.0005993	0.000589972
2459497.367481328	1.0009627	0.00059008383
2459497.3688702327	1.00058	0.0005896369
2459497.370259138	1.0018121	0.0005901712
2459497.371648042	1.0000936	0.00058976706
2459497.373036947	1.0003241	0.0005896825
2459497.3744258517	1.001223	0.000590029
2459497.375814757	1.000203	0.0005897867
2459497.3772036615	1.0010536	0.0005899059
2459497.3785925666	1.0013276	0.0005899189
2459497.379981471	1.0004896	0.000589908
2459497.381370376	0.9994748	0.0005892812
2459497.382759281	1.0000768	0.00058991637
2459497.3841481856	1.001751	0.00058990973
2459497.3855370907	1.0014368	0.00059006433
2459497.3869259953	0.9998176	0.00058971444
2459497.3883149005	1.0014435	0.0005900667
2459497.389703805	1.0016056	0.00059019617
2459497.3910927097	1.0005089	0.00058992713
2459497.3924816144	1.0011683	0.00059002475
2459497.393870519	1.000123	0.0005899315
2459497.395259424	1.0004101	0.00059003755
2459497.3966483288	0.9995809	0.0005896648
2459497.398037234	1.0007447	0.00058988517
2459497.3994261385	1.0018289	0.0005901745
2459497.4008150436	0.9997282	0.00058975833
2459497.402203948	1.0003057	0.00058985926
2459497.403592853	1.001073	0.00059025217
2459497.4049817575	1.0001731	0.0005899599
2459497.4063706626	1.0004541	0.00059003406
2459497.4077595673	1.0005013	0.0005897899
2459497.409148472	1.0018008	0.0005902675
2459497.410537377	1.0003545	0.0005897778
2459497.411926281	1.0002228	0.0005899054
2459497.4133151863	1.0007437	0.00058979035
2459497.414704091	1.0003827	0.00058990414
2459497.416092996	0.9999554	0.0005897541
2459497.4174819007	0.9993052	0.00058956293
2459497.4188708053	1.0004038	0.0005897936
2459497.4202597104	1.0003892	0.00058987807
2459497.4216486146	0.9994233	0.0005897261
2459497.423037519	1.0013167	0.00059007504
2459497.4244264243	1.001122	0.00059000106
2459497.425815329	0.9999992	0.0005897219
2459497.427204234	1.000373	0.0005899278
2459497.4285931387	0.99986047	0.0005897254
2459497.4299820433	1.0009333	0.0005899914
2459497.431370948	1.0011791	0.0005900749
2459497.4327598526	0.9997424	0.0005895987
2459497.4341487573	0.99905133	0.0005895051
2459497.4355376624	0.9998391	0.00058969733
2459497.436926567	1.0000902	0.0005896971
2459497.4383154716	1.000303	0.0005897122
2459497.4397043767	0.99997616	0.000589813
2459497.4410932814	0.999714	0.0005898056
2459497.4424821856	1.0004047	0.00058998045
2459497.4438710907	0.99925137	0.00058953196
2459497.4452599953	1.0005858	0.00058996654
2459497.4466489	1.0004017	0.00058971887
2459497.448037805	1.0002025	0.00058982853
2459497.4494267097	1.0006955	0.0005899814
2459497.4508156143	1.0005862	0.0005895447
2459497.4522045185	1.0011107	0.0005901383
2459497.4535934236	1.0004543	0.00058992463
2459497.454982328	0.9997055	0.00058974297
2459497.456371233	1.0000284	0.00058991293
2459497.4577601375	1.0004327	0.00058991613
2459497.4591490426	1.0011233	0.0005899385
2459497.4605379472	1.0000672	0.00058964896
2459497.4619268514	0.9988946	0.0005895832
2459497.4633157565	1.0008167	0.00058990647
2459497.464704661	1.0012777	0.00059008476
2459497.466093566	0.99961495	0.0005897358
2459497.4674824704	1.0011747	0.0005899904
2459497.468871375	0.9990239	0.00058948057
2459497.47026028	1.0000424	0.0005898772
2459497.471649185	0.99998766	0.00058989524
2459497.473038089	1.0004822	0.0005897824
2459497.4744269936	0.9999204	0.0005897364
2459497.4758158987	1.0004293	0.0005898834
2459497.4772048034	0.99957705	0.0005897454
2459497.478593708	1.0000522	0.00058986805
2459497.4799826127	0.99975485	0.00058964634
2459497.4813715173	0.99937123	0.00058985077
2459497.482760422	1.0008198	0.00059000205
2459497.4841493266	1.0006655	0.0005899423
2459497.485538231	1.0006812	0.0005898391
2459497.486927136	1.0021034	0.00059023127
2459497.4883160405	1.002035	0.0005902036
2459497.489704945	1.0001807	0.0005898668
2459497.49109385	1.0015996	0.0005901505
2459497.4924827544	1.0004314	0.00058967626
2459497.493871659	1.000531	0.0005898256
2459497.4952605637	1.0005561	0.0005899849
2459497.4966494683	1.0003976	0.0005899916
2459497.498038373	0.999808	0.00058979285
2459497.4994272776	1.0002329	0.00058969826
2459497.5008161827	0.99985826	0.00058967265
2459497.502205087	0.9998924	0.0005897312
2459497.5035939915	1.0000836	0.00058974035
2459497.504982896	1.0004991	0.0005897609
2459497.506371801	1.0022055	0.0005901214
2459497.5077607054	1.0007615	0.0005900065
2459497.50914961	1.0015872	0.00059002405
2459497.5105385147	1.0006058	0.00059021835
2459497.5119274193	1.0013679	0.0005900372
2459497.5133163235	1.0005434	0.00058981724
2459497.5147052286	0.9999935	0.00058974145
2459497.5160941333	1.0007195	0.00058994174
2459497.517483038	0.999868	0.0005898468
2459497.5188719425	1.0003623	0.0005898806
2459497.520260847	0.9999836	0.0005899454
2459497.521649752	1.0001531	0.0005897669
2459497.523038656	1.0002787	0.00058986305
2459497.5244275606	1.0001619	0.00058948423
2459497.5258164653	1.0003488	0.00058973354
2459497.52720537	1.0010811	0.00058991165
2459497.5285942745	1.0002306	0.00058973045
2459497.529983179	0.99942344	0.00058967824
2459497.531372084	1.0004709	0.0005899343
2459497.532760988	1.0011091	0.00059005903
2459497.5341498926	1.0005751	0.00058993854
2459497.5355387973	1.000753	0.0005899248
2459497.536927702	0.9991319	0.0005896494
2459497.5383166065	1.0007186	0.00058988726
2459497.539705511	1.0005971	0.00059000624
2459497.541094416	1.0011585	0.00059012545
2459497.54248332	1.000246	0.0005898023
2459497.5438722246	1.0004694	0.0005897846
2459497.5452611293	1.0018078	0.00059009535
2459497.546650034	1.0006202	0.00058987027
2459497.5480389385	1.0004723	0.0005899012
2459497.549427843	1.0005128	0.0005897523
2459497.550816748	0.99978024	0.00058967434
2459497.5522056525	1.0004262	0.00058979134
2459497.5535945566	1.000099	0.0005898018
2459497.5549834613	1.0003916	0.00058994495
2459497.556372366	1.0001695	0.00058982836
2459497.5577612706	0.99982435	0.00058964896
2459497.559150175	1.001258	0.00059011055
2459497.56053908	1.0008271	0.0005899633
2459497.5619279845	1.0008055	0.00058986235
2459497.5633168886	0.9990792	0.00058955513
2459497.5647057933	1.0001148	0.00058977585
2459497.566094698	0.9995505	0.0005898334
2459497.5674836026	1.0011082	0.0005902565
2459497.568872507	1.0003082	0.0005897622
2459497.570261412	1.0000098	0.0005898784
2459497.571650316	1.0003747	0.0005898954
2459497.57303922	1.0000802	0.0005896827
2459497.574428125	0.9993395	0.00058970595
2459497.5758170295	0.99930024	0.00058978
2459497.577205934	0.9997193	0.000589851
2459497.5785948387	0.999605	0.00058976037
2459497.5799837434	1.0009547	0.00058989396
2459497.581372648	1.0003486	0.00058975763
2459497.5827615527	1.0005562	0.0005898105
2459497.5841504564	0.999888	0.00058977184
2459497.585539361	1.0008347	0.0005899311
2459497.5869282656	1.0005196	0.0005898805
2459497.5883171703	0.99974096	0.00058996124
2459497.589706075	1.000331	0.0005899909
2459497.5910949796	0.9989858	0.00058942515
2459497.592483884	1.0005642	0.00058976567
2459497.5938727884	1.0016232	0.00059014745
2459497.5952616925	1.0004591	0.0005899479
2459497.596650597	1.0005721	0.0005899881
2459497.598039502	0.9999579	0.0005898021
2459497.5994284065	1.0012718	0.00059010804
2459497.600817311	0.9999212	0.00058978144
2459497.6022062157	1.0006266	0.0005899877
2459497.6035951194	1.0000445	0.0005898189
2459497.604984024	1.0004612	0.00058991794
2459497.6063729287	1.0002203	0.0005898685
2459497.6077618334	1.0002975	0.0005898966
2459497.609150738	0.9987369	0.0005894654
2459497.610539642	1.0006481	0.0005899168
2459497.611928547	1.0008668	0.00058998464
2459497.613317451	0.99953943	0.00058972114
2459497.6147063556	1.0012532	0.00059015513
2459497.6160952603	1.0002694	0.00058997405
2459497.6174841644	1.0008987	0.0005900017
2459497.618873069	1.0001401	0.00058965274
2459497.6202619737	0.9997615	0.0005897001
2459497.6216508783	0.9993091	0.0005896439
2459497.6230397825	1.0011687	0.0005902133
2459497.6244286867	0.9999696	0.00058987393
2459497.6258175913	1.0004897	0.0005898349
2459497.627206496	1.0001931	0.0005898365
2459497.6285954	1.0009516	0.00058986957
2459497.629984305	1.0011995	0.00059012655
2459497.6313732094	0.9996884	0.00058977393
2459497.632762114	1.0006087	0.00058997807
2459497.6341510178	0.9995661	0.0005896807
2459497.6355399224	1.000548	0.00058999524
2459497.636928827	1.001036	0.0005900804
2459497.6383177317	1.0008532	0.0005898524
2459497.639706636	1.0002923	0.00058979774
2459497.6410955405	1.0001558	0.0005898649
2459497.642484445	1.000016	0.00058975775
2459497.643873349	1.0003555	0.00059000205
2459497.6452622535	1.0001907	0.0005896787
2459497.646651158	1.0003132	0.0005898161
2459497.6480400627	1.0007795	0.0005899899
2459497.649428967	0.9996736	0.0005898142
2459497.6508178716	0.99877465	0.0005895719
2459497.652206776	1.000326	0.0005899177
2459497.65359568	0.99966806	0.0005896839
2459497.6549845845	1.0013078	0.0005900859
2459497.656373489	1.0000719	0.00058989855
2459497.6577623934	0.99919635	0.0005896066
2459497.659151298	1.001013	0.0005899548
2459497.6605402026	1.000671	0.0005900348
2459497.661929107	0.9999488	0.00058988266
2459497.6633180114	1.0004518	0.00058996683
2459497.6647069156	1.0001978	0.0005898993
2459497.66609582	1.0002229	0.00058991014
2459497.6674847244	1.0000429	0.0005899868
2459497.668873629	1.0007838	0.0005900287
2459497.6702625332	1.0014366	0.00059009966
2459497.671651438	1.0001041	0.00058988854
2459497.6730403425	1.0006053	0.0005900296
2459497.674429246	1.0002456	0.0005898472
2459497.675818151	1.0000157	0.00058975717
2459497.677207055	0.9993719	0.00058969384
2459497.6785959597	0.9997971	0.0005898946
2459497.6799848643	1.0010712	0.00059007364
2459497.6813737685	1.0000927	0.00058979646
2459497.682762673	0.999579	0.00058987306
2459497.684151577	1.0003488	0.00058979867
2459497.6855404815	0.99979925	0.00058990036
2459497.686929386	0.99898124	0.0005895205
2459497.6883182903	0.998469	0.0005894537
2459497.689707195	0.9969242	0.0005890224
2459497.691096099	0.9972088	0.00058916595
2459497.6924850037	0.9963073	0.00058884086
2459497.6938739084	0.9954205	0.00058863306
2459497.695262812	0.9930255	0.00058809586
2459497.6966517167	0.99229616	0.00058784295
2459497.698040621	0.9915585	0.0005876591
2459497.6994295255	0.9903344	0.00058741175
2459497.7008184297	0.9898869	0.00058717735
2459497.7022073343	0.9905248	0.0005873602
2459497.703596239	0.9901039	0.00058730535
2459497.7049851427	0.98977727	0.0005871615
2459497.7063740473	0.98925394	0.0005870995
2459497.7077629515	0.98892534	0.0005871737
2459497.709151856	0.98878926	0.0005870377
2459497.7105407603	0.9889496	0.00058703177
2459497.711929665	0.9899816	0.000587314
2459497.713318569	0.98856586	0.00058688
2459497.7147074733	0.987433	0.0005866733
2459497.7160963775	0.9880628	0.0005867426
2459497.717485282	0.98964906	0.0005873162
2459497.7188741863	0.9871173	0.0005865583
2459497.720263091	0.9877174	0.0005868267
2459497.721651995	0.98834723	0.0005868547
2459497.7230408997	0.9882047	0.00058683264
2459497.7244298034	0.9880649	0.00058684056
2459497.725818708	0.9874843	0.000586819
2459497.7272076122	0.9867641	0.00058679073
2459497.728596517	0.9881152	0.0005866405
2459497.729985421	0.98778844	0.0005868407
2459497.7313743257	0.98766285	0.0005866907
2459497.73276323	0.9877864	0.000586718
2459497.7341521345	0.98829883	0.0005868773
2459497.735541038	0.98882335	0.0005869887
2459497.736929943	0.98697454	0.0005866246
2459497.738318847	0.9869228	0.0005864701
2459497.7397077517	0.9880555	0.00058677635
2459497.741096656	0.98823863	0.00058698806
2459497.7424855605	0.9864439	0.0005864222
2459497.7438744646	0.9869737	0.0005865822
2459497.745263369	0.987296	0.00058661064
2459497.746652273	0.9870192	0.0005868017
2459497.7480411776	0.9876118	0.000586861
2459497.749430082	0.98735416	0.00058669347
2459497.750818986	0.9877787	0.000586673
2459497.7522078906	0.9873882	0.00058655813
2459497.753596795	0.98755765	0.0005866755
2459497.754985699	0.986851	0.000586487
2459497.756374603	0.98753285	0.00058671174
2459497.757763508	0.9869658	0.00058661064
2459497.759152412	0.9878742	0.00058672036
2459497.760541316	0.9861909	0.00058632484
2459497.7619302208	0.987484	0.00058658177
2459497.763319125	0.9870114	0.00058644713
2459497.764708029	0.98625356	0.0005863707
2459497.7660969333	0.98705083	0.0005865426
2459497.7674858375	0.9875101	0.0005866423
2459497.768874742	0.98855114	0.0005868176
2459497.7702636463	0.98733175	0.00058676215
2459497.771652551	0.9870243	0.00058649917
2459497.773041455	0.98652965	0.00058649067
2459497.7744303592	0.9878663	0.00058681413
2459497.7758192634	0.98870516	0.0005870583
2459497.7772081676	0.98691046	0.0005865338
2459497.778597072	0.98866445	0.0005870872
2459497.7799859764	0.98694557	0.00058653916
2459497.7813748806	0.98801535	0.0005868789
2459497.782763785	0.98713535	0.0005866185
2459497.7841526894	0.9881412	0.00058685674
2459497.785541593	0.98796517	0.0005868806
2459497.7869304977	0.98699254	0.00058648834
2459497.788319402	0.9887389	0.0005871681
2459497.7897083065	0.98685586	0.0005864803
2459497.7910972107	0.9877403	0.0005867931
2459497.792486115	0.98683757	0.0005866332
2459497.7938750195	0.9877259	0.00058679696
2459497.7952639232	0.98785007	0.000586633
2459497.7966528274	0.98675376	0.0005866005
2459497.798041732	0.98687166	0.0005866119
2459497.799430636	0.9882507	0.00058693683
2459497.8008195404	0.9869086	0.00058659865
2459497.802208445	0.9879043	0.0005865728
2459497.803597349	0.9897628	0.0005871128
2459497.8049862534	0.9878185	0.0005867696
2459497.8063751576	0.98822266	0.0005868413
2459497.8077640617	0.9886061	0.00058692484
2459497.809152966	0.98942	0.00058733934
2459497.81054187	0.98829395	0.00058702537
2459497.8119307747	0.9896788	0.0005870202
2459497.813319679	0.98884964	0.0005870146
2459497.814708583	0.9894397	0.00058718934
2459497.816097487	0.98907375	0.00058715924
2459497.8174863914	0.9898608	0.0005871332
2459497.8188752956	0.9897027	0.00058734964
2459497.8202642	0.9891003	0.0005869994
2459497.8216531044	0.98925424	0.0005872124
2459497.8230420086	0.98978645	0.0005872505
2459497.8244309127	0.98921174	0.00058726815
2459497.825819817	0.9913673	0.000587511
2459497.827208721	0.9912288	0.0005875403
2459497.8285976253	0.9932795	0.00058811024
2459497.82998653	0.9932968	0.0005880308
2459497.831375434	0.9947617	0.0005886512
2459497.8327643382	0.99562395	0.00058869604
2459497.8341532424	0.9970296	0.0005890626
2459497.8355421466	0.99940103	0.00058971037
2459497.8369310508	0.9984344	0.0005895583
2459497.838319955	0.9991495	0.0005895265
2459497.839708859	1.0005723	0.00058998907
2459497.8410977637	1.0002209	0.0005900985
2459497.842486668	1.0006626	0.0005900105
2459497.843875572	0.9990347	0.00058979477
2459497.8452644763	1.0012647	0.00059011794
2459497.8466533804	1.0001047	0.0005900241
2459497.8480422846	1.0007485	0.0005900828
2459497.849431189	1.0001947	0.0005898596
2459497.850820093	1.0010786	0.0005901026
2459497.8522089976	1.000965	0.0005902427
2459497.8535979018	1.0000995	0.00058993034
2459497.854986806	1.0001563	0.0005898885
2459497.8563757096	1.00063	0.0005899762
2459497.857764614	1.0005338	0.0005900647
2459497.8591535185	1.0004365	0.0005900032
2459497.8605424226	0.9999492	0.0005897673
2459497.861931327	0.9997033	0.0005897446
2459497.863320231	1.0021024	0.00059008406
2459497.864709135	0.999579	0.0005898069
2459497.8660980393	1.0000447	0.00059005345
2459497.8674869435	1.0004895	0.00059009396
2459497.8688758477	1.0003245	0.000590025
2459497.870264752	0.9996683	0.0005898331
2459497.871653656	1.0013356	0.0005902641
2459497.8730425606	0.9997234	0.00059004594
2459497.874431465	1.0012301	0.00059038267
2459497.8758203685	0.99979705	0.0005896347
2459497.8772092727	0.9997204	0.00058963906
2459497.878598177	1.0002859	0.0005899844
2459497.8799870815	1.0000092	0.00058986346
2459497.8813759857	1.0003407	0.0005899291
2459497.88276489	1.0001543	0.00058981025
2459497.884153794	1.0017616	0.00059028366
2459497.885542698	1.0000825	0.0005899382
2459497.886931602	1.0015398	0.0005901626
2459497.8883205066	1.0001303	0.0005899553
2459497.8897094107	0.99954	0.0005898993
2459497.891098315	1.0008572	0.0005901845
2459497.892487219	1.0000218	0.00058994105
2459497.8938761232	1.0009834	0.0005900931
2459497.8952650274	1.0009875	0.00059012463
2459497.896653931	1.0001743	0.00059004454
2459497.8980428358	1.0011458	0.0005902306
2459497.89943174	1.0000186	0.00058993726
2459497.900820644	1.0000684	0.0005899308
2459497.9022095483	1.0011139	0.00059029553
2459497.9035984525	1.0005922	0.000590045
2459497.9049873566	0.9990262	0.0005896913
2459497.9063762603	1.0011848	0.00058991904
2459497.907765165	0.99943155	0.0005897493
2459497.909154069	1.0002257	0.00058985554
2459497.9105429733	1.0005928	0.00059010304
2459497.9119318775	1.0009754	0.00059018354
2459497.9133207817	1.0010364	0.000590082
2459497.914709686	1.000532	0.0005899541
2459497.91609859	1.0001179	0.0005898797
2459497.9174874937	1.0003844	0.0005901363
2459497.9188763984	1.0009785	0.0005901974
2459497.9202653025	1.0007712	0.0005901628
2459497.9216542067	0.99949026	0.0005897518
2459497.923043111	1.0001417	0.0005900293
2459497.924432015	1.0001153	0.0005899178
2459497.925820919	1.0003011	0.00058999506
2459497.927209823	1.0007858	0.00059022737
2459497.928598727	1.0015491	0.0005902298
2459497.9299876313	1.0004926	0.00059000344
2459497.9313765354	1.0005524	0.00059001986
2459497.93276544	1.0007489	0.00059023994
2459497.9341543443	1.0009627	0.00059037004
2459497.9355432484	1.001201	0.00059018837
2459497.936932152	1.0003588	0.00059010077
2459497.9383210563	0.99889284	0.00058974314
2459497.9397099605	1.0005925	0.00058994035
2459497.9410988647	1.0007813	0.0005900451
2459497.942487769	0.9996172	0.00058996264
2459497.943876673	1.0007418	0.00058995
2459497.945265577	1.0007615	0.00059017364
2459497.946654481	1.0000527	0.000589894
2459497.948043385	1.0004094	0.00058985624
2459497.949432289	1.0014677	0.00059011066
2459497.950821194	1.0010166	0.00059015804
2459497.952210098	1.0009489	0.00059024116
2459497.953599002	1.0002882	0.0005901615
2459497.9549879064	1.0008389	0.00059008715
2459497.9563768106	0.9996446	0.0005899361
2459497.9577657143	1.000757	0.0005901437
2459497.9591546184	1.0001475	0.00058993977
2459497.9605435226	0.9994524	0.000589762
2459497.961932427	1.0009414	0.00059022894
2459497.963321331	1.0001242	0.000589912
2459497.964710235	1.0003371	0.0005898641
2459497.9660991393	1.000048	0.000590071
2459497.967488043	0.9998969	0.0005900518
2459497.968876947	0.9999064	0.00058985315
2459497.9702658514	1.0007643	0.0005904241
2459497.9716547555	1.0000654	0.00059006666
2459497.9730436597	1.0001644	0.00059014023
2459497.974432564	1.0010968	0.0005903126
2459497.975821468	1.0006438	0.0005901112
2459497.9772103718	1.0011533	0.0005902537
2459497.978599276	1.0008525	0.00059022265
2459497.97998818	1.0012343	0.0005902732
2459497.9813770847	0.9986145	0.0005897616
2459497.982765989	1.0003093	0.0005900972
2459497.984154893	0.99914587	0.0005900239
2459497.9855437973	1.0013281	0.00059051195
2459497.9869327014	0.9999008	0.0005901355
2459497.988321605	1.000823	0.0005903585
2459497.9897105093	1.0010066	0.0005904836
2459497.9910994135	0.9998874	0.00059009483
2459497.9924883177	1.0005249	0.0005903387
2459497.993877222	1.0009756	0.00059054495
2459497.995266126	0.99993414	0.0005903456
2459497.99665503	0.999541	0.0005900524
2459497.998043934	0.999808	0.0005902908
2459497.999432838	0.9998872	0.0005902785
2459498.000821742	0.99900436	0.0005900755
2459498.0022106464	0.99990046	0.000590357
2459498.0035995506	0.99987584	0.00059032335
2459498.0049884547	1.0000119	0.0005903483
2459498.006377359	1.0000557	0.0005903991
2459498.0077662626	1.0000708	0.0005904946
2459498.009155167	1.0010483	0.0005907476
2459498.010544071	0.9991495	0.00059039163
2459498.011932975	0.99984926	0.0005903991
2459498.0133218793	1.0013072	0.00059099606
2459498.0147107835	0.9998764	0.0005906167
2459498.0160996877	1.0001653	0.0005906987
2459498.0174885914	1.000249	0.0005905759
2459498.0188774955	1.0006874	0.0005907623
2459498.0202663997	0.9998687	0.000590735
2459498.021655304	0.99987715	0.00059059064
2459498.023044208	1.000687	0.000590991
2459498.024433112	1.0000272	0.0005908653
2459498.025822016	0.99993944	0.00059090107
2459498.02721092	1.0019969	0.00059129385
2459498.028599824	0.9996901	0.0005911362
2459498.029988728	1.0000739	0.0005911156
2459498.031377632	0.99947095	0.0005910236
2459498.0327665363	1.0010204	0.0005912233
2459498.0341554405	1.0020785	0.00059157226
2459498.0355443447	1.0001171	0.0005911087
2459498.036933249	0.99987507	0.0005910889
2459498.0383221526	1.0012064	0.00059161003
2459498.0397110567	1.0001388	0.000591239
2459498.041099961	1.0006709	0.00059145625
2459498.042488865	0.999686	0.00059143204
2459498.0438777693	1.0007353	0.00059161586
2459498.0452666734	1.0005212	0.00059158175
2459498.0466555776	1.0002673	0.0005915283
2459498.0480444813	1.0009265	0.0005917944
2459498.0494333855	1.0001693	0.0005918246
2459498.0508222897	1.0009799	0.00059183955
2459498.052211194	1.0000283	0.0005916474
2459498.053600098	1.000144	0.00059183064
2459498.054989002	0.9998741	0.00059194287
2459498.0563779064	1.0000302	0.00059185154
2459498.05776681	1.001423	0.00059231324
2459498.0591557138	1.0017158	0.0005922849
2459498.060544618	1.000304	0.0005922591
2459498.061933522	1.0004737	0.0005922089
2459498.0633224263	0.9989086	0.00059176807
2459498.0647113305	1.0009537	0.0005925442
2459498.0661002346	1.0010159	0.0005924175
2459498.067489139	0.9996543	0.0005922958
2459498.0688780425	1.0006813	0.0005926744
2459498.0702669467	1.0005662	0.0005926081
2459498.071655851	1.0003189	0.00059256254
2459498.073044755	1.0003183	0.00059300615
2459498.074433659	1.0012114	0.00059286354
2459498.0758225634	0.9999774	0.0005926614
2459498.0772114675	1.0014791	0.00059294683
2459498.0786003713	0.9998394	0.00059268356
2459498.0799892754	0.99972606	0.0005927205
2459498.081378179	1.0013272	0.00059310225
2459498.0827670833	1.0003184	0.00059307844
2459498.0841559875	1.0017371	0.0005932793
2459498.0855448917	1.0000505	0.0005930792
2459498.086933796	1.0007701	0.00059310807
2459498.0883226995	0.9996437	0.00059309404
2459498.0897116037	1.000077	0.00059313135
2459498.091100508	1.0006827	0.0005935732
2459498.092489412	1.0014753	0.00059349404
2459498.093878316	1.0013459	0.00059386855
2459498.0952672204	1.0008698	0.00059360435
2459498.0966561246	1.0016154	0.00059379265
2459498.0980450287	1.0011654	0.0005937466
2459498.0994339325	1.0016385	0.0005939421
2459498.100822836	1.0004525	0.0005938014
2459498.1022117403	1.0000279	0.0005937977
2459498.1036006445	0.99987614	0.00059376744
2459498.1049895487	1.0005425	0.00059392356
2459498.106378453	1.0001979	0.0005939324
2459498.107767357	1.0007243	0.00059416937
2459498.1091562607	1.0004385	0.00059410086
2459498.110545165	1.0012105	0.00059440517
2459498.111934069	1.0000505	0.00059418014
2459498.1133229733	1.0006267	0.00059450226
2459498.1147118774	1.0012468	0.0005945412
2459498.1161007816	1.0001643	0.00059438264
2459498.1174896853	1.0011828	0.0005947488
2459498.118878589	1.000768	0.0005946419
2459498.120267493	1.0027231	0.00059522485
2459498.1216563974	1.0008107	0.0005949766
2459498.1230453015	1.0009487	0.0005949038
2459498.1244342057	1.000584	0.0005948662
2459498.12582311	1.0007302	0.00059486
2459498.127212014	1.0007321	0.0005952049
2459498.1286009178	0.9998611	0.0005950864
2459498.129989822	1.0013489	0.0005952355
2459498.131378726	1.0011096	0.00059543346
2459498.13276763	1.000854	0.00059541094
2459498.134156534	1.0002432	0.0005954729
2459498.135545438	1.0012321	0.00059565814
2459498.1369343423	1.000939	0.0005956471
2459498.1383232465	1.0001413	0.00059545494
2459498.13971215	1.0014557	0.000595899
2459498.1411010544	1.0011121	0.00059585646
2459498.1424899586	1.0013385	0.0005959059
2459498.1438788627	1.001639	0.0005960152
2459498.145267767	1.0012431	0.0005960179
2459498.1466566706	1.001559	0.0005963612
2459498.148045575	1.0004448	0.00059616275
2459498.1494344785	1.0015144	0.0005963753
2459498.1508233827	1.0017223	0.00059649197
2459498.152212287	1.0019363	0.0005964826
2459498.153601191	1.0006458	0.0005964945
2459498.154990095	1.0001568	0.00059655024
2459498.1563789994	1.0008243	0.0005966269
2459498.1577679035	1.0017891	0.0005967614
2459498.159156807	1.0013841	0.0005968749
2459498.160545711	1.0001935	0.00059687695
2459498.161934615	1.0010477	0.0005970173
2459498.1633235193	1.0009195	0.00059697335
2459498.1647124235	1.000363	0.00059705606
2459498.1661013276	1.0009758	0.00059707765
2459498.167490232	0.99985707	0.00059690507
2459498.1688791355	1.0010923	0.00059726776
2459498.1702680397	1.0008895	0.00059717306
2459498.171656944	1.0018165	0.00059750845
2459498.173045848	0.99994874	0.0005974806
2459498.174434752	1.0017712	0.0005979437
2459498.175823656	1.0016128	0.0005977571
2459498.17721256	1.0014002	0.0005978427
2459498.1786014643	1.0003709	0.00059763284
2459498.179990368	1.0001366	0.000597843
2459498.181379272	1.0018563	0.0005982908
2459498.1827681763	1.0019535	0.00059830316
2459498.1841570805	1.0018449	0.00059814146
2459498.1855459847	1.0007514	0.000598367
2459498.186934889	0.999688	0.0005982852
2459498.188323793	1.0016522	0.00059865706
2459498.1897126962	1.000979	0.00059859466
2459498.1911016004	1.000654	0.00059838954
2459498.1924905046	1.0011815	0.0005988794
2459498.1938794088	1.0003817	0.00059860654
2459498.195268313	1.0013725	0.0005988581
2459498.196657217	1.0016261	0.0005991273
2459498.1980461213	1.0008637	0.00059919484
2459498.199435025	1.0017983	0.00059931545
2459498.200823929	1.0004444	0.0005992981
2459498.2022128333	1.0005524	0.0005992036
2459498.203601737	1.0012707	0.00059948815
2459498.204990641	1.0002035	0.0005992368
2459498.2063795454	1.0012194	0.0005994996
2459498.2077684496	1.0003006	0.00059948233
2459498.2091573537	1.0010338	0.00059976714
2459498.2105462574	1.0001272	0.0005997073
2459498.2119351616	1.0002439	0.00059970206
2459498.213324066	1.0016855	0.00060022325
2459498.21471297	1.0016246	0.0006002682
2459498.216101874	0.9995024	0.00059961196
2459498.2174907783	0.9999511	0.00060011545
2459498.218879682	0.9992538	0.0005997879
2459498.2202685857	1.0011792	0.0006008765
2459498.22165749	0.99933237	0.00060014223
2459498.223046394	1.0011574	0.00060074293
2459498.2244352982	1.0002865	0.0006005601
2459498.2258242024	1.0006542	0.0006007235
2459498.2272131066	1.0012746	0.0006010315
2459498.2286020108	1.0000039	0.00060090574
2459498.2299909145	1.0001117	0.0006010932
2459498.2313798186	1.0001123	0.0006010516
2459498.232768723	0.9999688	0.0006012803
2459498.2341576265	0.99943167	0.0006012746
2459498.2355465307	0.9998975	0.0006015147
2459498.236935435	0.99998957	0.0006017613
2459498.238324339	1.000172	0.00060176145
2459498.2397132427	1.0003057	0.00060194585
2459498.241102147	0.9995002	0.00060169166
2459498.242491051	1.0010313	0.0006022201
2459498.2438799553	0.99970394	0.00060209073
2459498.2452688594	1.000622	0.00060235965
2459498.2466577636	1.0006233	0.00060252065
2459498.248046668	0.99980295	0.00060257193
2459498.249435572	1.0000186	0.00060266384
2459498.2508244757	1.0019764	0.0006031163
2459498.2522133794	1.000756	0.00060321175
2459498.2536022835	0.99904376	0.0006027679
2459498.2549911877	0.9986765	0.0006028489
2459498.256380092	1.0002496	0.00060322665
2459498.257768996	0.9990806	0.0006031056
2459498.2591579	0.9986514	0.00060331007
2459498.260546804	1.00121	0.0006040753
2459498.261935708	0.99908483	0.00060366903
2459498.2633246123	0.9983292	0.0006035472
2459498.2647135165	0.99976856	0.0006040173
2459498.2661024206	0.999113	0.0006040831
2459498.267491325	0.9989623	0.0006042671
2459498.268880229	0.99847823	0.00060411415
2459498.2702691327	0.99822766	0.0006044155
2459498.271658037	0.99968106	0.0006048258
2459498.273046941	0.9993932	0.0006047362
2459498.2744358447	0.9998065	0.00060491834
2459498.275824749	0.99893236	0.0006052193
2459498.277213653	0.9986302	0.0006050303
2459498.2786025573	0.9990375	0.000605219
2459498.279991461	0.99943465	0.00060566585
2459498.281380365	0.999187	0.00060580357
2459498.2827692693	0.99792844	0.00060548424
2459498.2841581735	0.99960834	0.00060607947
2459498.2855470777	0.9990604	0.0006060017
2459498.286935982	0.998238	0.0006060401
2459498.288324886	0.99889827	0.000606338
2459498.28971379	0.9981474	0.00060636003
2459498.291102694	0.99896413	0.00060677435
2459498.292491598	0.999484	0.0006070592
2459498.293880502	0.99936754	0.00060717703
2459498.2952694064	0.99921566	0.00060718425
2459498.2966583106	0.9988643	0.00060719723
2459498.2980472147	0.998362	0.00060747867
2459498.299436119	0.9991342	0.00060766493
2459498.3008250226	0.9983692	0.0006077292
2459498.302213927	0.9987081	0.0006080352
2459498.303602831	0.9995707	0.00060839433
2459498.304991735	0.9983384	0.0006080183
2459498.3063806393	0.9980979	0.00060852634
2459498.3077695435	0.9987495	0.00060868496
2459498.3091584477	0.99785584	0.0006085361
2459498.3105473514	0.99848956	0.0006091013
2459498.311936255	0.9990633	0.0006093485
2459498.3133251593	0.9996292	0.0006095314
2459498.3147140634	1.0001988	0.0006099633
2459498.3161029676	0.9975478	0.0006094676
2459498.317491872	0.99811655	0.0006098808
2459498.318880776	0.9995879	0.0006102118
2459498.32026968	0.9991202	0.0006101496
2459498.321658584	0.99891496	0.00061068445
2459498.323047488	0.9985925	0.0006105813
2459498.324436392	0.99940103	0.0006109627
2459498.3258252963	0.9988905	0.00061090046
2459498.3272142005	0.9987344	0.0006113076
2459498.3286031047	0.9984429	0.0006112271
2459498.329992009	0.9989789	0.0006116219
2459498.3313809126	0.99908847	0.0006115576
2459498.3327698167	0.9993868	0.0006118813
2459498.334158721	0.9991127	0.000612195
2459498.335547625	0.99947035	0.00061259186
2459498.3369365293	0.99951506	0.00061279826
2459498.338325434	0.9992881	0.00061279535
2459498.339714338	0.9981031	0.000612985
2459498.341103242	0.99855405	0.0006132688
2459498.342492146	0.9991103	0.000613492
2459498.34388105	0.9988151	0.00061382435
2459498.3452699543	0.99982405	0.00061409315
2459498.3466588585	0.9979004	0.0006141024
